{
  "label_keys": [
    "g_ws",
    "g_red",
    "g_margin",
    "g_self",
    "g_selfpass",
    "g_lim",
    "g_rot",
    "g_man",
    "g_iso",
    "g_sigma"
  ],
  "percentiles": [
    1,
    5,
    50,
    95,
    99
  ],
  "per_key": {
    "g_ws": {
      "count": 8457060,
      "mean": 0.38510334491729736,
      "std": 0.4866195619106293,
      "min": 0.0,
      "max": 1.0,
      "p1": 0.0,
      "p5": 0.0,
      "p50": 0.0,
      "p95": 1.0,
      "p99": 1.0
    },
    "g_red": {
      "count": 3256842,
      "mean": 0.5077915787696838,
      "std": 0.17264391481876373,
      "min": 0.06558731198310852,
      "max": 1.0,
      "p1": 0.09785532206296921,
      "p5": 0.18220637738704681,
      "p50": 0.5158167481422424,
      "p95": 0.7861079573631287,
      "p99": 0.8781967163085938
    },
    "g_margin": {
      "count": 3256842,
      "mean": 0.40652498602867126,
      "std": 0.2379930317401886,
      "min": 0.0625,
      "max": 1.0,
      "p1": 0.09090909361839294,
      "p5": 0.10783277451992035,
      "p50": 0.36342188715934753,
      "p95": 0.8498365879058838,
      "p99": 0.9428090453147888
    },
    "g_self": {
      "count": 3256842,
      "mean": 0.8536413311958313,
      "std": 0.277193158864975,
      "min": 9.713593317428604e-05,
      "max": 1.0,
      "p1": 0.04022158309817314,
      "p5": 0.10650453716516495,
      "p50": 1.0,
      "p95": 1.0,
      "p99": 1.0
    },
    "g_selfpass": {
      "count": 3256842,
      "mean": 0.9978150129318237,
      "std": 0.0318850539624691,
      "min": 9.918666910380125e-05,
      "max": 1.0,
      "p1": 1.0,
      "p5": 1.0,
      "p50": 1.0,
      "p95": 1.0,
      "p99": 1.0
    },
    "g_lim": {
      "count": 3256842,
      "mean": 0.47946450114250183,
      "std": 0.08339263498783112,
      "min": 0.008156612515449524,
      "max": 0.8838626742362976,
      "p1": 0.2550163269042969,
      "p5": 0.3360860347747803,
      "p50": 0.48327335715293884,
      "p95": 0.6091805100440979,
      "p99": 0.6698558926582336
    },
    "g_rot": {
      "count": 3256842,
      "mean": 0.2554543912410736,
      "std": 0.1840704083442688,
      "min": 0.015625,
      "max": 1.0,
      "p1": 0.015625,
      "p5": 0.03125,
      "p50": 0.21875,
      "p95": 0.609375,
      "p99": 0.796875
    },
    "g_man": {
      "count": 3256842,
      "mean": 0.03716188296675682,
      "std": 0.03598093241453171,
      "min": 3.0367339753922806e-09,
      "max": 0.15127505362033844,
      "p1": 0.0008090134360827506,
      "p5": 0.0036754528991878033,
      "p50": 0.018896058201789856,
      "p95": 0.10730259120464325,
      "p99": 0.1274072825908661
    },
    "g_iso": {
      "count": 3256842,
      "mean": 0.1267571598291397,
      "std": 0.12663811445236206,
      "min": 1.569889285235604e-08,
      "max": 0.912468671798706,
      "p1": 0.004945782013237476,
      "p5": 0.021727876737713814,
      "p50": 0.0822000652551651,
      "p95": 0.41963207721710205,
      "p99": 0.6141571998596191
    },
    "g_sigma": {
      "count": 3256842,
      "mean": 0.5320292711257935,
      "std": 0.12977181375026703,
      "min": 2.6663579433261475e-07,
      "max": 0.7255669236183167,
      "p1": 0.07953962683677673,
      "p5": 0.26729416847229004,
      "p50": 0.5597987771034241,
      "p95": 0.6910303831100464,
      "p99": 0.7131873369216919
    }
  }
}