ISO-10303-21;
HEADER;
FILE_DESCRIPTION (( 'STEP AP214' ),
    '1' );
FILE_NAME ('DP030.STEP',
    '2023-06-29T08:53:04',
    ( '123' ),
    ( '' ),
    'SwSTEP 2.0',
    'SolidWorks 2019',
    '' );
FILE_SCHEMA (( 'AUTOMOTIVE_DESIGN' ));
ENDSEC;

DATA;
#1 = ORIENTED_EDGE ( 'NONE', *, *, #1493, .T. ) ;
#2 = DIRECTION ( 'NONE',  ( -0.000000000000000000, -1.000000000000000000, -0.000000000000000000 ) ) ;
#3 = CARTESIAN_POINT ( 'NONE',  ( 8.787935552007290596, 4.700000000284661361, 8.203038160218319774 ) ) ;
#4 = CARTESIAN_POINT ( 'NONE',  ( -8.806233025517084201, 3.199999999999999289, -8.049601602797091360 ) ) ;
#5 = CARTESIAN_POINT ( 'NONE',  ( -7.778174579122961063, 4.699999999999999289, -8.628174593052033714 ) ) ;
#6 = ORIENTED_EDGE ( 'NONE', *, *, #7847, .T. ) ;
#7 = ADVANCED_FACE ( 'NONE', ( #8007 ), #2912, .F. ) ;
#8 = CARTESIAN_POINT ( 'NONE',  ( 8.873677329212773301, 3.386532738714632895, -7.145685793431626465 ) ) ;
#9 = CARTESIAN_POINT ( 'NONE',  ( -8.227553970749539758, 3.265561027131925975, -8.500184807446554913 ) ) ;
#10 = CARTESIAN_POINT ( 'NONE',  ( 7.778174593052060715, 3.792857144095930888, -8.628174593051983976 ) ) ;
#11 = CARTESIAN_POINT ( 'NONE',  ( 7.608472698826846958, 4.148124549451579490, -8.612955193319953295 ) ) ;
#12 = AXIS2_PLACEMENT_3D ( 'NONE', #5491, #8061, #3099 ) ;
#13 = CARTESIAN_POINT ( 'NONE',  ( -8.873677329212721787, 4.558258929190823316, 7.778174593052038510 ) ) ;
#14 = VERTEX_POINT ( 'NONE', #4805 ) ;
#15 = CARTESIAN_POINT ( 'NONE',  ( -7.073126102289413630, 3.609084369827193051, -8.252947996615812798 ) ) ;
#16 = DIRECTION ( 'NONE',  ( 1.000000000000000000, 0.000000000000000000, -1.844642064250089897E-16 ) ) ;
#17 = CARTESIAN_POINT ( 'NONE',  ( -6.682671856891298390, 3.915699405381299680, -8.410663392672393712 ) ) ;
#18 = DIRECTION ( 'NONE',  ( 0.000000000000000000, 1.000000000000000000, 0.000000000000000000 ) ) ;
#19 = CARTESIAN_POINT ( 'NONE',  ( 6.682671856891347240, 3.197544643476537551, -7.778174593051986108 ) ) ;
#20 = AXIS2_PLACEMENT_3D ( 'NONE', #554, #92, #4560 ) ;
#21 = B_SPLINE_CURVE_WITH_KNOTS ( 'NONE', 3,
 ( #5959, #7367, #7410, #340 ),
 .UNSPECIFIED., .F., .F.,
 ( 4, 4 ),
 ( 0.000000000000000000, 0.0008668404996261050433 ),
 .UNSPECIFIED. ) ;
#22 = ORIENTED_EDGE ( 'NONE', *, *, #143, .F. ) ;
#23 = CARTESIAN_POINT ( 'NONE',  ( -6.928174593052012220, 4.964583333333334458, -8.268922321863215075 ) ) ;
#24 = AXIS2_PLACEMENT_3D ( 'NONE', #8087, #3710, #4930 ) ;
#25 = VERTEX_POINT ( 'NONE', #2216 ) ;
#26 = CARTESIAN_POINT ( 'NONE',  ( 8.069316325335414319, 3.200000000000000178, 6.979590538789178567 ) ) ;
#27 = CARTESIAN_POINT ( 'NONE',  ( 8.325925961132417896, 5.257514881571775156, -8.726907792482524684 ) ) ;
#28 = CARTESIAN_POINT ( 'NONE',  ( -8.588127389823876356, 4.268603884041375807, 8.043451370717891180 ) ) ;
#29 = CARTESIAN_POINT ( 'NONE',  ( 8.188988110136149245, 4.700000000000000178, 8.793732813498621681 ) ) ;
#30 = EDGE_LOOP ( 'NONE', ( #5406, #5454, #6077, #3738 ) ) ;
#31 = CARTESIAN_POINT ( 'NONE',  ( 0.000000000000000000, 1.500000000000000000, -4.500000000000000000 ) ) ;
#32 = AXIS2_PLACEMENT_3D ( 'NONE', #777, #3463, #4012 ) ;
#33 = CARTESIAN_POINT ( 'NONE',  ( 6.980144428577681026, 4.675137702641333881, 7.485407153181655282 ) ) ;
#34 = EDGE_LOOP ( 'NONE', ( #8311, #1885, #4652, #2389 ) ) ;
#35 = ORIENTED_EDGE ( 'NONE', *, *, #1113, .F. ) ;
#36 = CARTESIAN_POINT ( 'NONE',  ( 8.472238909781118821, 3.610803911136479361, -8.268924745768108764 ) ) ;
#37 = CARTESIAN_POINT ( 'NONE',  ( -8.438985909581052880, 3.208641743849015349, -6.894716585292907318 ) ) ;
#38 = LINE ( 'NONE', #5133, #783 ) ;
#39 = CARTESIAN_POINT ( 'NONE',  ( 8.152812815402256774, 4.099713027144806787, 7.013187435243255052 ) ) ;
#40 = CARTESIAN_POINT ( 'NONE',  ( -8.873677329212725340, 5.862276786333680434, -7.778174593052033181 ) ) ;
#41 = CARTESIAN_POINT ( 'NONE',  ( -6.682671856891298390, 4.274776786333680967, -7.778174593052033181 ) ) ;
#42 = CARTESIAN_POINT ( 'NONE',  ( -8.873677329212721787, 5.408705357762252142, 7.778174593052038510 ) ) ;
#43 = DIRECTION ( 'NONE',  ( 0.000000000000000000, 0.000000000000000000, 1.000000000000000000 ) ) ;
#44 = CARTESIAN_POINT ( 'NONE',  ( 8.610151822898018281, 3.551669514789477677, 7.954459522219575085 ) ) ;
#45 = ORIENTED_EDGE ( 'NONE', *, *, #4797, .F. ) ;
#46 = CARTESIAN_POINT ( 'NONE',  ( 8.203174593052059649, 5.304761904761904567, -7.042052999835213711 ) ) ;
#47 = EDGE_CURVE ( 'NONE', #7231, #7348, #21, .T. ) ;
#48 = CARTESIAN_POINT ( 'NONE',  ( 8.833881095888552082, 4.699999999999998401, 7.885212939859290060 ) ) ;
#49 = CARTESIAN_POINT ( 'NONE',  ( -7.778197072705663295, 3.906248000761006978, -6.928174593349289978 ) ) ;
#50 = CARTESIAN_POINT ( 'NONE',  ( -6.682671856891293061, 4.822842262524156709, 7.145685793431679755 ) ) ;
#51 = CARTESIAN_POINT ( 'NONE',  ( 7.888793746120004613, 4.123197736386800649, -8.628174593051985752 ) ) ;
#52 = CARTESIAN_POINT ( 'NONE',  ( 7.778174593052059826, 4.388169643476538262, -9.043152192292705394 ) ) ;
#53 = CARTESIAN_POINT ( 'NONE',  ( -7.778174593052015418, 3.225892857142857562, -8.628174593052033714 ) ) ;
#54 = CARTESIAN_POINT ( 'NONE',  ( 0.000000000000000000, 4.700000000000000178, 0.000000000000000000 ) ) ;
#55 = CARTESIAN_POINT ( 'NONE',  ( 7.438849756840252958, 4.163124352804381090, -8.557519770707235907 ) ) ;
#56 = CARTESIAN_POINT ( 'NONE',  ( -7.393604984450950823, 6.002206894518258729, 8.803958420705820132 ) ) ;
#57 = EDGE_LOOP ( 'NONE', ( #3491, #6822, #8102, #5160 ) ) ;
#58 = CARTESIAN_POINT ( 'NONE',  ( -6.989257602453970541, 3.538979686003468572, -7.461693644197151087 ) ) ;
#59 = CARTESIAN_POINT ( 'NONE',  ( -8.295449903709309680, 3.272184111559645281, 7.101499965078036603 ) ) ;
#60 = CARTESIAN_POINT ( 'NONE',  ( 0.000000000000000000, 2.500000000000000000, 0.000000000000000000 ) ) ;
#61 = CARTESIAN_POINT ( 'NONE',  ( 1.153535953297296195E-13, 1.500000000000000000, -9.899999999999996803 ) ) ;
#62 = CARTESIAN_POINT ( 'NONE',  ( 7.230423224971704421, 3.726711310143204336, -6.829441393621446643 ) ) ;
#63 = ORIENTED_EDGE ( 'NONE', *, *, #8109, .F. ) ;
#64 = FACE_OUTER_BOUND ( 'NONE', #3152, .T. ) ;
#65 = CARTESIAN_POINT ( 'NONE',  ( -7.438864783770452682, 4.389908844359488249, 8.557526313660828166 ) ) ;
#66 = CARTESIAN_POINT ( 'NONE',  ( 8.873677329212773301, 5.597693453000347041, -7.145685793431626465 ) ) ;
#67 = CARTESIAN_POINT ( 'NONE',  ( -8.542858305108248729, 4.213716491077202697, 7.402712091073015088 ) ) ;
#68 = CARTESIAN_POINT ( 'NONE',  ( 7.406330459634642871, 4.619381662776881114, -8.542737231081845906 ) ) ;
#69 = ORIENTED_EDGE ( 'NONE', *, *, #4377, .T. ) ;
#70 = CYLINDRICAL_SURFACE ( 'NONE', #3274, 7.000000000000000000 ) ;
#71 = EDGE_CURVE ( 'NONE', #3781, #845, #5357, .T. ) ;
#72 = CARTESIAN_POINT ( 'NONE',  ( 7.446665316988630323, 4.616063466411208793, 6.995484045770960613 ) ) ;
#73 =( BOUNDED_SURFACE ( )  B_SPLINE_SURFACE ( 1, 2, ( 
 ( #13, #1787, #3895, #8222, #6909, #1153, #3758, #5653, #5020, #6952, #2593, #6319, #5155, #560, #1875, #6363, #7723, #4522, #7087, #740, #2632, #4052, #4091, #5874, #4565, #99, #2751, #855, #6616, #1375, #7203, #4684, #5313, #7165, #5352, #6581, #1456, #3977, #2093, #6541, #2134 ),
 ( #7283, #5952, #4646, #7884, #7242, #6651, #5194, #2676, #3938, #816, #7922, #6501, #2171, #7764, #1417, #215, #2715, #5279, #7846, #782, #1494, #2013, #4015, #7126, #3355, #5913, #3391, #4725, #3315, #139, #892, #2789, #182, #4606, #5986, #2054, #1534, #5236, #3429, #3466, #56 ) ),
 .UNSPECIFIED., .F., .F., .T. ) 
 B_SPLINE_SURFACE_WITH_KNOTS ( ( 2, 2 ),
 ( 3, 2, 2, 2, 2, 2, 2, 2, 2, 2, 2, 2, 2, 2, 2, 2, 2, 2, 2, 2, 3 ),
 ( 0.000000000000000000, 1.000000000000000000 ),
 ( 0.000000000000000000, 0.04166666666666666435, 0.08333333333333332871, 0.1250000000000000000, 0.1666666666666666574, 0.2083333333333333426, 0.2500000000000000000, 0.2916666666666666852, 0.3333333333333333148, 0.3750000000000000000, 0.4166666666666666852, 0.4583333333333333148, 0.5000000000000000000, 0.5416666666666666297, 0.5833333333333333703, 0.6250000000000000000, 0.6666666666666666297, 0.7083333333333333703, 0.7500000000000000000, 0.7916666666666666297, 0.8265955468451379184 ),
 .UNSPECIFIED. ) 
 GEOMETRIC_REPRESENTATION_ITEM ( )  RATIONAL_B_SPLINE_SURFACE ( (
 ( 1.000000000000000000, 0.8660254037844387076, 1.000000000000000000, 0.8660254037844387076, 1.000000000000000000, 0.8660254037844387076, 1.000000000000000000, 0.8660254037844387076, 1.000000000000000000, 0.8660254037844387076, 1.000000000000000000, 0.8660254037844387076, 1.000000000000000000, 0.8660254037844387076, 1.000000000000000000, 0.8660254037844387076, 1.000000000000000000, 0.8660254037844387076, 1.000000000000000000, 0.8660254037844387076, 1.000000000000000000, 0.8660254037844387076, 1.000000000000000000, 0.8660254037844387076, 1.000000000000000000, 0.8660254037844387076, 1.000000000000000000, 0.8660254037844387076, 1.000000000000000000, 0.8660254037844387076, 1.000000000000000000, 0.8660254037844387076, 1.000000000000000000, 0.8660254037844387076, 1.000000000000000000, 0.8660254037844387076, 1.000000000000000000, 0.8660254037844387076, 1.000000000000000000, 0.8876900171638623105, 0.9636774071275460152),
 ( 1.000000000000000000, 0.8660254037844387076, 1.000000000000000000, 0.8660254037844387076, 1.000000000000000000, 0.8660254037844387076, 1.000000000000000000, 0.8660254037844387076, 1.000000000000000000, 0.8660254037844387076, 1.000000000000000000, 0.8660254037844387076, 1.000000000000000000, 0.8660254037844387076, 1.000000000000000000, 0.8660254037844387076, 1.000000000000000000, 0.8660254037844387076, 1.000000000000000000, 0.8660254037844387076, 1.000000000000000000, 0.8660254037844387076, 1.000000000000000000, 0.8660254037844387076, 1.000000000000000000, 0.8660254037844387076, 1.000000000000000000, 0.8660254037844387076, 1.000000000000000000, 0.8660254037844387076, 1.000000000000000000, 0.8660254037844387076, 1.000000000000000000, 0.8660254037844387076, 1.000000000000000000, 0.8660254037844387076, 1.000000000000000000, 0.8660254037844387076, 1.000000000000000000, 0.8876900171638623105, 0.9636774071275460152) ) ) 
 REPRESENTATION_ITEM ( '' )  SURFACE ( )  );
#74 = EDGE_LOOP ( 'NONE', ( #1263, #2689 ) ) ;
#75 = ORIENTED_EDGE ( 'NONE', *, *, #7597, .T. ) ;
#76 = CARTESIAN_POINT ( 'NONE',  ( 7.999370373066338580, 3.660065888792858768, -8.606310465923565189 ) ) ;
#77 = CARTESIAN_POINT ( 'NONE',  ( -7.778174593052007424, 3.700000000000000178, 6.528174593052039398 ) ) ;
#78 = DIRECTION ( 'NONE',  ( 0.000000000000000000, 1.000000000000000000, 0.000000000000000000 ) ) ;
#79 = CARTESIAN_POINT ( 'NONE',  ( 7.888793746119899808, 4.123197736386797985, 6.928174593052088603 ) ) ;
#80 = CARTESIAN_POINT ( 'NONE',  ( -7.230423224971655571, 5.616592262524155998, -6.829441393621494605 ) ) ;
#81 = CARTESIAN_POINT ( 'NONE',  ( -8.325925961132368158, 3.972395833952728328, -8.726907792482570869 ) ) ;
#82 = CARTESIAN_POINT ( 'NONE',  ( -8.873677329212721787, 5.446502976809870056, 8.410663392672399041 ) ) ;
#83 = CARTESIAN_POINT ( 'NONE',  ( -6.682671856891293061, 4.312574405381298881, 7.145685793431678867 ) ) ;
#84 = CARTESIAN_POINT ( 'NONE',  ( 8.341274074938755945, 3.627600691134962307, 7.141186639211451137 ) ) ;
#85 = CARTESIAN_POINT ( 'NONE',  ( 8.628174593052060359, 3.717261906000692839, -8.268922321863168889 ) ) ;
#86 = ORIENTED_EDGE ( 'NONE', *, *, #6127, .T. ) ;
#87 = CARTESIAN_POINT ( 'NONE',  ( 6.928174593052061070, 4.700000000000000178, -7.778174593051986108 ) ) ;
#88 = AXIS2_PLACEMENT_3D ( 'NONE', #136, #4475, #6360 ) ;
#89 = VECTOR ( 'NONE', #3016, 1000.000000000000000 ) ;
#90 = CARTESIAN_POINT ( 'NONE',  ( -8.325925961132368158, 3.972395833952728328, -8.726907792482570869 ) ) ;
#91 = CARTESIAN_POINT ( 'NONE',  ( -7.613549662971874632, 3.920890403674839764, -6.943414173539504297 ) ) ;
#92 = DIRECTION ( 'NONE',  ( -0.000000000000000000, -1.000000000000000000, -0.000000000000000000 ) ) ;
#93 = EDGE_CURVE ( 'NONE', #6334, #2933, #6558, .T. ) ;
#94 = DIRECTION ( 'NONE',  ( 0.000000000000000000, 1.000000000000000000, 0.000000000000000000 ) ) ;
#95 = CARTESIAN_POINT ( 'NONE',  ( -8.415728998033673136, 3.286586326615566378, -8.341049088972386727 ) ) ;
#96 = CARTESIAN_POINT ( 'NONE',  ( 0.000000000000000000, 4.700000000000000178, 0.000000000000000000 ) ) ;
#97 = AXIS2_PLACEMENT_3D ( 'NONE', #4444, #2561, #1209 ) ;
#98 = CARTESIAN_POINT ( 'NONE',  ( 7.013490880995811416, 4.213716491077327930, -8.153637095030987325 ) ) ;
#99 = CARTESIAN_POINT ( 'NONE',  ( -8.873677329212721787, 5.503199405381299592, 8.410663392672399041 ) ) ;
#100 = VERTEX_POINT ( 'NONE', #975 ) ;
#101 = CIRCLE ( 'NONE', #3199, 1.999999999999999556 ) ;
#102 = CARTESIAN_POINT ( 'NONE',  ( -7.406347506209989717, 3.485451648102890765, -7.013603661085316077 ) ) ;
#103 = CARTESIAN_POINT ( 'NONE',  ( -8.227553970749539758, 3.265561027131925087, 7.056164378657519443 ) ) ;
#104 = CARTESIAN_POINT ( 'NONE',  ( 7.778174593052059826, 4.700000000000000178, -7.778174593051986108 ) ) ;
#105 = CARTESIAN_POINT ( 'NONE',  ( 6.682671856891243323, 4.463764881571775867, 7.145685793431728605 ) ) ;
#106 = CARTESIAN_POINT ( 'NONE',  ( 7.353174593052060892, 3.414880952380952461, -7.042052999835212823 ) ) ;
#107 = ORIENTED_EDGE ( 'NONE', *, *, #5882, .F. ) ;
#108 = CARTESIAN_POINT ( 'NONE',  ( -8.628174593052010621, 6.060714285714285943, -7.778174593052033181 ) ) ;
#109 = CARTESIAN_POINT ( 'NONE',  ( -7.581391819204147176, 4.377341949266755350, 8.605559655364237059 ) ) ;
#110 = CARTESIAN_POINT ( 'NONE',  ( 7.778174593052059826, 5.748883929190823139, -9.043152192292705394 ) ) ;
#111 = CARTESIAN_POINT ( 'NONE',  ( -8.477349517402211987, 4.290366360126126821, 8.261562194290727135 ) ) ;
#112 = CARTESIAN_POINT ( 'NONE',  ( 7.403522063425220345, 3.872925990768155469, -7.013194509852668013 ) ) ;
#113 = DIRECTION ( 'NONE',  ( 0.000000000000000000, 1.000000000000000000, 0.000000000000000000 ) ) ;
#114 = EDGE_LOOP ( 'NONE', ( #7773, #4225 ) ) ;
#115 = ORIENTED_EDGE ( 'NONE', *, *, #936, .F. ) ;
#116 = DIRECTION ( 'NONE',  ( 0.000000000000000000, 0.7071067811865434649, 0.7071067811865516806 ) ) ;
#117 = CARTESIAN_POINT ( 'NONE',  ( 6.928174593051956265, 5.191369047619048160, 8.268922321863270142 ) ) ;
#118 = CARTESIAN_POINT ( 'NONE',  ( -8.558480866517575336, 4.275526761140641341, -7.440734856283264698 ) ) ;
#119 = CARTESIAN_POINT ( 'NONE',  ( -7.230423224971650242, 3.745610119667013738, 8.726907792482577975 ) ) ;
#120 = CARTESIAN_POINT ( 'NONE',  ( -8.873677329212725340, 5.408705357762252142, -7.778174593052033181 ) ) ;
#121 = CARTESIAN_POINT ( 'NONE',  ( -8.325925961132368158, 3.216443453000346953, -6.829441393621494605 ) ) ;
#122 = CARTESIAN_POINT ( 'NONE',  ( -8.325925961132364606, 5.030729167286061454, 8.726907792482577975 ) ) ;
#123 = FACE_BOUND ( 'NONE', #7623, .T. ) ;
#124 =( BOUNDED_CURVE ( )  B_SPLINE_CURVE ( 2, ( #6868, #1791, #3677, #343, #385, #5480, #2422 ),
 .UNSPECIFIED., .F., .F. ) 
 B_SPLINE_CURVE_WITH_KNOTS ( ( 3, 2, 2, 3 ),
 ( 0.000000000000000000, 0.05040756247199200402, 0.1008151249439840080, 0.1319209134612539247 ),
 .UNSPECIFIED. ) 
 CURVE ( )  GEOMETRIC_REPRESENTATION_ITEM ( )  RATIONAL_B_SPLINE_CURVE ( ( 1.000000000000000000, 0.8660254037844387076, 1.000000000000000000, 0.8660254037844387076, 1.000000000000000000, 0.9173261857507312156, 0.9366860369215148641 ) ) 
 REPRESENTATION_ITEM ( '' )  );
#125 = CARTESIAN_POINT ( 'NONE',  ( 0.000000000000000000, 4.700000000000000178, 0.000000000000000000 ) ) ;
#126 = EDGE_CURVE ( 'NONE', #2682, #1520, #1533, .T. ) ;
#127 = CARTESIAN_POINT ( 'NONE',  ( -8.873677329212725340, 4.917336310143204159, -8.410663392672393712 ) ) ;
#128 = ORIENTED_EDGE ( 'NONE', *, *, #4528, .T. ) ;
#129 = CARTESIAN_POINT ( 'NONE',  ( 8.628174593052060359, 4.964583333333334458, -8.268922321863165337 ) ) ;
#130 = EDGE_CURVE ( 'NONE', #5039, #6089, #222, .T. ) ;
#131 = CARTESIAN_POINT ( 'NONE',  ( -8.873677329212725340, 4.010193453000346686, -8.410663392672393712 ) ) ;
#132 = CARTESIAN_POINT ( 'NONE',  ( -7.669560994352084826, 3.915900935703775509, -6.934931053157058045 ) ) ;
#133 = CARTESIAN_POINT ( 'NONE',  ( -8.628174593052007069, 5.191369047619048160, 8.268922321863218627 ) ) ;
#134 = CARTESIAN_POINT ( 'NONE',  ( -8.341283107691397802, 3.854385445214810524, 8.415154552895103279 ) ) ;
#135 = CARTESIAN_POINT ( 'NONE',  ( -11.00000000000000000, 4.700000000000000178, 1.999999999999922951 ) ) ;
#136 = CARTESIAN_POINT ( 'NONE',  ( 0.000000000000000000, 6.000000000000000000, 0.000000000000000000 ) ) ;
#137 = CARTESIAN_POINT ( 'NONE',  ( 7.003076162538611094, 4.276665784560299777, -7.428997566474301983 ) ) ;
#138 = EDGE_CURVE ( 'NONE', #3379, #665, #7536, .T. ) ;
#139 = CARTESIAN_POINT ( 'NONE',  ( -6.682671856891293061, 5.597693453000347041, 8.410663392672399041 ) ) ;
#140 = AXIS2_PLACEMENT_3D ( 'NONE', #7914, #6761, #208 ) ;
#141 = CARTESIAN_POINT ( 'NONE',  ( -8.451808720373287898, 3.291583393972875360, 7.259021070500946138 ) ) ;
#142 = DIRECTION ( 'NONE',  ( 0.000000000000000000, 0.000000000000000000, -1.000000000000000000 ) ) ;
#143 = EDGE_CURVE ( 'NONE', #6001, #4148, #2534, .T. ) ;
#144 = CARTESIAN_POINT ( 'NONE',  ( 8.576197802240679735, 4.448350220750143080, 8.070960968648829947 ) ) ;
#145 = CARTESIAN_POINT ( 'NONE',  ( 7.184800379065898746, 3.397526336034243144, -7.169561391153137286 ) ) ;
#146 = CIRCLE ( 'NONE', #7675, 1.249999999999999334 ) ;
#147 = VERTEX_POINT ( 'NONE', #6108 ) ;
#148 = CARTESIAN_POINT ( 'NONE',  ( -6.928174593052012220, 5.380357142857143060, -7.778174593052033181 ) ) ;
#149 = CARTESIAN_POINT ( 'NONE',  ( 8.873677329212670273, 3.424330357762251698, 7.778174593052089136 ) ) ;
#150 = ADVANCED_FACE ( 'NONE', ( #8045 ), #3397, .F. ) ;
#151 = CIRCLE ( 'NONE', #4844, 0.5000000000000004441 ) ;
#152 = CARTESIAN_POINT ( 'NONE',  ( 8.873677329212767972, 3.424330357762254362, -7.778174593051986108 ) ) ;
#153 = CARTESIAN_POINT ( 'NONE',  ( 11.00000000000001243, 4.700000000000000178, -2.000000000000228706 ) ) ;
#154 = CARTESIAN_POINT ( 'NONE',  ( 8.873677329212670273, 4.728348214905108371, 7.778174593052089136 ) ) ;
#155 = DIRECTION ( 'NONE',  ( 1.000000000000000000, 0.000000000000000000, -3.689284128500214800E-16 ) ) ;
#156 = MECHANICAL_DESIGN_GEOMETRIC_PRESENTATION_REPRESENTATION (  '', ( #5815 ), #5527 ) ;
#157 = ORIENTED_EDGE ( 'NONE', *, *, #6407, .F. ) ;
#158 = ORIENTED_EDGE ( 'NONE', *, *, #3488, .F. ) ;
#159 = CARTESIAN_POINT ( 'NONE',  ( 8.628174593051957331, 5.418154761904762751, 7.287426864240907243 ) ) ;
#160 = CARTESIAN_POINT ( 'NONE',  ( -8.005931406618465473, 3.813112827095188617, -8.628174593052031938 ) ) ;
#161 = EDGE_CURVE ( 'NONE', #391, #5833, #6146, .T. ) ;
#162 = CARTESIAN_POINT ( 'NONE',  ( 7.834975766313874601, 3.911296850763060551, 8.626341472170709679 ) ) ;
#163 = CARTESIAN_POINT ( 'NONE',  ( -6.682671856891298390, 4.728348214905108371, -7.778174593052033181 ) ) ;
#164 = CIRCLE ( 'NONE', #7696, 1.249999999999999334 ) ;
#165 = CARTESIAN_POINT ( 'NONE',  ( -7.353174593052012042, 4.057440477429264725, -7.042052999835261673 ) ) ;
#166 = CARTESIAN_POINT ( 'NONE',  ( -8.203174593052008134, 4.737797620286407607, 7.042052999835265226 ) ) ;
#167 = CARTESIAN_POINT ( 'NONE',  ( -6.682671856891293061, 3.405431548238441852, 7.145685793431678867 ) ) ;
#168 = LINE ( 'NONE', #6675, #893 ) ;
#169 = VERTEX_POINT ( 'NONE', #1500 ) ;
#170 = CARTESIAN_POINT ( 'NONE',  ( 7.778174593051960350, 3.225892857142856673, 6.928174593052087715 ) ) ;
#171 = EDGE_CURVE ( 'NONE', #3638, #879, #7218, .T. ) ;
#172 = FACE_OUTER_BOUND ( 'NONE', #7978, .T. ) ;
#173 = CARTESIAN_POINT ( 'NONE',  ( -7.104546316645104831, 3.971939690590776451, -7.259013452458113136 ) ) ;
#174 = CARTESIAN_POINT ( 'NONE',  ( -8.628174593052007069, 6.060714285714285943, 7.778174593052038510 ) ) ;
#175 = CARTESIAN_POINT ( 'NONE',  ( -7.778174593052010977, 3.452678571428571708, -6.796679135429670282 ) ) ;
#176 = EDGE_CURVE ( 'NONE', #4108, #5833, #6622, .T. ) ;
#177 = CARTESIAN_POINT ( 'NONE',  ( 7.779880537664308093, 3.906401718579727955, -6.928174547638209724 ) ) ;
#178 = CARTESIAN_POINT ( 'NONE',  ( -8.638835928921084317, 4.699999999999999289, -7.698256547797255323 ) ) ;
#179 = CARTESIAN_POINT ( 'NONE',  ( 8.873677329212773301, 5.597693453000347041, -7.145685793431626465 ) ) ;
#180 = EDGE_CURVE ( 'NONE', #6747, #4108, #8164, .T. ) ;
#181 = DIRECTION ( 'NONE',  ( -0.000000000000000000, -1.000000000000000000, -0.000000000000000000 ) ) ;
#182 = CARTESIAN_POINT ( 'NONE',  ( -7.230423224971650242, 5.711086310143204336, 6.829441393621499046 ) ) ;
#183 = FACE_OUTER_BOUND ( 'NONE', #1469, .T. ) ;
#184 = DIRECTION ( 'NONE',  ( 0.000000000000000000, 0.000000000000000000, 1.000000000000000000 ) ) ;
#185 = CARTESIAN_POINT ( 'NONE',  ( 8.873677329212670273, 3.405431548238441852, 7.145685793431728605 ) ) ;
#186 = CARTESIAN_POINT ( 'NONE',  ( 7.406333310962587291, 3.258667135927633129, -8.542738614225154237 ) ) ;
#187 = DIRECTION ( 'NONE',  ( -0.000000000000000000, -1.000000000000000000, -0.000000000000000000 ) ) ;
#188 = CARTESIAN_POINT ( 'NONE',  ( -8.628174593052010621, 5.607142857142857650, -7.778174593052033181 ) ) ;
#189 = CARTESIAN_POINT ( 'NONE',  ( 7.230423224971601392, 4.123586310143203981, 8.726907792482629489 ) ) ;
#190 = CARTESIAN_POINT ( 'NONE',  ( -7.778185041394724664, 4.019641929152699689, -6.928174593116250612 ) ) ;
#191 = DIRECTION ( 'NONE',  ( 1.000000000000000000, 0.000000000000000000, 0.000000000000000000 ) ) ;
#192 = CARTESIAN_POINT ( 'NONE',  ( 7.778174593051957686, 5.295312500619395735, 6.513196993811369850 ) ) ;
#193 = CARTESIAN_POINT ( 'NONE',  ( 7.353174593051956975, 3.263690476190476364, 7.042052999835315852 ) ) ;
#194 = ORIENTED_EDGE ( 'NONE', *, *, #3438, .T. ) ;
#195 = EDGE_LOOP ( 'NONE', ( #2109, #7795 ) ) ;
#196 = CARTESIAN_POINT ( 'NONE',  ( 6.928174593051956265, 6.022916666666667140, 7.287426864240906355 ) ) ;
#197 = CARTESIAN_POINT ( 'NONE',  ( -7.778185041394724664, 4.019641929152699689, -6.928174593116250612 ) ) ;
#198 = CARTESIAN_POINT ( 'NONE',  ( 8.584328455537372449, 3.996869815571284068, 8.048460531130734452 ) ) ;
#199 = CARTESIAN_POINT ( 'NONE',  ( -8.295453588946235968, 4.632898780872456435, 7.101502745157660890 ) ) ;
#200 = CARTESIAN_POINT ( 'NONE',  ( -7.353174593052012042, 3.150297620286407252, -7.042052999835261673 ) ) ;
#201 = CARTESIAN_POINT ( 'NONE',  ( -6.928174593052007779, 5.455952382191170180, 8.268922321863222180 ) ) ;
#202 = CARTESIAN_POINT ( 'NONE',  ( -6.682671856891293061, 3.367633929190823494, 7.778174593052038510 ) ) ;
#203 = CARTESIAN_POINT ( 'NONE',  ( 8.477341090027689319, 4.517153388469143493, -8.261574382930113813 ) ) ;
#204 = ORIENTED_EDGE ( 'NONE', *, *, #380, .F. ) ;
#205 = CARTESIAN_POINT ( 'NONE',  ( -7.778185041395105692, 3.566070500581237201, -6.928174593116250612 ) ) ;
#206 = B_SPLINE_CURVE_WITH_KNOTS ( 'NONE', 3,
 ( #3573, #4963, #2323, #4880, #7443, #370, #2367, #6097, #1692, #2900, #2946, #3031, #4246, #6809, #5465, #6182, #7652, #8078, #1892, #4207, #7017, #8036, #1261, #415, #1732, #3821, #4834, #6381, #1652, #5556, #8122, #7058, #667, #8330, #5759, #4495, #2566, #6429, #3869, #1307, #5126, #7697, #1942, #4877, #1527, #3536, #4205, #1689, #6019, #8033, #2165, #368, #329, #6724, #1649, #2898, #251, #7441, #6764, #7312, #5462, #1565, #4126, #1003, #7957, #5423, #3497, #2279, #4831, #7396, #964, #2239 ),
 .UNSPECIFIED., .F., .F.,
 ( 4, 2, 2, 1, 1, 1, 1, 2, 2, 2, 2, 1, 1, 2, 2, 1, 2, 2, 2, 2, 2, 2, 2, 1, 2, 2, 2, 2, 2, 2, 1, 1, 1, 1, 2, 2, 2, 2, 2, 1, 1, 2, 4 ),
 ( 0.000000000000000000, 0.06250052921450646726, 0.09375079382175971476, 0.1093759261253865467, 0.1171884922772001847, 0.1210947753531068372, 0.1230479168910603160, 0.1240244876600368751, 0.1250010584290134341, 0.1406261907326367688, 0.1484387568844484084, 0.1523450399603540617, 0.1542981814983071243, 0.1552747522672835723, 0.1562513230362600203, 0.1718764553398867134, 0.1796890214917001849, 0.1875015876435136564, 0.2187518522507682917, 0.2343769845543959007, 0.2500021168580234820, 0.2812523814652787002, 0.2968775137689059207, 0.3046900799207199473, 0.3085963629966270716, 0.3125026460725341959, 0.3437529106797891920, 0.3593780429834161350, 0.3750031752870430224, 0.4062534398942973524, 0.4218785721979247394, 0.4296911383497385439, 0.4335974214256453907, 0.4355505629635987863, 0.4365271337325755119, 0.4375037045015522374, 0.4687539691088167815, 0.4843791014124492755, 0.4921916675642656336, 0.4960979506401738126, 0.4980510921781279299, 0.4990276629471049885, 0.5000042337160820471 ),
 .UNSPECIFIED. ) ;
#207 = CARTESIAN_POINT ( 'NONE',  ( -7.013493790081420265, 3.533358755916000238, 8.153643164678378241 ) ) ;
#208 = DIRECTION ( 'NONE',  ( 0.000000000000000000, -0.000000000000000000, 1.000000000000000000 ) ) ;
#209 = CARTESIAN_POINT ( 'NONE',  ( 0.000000000000000000, 5.500000000000000000, 4.500000000000000888 ) ) ;
#210 = CARTESIAN_POINT ( 'NONE',  ( 6.980149332106797999, 3.314422170865526152, 7.485393814720968209 ) ) ;
#211 = CARTESIAN_POINT ( 'NONE',  ( 7.798623390355041707, 3.908067851655366187, -6.928386094897123648 ) ) ;
#212 = CARTESIAN_POINT ( 'NONE',  ( 2.000000000000115019, 4.700000000000000178, -10.99999999999999467 ) ) ;
#213 = CARTESIAN_POINT ( 'NONE',  ( 7.778174593052059826, 5.522098214905109437, -6.513196993811266822 ) ) ;
#214 = DIRECTION ( 'NONE',  ( -1.000000000000000000, 0.000000000000000000, 3.689284128500220223E-16 ) ) ;
#215 = CARTESIAN_POINT ( 'NONE',  ( -7.778174593052006536, 5.068526786333681144, 9.043152192292756908 ) ) ;
#216 = CARTESIAN_POINT ( 'NONE',  ( -7.766449039085920880, 4.360863960160132891, -6.928250432681656079 ) ) ;
#217 = CARTESIAN_POINT ( 'NONE',  ( -7.487032860768539244, 3.200000000000000178, 6.979590538789130605 ) ) ;
#218 = CARTESIAN_POINT ( 'NONE',  ( 8.480763395677877625, 4.516616891825488977, 7.299762509412817124 ) ) ;
#219 = CARTESIAN_POINT ( 'NONE',  ( 7.215066078412517570, 3.400814016643970206, -7.141194633209054565 ) ) ;
#220 = AXIS2_PLACEMENT_3D ( 'NONE', #2977, #8023, #6795 ) ;
#221 = B_SPLINE_CURVE_WITH_KNOTS ( 'NONE', 3,
 ( #8244, #6801, #1132, #4826, #7478, #997, #4954, #3566, #3653, #6131, #1768, #2313, #5500, #8069 ),
 .UNSPECIFIED., .F., .F.,
 ( 4, 2, 2, 2, 2, 2, 4 ),
 ( 0.000000000000000000, 0.0002384424936249950782, 0.0004768849872499901564, 0.0009537699744999792286, 0.001430654961749968247, 0.001669097455374960425, 0.001907539948999952602 ),
 .UNSPECIFIED. ) ;
#222 = LINE ( 'NONE', #4139, #4800 ) ;
#223 = CARTESIAN_POINT ( 'NONE',  ( -7.353174593052012042, 5.455952380952380665, -8.514296186268804689 ) ) ;
#224 = EDGE_CURVE ( 'NONE', #4149, #5294, #4671, .T. ) ;
#225 = CARTESIAN_POINT ( 'NONE',  ( 8.873677329212670273, 4.331473214905108726, 7.778174593052089136 ) ) ;
#226 = CARTESIAN_POINT ( 'NONE',  ( 7.778174593052059826, 3.764508929190825803, -6.513196993811273039 ) ) ;
#227 = AXIS2_PLACEMENT_3D ( 'NONE', #3471, #6029, #261 ) ;
#228 = LINE ( 'NONE', #677, #281 ) ;
#229 = CARTESIAN_POINT ( 'NONE',  ( 7.087594937195158984, 3.747653292080718845, -8.274564617514275966 ) ) ;
#230 = CARTESIAN_POINT ( 'NONE',  ( 8.873677329212670273, 3.840104167286061188, 8.410663392672448779 ) ) ;
#231 = EDGE_CURVE ( 'NONE', #8066, #6531, #3264, .T. ) ;
#232 = EDGE_LOOP ( 'NONE', ( #5266, #2768, #6519, #4348 ) ) ;
#233 = VERTEX_POINT ( 'NONE', #8132 ) ;
#234 = CARTESIAN_POINT ( 'NONE',  ( 6.682671856891243323, 5.465401786333680789, 7.778174593052089136 ) ) ;
#235 = CARTESIAN_POINT ( 'NONE',  ( -11.00000000000000000, 3.700000000000000178, -2.000000000000076383 ) ) ;
#236 = CARTESIAN_POINT ( 'NONE',  ( 8.150001679893861706, 3.939023076674085466, 8.542745525018865749 ) ) ;
#237 = CARTESIAN_POINT ( 'NONE',  ( -6.682671856891297502, 4.293675595857491700, 8.410663392672395489 ) ) ;
#238 =( BOUNDED_CURVE ( )  B_SPLINE_CURVE ( 2, ( #6440, #5096, #680, #5725, #2488 ),
 .UNSPECIFIED., .F., .F. ) 
 B_SPLINE_CURVE_WITH_KNOTS ( ( 3, 2, 3 ),
 ( 0.000000000000000000, 0.0008892271035616347748, 0.001333840655342776772 ),
 .UNSPECIFIED. ) 
 CURVE ( )  GEOMETRIC_REPRESENTATION_ITEM ( )  RATIONAL_B_SPLINE_CURVE ( ( 1.000000000000000000, 0.8660254037844387076, 1.000000000000000000, 0.9330127018921704485, 0.9330127018922194093 ) ) 
 REPRESENTATION_ITEM ( '' )  );
#239 = DIRECTION ( 'NONE',  ( 0.000000000000000000, 0.000000000000000000, 1.000000000000000000 ) ) ;
#240 = CARTESIAN_POINT ( 'NONE',  ( 8.873677329212664944, 3.840104167286063408, 8.410663392672447003 ) ) ;
#241 = CARTESIAN_POINT ( 'NONE',  ( -7.353174593052007602, 4.057440477429264725, 8.514296186268810018 ) ) ;
#242 = ADVANCED_FACE ( 'NONE', ( #3080, #6950, #7453, #1194, #4931, #1743 ), #2956, .T. ) ;
#243 = FACE_OUTER_BOUND ( 'NONE', #6162, .T. ) ;
#244 = ORIENTED_EDGE ( 'NONE', *, *, #7121, .F. ) ;
#245 = VERTEX_POINT ( 'NONE', #5652 ) ;
#246 = CARTESIAN_POINT ( 'NONE',  ( 8.325925961132417896, 5.314211310143203804, -8.726907792482524684 ) ) ;
#247 = CARTESIAN_POINT ( 'NONE',  ( -7.034329015256282958, 3.602617957100919366, 7.365124302496532493 ) ) ;
#248 = CARTESIAN_POINT ( 'NONE',  ( 8.873677329212670273, 4.785044643476537019, 7.778174593052089136 ) ) ;
#249 = CARTESIAN_POINT ( 'NONE',  ( -7.230423224971650242, 5.767782738714632984, 6.829441393621499046 ) ) ;
#250 = CARTESIAN_POINT ( 'NONE',  ( 6.931666230720272104, 3.331812885600033525, 7.683446464065812442 ) ) ;
#251 = CARTESIAN_POINT ( 'NONE',  ( -7.443553381405198621, 3.935957675249814880, 8.559539768680105354 ) ) ;
#252 = CARTESIAN_POINT ( 'NONE',  ( -8.152827122678722560, 3.872925990766913351, 8.543154676251415225 ) ) ;
#253 = DIRECTION ( 'NONE',  ( 0.000000000000000000, -0.000000000000000000, 1.000000000000000000 ) ) ;
#254 = CARTESIAN_POINT ( 'NONE',  ( 8.873677329212773301, 5.144122024428918749, -7.145685793431626465 ) ) ;
#255 = CARTESIAN_POINT ( 'NONE',  ( 7.765370241063822121, 3.199999999999998401, -8.689224008031100510 ) ) ;
#256 = CARTESIAN_POINT ( 'NONE',  ( -6.682671856891293061, 3.840104167286061188, 8.410663392672399041 ) ) ;
#257 = CARTESIAN_POINT ( 'NONE',  ( -7.013493790081597012, 4.440501613058628116, -7.402706021425331961 ) ) ;
#258 = CARTESIAN_POINT ( 'NONE',  ( 7.556960654692942647, 3.886850002880930965, 8.606305365373344785 ) ) ;
#259 = CARTESIAN_POINT ( 'NONE',  ( 8.381273594940129357, 4.530376422786612345, 7.179160919914318484 ) ) ;
#260 = CARTESIAN_POINT ( 'NONE',  ( 6.997868319590074826, 3.368383903998713791, -7.440734856274517917 ) ) ;
#261 = DIRECTION ( 'NONE',  ( 0.000000000000000000, 0.000000000000000000, 1.000000000000000000 ) ) ;
#262 = CARTESIAN_POINT ( 'NONE',  ( -8.325925961132368158, 5.389806548238442296, -8.726907792482572646 ) ) ;
#263 = CARTESIAN_POINT ( 'NONE',  ( 8.393810889430490363, 3.621729844684276056, -8.364936922676431408 ) ) ;
#264 = CARTESIAN_POINT ( 'NONE',  ( 7.230423224971600504, 3.121949405381299503, 6.829441393621548784 ) ) ;
#265 = CARTESIAN_POINT ( 'NONE',  ( 7.230423224971706198, 4.180282738714635293, -6.829441393621450196 ) ) ;
#266 = SURFACE_STYLE_USAGE ( .BOTH. , #1316 ) ;
#267 = CARTESIAN_POINT ( 'NONE',  ( 7.608472698848874671, 3.694553120878214525, -8.612955193324440373 ) ) ;
#268 = CARTESIAN_POINT ( 'NONE',  ( 7.353174593051957864, 3.868452380952381198, 8.514296186268863309 ) ) ;
#269 = AXIS2_PLACEMENT_3D ( 'NONE', #4284, #6264, #5220 ) ;
#270 = EDGE_LOOP ( 'NONE', ( #6502, #5762, #4323, #7780 ) ) ;
#271 = ORIENTED_EDGE ( 'NONE', *, *, #6692, .T. ) ;
#272 = AXIS2_PLACEMENT_3D ( 'NONE', #4055, #7886, #184 ) ;
#273 = CARTESIAN_POINT ( 'NONE',  ( 7.353174593051957864, 5.985119047619048338, 7.042052999835314964 ) ) ;
#274 = CARTESIAN_POINT ( 'NONE',  ( 8.005926557517652142, 3.586326681551913698, 8.628177392681717350 ) ) ;
#275 = CIRCLE ( 'NONE', #402, 1.249999999999999334 ) ;
#276 = CARTESIAN_POINT ( 'NONE',  ( 8.500047601022384214, 4.059974610466246858, 7.328499066421468200 ) ) ;
#277 = CARTESIAN_POINT ( 'NONE',  ( -8.591288930460375894, 4.679237276410654012, 7.530033819717929511 ) ) ;
#278 = CARTESIAN_POINT ( 'NONE',  ( -8.203174593052011687, 3.074702382191169203, -7.042052999835260785 ) ) ;
#279 = CARTESIAN_POINT ( 'NONE',  ( -8.628174593052007069, 5.758333334572121487, 8.268922321863218627 ) ) ;
#280 = CARTESIAN_POINT ( 'NONE',  ( -8.873677329212721787, 3.594419643476537196, 7.778174593052038510 ) ) ;
#281 = VECTOR ( 'NONE', #5136, 1000.000000000000000 ) ;
#282 = CARTESIAN_POINT ( 'NONE',  ( 8.371540675304112611, 4.531455804696100209, -8.386795723052660634 ) ) ;
#283 = ORIENTED_EDGE ( 'NONE', *, *, #7091, .T. ) ;
#284 = ORIENTED_EDGE ( 'NONE', *, *, #5947, .T. ) ;
#285 = CARTESIAN_POINT ( 'NONE',  ( 8.873677329212773301, 5.276413691095585001, -8.410663392672345751 ) ) ;
#286 = AXIS2_PLACEMENT_3D ( 'NONE', #6784, #474, #7417 ) ;
#287 = CARTESIAN_POINT ( 'NONE',  ( -7.403536370701996105, 3.646141598573448661, 7.013187435243066759 ) ) ;
#288 = CARTESIAN_POINT ( 'NONE',  ( 7.778174593051957686, 5.805580357762250898, 6.513196993811369850 ) ) ;
#289 = CARTESIAN_POINT ( 'NONE',  ( -7.778174593052011865, 3.200000000000000178, -6.528174593052034069 ) ) ;
#290 = CARTESIAN_POINT ( 'NONE',  ( 7.197265208604816777, 3.398893475570666123, 8.398761362309095091 ) ) ;
#291 = CARTESIAN_POINT ( 'NONE',  ( -8.376168543826906898, 3.850586341240792354, 8.382246951167109827 ) ) ;
#292 = CARTESIAN_POINT ( 'NONE',  ( -8.504940611783187165, 4.700000000000000178, -7.162001224813121070 ) ) ;
#293 = CARTESIAN_POINT ( 'NONE',  ( 7.230423224971703533, 5.937872024428918039, -6.829441393621446643 ) ) ;
#294 = VECTOR ( 'NONE', #8208, 1000.000000000000000 ) ;
#295 = PLANE ( 'NONE',  #1174 ) ;
#296 = EDGE_CURVE ( 'NONE', #691, #3520, #5494, .T. ) ;
#297 = CARTESIAN_POINT ( 'NONE',  ( -8.325925961132364606, 4.425967262524156176, 6.829441393621498158 ) ) ;
#298 = CARTESIAN_POINT ( 'NONE',  ( -7.040299115422443244, 4.435504974187649552, -7.352436224774273832 ) ) ;
#299 = CARTESIAN_POINT ( 'NONE',  ( 7.073121243655288382, 3.835869312225168137, 8.252940781249705537 ) ) ;
#300 = CARTESIAN_POINT ( 'NONE',  ( 8.873677329212670273, 3.783407738714632984, 8.410663392672448779 ) ) ;
#301 = CARTESIAN_POINT ( 'NONE',  ( 7.667534833673528283, 3.442838798518032650, -6.928177518805892277 ) ) ;
#302 = ORIENTED_EDGE ( 'NONE', *, *, #7715, .T. ) ;
#303 = CARTESIAN_POINT ( 'NONE',  ( -7.353174593052007602, 3.944047619047619690, 8.514296186268810018 ) ) ;
#304 = CARTESIAN_POINT ( 'NONE',  ( -7.778174593052007424, 3.200000000000000178, 7.778174593052038510 ) ) ;
#305 = B_SPLINE_CURVE_WITH_KNOTS ( 'NONE', 3,
 ( #5111, #3045, #5067, #470, #1790, #2504, #2381, #1747, #7639, #4434, #2551, #3810, #5743, #605, #6366, #4480, #8179, #2421, #3180, #4936, #4303, #6912, #1157, #8314, #1925, #7044, #7502, #6867, #1110, #6284, #8225, #3676, #5023, #5280, #3942, #701, #4568, #5835, #1418, #2716, #7204, #2057, #6542, #7848, #3356, #3318, #141, #2635, #3978, #2136, #59, #103, #3279, #784, #5197, #5314, #653, #2095, #7885, #4647, #7129, #4685, #7090, #4016 ),
 .UNSPECIFIED., .F., .F.,
 ( 4, 2, 2, 1, 1, 1, 1, 2, 2, 2, 2, 1, 1, 2, 2, 1, 2, 2, 2, 2, 2, 2, 2, 1, 2, 2, 2, 2, 2, 2, 1, 1, 1, 1, 2, 2, 2, 4 ),
 ( 0.5000042337161141326, 0.5625037045017050596, 0.5937534398945005787, 0.6093783075908978386, 0.6171907414390964686, 0.6210969583631954505, 0.6230500668252445529, 0.6240266210562691596, 0.6250031752872937663, 0.6406280429836608281, 0.6484404768318441370, 0.6523466937559361245, 0.6542998022179820072, 0.6552763564490050596, 0.6562529106800281120, 0.6718777783763962841, 0.6796902122245807032, 0.6875026460727650113, 0.7187523814655010224, 0.7343772491618689724, 0.7500021168582369224, 0.7812518522509728225, 0.7968767199473407725, 0.8046891537955247475, 0.8085953707196167350, 0.8125015876437087226, 0.8437513230364446226, 0.8593761907328123506, 0.8750010584291800786, 0.9062507938219147574, 0.9218756615182817082, 0.9296880953664656833, 0.9335943122905578928, 0.9355474207526034425, 0.9365239749836267169, 0.9375005292146498803, 0.9687502646073249402, 1.000000000000000000 ),
 .UNSPECIFIED. ) ;
#306 = CARTESIAN_POINT ( 'NONE',  ( -7.556978813037558140, 4.113637317364212898, -8.606310465923577624 ) ) ;
#307 = CARTESIAN_POINT ( 'NONE',  ( 7.230423224971705309, 3.575520833952730460, -8.726907792482521131 ) ) ;
#308 = CARTESIAN_POINT ( 'NONE',  ( 6.928175070456903839, 3.789414757543231982, -7.822867383943077790 ) ) ;
#309 = CARTESIAN_POINT ( 'NONE',  ( 6.682671856891243323, 4.066889881571776222, 7.145685793431728605 ) ) ;
#310 = CARTESIAN_POINT ( 'NONE',  ( 6.682671856891243323, 4.501562500619394669, 7.778174593052089136 ) ) ;
#311 = VERTEX_POINT ( 'NONE', #3040 ) ;
#312 = EDGE_LOOP ( 'NONE', ( #6900, #8027, #4785, #4338 ) ) ;
#313 = EDGE_CURVE ( 'NONE', #5182, #2802, #6777, .T. ) ;
#314 = CARTESIAN_POINT ( 'NONE',  ( -8.337801021851444006, 4.183933757079847382, -8.420265364941901254 ) ) ;
#315 = CARTESIAN_POINT ( 'NONE',  ( 8.541157634225085005, 4.052404133426811939, 7.403262525222983115 ) ) ;
#316 = CARTESIAN_POINT ( 'NONE',  ( -8.325925961132361053, 4.482663691095587488, 6.829441393621502598 ) ) ;
#317 = CYLINDRICAL_SURFACE ( 'NONE', #4838, 0.8500000000000000888 ) ;
#318 = CARTESIAN_POINT ( 'NONE',  ( 8.325925961132313091, 4.407068453000349884, 6.829441393621552336 ) ) ;
#319 = DIRECTION ( 'NONE',  ( 0.000000000000000000, -0.000000000000000000, 1.000000000000000000 ) ) ;
#320 = CARTESIAN_POINT ( 'NONE',  ( 8.234190742650374872, 3.200000000000011724, -6.940584351198419988 ) ) ;
#321 = VERTEX_POINT ( 'NONE', #7584 ) ;
#322 = ORIENTED_EDGE ( 'NONE', *, *, #3773, .F. ) ;
#323 = CARTESIAN_POINT ( 'NONE',  ( 7.230423224971703533, 4.633854167286061809, -6.829441393621446643 ) ) ;
#324 = CARTESIAN_POINT ( 'NONE',  ( -7.175075591183524004, 3.623233565645946008, 7.179160919894752801 ) ) ;
#325 = DIRECTION ( 'NONE',  ( 1.000000000000000000, 0.000000000000000000, -3.689284128500214800E-16 ) ) ;
#326 = VECTOR ( 'NONE', #383, 1000.000000000000000 ) ;
#327 = DIRECTION ( 'NONE',  ( 0.000000000000000000, 0.000000000000000000, 1.000000000000000000 ) ) ;
#328 = CARTESIAN_POINT ( 'NONE',  ( 7.105258578198423436, 3.387170871120260163, 8.297577201551881387 ) ) ;
#329 = CARTESIAN_POINT ( 'NONE',  ( -7.363845645383739758, 3.942677230175078318, 8.521228328906708782 ) ) ;
#330 = CARTESIAN_POINT ( 'NONE',  ( 0.000000000000000000, 0.3000000000000103140, -4.000000000000000000 ) ) ;
#331 = DIRECTION ( 'NONE',  ( 0.000000000000000000, 0.000000000000000000, 1.000000000000000000 ) ) ;
#332 = CARTESIAN_POINT ( 'NONE',  ( 8.162715045019584892, 6.002204882562850230, -6.752379834956476756 ) ) ;
#333 = CARTESIAN_POINT ( 'NONE',  ( 6.750116160586985714, 3.199999999999996625, -8.049601602797036293 ) ) ;
#334 = CARTESIAN_POINT ( 'NONE',  ( -7.778174593052006536, 3.934598214905108637, 6.513196993811319224 ) ) ;
#335 = EDGE_CURVE ( 'NONE', #6463, #7950, #3030, .T. ) ;
#336 = CARTESIAN_POINT ( 'NONE',  ( -6.929191433752241558, 4.477028325834097267, -7.827103431412432144 ) ) ;
#337 = FACE_OUTER_BOUND ( 'NONE', #3133, .T. ) ;
#338 = CARTESIAN_POINT ( 'NONE',  ( 7.230423224971703533, 3.575520833952728239, -8.726907792482524684 ) ) ;
#339 = CARTESIAN_POINT ( 'NONE',  ( -8.576199853996742561, 3.314422170865416462, -8.070955371384313182 ) ) ;
#340 = CARTESIAN_POINT ( 'NONE',  ( -6.768413634096680731, 4.700000000284660473, -7.353311025885792773 ) ) ;
#341 = CARTESIAN_POINT ( 'NONE',  ( -8.628174593052007069, 3.301488095238095610, 7.287426864240856617 ) ) ;
#342 = CARTESIAN_POINT ( 'NONE',  ( 7.886788191788521196, 3.462329507135005979, -6.934931053161615289 ) ) ;
#343 = CARTESIAN_POINT ( 'NONE',  ( -7.778174593052006536, 4.614955357762251964, 9.043152192292758684 ) ) ;
#344 = CIRCLE ( 'NONE', #6934, 13.49999999999992539 ) ;
#345 = AXIS2_PLACEMENT_3D ( 'NONE', #7385, #2269, #1636 ) ;
#346 = CARTESIAN_POINT ( 'NONE',  ( -8.872922838270266510, 3.199999999999953992, -7.737523338124739247 ) ) ;
#347 = CARTESIAN_POINT ( 'NONE',  ( 8.873677329212670273, 5.597693453000347041, 8.410663392672448779 ) ) ;
#348 = CARTESIAN_POINT ( 'NONE',  ( 8.873677329212670273, 3.877901786333680434, 7.778174593052089136 ) ) ;
#349 = CYLINDRICAL_SURFACE ( 'NONE', #1764, 0.8500000000000000888 ) ;
#350 = ORIENTED_EDGE ( 'NONE', *, *, #3401, .F. ) ;
#351 = VERTEX_POINT ( 'NONE', #5154 ) ;
#352 =( NAMED_UNIT ( * ) PLANE_ANGLE_UNIT ( ) SI_UNIT ( $, .RADIAN. ) );
#353 = CARTESIAN_POINT ( 'NONE',  ( 7.778174593052059826, 5.125223214905109792, -6.513196993811266822 ) ) ;
#354 = DIRECTION ( 'NONE',  ( 0.000000000000000000, 1.000000000000000000, 0.000000000000000000 ) ) ;
#355 = FACE_OUTER_BOUND ( 'NONE', #4467, .T. ) ;
#356 = CARTESIAN_POINT ( 'NONE',  ( -8.628174593052007069, 5.229166667905455590, 7.287426864240856617 ) ) ;
#357 = CYLINDRICAL_SURFACE ( 'NONE', #3456, 0.8500000000000000888 ) ;
#358 = CARTESIAN_POINT ( 'NONE',  ( 7.789900147025209165, 4.360863960160653363, -6.928250432681704041 ) ) ;
#359 = VERTEX_POINT ( 'NONE', #6453 ) ;
#360 = EDGE_LOOP ( 'NONE', ( #5124, #5893, #5851, #2583 ) ) ;
#361 = CARTESIAN_POINT ( 'NONE',  ( 7.353174593052060004, 6.136309523809523547, -7.042052999835213711 ) ) ;
#362 = CARTESIAN_POINT ( 'NONE',  ( 0.000000000000000000, 2.500000000000000000, 0.000000000000000000 ) ) ;
#363 = CARTESIAN_POINT ( 'NONE',  ( -8.203174593052011687, 5.191369048857835899, -8.514296186268804689 ) ) ;
#364 = FACE_OUTER_BOUND ( 'NONE', #270, .T. ) ;
#365 = FACE_OUTER_BOUND ( 'NONE', #2924, .T. ) ;
#366 = CARTESIAN_POINT ( 'NONE',  ( -8.873677329212721787, 5.427604167286060211, 7.145685793431678867 ) ) ;
#367 = CARTESIAN_POINT ( 'NONE',  ( 7.215066078412391448, 3.400814016643935123, 8.415154552894994922 ) ) ;
#368 = CARTESIAN_POINT ( 'NONE',  ( -7.328807342676904923, 3.945917027194469018, 8.500192372724850287 ) ) ;
#369 = DIRECTION ( 'NONE',  ( 0.000000000000000000, 0.000000000000000000, 1.000000000000000000 ) ) ;
#370 = CARTESIAN_POINT ( 'NONE',  ( -7.285311690749999514, 4.088387010838285818, 7.085101042229882573 ) ) ;
#371 = EDGE_CURVE ( 'NONE', #7062, #3902, #7085, .T. ) ;
#372 = CARTESIAN_POINT ( 'NONE',  ( 8.628174593052060359, 5.455952382191170180, -7.287426864240803326 ) ) ;
#373 = CARTESIAN_POINT ( 'NONE',  ( -8.873677329212721787, 4.558258929190823316, 7.778174593052038510 ) ) ;
#374 = CARTESIAN_POINT ( 'NONE',  ( -8.873677329212721787, 3.613318453000347485, 7.145685793431678867 ) ) ;
#375 = CARTESIAN_POINT ( 'NONE',  ( -7.427967322043445897, 4.390798830917894691, -7.003619317136743128 ) ) ;
#376 = CARTESIAN_POINT ( 'NONE',  ( 6.750116160586883574, 3.199999999999998401, 7.506747583307030958 ) ) ;
#377 = CARTESIAN_POINT ( 'NONE',  ( 8.628174593051957331, 3.641666667905455235, 8.268922321863270142 ) ) ;
#378 = CARTESIAN_POINT ( 'NONE',  ( 8.325925961132417896, 3.802306548238441941, -6.829441393621446643 ) ) ;
#379 = CARTESIAN_POINT ( 'NONE',  ( -7.999388531411036674, 3.433278574310278497, -6.950043820730778421 ) ) ;
#380 = EDGE_CURVE ( 'NONE', #5294, #4149, #641, .T. ) ;
#381 = CARTESIAN_POINT ( 'NONE',  ( 7.403522063424942345, 4.326497419341293060, -7.013194509852803904 ) ) ;
#382 = CARTESIAN_POINT ( 'NONE',  ( -8.873677329212721787, 4.558258929190823316, 7.778174593052038510 ) ) ;
#383 = DIRECTION ( 'NONE',  ( -0.000000000000000000, -1.000000000000000000, -0.000000000000000000 ) ) ;
#384 = EDGE_CURVE ( 'NONE', #4951, #1520, #1121, .T. ) ;
#385 = CARTESIAN_POINT ( 'NONE',  ( -7.230423224971650242, 4.652752976809870766, 8.726907792482577975 ) ) ;
#386 = CARTESIAN_POINT ( 'NONE',  ( -7.778174593052010977, 4.359821428571429180, -6.796679135429670282 ) ) ;
#387 = CARTESIAN_POINT ( 'NONE',  ( 7.353174593051956975, 5.796130953619740289, 8.514296186268863309 ) ) ;
#388 = CARTESIAN_POINT ( 'NONE',  ( 8.628174593052058583, 4.019642857142857295, -7.778174593051986108 ) ) ;
#389 = DIRECTION ( 'NONE',  ( 0.000000000000000000, 0.000000000000000000, -1.000000000000000000 ) ) ;
#390 = VERTEX_POINT ( 'NONE', #2825 ) ;
#391 = VERTEX_POINT ( 'NONE', #3389 ) ;
#392 = EDGE_CURVE ( 'NONE', #5543, #5052, #3342, .T. ) ;
#393 = VECTOR ( 'NONE', #4179, 1000.000000000000000 ) ;
#394 = CARTESIAN_POINT ( 'NONE',  ( -7.778174593052010977, 4.586607142857143771, 6.928174593052038865 ) ) ;
#395 = CARTESIAN_POINT ( 'NONE',  ( 8.325925961132417896, 5.767782738714632984, -8.726907792482524684 ) ) ;
#396 = CARTESIAN_POINT ( 'NONE',  ( 6.683426347833702152, 3.199999999999953992, 7.818825847979385735 ) ) ;
#397 = CARTESIAN_POINT ( 'NONE',  ( 7.140616049870651239, 4.647301162404636088, -8.341044413782993772 ) ) ;
#398 = CARTESIAN_POINT ( 'NONE',  ( 8.325925961132313091, 3.348735119667016313, 8.726907792482625936 ) ) ;
#399 = DIRECTION ( 'NONE',  ( -0.000000000000000000, -1.000000000000000000, -0.000000000000000000 ) ) ;
#400 = CARTESIAN_POINT ( 'NONE',  ( 8.576197802238301193, 4.448350220749606621, -7.485388217448533332 ) ) ;
#401 = AXIS2_PLACEMENT_3D ( 'NONE', #3600, #8192, #3645 ) ;
#402 = AXIS2_PLACEMENT_3D ( 'NONE', #7462, #6828, #3637 ) ;
#403 = ORIENTED_EDGE ( 'NONE', *, *, #7847, .F. ) ;
#404 = ORIENTED_EDGE ( 'NONE', *, *, #7066, .T. ) ;
#405 = CARTESIAN_POINT ( 'NONE',  ( 8.325925961132416120, 5.616592262524155998, -6.829441393621446643 ) ) ;
#406 = DIRECTION ( 'NONE',  ( 0.000000000000000000, 1.000000000000000000, 0.000000000000000000 ) ) ;
#407 = CARTESIAN_POINT ( 'NONE',  ( -7.353174593052012931, 5.418154763143549602, -7.042052999835261673 ) ) ;
#408 = CARTESIAN_POINT ( 'NONE',  ( -7.465967966716563708, 3.480583922508807770, 8.568955236192083547 ) ) ;
#409 = CARTESIAN_POINT ( 'NONE',  ( 7.778174593051957686, 4.841741072047965666, 6.513196993811369850 ) ) ;
#410 = CARTESIAN_POINT ( 'NONE',  ( -6.682671856891293061, 5.654389881571775689, 8.410663392672399041 ) ) ;
#411 = CARTESIAN_POINT ( 'NONE',  ( -6.928174593052006891, 3.641666667905455235, 8.268922321863220404 ) ) ;
#412 = CARTESIAN_POINT ( 'NONE',  ( 1.152188841818234133E-13, 2.500000000000000000, -12.09999999999999787 ) ) ;
#413 = AXIS2_PLACEMENT_3D ( 'NONE', #3543, #1054, #896 ) ;
#414 = CARTESIAN_POINT ( 'NONE',  ( -7.550417779485554703, 4.226172889668103672, 6.928174593052038865 ) ) ;
#415 = CARTESIAN_POINT ( 'NONE',  ( -7.056301585081838468, 4.059974610466286826, 7.328499066421031216 ) ) ;
#416 = CARTESIAN_POINT ( 'NONE',  ( 6.928174593052061070, 4.813392858381645212, -7.778174593051986108 ) ) ;
#417 = CARTESIAN_POINT ( 'NONE',  ( 7.778174593052059826, 4.388169643476538262, -9.043152192292705394 ) ) ;
#418 = CARTESIAN_POINT ( 'NONE',  ( -6.682671856891293061, 4.369270833952727529, 7.145685793431678867 ) ) ;
#419 = ADVANCED_FACE ( 'NONE', ( #930 ), #295, .T. ) ;
#420 = CARTESIAN_POINT ( 'NONE',  ( -7.230423224971655571, 4.350372024428918571, -8.726907792482570869 ) ) ;
#421 = CARTESIAN_POINT ( 'NONE',  ( 7.251851736282937111, 3.858249295091135789, 8.446623506111095026 ) ) ;
#422 = CARTESIAN_POINT ( 'NONE',  ( 6.928174593051956265, 2.961309525048312352, 7.287426864240906355 ) ) ;
#423 = AXIS2_PLACEMENT_3D ( 'NONE', #3910, #6380, #5168 ) ;
#424 = CARTESIAN_POINT ( 'NONE',  ( 6.682671856891347240, 3.688913691095585534, -7.145685793431625576 ) ) ;
#425 = ADVANCED_FACE ( 'NONE', ( #7845 ), #1712, .F. ) ;
#426 = CARTESIAN_POINT ( 'NONE',  ( -8.558480866512573115, 3.368383903999046414, -7.440734856271100206 ) ) ;
#427 = CARTESIAN_POINT ( 'NONE',  ( -8.873677329212720011, 4.104687500619398577, -7.778174593052033181 ) ) ;
#428 = CARTESIAN_POINT ( 'NONE',  ( -8.325925961132364606, 4.482663691095584824, 6.829441393621498158 ) ) ;
#429 = ORIENTED_EDGE ( 'NONE', *, *, #7428, .F. ) ;
#430 = CARTESIAN_POINT ( 'NONE',  ( 7.778152113398448364, 3.452676572189581350, -6.928174593349242905 ) ) ;
#431 = CARTESIAN_POINT ( 'NONE',  ( 7.778174593051956798, 4.700000000000000178, 7.778174593052089136 ) ) ;
#432 = CARTESIAN_POINT ( 'NONE',  ( 6.682671856891243323, 3.594419643476537196, 7.778174593052089136 ) ) ;
#433 = DIRECTION ( 'NONE',  ( -0.000000000000000000, -1.000000000000000000, -0.000000000000000000 ) ) ;
#434 = CARTESIAN_POINT ( 'NONE',  ( 7.778174593051957686, 5.748883929190823139, 6.513196993811369850 ) ) ;
#435 = CARTESIAN_POINT ( 'NONE',  ( -7.778174593052010977, 4.586607142857143771, -8.628174593052033714 ) ) ;
#436 = DIRECTION ( 'NONE',  ( 0.000000000000000000, 0.000000000000000000, 1.000000000000000000 ) ) ;
#437 = ORIENTED_EDGE ( 'NONE', *, *, #7810, .T. ) ;
#438 = VERTEX_POINT ( 'NONE', #2169 ) ;
#439 = CYLINDRICAL_SURFACE ( 'NONE', #5508, 2.000000000000000000 ) ;
#440 = CARTESIAN_POINT ( 'NONE',  ( 7.778174593052059826, 5.578794643476537196, -6.513196993811266822 ) ) ;
#441 = FACE_OUTER_BOUND ( 'NONE', #5365, .T. ) ;
#442 = CARTESIAN_POINT ( 'NONE',  ( -8.005931406618467250, 3.359541398523760325, -8.628174593052033714 ) ) ;
#443 = CARTESIAN_POINT ( 'NONE',  ( -6.928174593051627639, 4.548809525048533864, 8.268922321863442448 ) ) ;
#444 = CARTESIAN_POINT ( 'NONE',  ( -7.778174593052007424, 4.700000000000000178, 7.778174593052038510 ) ) ;
#445 = CARTESIAN_POINT ( 'NONE',  ( 7.974957366913370649, 4.377341949267981924, -6.950789530742984113 ) ) ;
#446 = ORIENTED_EDGE ( 'NONE', *, *, #5750, .F. ) ;
#447 = EDGE_LOOP ( 'NONE', ( #920, #5622, #6038, #2703 ) ) ;
#448 = CARTESIAN_POINT ( 'NONE',  ( -8.374019005254744741, 3.850824756817190053, -7.171979555299294873 ) ) ;
#449 = CARTESIAN_POINT ( 'NONE',  ( -7.778174579122964616, 4.700000000000001066, 6.928174593052038865 ) ) ;
#450 = CARTESIAN_POINT ( 'NONE',  ( -6.928174593052012220, 5.493750001238788094, -7.778174593052033181 ) ) ;
#451 = CARTESIAN_POINT ( 'NONE',  ( 8.032897272653203302, 4.699999999999999289, 8.828050398871809534 ) ) ;
#452 = CARTESIAN_POINT ( 'NONE',  ( 7.230423224971600504, 4.577157738714633162, 8.726907792482629489 ) ) ;
#453 = CARTESIAN_POINT ( 'NONE',  ( 6.946196683651957748, 4.232026941404148701, 7.601892958302215675 ) ) ;
#454 = CARTESIAN_POINT ( 'NONE',  ( -7.778174593052011865, 4.614955357762251964, -6.513196993811314783 ) ) ;
#455 = CARTESIAN_POINT ( 'NONE',  ( 0.000000000000000000, 0.3000000000000103140, 0.000000000000000000 ) ) ;
#456 = CYLINDRICAL_SURFACE ( 'NONE', #2193, 1.249999999999999334 ) ;
#457 = DIRECTION ( 'NONE',  ( 0.000000000000000000, 1.000000000000000000, 0.000000000000000000 ) ) ;
#458 = CARTESIAN_POINT ( 'NONE',  ( 7.230423224971703533, 3.972395833952728328, -8.726907792482524684 ) ) ;
#459 = CARTESIAN_POINT ( 'NONE',  ( -7.778174593052006536, 3.707812500619394491, 9.043152192292756908 ) ) ;
#460 = CARTESIAN_POINT ( 'NONE',  ( -7.230423224971655571, 3.499925595857490190, -8.726907792482570869 ) ) ;
#461 = CARTESIAN_POINT ( 'NONE',  ( 7.438849756839578831, 3.709552924233121107, 6.998829415397084475 ) ) ;
#462 = CARTESIAN_POINT ( 'NONE',  ( 6.928174593051956265, 3.868452382191169381, 7.287426864240906355 ) ) ;
#463 = CARTESIAN_POINT ( 'NONE',  ( 8.468748936345946277, 4.428009631025177306, 8.274572035694372829 ) ) ;
#464 = DIRECTION ( 'NONE',  ( -0.000000000000000000, -1.000000000000000000, -0.000000000000000000 ) ) ;
#465 = CARTESIAN_POINT ( 'NONE',  ( -7.487032860768539244, 3.200000000000000178, 6.979590538789130605 ) ) ;
#466 = CIRCLE ( 'NONE', #3339, 1.249999999999999334 ) ;
#467 = CARTESIAN_POINT ( 'NONE',  ( -8.203174593052008134, 4.624404761904761685, 7.042052999835266114 ) ) ;
#468 = ORIENTED_EDGE ( 'NONE', *, *, #987, .F. ) ;
#469 = FACE_BOUND ( 'NONE', #232, .T. ) ;
#470 = CARTESIAN_POINT ( 'NONE',  ( -8.152827122678850458, 3.419354562196606384, 8.543154676251353052 ) ) ;
#471 = CARTESIAN_POINT ( 'NONE',  ( -7.354451171414390309, 4.095140986790750226, -8.517104637924255428 ) ) ;
#472 = DIRECTION ( 'NONE',  ( -0.000000000000000000, -1.000000000000000000, -0.000000000000000000 ) ) ;
#473 = CARTESIAN_POINT ( 'NONE',  ( 8.203174593051956620, 4.511011906000692129, 8.514296186268863309 ) ) ;
#474 = DIRECTION ( 'NONE',  ( 0.000000000000000000, 1.000000000000000000, 0.000000000000000000 ) ) ;
#475 = EDGE_CURVE ( 'NONE', #845, #169, #1531, .T. ) ;
#476 = CARTESIAN_POINT ( 'NONE',  ( 8.325925961132314868, 4.652752976809870766, 8.726907792482629489 ) ) ;
#477 = ORIENTED_EDGE ( 'NONE', *, *, #8220, .T. ) ;
#478 = EDGE_LOOP ( 'NONE', ( #909, #7677 ) ) ;
#479 = CIRCLE ( 'NONE', #6408, 0.8500000000000000888 ) ;
#480 = DIRECTION ( 'NONE',  ( 0.000000000000000000, 1.000000000000000000, 0.000000000000000000 ) ) ;
#481 = CARTESIAN_POINT ( 'NONE',  ( 0.000000000000000000, 4.700000000000000178, 0.000000000000000000 ) ) ;
#482 = CYLINDRICAL_SURFACE ( 'NONE', #6312, 0.8500000000000000888 ) ;
#483 = DIRECTION ( 'NONE',  ( 0.000000000000000000, 1.000000000000000000, 0.000000000000000000 ) ) ;
#484 = CARTESIAN_POINT ( 'NONE',  ( -8.628174593052010621, 4.359821429810216920, -7.778174593052033181 ) ) ;
#485 = CARTESIAN_POINT ( 'NONE',  ( 7.778174593051956798, 3.200000000000000178, 7.778174593052089136 ) ) ;
#486 = VECTOR ( 'NONE', #2516, 1000.000000000000000 ) ;
#487 = CARTESIAN_POINT ( 'NONE',  ( 13.35102992281871437, 3.700000000000000178, -2.000000000000229150 ) ) ;
#488 = EDGE_CURVE ( 'NONE', #7094, #2933, #5951, .T. ) ;
#489 = PRODUCT_RELATED_PRODUCT_CATEGORY ( 'part', '', ( #5180 ) ) ;
#490 = ORIENTED_EDGE ( 'NONE', *, *, #7091, .F. ) ;
#491 = ORIENTED_EDGE ( 'NONE', *, *, #176, .F. ) ;
#492 = CARTESIAN_POINT ( 'NONE',  ( -8.622623877924578295, 3.800830557129154741, -7.677816149794008282 ) ) ;
#493 = CARTESIAN_POINT ( 'NONE',  ( -7.778174593052007424, 4.700000000000000178, 6.928174593052038865 ) ) ;
#494 = CARTESIAN_POINT ( 'NONE',  ( -7.778174593052010977, 5.522098214905109437, -6.513196993811314783 ) ) ;
#495 = CARTESIAN_POINT ( 'NONE',  ( 8.572527594031473190E-16, 0.2999999999999956035, -7.000000000000000000 ) ) ;
#496 = CARTESIAN_POINT ( 'NONE',  ( 7.778174593051957686, 5.068526786333681144, 9.043152192292808422 ) ) ;
#497 = EDGE_CURVE ( 'NONE', #4581, #6592, #8001, .T. ) ;
#498 = CARTESIAN_POINT ( 'NONE',  ( 7.056297267320091215, 4.286759598266619342, 8.227843157764313631 ) ) ;
#499 = CARTESIAN_POINT ( 'NONE',  ( -7.230423224971655571, 4.652752976809870766, -6.829441393621494605 ) ) ;
#500 = CARTESIAN_POINT ( 'NONE',  ( -7.778174593052011865, 3.200000000000000178, -7.778174593052033181 ) ) ;
#501 = CARTESIAN_POINT ( 'NONE',  ( -6.928174593052006891, 4.133035715524502329, 7.778174593052038510 ) ) ;
#502 = CARTESIAN_POINT ( 'NONE',  ( 6.928174593052061070, 5.266964286953074392, -7.778174593051986108 ) ) ;
#503 = CARTESIAN_POINT ( 'NONE',  ( 1.152188841818234133E-13, 2.500000000000000000, -10.99999999999999822 ) ) ;
#504 = B_SPLINE_CURVE_WITH_KNOTS ( 'NONE', 3,
 ( #7913, #3457, #1523, #287, #1600, #6091, #3567, #6015, #6719, #6679, #7992, #2743, #5305, #324, #882, #6760, #2857, #7952, #4789, #7351, #2202, #7876, #2816, #4081, #247, #6641, #4160, #960, #5458, #6133, #5379, #8029, #2275, #4827, #7233, #1482, #1645, #4753, #4042, #6607, #1561, #3418, #5978, #207, #2781, #5343, #4413, #1180, #1084, #7614, #1134, #6932, #7526, #3742, #5636, #6174, #1043, #4239, #6803, #408, #3695, #3786, #8116, #5003, #4370, #3608, #4329, #5044, #2360, #1770, #8071, #2317 ),
 .UNSPECIFIED., .F., .F.,
 ( 4, 2, 2, 1, 1, 1, 1, 2, 2, 2, 2, 1, 1, 2, 2, 1, 2, 2, 2, 2, 2, 2, 2, 1, 2, 2, 2, 2, 2, 2, 1, 1, 1, 1, 2, 2, 2, 2, 2, 1, 1, 2, 4 ),
 ( 0.000000000000000000, 0.06250052921452117771, 0.09375079382178184983, 0.1093759261254119708, 0.1171884922772268717, 0.1210947753531341209, 0.1230479168910875581, 0.1240244876600642976, 0.1250010584290410232, 0.1406261907326743776, 0.1484387568844911798, 0.1523450399603995808, 0.1542981814983537259, 0.1552747522673307845, 0.1562513230363078431, 0.1718764553399368122, 0.1796890214917510609, 0.1875015876435653095, 0.2187518522508214158, 0.2343769845544494967, 0.2500021168580774944, 0.2812523814653348775, 0.2968775137689630417, 0.3046900799207767907, 0.3085963629966836930, 0.3125026460725904842, 0.3437529106798468126, 0.3593780429834749213, 0.3750031752871030299, 0.4062534398943592473, 0.4218785721979876335, 0.4296911383498013826, 0.4335974214257085069, 0.4355505629636620690, 0.4365271337326390722, 0.4375037045016160198, 0.4687539691088652427, 0.4843791014124896877, 0.4921916675643018824, 0.4960979506402080630, 0.4980510921781612921, 0.4990276629471377401, 0.5000042337161141326 ),
 .UNSPECIFIED. ) ;
#505 = EDGE_LOOP ( 'NONE', ( #2502, #4029, #6971, #6398 ) ) ;
#506 = CARTESIAN_POINT ( 'NONE',  ( -8.516057737086649482, 4.662292042363228362, -8.203899609985498387 ) ) ;
#507 = CARTESIAN_POINT ( 'NONE',  ( -8.873677329212725340, 3.651116072047965844, -7.778174593052033181 ) ) ;
#508 = DIRECTION ( 'NONE',  ( 0.000000000000000000, 1.000000000000000000, 0.000000000000000000 ) ) ;
#509 = CARTESIAN_POINT ( 'NONE',  ( 7.700737037076146763, 2.892601240460726864, 6.841387729217744962 ) ) ;
#510 = CARTESIAN_POINT ( 'NONE',  ( 8.192503540720000643, 4.396248658746381821, 8.521228328906886418 ) ) ;
#511 = CARTESIAN_POINT ( 'NONE',  ( -8.604096236035500667, 3.356382345540255940, -7.569840399856103019 ) ) ;
#512 = CARTESIAN_POINT ( 'NONE',  ( -8.325925961132364606, 3.273139881571778709, -6.829441393621498158 ) ) ;
#513 = DIRECTION ( 'NONE',  ( 0.000000000000000000, 1.000000000000000000, 0.000000000000000000 ) ) ;
#514 = EDGE_LOOP ( 'NONE', ( #4311, #7021, #5087, #994 ) ) ;
#515 = EDGE_CURVE ( 'NONE', #868, #2732, #4002, .T. ) ;
#516 = CARTESIAN_POINT ( 'NONE',  ( 8.628174593051957331, 4.095238096476883527, 8.268922321863270142 ) ) ;
#517 = DIRECTION ( 'NONE',  ( 0.000000000000000000, 0.000000000000000000, 1.000000000000000000 ) ) ;
#518 = CARTESIAN_POINT ( 'NONE',  ( -7.073126102289158723, 4.062655798398569829, -8.252947996615434434 ) ) ;
#519 = CARTESIAN_POINT ( 'NONE',  ( -7.778174593052010977, 3.906250000000000000, -6.796679135429670282 ) ) ;
#520 = CARTESIAN_POINT ( 'NONE',  ( 7.700741279712841170, 5.827041996481037600, 8.714963906373871083 ) ) ;
#521 = CARTESIAN_POINT ( 'NONE',  ( 8.628174593052060359, 3.981845238095238493, -7.287426864240805102 ) ) ;
#522 = CARTESIAN_POINT ( 'NONE',  ( -8.628174593052007069, 3.944047620286407874, 8.268922321863222180 ) ) ;
#523 = ADVANCED_FACE ( 'NONE', ( #2865 ), #4798, .F. ) ;
#524 = VERTEX_POINT ( 'NONE', #4723 ) ;
#525 = VERTEX_POINT ( 'NONE', #1455 ) ;
#526 = CARTESIAN_POINT ( 'NONE',  ( 6.682671856891347240, 4.539360119667013471, -7.145685793431626465 ) ) ;
#527 = CARTESIAN_POINT ( 'NONE',  ( 7.778174593052059826, 5.805580357762250898, -9.043152192292705394 ) ) ;
#528 = EDGE_CURVE ( 'NONE', #4542, #3781, #101, .T. ) ;
#529 = FACE_OUTER_BOUND ( 'NONE', #4622, .T. ) ;
#530 = CARTESIAN_POINT ( 'NONE',  ( 0.000000000000000000, 5.200000000000000178, 0.000000000000000000 ) ) ;
#531 = ORIENTED_EDGE ( 'NONE', *, *, #4973, .F. ) ;
#532 = CARTESIAN_POINT ( 'NONE',  ( 0.000000000000000000, 5.200000000000000178, -4.500000000000000000 ) ) ;
#533 = CARTESIAN_POINT ( 'NONE',  ( -6.928174593051618757, 4.548809525048538305, -7.287426864240625690 ) ) ;
#534 = VECTOR ( 'NONE', #883, 1000.000000000000000 ) ;
#535 = VERTEX_POINT ( 'NONE', #7962 ) ;
#536 = EDGE_LOOP ( 'NONE', ( #7874, #2001, #1259, #5116 ) ) ;
#537 = CARTESIAN_POINT ( 'NONE',  ( -8.432956696127513752, 3.843324947076679710, -7.235827353229792536 ) ) ;
#538 = CARTESIAN_POINT ( 'NONE',  ( 8.529228045750434362, 4.700000000000002842, -8.396373141927954364 ) ) ;
#539 = CARTESIAN_POINT ( 'NONE',  ( -6.682671856891298390, 5.144122024428918749, -7.145685793431673538 ) ) ;
#540 = CARTESIAN_POINT ( 'NONE',  ( 6.928174593052061070, 3.414880953619740644, -8.268922321863167113 ) ) ;
#541 = CARTESIAN_POINT ( 'NONE',  ( 6.682671856891243323, 5.446502976809870056, 8.410663392672448779 ) ) ;
#542 = CARTESIAN_POINT ( 'NONE',  ( 7.363832564060055041, 4.169464116596418357, 7.035128181129235436 ) ) ;
#543 = CARTESIAN_POINT ( 'NONE',  ( 7.443538236080754267, 3.255601757936161800, 6.996815903676128379 ) ) ;
#544 =( NAMED_UNIT ( * ) SI_UNIT ( $, .STERADIAN. ) SOLID_ANGLE_UNIT ( ) );
#545 = CYLINDRICAL_SURFACE ( 'NONE', #3711, 0.8500000000000000888 ) ;
#546 = CIRCLE ( 'NONE', #7006, 4.500000000000000888 ) ;
#547 = CARTESIAN_POINT ( 'NONE',  ( 8.542855396022495995, 3.533358755915979366, 8.153643164678546995 ) ) ;
#548 = VECTOR ( 'NONE', #1394, 1000.000000000000000 ) ;
#549 = CARTESIAN_POINT ( 'NONE',  ( 8.162705376158644555, 3.000920785876321162, -8.803972975668694190 ) ) ;
#550 = ORIENTED_EDGE ( 'NONE', *, *, #2284, .F. ) ;
#551 = CARTESIAN_POINT ( 'NONE',  ( -7.230423224971650242, 3.292038691095585001, 8.726907792482577975 ) ) ;
#552 = AXIS2_PLACEMENT_3D ( 'NONE', #2455, #1190, #3843 ) ;
#553 = FACE_OUTER_BOUND ( 'NONE', #7172, .T. ) ;
#554 = CARTESIAN_POINT ( 'NONE',  ( 7.778174593052059826, 4.700000000000000178, -7.778174593051986108 ) ) ;
#555 = EDGE_CURVE ( 'NONE', #8066, #7231, #1850, .T. ) ;
#556 = CARTESIAN_POINT ( 'NONE',  ( 6.928174593051956265, 4.322023810762598117, 7.287426864240906355 ) ) ;
#557 = CARTESIAN_POINT ( 'NONE',  ( 7.778174593052059826, 3.934598214905108637, -9.043152192292705394 ) ) ;
#558 = CARTESIAN_POINT ( 'NONE',  ( -8.516053864013965580, 3.301577079702860740, -8.203906258965098175 ) ) ;
#559 = CARTESIAN_POINT ( 'NONE',  ( -8.873677329212720011, 3.651116072047968508, -7.778174593052033181 ) ) ;
#560 = CARTESIAN_POINT ( 'NONE',  ( -8.873677329212721787, 5.049627976809870411, 8.410663392672399041 ) ) ;
#561 = ORIENTED_EDGE ( 'NONE', *, *, #2552, .F. ) ;
#562 = CARTESIAN_POINT ( 'NONE',  ( -7.075585790428127630, 3.609474034682921939, -8.256586676694313454 ) ) ;
#563 = VECTOR ( 'NONE', #3359, 1000.000000000000000 ) ;
#564 = CARTESIAN_POINT ( 'NONE',  ( -7.778174593052010977, 3.679464285714285854, -8.759670050674396080 ) ) ;
#565 = AXIS2_PLACEMENT_3D ( 'NONE', #1196, #513, #2548 ) ;
#566 = CARTESIAN_POINT ( 'NONE',  ( 8.873677329212670273, 4.236979167286061276, 8.410663392672448779 ) ) ;
#567 = CARTESIAN_POINT ( 'NONE',  ( 7.778174593051957686, 3.310937500619394847, 9.043152192292808422 ) ) ;
#568 = AXIS2_PLACEMENT_3D ( 'NONE', #4681, #7200, #1453 ) ;
#569 = CARTESIAN_POINT ( 'NONE',  ( -8.628174593052007069, 3.868452382191168937, 7.287426864240856617 ) ) ;
#570 = ORIENTED_EDGE ( 'NONE', *, *, #171, .F. ) ;
#571 = ORIENTED_EDGE ( 'NONE', *, *, #843, .T. ) ;
#572 = CARTESIAN_POINT ( 'NONE',  ( -6.968223281289331439, 4.495390036144401691, 7.512892975376311178 ) ) ;
#573 = LINE ( 'NONE', #3239, #486 ) ;
#574 = CARTESIAN_POINT ( 'NONE',  ( -8.227553970749372780, 4.172703884275535735, 7.056164378657417302 ) ) ;
#575 = CARTESIAN_POINT ( 'NONE',  ( 7.104536355328487041, 4.652298272055117145, -8.297322795158123654 ) ) ;
#576 = ORIENTED_EDGE ( 'NONE', *, *, #5187, .F. ) ;
#577 = CARTESIAN_POINT ( 'NONE',  ( 6.705901038439506578, 3.236945193719066527, 8.424074766892388766 ) ) ;
#578 = CARTESIAN_POINT ( 'NONE',  ( 8.628174593052339247, 4.586607144096150890, 7.778174593052089136 ) ) ;
#579 = EDGE_LOOP ( 'NONE', ( #7156, #5748, #2427, #3563 ) ) ;
#580 = ORIENTED_EDGE ( 'NONE', *, *, #5466, .T. ) ;
#581 = CARTESIAN_POINT ( 'NONE',  ( -8.628174831681675983, 3.794577286394886784, -7.755841818458856451 ) ) ;
#582 = CARTESIAN_POINT ( 'NONE',  ( -6.682671856891297502, 4.236979167286061276, -7.145685793431673538 ) ) ;
#583 = CARTESIAN_POINT ( 'NONE',  ( -8.627157786779303450, 4.250242545007031580, -7.729246598766075671 ) ) ;
#584 = CARTESIAN_POINT ( 'NONE',  ( -8.873677329212721787, 3.556622024428918838, 7.145685793431678867 ) ) ;
#585 = CARTESIAN_POINT ( 'NONE',  ( 8.873677329212670273, 5.673288691095585534, 7.145685793431730382 ) ) ;
#586 = CARTESIAN_POINT ( 'NONE',  ( 6.985842028837191187, 4.220152646382091532, 7.470320717079606432 ) ) ;
#587 = CARTESIAN_POINT ( 'NONE',  ( 7.500060695973147951, 3.250716369361164482, 6.972997566716253814 ) ) ;
#588 = CARTESIAN_POINT ( 'NONE',  ( -6.726088602651405068, 4.700000000000002842, 7.803650463552410876 ) ) ;
#589 = CARTESIAN_POINT ( 'NONE',  ( -6.682671856891293061, 3.783407738714632984, 8.410663392672399041 ) ) ;
#590 = CARTESIAN_POINT ( 'NONE',  ( 8.570504870690024646, 3.539794948720319745, 8.086034358654677234 ) ) ;
#591 = CARTESIAN_POINT ( 'NONE',  ( -7.778197072705590465, 3.452676572189584014, 8.628174592754783490 ) ) ;
#592 = ORIENTED_EDGE ( 'NONE', *, *, #3889, .F. ) ;
#593 = CARTESIAN_POINT ( 'NONE',  ( 7.778174593051958574, 4.586607142857143771, 6.928174593052088603 ) ) ;
#594 = DIRECTION ( 'NONE',  ( 0.000000000000000000, 0.000000000000000000, 1.000000000000000000 ) ) ;
#595 = CARTESIAN_POINT ( 'NONE',  ( 6.929191399321712019, 3.796671116430078374, 7.827102587277621204 ) ) ;
#596 = CARTESIAN_POINT ( 'NONE',  ( 8.522020170848184861, 4.056189385672410275, -8.191224883606771812 ) ) ;
#597 = CARTESIAN_POINT ( 'NONE',  ( 8.325925961132417896, 3.292038691095585001, -6.829441393621446643 ) ) ;
#598 = CARTESIAN_POINT ( 'NONE',  ( 6.682671856891347240, 4.010193453000346686, -8.410663392672343974 ) ) ;
#599 = CARTESIAN_POINT ( 'NONE',  ( -7.613549662928094541, 3.467318975106619572, -6.943414173547772350 ) ) ;
#600 = CARTESIAN_POINT ( 'NONE',  ( 6.946196683632449798, 4.232026941411343834, -7.954456227709301608 ) ) ;
#601 = ADVANCED_FACE ( 'NONE', ( #3428 ), #4761, .T. ) ;
#602 = CARTESIAN_POINT ( 'NONE',  ( -7.288081851312459669, 3.050332904574982518, 6.791944174294445524 ) ) ;
#603 = VERTEX_POINT ( 'NONE', #6650 ) ;
#604 = CARTESIAN_POINT ( 'NONE',  ( -7.087600249757817217, 3.520866773882689760, -7.281777150410042587 ) ) ;
#605 = CARTESIAN_POINT ( 'NONE',  ( -8.381277519508580909, 3.396447380572609198, 8.377184346420371241 ) ) ;
#606 = CARTESIAN_POINT ( 'NONE',  ( -7.230423224971655571, 3.499925595857490190, -8.726907792482570869 ) ) ;
#607 = EDGE_CURVE ( 'NONE', #390, #6117, #4133, .T. ) ;
#608 = CARTESIAN_POINT ( 'NONE',  ( 6.682671856891243323, 4.010193453000346686, 7.145685793431728605 ) ) ;
#609 = CARTESIAN_POINT ( 'NONE',  ( 7.230423224971703533, 3.121949405381299503, -8.726907792482524684 ) ) ;
#610 = ORIENTED_EDGE ( 'NONE', *, *, #3584, .F. ) ;
#611 = DIRECTION ( 'NONE',  ( -0.000000000000000000, -1.000000000000000000, -0.000000000000000000 ) ) ;
#612 = ORIENTED_EDGE ( 'NONE', *, *, #6580, .T. ) ;
#613 = EDGE_LOOP ( 'NONE', ( #3286, #5498, #5675, #1837 ) ) ;
#614 = CARTESIAN_POINT ( 'NONE',  ( -7.260909522481620471, 4.406111603735434201, 8.454857122944119396 ) ) ;
#615 = CARTESIAN_POINT ( 'NONE',  ( 7.230423224971705309, 4.482663691095587488, -8.726907792482521131 ) ) ;
#616 = CARTESIAN_POINT ( 'NONE',  ( -8.628174115647150089, 4.242986186121557424, 7.733481802246200409 ) ) ;
#617 = CARTESIAN_POINT ( 'NONE',  ( 7.084101871764797664, 3.837588335454733990, -7.287436323302662444 ) ) ;
#618 = ORIENTED_EDGE ( 'NONE', *, *, #224, .T. ) ;
#619 = CARTESIAN_POINT ( 'NONE',  ( 6.928174593051957153, 4.700000000000000178, 7.778174593052089136 ) ) ;
#620 = CARTESIAN_POINT ( 'NONE',  ( 0.000000000000000000, 4.700000000000000178, 0.000000000000000000 ) ) ;
#621 = CARTESIAN_POINT ( 'NONE',  ( -7.353174593051816643, 4.511011906000919502, -7.042052999834921501 ) ) ;
#622 = EDGE_LOOP ( 'NONE', ( #7088, #4814, #2355, #4942 ) ) ;
#623 = ORIENTED_EDGE ( 'NONE', *, *, #5337, .T. ) ;
#624 = CARTESIAN_POINT ( 'NONE',  ( -7.999388531411006475, 3.886850002880751997, -6.950043820730774868 ) ) ;
#625 = AXIS2_PLACEMENT_3D ( 'NONE', #5902, #4001, #2081 ) ;
#626 = CARTESIAN_POINT ( 'NONE',  ( -7.230423224971655571, 3.896800595857489835, -8.726907792482570869 ) ) ;
#627 = CARTESIAN_POINT ( 'NONE',  ( -8.570507157265545572, 4.220152646381815309, -8.086028469027654708 ) ) ;
#628 = CARTESIAN_POINT ( 'NONE',  ( -7.778174593052006536, 3.254241072047965311, 9.043152192292758684 ) ) ;
#629 = CARTESIAN_POINT ( 'NONE',  ( -7.778174593052010977, 5.125223214905109792, -6.513196993811314783 ) ) ;
#630 = CIRCLE ( 'NONE', #3187, 1.999999999999999556 ) ;
#631 = CARTESIAN_POINT ( 'NONE',  ( 6.928175070456814133, 4.242986186110869973, 7.733481802117965209 ) ) ;
#632 = CARTESIAN_POINT ( 'NONE',  ( -7.778174593052010977, 4.019642858381645922, -6.796679135429670282 ) ) ;
#633 = CARTESIAN_POINT ( 'NONE',  ( -6.682671856891293061, 5.635491072047965844, 7.778174593052038510 ) ) ;
#634 = AXIS2_PLACEMENT_3D ( 'NONE', #444, #4948, #8151 ) ;
#635 = CARTESIAN_POINT ( 'NONE',  ( 7.778174593052059826, 4.700000000000000178, -7.778174593051986108 ) ) ;
#636 = CARTESIAN_POINT ( 'NONE',  ( 8.415722017638042729, 3.513371110006189291, 8.341057019568825837 ) ) ;
#637 = CARTESIAN_POINT ( 'NONE',  ( 6.928174593052061070, 3.868452382191169381, -8.268922321863168889 ) ) ;
#638 = ORIENTED_EDGE ( 'NONE', *, *, #7862, .T. ) ;
#639 = CARTESIAN_POINT ( 'NONE',  ( -8.873677329212721787, 3.556622024428918838, 7.145685793431678867 ) ) ;
#640 = CARTESIAN_POINT ( 'NONE',  ( -8.325925961132368158, 4.123586310143203981, -6.829441393621494605 ) ) ;
#641 = CIRCLE ( 'NONE', #4540, 7.000000000000000000 ) ;
#642 = CARTESIAN_POINT ( 'NONE',  ( 7.328795215354074521, 3.719132455704808216, 7.056164378657787672 ) ) ;
#643 = EDGE_CURVE ( 'NONE', #5182, #1384, #7267, .T. ) ;
#644 = DIRECTION ( 'NONE',  ( 0.000000000000000000, 0.000000000000000000, 1.000000000000000000 ) ) ;
#645 = CARTESIAN_POINT ( 'NONE',  ( 8.873677329212773301, 3.859002976809870589, -8.410663392672345751 ) ) ;
#646 = CARTESIAN_POINT ( 'NONE',  ( 8.873677329212773301, 4.274776786333680967, -7.778174593051986108 ) ) ;
#647 = CARTESIAN_POINT ( 'NONE',  ( 0.000000000000000000, 5.200000000000000178, 0.000000000000000000 ) ) ;
#648 = CARTESIAN_POINT ( 'NONE',  ( 7.218548164252646338, 4.183933757079131510, -8.420265364941860398 ) ) ;
#649 = CARTESIAN_POINT ( 'NONE',  ( -7.778174593052006536, 3.310937500619394847, 9.043152192292756908 ) ) ;
#650 = ORIENTED_EDGE ( 'NONE', *, *, #7792, .F. ) ;
#651 = EDGE_CURVE ( 'NONE', #6961, #5340, #3575, .T. ) ;
#652 = CARTESIAN_POINT ( 'NONE',  ( 8.628174593051957331, 4.133035715524502329, 7.778174593052089136 ) ) ;
#653 = CARTESIAN_POINT ( 'NONE',  ( -8.112810950023217060, 3.255601757936163576, 6.996815903676081305 ) ) ;
#654 = CARTESIAN_POINT ( 'NONE',  ( -8.873677329212725340, 4.520461310143204514, -8.410663392672393712 ) ) ;
#655 = CARTESIAN_POINT ( 'NONE',  ( 7.778174593051956798, 3.339285715524502596, 6.928174593052087715 ) ) ;
#656 = CARTESIAN_POINT ( 'NONE',  ( 7.778164144709860395, 4.019641929152755644, 8.628174592987873481 ) ) ;
#657 = ORIENTED_EDGE ( 'NONE', *, *, #4249, .F. ) ;
#658 = DIRECTION ( 'NONE',  ( 0.000000000000000000, 0.000000000000000000, 1.000000000000000000 ) ) ;
#659 = ORIENTED_EDGE ( 'NONE', *, *, #231, .F. ) ;
#660 = EDGE_LOOP ( 'NONE', ( #1829, #2872, #5806, #1910 ) ) ;
#661 = CARTESIAN_POINT ( 'NONE',  ( -7.721373419767497026, 4.364868279335964552, 8.626341472169190894 ) ) ;
#662 = CARTESIAN_POINT ( 'NONE',  ( 0.000000000000000000, 4.700000000000000178, -6.500000000000000888 ) ) ;
#663 = CARTESIAN_POINT ( 'NONE',  ( -8.627157786780234261, 4.250242545004743633, 7.827102587318879756 ) ) ;
#664 = DIRECTION ( 'NONE',  ( 0.000000000000000000, 1.000000000000000000, 0.000000000000000000 ) ) ;
#665 = VERTEX_POINT ( 'NONE', #1094 ) ;
#666 = DIRECTION ( 'NONE',  ( 0.000000000000000000, 0.000000000000000000, 1.000000000000000000 ) ) ;
#667 = CARTESIAN_POINT ( 'NONE',  ( -6.929191433757209140, 4.023456897270818899, 7.729245754590084339 ) ) ;
#668 = CARTESIAN_POINT ( 'NONE',  ( -6.928174593051618757, 4.624404763143777686, -8.268922321863442448 ) ) ;
#669 = EDGE_CURVE ( 'NONE', #3019, #5670, #8252, .T. ) ;
#670 = EDGE_LOOP ( 'NONE', ( #7096, #4224, #4421, #2594 ) ) ;
#671 = VERTEX_POINT ( 'NONE', #6144 ) ;
#672 = CARTESIAN_POINT ( 'NONE',  ( 8.367824203203779732, 3.624722670348561770, -8.390411679264992983 ) ) ;
#673 = CARTESIAN_POINT ( 'NONE',  ( -8.325925961132368158, 4.123586310143203981, -6.829441393621494605 ) ) ;
#674 = CARTESIAN_POINT ( 'NONE',  ( -8.415728998033594976, 4.193729183757407775, -8.341049088972484427 ) ) ;
#675 = CARTESIAN_POINT ( 'NONE',  ( 8.188988110136149245, 4.700000000000000178, 8.793732813498621681 ) ) ;
#676 = CARTESIAN_POINT ( 'NONE',  ( -7.778174593052010977, 5.805580357762250898, -9.043152192292751579 ) ) ;
#677 = CARTESIAN_POINT ( 'NONE',  ( -1.999999999999884315, 4.700000000000000178, -11.00000000000000888 ) ) ;
#678 = CARTESIAN_POINT ( 'NONE',  ( -7.230423224971655571, 3.443229167286061543, -8.726907792482570869 ) ) ;
#679 = CARTESIAN_POINT ( 'NONE',  ( -8.873677329212721787, 4.992931548238441763, 8.410663392672399041 ) ) ;
#680 = CARTESIAN_POINT ( 'NONE',  ( 7.353174593051863717, 4.435416667905681898, -7.042052999834871763 ) ) ;
#681 = CARTESIAN_POINT ( 'NONE',  ( 8.192503540720212030, 3.489105801603467505, 8.521228328906769178 ) ) ;
#682 = CARTESIAN_POINT ( 'NONE',  ( 8.628174593052060359, 4.170833334572121132, -8.268922321863168889 ) ) ;
#683 = EDGE_LOOP ( 'NONE', ( #204, #6666 ) ) ;
#684 = CARTESIAN_POINT ( 'NONE',  ( 7.353174593052060892, 5.077976190476190865, -8.514296186268758504 ) ) ;
#685 = CYLINDRICAL_SURFACE ( 'NONE', #5884, 7.000000000000000000 ) ;
#686 = CARTESIAN_POINT ( 'NONE',  ( -7.446683113930378184, 3.935704888729356643, -6.995476508067788757 ) ) ;
#687 = AXIS2_PLACEMENT_3D ( 'NONE', #3931, #6494, #734 ) ;
#688 = CARTESIAN_POINT ( 'NONE',  ( -7.778174593052006536, 5.720535714285714057, 8.759670050674403186 ) ) ;
#689 = AXIS2_PLACEMENT_3D ( 'NONE', #1087, #3113, #8162 ) ;
#690 = CARTESIAN_POINT ( 'NONE',  ( 7.778152113398105527, 4.359819429332417506, 8.628174592754833228 ) ) ;
#691 = VERTEX_POINT ( 'NONE', #5643 ) ;
#692 = CARTESIAN_POINT ( 'NONE',  ( 7.778174593052059826, 4.700000000000000178, -6.928174593051986463 ) ) ;
#693 = CARTESIAN_POINT ( 'NONE',  ( 8.873677329212773301, 4.312574405381298881, -8.410663392672343974 ) ) ;
#694 = DIRECTION ( 'NONE',  ( 0.000000000000000000, 1.000000000000000000, 0.000000000000000000 ) ) ;
#695 = CARTESIAN_POINT ( 'NONE',  ( 7.184800379065711340, 4.304669193177111275, -7.169561391153319363 ) ) ;
#696 = B_SPLINE_CURVE_WITH_KNOTS ( 'NONE', 3,
 ( #6338, #1985, #1804, #5760, #3293, #3150, #5037, #33, #7740, #4539, #1215, #2568, #3870, #4406, #7103, #1262, #1350, #5714, #5850, #5127, #2521, #5084, #6969, #3911, #72, #2649, #7653, #6430, #4363, #1893, #3735 ),
 .UNSPECIFIED., .F., .F.,
 ( 4, 2, 2, 1, 2, 2, 2, 2, 2, 2, 1, 1, 1, 1, 2, 2, 2, 4 ),
 ( 0.000000000000000000, 0.1250000000000117406, 0.1875000000000177081, 0.2187500000000208167, 0.2343750000000224543, 0.2500000000000240918, 0.3750000000000317524, 0.4375000000000352496, 0.5000000000000387468, 0.6250000000000484057, 0.6875000000000545120, 0.7187500000000566214, 0.7343750000000577316, 0.7421875000000583977, 0.7460937500000587308, 0.7500000000000590639, 0.8750000000000295319, 1.000000000000000000 ),
 .UNSPECIFIED. ) ;
#697 = AXIS2_PLACEMENT_3D ( 'NONE', #362, #7568, #5590 ) ;
#698 = CARTESIAN_POINT ( 'NONE',  ( -7.230423224971650242, 4.255877976809871122, 8.726907792482577975 ) ) ;
#699 = ORIENTED_EDGE ( 'NONE', *, *, #1650, .T. ) ;
#700 = CARTESIAN_POINT ( 'NONE',  ( -6.933725504110991977, 3.574044987627539527, -7.878534805217269010 ) ) ;
#701 = CARTESIAN_POINT ( 'NONE',  ( -8.624682955383695671, 3.331812885600036633, 7.683446464065792902 ) ) ;
#702 = DIRECTION ( 'NONE',  ( 0.000000000000000000, 1.000000000000000000, 0.000000000000000000 ) ) ;
#703 = CARTESIAN_POINT ( 'NONE',  ( 7.778174593052059826, 4.700000000000000178, -7.778174593051986108 ) ) ;
#704 = CARTESIAN_POINT ( 'NONE',  ( 7.230423224971704421, 3.273139881571775600, -6.829441393621446643 ) ) ;
#705 = AXIS2_PLACEMENT_3D ( 'NONE', #7924, #6543, #4686 ) ;
#706 = EDGE_LOOP ( 'NONE', ( #1766, #5118, #63, #6972 ) ) ;
#707 = DIRECTION ( 'NONE',  ( 0.000000000000000000, 0.000000000000000000, 1.000000000000000000 ) ) ;
#708 = EDGE_LOOP ( 'NONE', ( #6887, #5795, #1253, #6605 ) ) ;
#709 = CARTESIAN_POINT ( 'NONE',  ( -6.965067280189545684, 4.452449470694824996, 8.026338335024156834 ) ) ;
#710 = CARTESIAN_POINT ( 'NONE',  ( 6.682671856891347240, 5.824479167286061632, -8.410663392672345751 ) ) ;
#711 = CARTESIAN_POINT ( 'NONE',  ( 8.203174593052255048, 4.511011906000918614, -7.042052999834873539 ) ) ;
#712 = CARTESIAN_POINT ( 'NONE',  ( 7.034325412915308995, 3.829403008999440416, -7.365130848023685672 ) ) ;
#713 = ORIENTED_EDGE ( 'NONE', *, *, #1370, .F. ) ;
#714 = CARTESIAN_POINT ( 'NONE',  ( 11.00000000000001243, 4.700000000000000178, 1.999999999999770628 ) ) ;
#715 = VECTOR ( 'NONE', #3933, 1000.000000000000000 ) ;
#716 = CARTESIAN_POINT ( 'NONE',  ( 8.203174593052148467, 4.511011906000913285, 8.514296186269193711 ) ) ;
#717 = ADVANCED_FACE ( 'NONE', ( #7535 ), #6308, .F. ) ;
#718 = ORIENTED_EDGE ( 'NONE', *, *, #5479, .T. ) ;
#719 = ORIENTED_EDGE ( 'NONE', *, *, #7320, .T. ) ;
#720 = CARTESIAN_POINT ( 'NONE',  ( 8.460577636980584515, 3.612575574581233351, -8.285170187459089064 ) ) ;
#721 = CARTESIAN_POINT ( 'NONE',  ( -6.682671856891297502, 3.783407738714632984, -7.145685793431673538 ) ) ;
#722 = CARTESIAN_POINT ( 'NONE',  ( -7.855607906391126605, 5.827041996481037600, -6.841385279730253011 ) ) ;
#723 = CARTESIAN_POINT ( 'NONE',  ( -8.325925961132364606, 3.216443453000346953, 8.726907792482577975 ) ) ;
#724 = CARTESIAN_POINT ( 'NONE',  ( -8.873677329212725340, 4.992931548238441763, -7.145685793431673538 ) ) ;
#725 = CARTESIAN_POINT ( 'NONE',  ( -8.873677329212725340, 3.632217262524156443, -7.145685793431673538 ) ) ;
#726 = VECTOR ( 'NONE', #2609, 1000.000000000000000 ) ;
#727 = CARTESIAN_POINT ( 'NONE',  ( -7.353174593052007602, 4.964583334572121309, 8.514296186268811795 ) ) ;
#728 = CARTESIAN_POINT ( 'NONE',  ( 7.778174593052059826, 4.700000000000000178, -7.778174593051986108 ) ) ;
#729 = CARTESIAN_POINT ( 'NONE',  ( 8.371540675303691614, 3.624312947553280928, 7.169553463051104636 ) ) ;
#730 = CARTESIAN_POINT ( 'NONE',  ( 6.928174593052061070, 2.999107144095931154, -7.778174593051986108 ) ) ;
#731 = VERTEX_POINT ( 'NONE', #6811 ) ;
#732 = CARTESIAN_POINT ( 'NONE',  ( -8.090391380143277189, 4.614513389626009321, -8.568951119736558653 ) ) ;
#733 = CARTESIAN_POINT ( 'NONE',  ( -7.230423224971655571, 3.896800595857489835, -8.726907792482570869 ) ) ;
#734 = DIRECTION ( 'NONE',  ( 0.000000000000000000, 0.000000000000000000, -1.000000000000000000 ) ) ;
#735 = CARTESIAN_POINT ( 'NONE',  ( -6.928174593052006891, 5.380357142857143060, 7.778174593052038510 ) ) ;
#736 = CARTESIAN_POINT ( 'NONE',  ( 6.928174593051957153, 4.359821429810216920, 7.778174593052089136 ) ) ;
#737 = CARTESIAN_POINT ( 'NONE',  ( 8.873677329212773301, 3.367633929190823494, -7.778174593051986108 ) ) ;
#738 = CARTESIAN_POINT ( 'NONE',  ( 6.928174593052061070, 3.906250001238788627, -7.778174593051986108 ) ) ;
#739 = CARTESIAN_POINT ( 'NONE',  ( 6.929191399324770018, 4.250242545007029804, -7.729246598766071230 ) ) ;
#740 = CARTESIAN_POINT ( 'NONE',  ( -6.682671856891293061, 5.276413691095585001, 7.145685793431679755 ) ) ;
#741 = EDGE_LOOP ( 'NONE', ( #4267, #6330, #8241, #657 ) ) ;
#742 = CARTESIAN_POINT ( 'NONE',  ( -7.465967966679604828, 3.480583922511824024, -6.987393949927473535 ) ) ;
#743 = LINE ( 'NONE', #4525, #5598 ) ;
#744 = CARTESIAN_POINT ( 'NONE',  ( 0.000000000000000000, 6.000000000000000000, -4.500000000000000000 ) ) ;
#745 = CYLINDRICAL_SURFACE ( 'NONE', #2048, 0.8499999999999992006 ) ;
#746 = CARTESIAN_POINT ( 'NONE',  ( 6.682671856891347240, 4.558258929190823316, -7.778174593051986108 ) ) ;
#747 = ORIENTED_EDGE ( 'NONE', *, *, #4500, .T. ) ;
#748 = CARTESIAN_POINT ( 'NONE',  ( -6.682671856891298390, 5.654389881571775689, -7.145685793431673538 ) ) ;
#749 = CARTESIAN_POINT ( 'NONE',  ( -6.985844315417997663, 4.446937805862387627, 8.086034358664958788 ) ) ;
#750 = CIRCLE ( 'NONE', #6776, 1.249999999999999334 ) ;
#751 = CARTESIAN_POINT ( 'NONE',  ( 8.873677329212773301, 5.181919643476537551, -7.778174593051986108 ) ) ;
#752 = CARTESIAN_POINT ( 'NONE',  ( -8.591283340734161555, 4.225664182833402727, 7.530015571997182633 ) ) ;
#753 = CARTESIAN_POINT ( 'NONE',  ( 8.457209413417867694, 4.699999999999999289, 8.685231956787895058 ) ) ;
#754 = DIRECTION ( 'NONE',  ( -0.000000000000000000, -1.000000000000000000, -0.000000000000000000 ) ) ;
#755 = ADVANCED_FACE ( 'NONE', ( #8168 ), #4836, .F. ) ;
#756 = ORIENTED_EDGE ( 'NONE', *, *, #5891, .F. ) ;
#757 = ORIENTED_EDGE ( 'NONE', *, *, #3829, .T. ) ;
#758 = CARTESIAN_POINT ( 'NONE',  ( 8.271037495353741775, 3.634815582266914369, -8.471248143874372971 ) ) ;
#759 = CARTESIAN_POINT ( 'NONE',  ( 7.353174593051956975, 4.775595238095238670, 8.514296186268863309 ) ) ;
#760 = CARTESIAN_POINT ( 'NONE',  ( -8.472247314340458857, 4.291159764025995749, -7.287436323304396169 ) ) ;
#761 = CARTESIAN_POINT ( 'NONE',  ( -7.230423224971650242, 3.292038691095585001, 8.726907792482577975 ) ) ;
#762 = CARTESIAN_POINT ( 'NONE',  ( -8.873677329212725340, 5.370907738714631563, -8.410663392672393712 ) ) ;
#763 = CARTESIAN_POINT ( 'NONE',  ( -8.873677329212725340, 3.594419643476537196, -7.778174593052033181 ) ) ;
#764 = CARTESIAN_POINT ( 'NONE',  ( -6.682671856891293061, 5.673288691095585534, 7.145685793431679755 ) ) ;
#765 = CARTESIAN_POINT ( 'NONE',  ( -8.203174593052008134, 3.830654763143550134, 7.042052999835266114 ) ) ;
#766 = ADVANCED_FACE ( 'NONE', ( #7400 ), #1578, .T. ) ;
#767 = DIRECTION ( 'NONE',  ( 0.000000000000000000, 1.000000000000000000, 0.000000000000000000 ) ) ;
#768 = CARTESIAN_POINT ( 'NONE',  ( -7.230423224971654683, 4.803943453000346864, -8.726907792482570869 ) ) ;
#769 = VERTEX_POINT ( 'NONE', #591 ) ;
#770 = CARTESIAN_POINT ( 'NONE',  ( 7.022809332273748595, 3.200000000000000622, -6.984732996118143689 ) ) ;
#771 = EDGE_CURVE ( 'NONE', #14, #1080, #2582, .T. ) ;
#772 = AXIS2_PLACEMENT_3D ( 'NONE', #6199, #7588, #517 ) ;
#773 = CARTESIAN_POINT ( 'NONE',  ( -6.682671856891298390, 3.783407738714632984, -7.145685793431673538 ) ) ;
#774 = CARTESIAN_POINT ( 'NONE',  ( -6.968223281315621520, 4.041818607577967626, -8.043456210791743999 ) ) ;
#775 = CARTESIAN_POINT ( 'NONE',  ( -7.778174593052006536, 5.040178571428571175, 6.796679135429674723 ) ) ;
#776 = CARTESIAN_POINT ( 'NONE',  ( -8.393816448674776609, 3.848514867286888297, 8.364931189397070810 ) ) ;
#777 = CARTESIAN_POINT ( 'NONE',  ( 8.425927430606533713E-14, 4.700000000000000178, 10.99999999999985434 ) ) ;
#778 = CYLINDRICAL_SURFACE ( 'NONE', #7590, 1.100000000000002087 ) ;
#779 = VECTOR ( 'NONE', #2297, 1000.000000000000000 ) ;
#780 = CARTESIAN_POINT ( 'NONE',  ( 7.087594937195450306, 4.201224720653089051, -8.274564617514688081 ) ) ;
#781 = ADVANCED_FACE ( 'NONE', ( #3165 ), #2133, .F. ) ;
#782 = CARTESIAN_POINT ( 'NONE',  ( -6.682671856891293061, 5.219717262524156354, 7.145685793431679755 ) ) ;
#783 = VECTOR ( 'NONE', #2614, 1000.000000000000000 ) ;
#784 = CARTESIAN_POINT ( 'NONE',  ( -8.150015875141482624, 3.258667135927377334, 7.013610571878870381 ) ) ;
#785 = CYLINDRICAL_SURFACE ( 'NONE', #948, 13.50000000000000000 ) ;
#786 = CARTESIAN_POINT ( 'NONE',  ( 8.610151822904086316, 4.458812371935025887, 7.954459522190912679 ) ) ;
#787 = CARTESIAN_POINT ( 'NONE',  ( 6.952595622212868420, 3.322427294467084735, -7.982708952172431260 ) ) ;
#788 = ORIENTED_EDGE ( 'NONE', *, *, #5115, .F. ) ;
#789 = CARTESIAN_POINT ( 'NONE',  ( -8.628174593052010621, 5.191369047619048160, -7.287426864240853064 ) ) ;
#790 = CARTESIAN_POINT ( 'NONE',  ( 6.682671856891243323, 4.104687500619395024, 7.778174593052089136 ) ) ;
#791 = LINE ( 'NONE', #2727, #7932 ) ;
#792 = CARTESIAN_POINT ( 'NONE',  ( 7.778174593051957686, 5.068526786333681144, 9.043152192292808422 ) ) ;
#793 = CARTESIAN_POINT ( 'NONE',  ( 7.022809332273642902, 3.200000000000000622, 8.571616189985928003 ) ) ;
#794 = EDGE_CURVE ( 'NONE', #359, #7836, #5072, .T. ) ;
#795 = ORIENTED_EDGE ( 'NONE', *, *, #6813, .T. ) ;
#796 = ORIENTED_EDGE ( 'NONE', *, *, #6445, .F. ) ;
#797 = EDGE_CURVE ( 'NONE', #4556, #6271, #38, .T. ) ;
#798 = CARTESIAN_POINT ( 'NONE',  ( 8.325925961132314868, 5.767782738714632984, 6.829441393621549672 ) ) ;
#799 = FILL_AREA_STYLE_COLOUR ( '', #8303 ) ;
#800 = CARTESIAN_POINT ( 'NONE',  ( 8.422011845984343381, 4.071590951535683622, 7.223041174892376404 ) ) ;
#801 = CARTESIAN_POINT ( 'NONE',  ( -8.873677329212725340, 5.446502976809870056, -7.145685793431673538 ) ) ;
#802 = CARTESIAN_POINT ( 'NONE',  ( -6.928174593052012220, 4.095238096476882639, -7.287426864240853064 ) ) ;
#803 = CARTESIAN_POINT ( 'NONE',  ( -6.928174593052006891, 4.586607144095930622, 7.778174593052038510 ) ) ;
#804 = CARTESIAN_POINT ( 'NONE',  ( -7.778174593052006536, 3.254241072047966199, 9.043152192292756908 ) ) ;
#805 = FACE_OUTER_BOUND ( 'NONE', #447, .T. ) ;
#806 = ORIENTED_EDGE ( 'NONE', *, *, #3325, .F. ) ;
#807 = CARTESIAN_POINT ( 'NONE',  ( -6.928174593052012220, 3.641666667905455235, -7.287426864240853064 ) ) ;
#808 = CARTESIAN_POINT ( 'NONE',  ( 8.572040082992614884, 3.200000000000001066, -7.474402336449376349 ) ) ;
#809 = CARTESIAN_POINT ( 'NONE',  ( -7.721373419795034110, 3.911296850762679078, -6.930007713933094671 ) ) ;
#810 = CARTESIAN_POINT ( 'NONE',  ( -6.928174593052006891, 4.926785714285713880, 7.778174593052038510 ) ) ;
#811 = CARTESIAN_POINT ( 'NONE',  ( -8.325925961132368158, 4.029092262524156531, -8.726907792482570869 ) ) ;
#812 = CARTESIAN_POINT ( 'NONE',  ( -8.558480866516545049, 3.821955332569566988, 8.115614329823277018 ) ) ;
#813 = FACE_OUTER_BOUND ( 'NONE', #5664, .T. ) ;
#814 = CARTESIAN_POINT ( 'NONE',  ( 8.325925961132416120, 4.652752976809870766, -6.829441393621446643 ) ) ;
#815 = DIRECTION ( 'NONE',  ( 0.000000000000000000, 0.000000000000000000, 1.000000000000000000 ) ) ;
#816 = CARTESIAN_POINT ( 'NONE',  ( -7.778174593052006536, 4.841741072047965666, 6.513196993811319224 ) ) ;
#817 = AXIS2_PLACEMENT_3D ( 'NONE', #2923, #2344, #436 ) ;
#818 = DIRECTION ( 'NONE',  ( 0.000000000000000000, 0.000000000000000000, -1.000000000000000000 ) ) ;
#819 = CARTESIAN_POINT ( 'NONE',  ( -8.867426195358110164, 3.200000000000000178, 7.738292624750013893 ) ) ;
#820 = CARTESIAN_POINT ( 'NONE',  ( 8.567091583649876441, 4.446122543146325157, 8.094655541907275875 ) ) ;
#821 = CARTESIAN_POINT ( 'NONE',  ( 7.013490880995681742, 3.306573633934559719, -8.153637095030708437 ) ) ;
#822 = AXIS2_PLACEMENT_3D ( 'NONE', #7383, #1553, #4113 ) ;
#823 = CARTESIAN_POINT ( 'NONE',  ( 7.778174593052066044, 3.225892857142856673, -8.628174593051985752 ) ) ;
#824 = CARTESIAN_POINT ( 'NONE',  ( -8.325925961132368158, 4.633854167286061809, -6.829441393621494605 ) ) ;
#825 = CARTESIAN_POINT ( 'NONE',  ( 8.873677329212670273, 4.312574405381298881, 7.145685793431728605 ) ) ;
#826 = AXIS2_PLACEMENT_3D ( 'NONE', #2017, #4569, #7130 ) ;
#827 = FILL_AREA_STYLE_COLOUR ( '', #2911 ) ;
#828 =( NAMED_UNIT ( * ) PLANE_ANGLE_UNIT ( ) SI_UNIT ( $, .RADIAN. ) );
#829 = CARTESIAN_POINT ( 'NONE',  ( 8.873677329212670273, 4.690550595857490457, 8.410663392672448779 ) ) ;
#830 = CARTESIAN_POINT ( 'NONE',  ( 8.873677329212670273, 4.293675595857489924, 8.410663392672448779 ) ) ;
#831 = PRESENTATION_LAYER_ASSIGNMENT (  '', '', ( #5815 ) ) ;
#832 = ORIENTED_EDGE ( 'NONE', *, *, #2952, .T. ) ;
#833 = ORIENTED_EDGE ( 'NONE', *, *, #5257, .F. ) ;
#834 = CARTESIAN_POINT ( 'NONE',  ( 7.778174593051957686, 5.947321428571428648, 6.796679135429724461 ) ) ;
#835 = CARTESIAN_POINT ( 'NONE',  ( -7.778174593052009200, 4.133035714285713702, -8.628174593052031938 ) ) ;
#836 = CARTESIAN_POINT ( 'NONE',  ( 8.451082475075850198, 4.067529189918697163, 7.258761456170301329 ) ) ;
#837 = CARTESIAN_POINT ( 'NONE',  ( -7.367361075967815864, 4.700000000000000178, 8.793732813498570167 ) ) ;
#838 = AXIS2_PLACEMENT_3D ( 'NONE', #7178, #2648, #1306 ) ;
#839 =( BOUNDED_CURVE ( )  B_SPLINE_CURVE ( 2, ( #1337, #7168, #5787 ),
 .UNSPECIFIED., .F., .F. ) 
 B_SPLINE_CURVE_WITH_KNOTS ( ( 3, 3 ),
 ( 0.000000000000000000, 0.0002967786126534327973 ),
 .UNSPECIFIED. ) 
 CURVE ( )  GEOMETRIC_REPRESENTATION_ITEM ( )  RATIONAL_B_SPLINE_CURVE ( ( 0.9330127018922194093, 0.9330127018922190762, 0.9621114480028412075 ) ) 
 REPRESENTATION_ITEM ( '' )  );
#840 = CARTESIAN_POINT ( 'NONE',  ( 0.000000000000000000, 1.500000000000000000, 0.000000000000000000 ) ) ;
#841 = CARTESIAN_POINT ( 'NONE',  ( 6.682671856891247764, 4.520461310143208067, 7.145685793431733046 ) ) ;
#842 = CARTESIAN_POINT ( 'NONE',  ( -8.203174593052008134, 4.284226191714978427, 7.042052999835266114 ) ) ;
#843 = EDGE_CURVE ( 'NONE', #603, #2121, #1112, .T. ) ;
#844 = DIRECTION ( 'NONE',  ( 0.000000000000000000, 1.000000000000000000, 0.000000000000000000 ) ) ;
#845 = VERTEX_POINT ( 'NONE', #235 ) ;
#846 = CARTESIAN_POINT ( 'NONE',  ( 6.688706059852056462, 3.200000000000000178, -7.595339401184451056 ) ) ;
#847 = CARTESIAN_POINT ( 'NONE',  ( 8.397837246430853497, 4.699999999999973532, 7.056970125028449559 ) ) ;
#848 = CARTESIAN_POINT ( 'NONE',  ( -6.682671856891293061, 4.785044643476537019, 7.778174593052038510 ) ) ;
#849 = CARTESIAN_POINT ( 'NONE',  ( 6.972019013110649865, 3.316513145291765330, 7.507893813072104017 ) ) ;
#850 = CARTESIAN_POINT ( 'NONE',  ( -8.304497449820919641, 3.858249295090473652, 8.446623506111123447 ) ) ;
#851 = PLANE ( 'NONE',  #6739 ) ;
#852 = EDGE_CURVE ( 'NONE', #4556, #14, #2913, .T. ) ;
#853 = CARTESIAN_POINT ( 'NONE',  ( 8.873677329212773301, 4.766145833952728950, -8.410663392672345751 ) ) ;
#854 = CARTESIAN_POINT ( 'NONE',  ( -8.325925961132368158, 4.633854167286061809, -6.829441393621494605 ) ) ;
#855 = CARTESIAN_POINT ( 'NONE',  ( -7.778174593052006536, 5.578794643476537196, 9.043152192292756908 ) ) ;
#856 = CARTESIAN_POINT ( 'NONE',  ( -7.180182473041939240, 4.530943685285004463, -8.382248763382211365 ) ) ;
#857 = CARTESIAN_POINT ( 'NONE',  ( 7.778174593051956798, 3.200000000000000178, 7.778174593052089136 ) ) ;
#858 = CARTESIAN_POINT ( 'NONE',  ( 8.367824203204001776, 4.531865527491377499, 7.165937506839391347 ) ) ;
#859 = CARTESIAN_POINT ( 'NONE',  ( 6.965065845367076847, 3.318521325691179413, -8.026333614097634239 ) ) ;
#860 = EDGE_CURVE ( 'NONE', #1931, #5182, #5838, .T. ) ;
#861 = CARTESIAN_POINT ( 'NONE',  ( 0.000000000000000000, 6.000000000000000000, -4.500000000000000000 ) ) ;
#862 = CARTESIAN_POINT ( 'NONE',  ( -7.855616308210994880, 6.167219819450147078, -6.841390130523217650 ) ) ;
#863 = EDGE_CURVE ( 'NONE', #4148, #6001, #1851, .T. ) ;
#864 = CARTESIAN_POINT ( 'NONE',  ( 8.873677329212670273, 3.840104167286061188, 8.410663392672448779 ) ) ;
#865 = SURFACE_SIDE_STYLE ('',( #7332 ) ) ;
#866 = CARTESIAN_POINT ( 'NONE',  ( 7.140620188070139207, 3.740157755186093169, -8.341049088972045666 ) ) ;
#867 = CARTESIAN_POINT ( 'NONE',  ( 7.778174593051957686, 4.444866072047966021, 6.513196993811369850 ) ) ;
#868 = VERTEX_POINT ( 'NONE', #2845 ) ;
#869 = ORIENTED_EDGE ( 'NONE', *, *, #2012, .T. ) ;
#870 = CARTESIAN_POINT ( 'NONE',  ( 8.873677329212670273, 4.747247024428918216, 8.410663392672448779 ) ) ;
#871 = CARTESIAN_POINT ( 'NONE',  ( 8.628174593051957331, 3.717261906000693283, 7.287426864240906355 ) ) ;
#872 = CARTESIAN_POINT ( 'NONE',  ( 7.778152113398282275, 3.906248000761004313, 8.628174592754833228 ) ) ;
#873 = CARTESIAN_POINT ( 'NONE',  ( -6.682671856891297502, 4.369270833952730193, 7.145685793431682420 ) ) ;
#874 = DIRECTION ( 'NONE',  ( -0.000000000000000000, -1.000000000000000000, -0.000000000000000000 ) ) ;
#875 = CARTESIAN_POINT ( 'NONE',  ( -8.203174593052008134, 5.191369048857835899, 7.042052999835265226 ) ) ;
#876 = CARTESIAN_POINT ( 'NONE',  ( -7.778174593052006536, 3.566071429810216742, 8.759670050674403186 ) ) ;
#877 = B_SPLINE_CURVE_WITH_KNOTS ( 'NONE', 1,
 ( #5117, #7686 ),
 .UNSPECIFIED., .F., .F.,
 ( 2, 2 ),
 ( 0.000000000000000000, 1.000000000000000000 ),
 .UNSPECIFIED. ) ;
#878 = CARTESIAN_POINT ( 'NONE',  ( 8.432949008394176715, 4.523683149479420074, -8.320531083594579158 ) ) ;
#879 = VERTEX_POINT ( 'NONE', #6631 ) ;
#880 = ORIENTED_EDGE ( 'NONE', *, *, #3850, .T. ) ;
#881 = DIRECTION ( 'NONE',  ( 0.000000000000000000, 1.000000000000000000, 0.000000000000000000 ) ) ;
#882 = CARTESIAN_POINT ( 'NONE',  ( -7.162538296657102066, 3.621729844682393562, 7.191412263444879827 ) ) ;
#883 = DIRECTION ( 'NONE',  ( -0.000000000000000000, -1.000000000000000000, -0.000000000000000000 ) ) ;
#884 = CARTESIAN_POINT ( 'NONE',  ( -6.682671856891293061, 5.692187500619394491, 7.778174593052038510 ) ) ;
#885 = CARTESIAN_POINT ( 'NONE',  ( -8.873677329212725340, 3.159747024428919193, -8.410663392672393712 ) ) ;
#886 = CARTESIAN_POINT ( 'NONE',  ( 6.682671856891243323, 4.463764881571775867, 7.145685793431728605 ) ) ;
#887 = CARTESIAN_POINT ( 'NONE',  ( -8.451090607893382511, 3.840742299693351569, 8.297577201567634120 ) ) ;
#888 = FACE_OUTER_BOUND ( 'NONE', #5587, .T. ) ;
#889 = DIRECTION ( 'NONE',  ( 0.000000000000000000, 0.000000000000000000, -1.000000000000000000 ) ) ;
#890 = CARTESIAN_POINT ( 'NONE',  ( 6.703099739523220357, 3.199999999999999289, -7.896637459977096540 ) ) ;
#891 = AXIS2_PLACEMENT_3D ( 'NONE', #1291, #8136, #4979 ) ;
#892 = CARTESIAN_POINT ( 'NONE',  ( -6.682671856891293061, 5.635491072047965844, 7.778174593052038510 ) ) ;
#893 = VECTOR ( 'NONE', #5264, 1000.000000000000000 ) ;
#894 = EDGE_CURVE ( 'NONE', #6961, #5881, #5013, .T. ) ;
#895 = CARTESIAN_POINT ( 'NONE',  ( -7.184808510799966186, 4.531455804696101097, -8.386795723052717477 ) ) ;
#896 = DIRECTION ( 'NONE',  ( 0.000000000000000000, 0.000000000000000000, 1.000000000000000000 ) ) ;
#897 = CARTESIAN_POINT ( 'NONE',  ( 8.460577637000286089, 4.519718431721446272, 7.271178998671962823 ) ) ;
#898 = CARTESIAN_POINT ( 'NONE',  ( 7.104540465730715404, 3.291583393972406402, -8.297328115602999432 ) ) ;
#899 = AXIS2_PLACEMENT_3D ( 'NONE', #2443, #4281, #2984 ) ;
#900 = DIRECTION ( 'NONE',  ( 0.000000000000000000, 0.000000000000000000, 1.000000000000000000 ) ) ;
#901 = CARTESIAN_POINT ( 'NONE',  ( -6.682671856891298390, 5.238616072047966199, -7.778174593052033181 ) ) ;
#902 = CARTESIAN_POINT ( 'NONE',  ( 8.415722017638174179, 3.513371110006326958, -7.215292166535284046 ) ) ;
#903 = CARTESIAN_POINT ( 'NONE',  ( 6.682671856891243323, 3.235342262524156354, 8.410663392672448779 ) ) ;
#904 = CYLINDRICAL_SURFACE ( 'NONE', #6942, 4.000000000000000000 ) ;
#905 = AXIS2_PLACEMENT_3D ( 'NONE', #4090, #6023, #3540 ) ;
#906 = PRESENTATION_STYLE_ASSIGNMENT (( #266 ) ) ;
#907 = CARTESIAN_POINT ( 'NONE',  ( 6.682671856891243323, 4.501562500619394669, 7.778174593052089136 ) ) ;
#908 = CARTESIAN_POINT ( 'NONE',  ( 6.682671856891243323, 4.520461310143204514, 7.145685793431728605 ) ) ;
#909 = ORIENTED_EDGE ( 'NONE', *, *, #4992, .F. ) ;
#910 = ORIENTED_EDGE ( 'NONE', *, *, #852, .T. ) ;
#911 = CARTESIAN_POINT ( 'NONE',  ( 7.353174593051956975, 5.229166666666666963, 8.514296186268863309 ) ) ;
#912 = DIRECTION ( 'NONE',  ( 0.000000000000000000, 0.000000000000000000, 1.000000000000000000 ) ) ;
#913 = CARTESIAN_POINT ( 'NONE',  ( 8.628174831685674562, 4.021363029820942181, 7.755841440128647513 ) ) ;
#914 = CARTESIAN_POINT ( 'NONE',  ( 0.000000000000000000, 1.000000000000000000, 0.000000000000000000 ) ) ;
#915 = CARTESIAN_POINT ( 'NONE',  ( -6.928174593052012220, 3.641666667905455235, -7.287426864240853064 ) ) ;
#916 = DIRECTION ( 'NONE',  ( 0.000000000000000000, 0.000000000000000000, 1.000000000000000000 ) ) ;
#917 = CARTESIAN_POINT ( 'NONE',  ( -8.873677329212721787, 3.556622024428918838, 7.145685793431678867 ) ) ;
#918 = DIRECTION ( 'NONE',  ( -1.000000000000000000, 0.000000000000000000, 0.000000000000000000 ) ) ;
#919 = VERTEX_POINT ( 'NONE', #4776 ) ;
#920 = ORIENTED_EDGE ( 'NONE', *, *, #7695, .F. ) ;
#921 = CARTESIAN_POINT ( 'NONE',  ( 7.778174593052059826, 5.578794643476537196, -6.513196993811266822 ) ) ;
#922 = CARTESIAN_POINT ( 'NONE',  ( -8.628174593052010621, 4.359821429810216920, -7.778174593052033181 ) ) ;
#923 = CARTESIAN_POINT ( 'NONE',  ( 8.325925961132314868, 4.860639881571775511, 6.829441393621549672 ) ) ;
#924 = CARTESIAN_POINT ( 'NONE',  ( -1.999999999999869882, 3.700000000000000178, -13.35102992281870726 ) ) ;
#925 = CARTESIAN_POINT ( 'NONE',  ( 7.251851736282863392, 3.404677866520094742, 8.446623506111034629 ) ) ;
#926 = CARTESIAN_POINT ( 'NONE',  ( 7.230423224971601392, 3.670014881571775689, 8.726907792482629489 ) ) ;
#927 = CARTESIAN_POINT ( 'NONE',  ( -8.522023773188266205, 3.829403008999873848, 8.191218338081224459 ) ) ;
#928 = FACE_OUTER_BOUND ( 'NONE', #1207, .T. ) ;
#929 = CARTESIAN_POINT ( 'NONE',  ( 0.000000000000000000, 5.200000000000000178, 0.000000000000000000 ) ) ;
#930 = FACE_OUTER_BOUND ( 'NONE', #4614, .T. ) ;
#931 =( BOUNDED_SURFACE ( )  B_SPLINE_SURFACE ( 1, 2, ( 
 ( #4925, #6769, #8039, #4210, #6730, #418, #3617, #7361, #2993, #5512, #8002, #970, #2246, #6186, #4131, #1609, #2285, #1009, #4290, #256, #1695, #1735, #3502, #2211, #6063, #374, #6812, #4250, #7319, #4837, #4883, #2949, #4799, #5559, #3577, #7402, #4169, #6145, #3541, #8081, #6856 ),
 ( #7446, #8125, #297, #2370, #1052, #1097, #7491, #6024, #2826, #7963, #5390, #1572, #4762, #6689, #6101, #334, #2867, #5428, #2905, #5469, #7714, #459, #1146, #4966, #4422, #639, #1779, #3214, #3034, #5012, #3840, #6310, #551, #3121, #2453, #6354, #6231, #5690, #8169, #6943, #1819 ) ),
 .UNSPECIFIED., .F., .F., .T. ) 
 B_SPLINE_SURFACE_WITH_KNOTS ( ( 2, 2 ),
 ( 3, 2, 2, 2, 2, 2, 2, 2, 2, 2, 2, 2, 2, 2, 2, 2, 2, 2, 2, 2, 3 ),
 ( 0.000000000000000000, 1.000000000000000000 ),
 ( 0.000000000000000000, 0.04166666666666666435, 0.08333333333333332871, 0.1250000000000000000, 0.1666666666666666574, 0.2083333333333333426, 0.2500000000000000000, 0.2916666666666666852, 0.3333333333333333148, 0.3750000000000000000, 0.4166666666666666852, 0.4583333333333333148, 0.5000000000000000000, 0.5416666666666666297, 0.5833333333333333703, 0.6250000000000000000, 0.6666666666666666297, 0.7083333333333333703, 0.7500000000000000000, 0.7916666666666666297, 0.8265940270781427790 ),
 .UNSPECIFIED. ) 
 GEOMETRIC_REPRESENTATION_ITEM ( )  RATIONAL_B_SPLINE_SURFACE ( (
 ( 1.000000000000000000, 0.8660254037844387076, 1.000000000000000000, 0.8660254037844387076, 1.000000000000000000, 0.8660254037844387076, 1.000000000000000000, 0.8660254037844387076, 1.000000000000000000, 0.8660254037844387076, 1.000000000000000000, 0.8660254037844387076, 1.000000000000000000, 0.8660254037844387076, 1.000000000000000000, 0.8660254037844387076, 1.000000000000000000, 0.8660254037844387076, 1.000000000000000000, 0.8660254037844387076, 1.000000000000000000, 0.8660254037844387076, 1.000000000000000000, 0.8660254037844387076, 1.000000000000000000, 0.8660254037844387076, 1.000000000000000000, 0.8660254037844387076, 1.000000000000000000, 0.8660254037844387076, 1.000000000000000000, 0.8660254037844387076, 1.000000000000000000, 0.8660254037844387076, 1.000000000000000000, 0.8660254037844387076, 1.000000000000000000, 0.8660254037844387076, 1.000000000000000000, 0.8876949038079305909, 0.9636707950116644161),
 ( 1.000000000000000000, 0.8660254037844387076, 1.000000000000000000, 0.8660254037844387076, 1.000000000000000000, 0.8660254037844387076, 1.000000000000000000, 0.8660254037844387076, 1.000000000000000000, 0.8660254037844387076, 1.000000000000000000, 0.8660254037844387076, 1.000000000000000000, 0.8660254037844387076, 1.000000000000000000, 0.8660254037844387076, 1.000000000000000000, 0.8660254037844387076, 1.000000000000000000, 0.8660254037844387076, 1.000000000000000000, 0.8660254037844387076, 1.000000000000000000, 0.8660254037844387076, 1.000000000000000000, 0.8660254037844387076, 1.000000000000000000, 0.8660254037844387076, 1.000000000000000000, 0.8660254037844387076, 1.000000000000000000, 0.8660254037844387076, 1.000000000000000000, 0.8660254037844387076, 1.000000000000000000, 0.8660254037844387076, 1.000000000000000000, 0.8660254037844387076, 1.000000000000000000, 0.8876949038079305909, 0.9636707950116644161) ) ) 
 REPRESENTATION_ITEM ( '' )  SURFACE ( )  );
#932 = CARTESIAN_POINT ( 'NONE',  ( -7.613549662972172172, 4.374461832246006487, -6.943414173539444789 ) ) ;
#933 = CARTESIAN_POINT ( 'NONE',  ( -7.550417779485559144, 3.319030032525245755, -8.628174593052033714 ) ) ;
#934 = CARTESIAN_POINT ( 'NONE',  ( 7.230423224971601392, 3.216443453000346953, 8.726907792482629489 ) ) ;
#935 = CARTESIAN_POINT ( 'NONE',  ( 7.354438177018217893, 3.414782612193232758, -7.039252069795892908 ) ) ;
#936 = EDGE_CURVE ( 'NONE', #5052, #6309, #4664, .T. ) ;
#937 = ORIENTED_EDGE ( 'NONE', *, *, #2699, .F. ) ;
#938 = AXIS2_PLACEMENT_3D ( 'NONE', #3054, #3599, #5033 ) ;
#939 = CARTESIAN_POINT ( 'NONE',  ( -8.203174593052008134, 4.170833333333333393, 7.042052999835266114 ) ) ;
#940 = CARTESIAN_POINT ( 'NONE',  ( 8.522020170848168874, 3.602617957101009072, -8.191224883606798457 ) ) ;
#941 = ADVANCED_FACE ( 'NONE', ( #1590 ), #7260, .F. ) ;
#942 = CARTESIAN_POINT ( 'NONE',  ( 6.682671856891243323, 4.066889881571776222, 7.145685793431728605 ) ) ;
#943 = CARTESIAN_POINT ( 'NONE',  ( 7.443538236080454062, 3.709173186507753517, -8.559533282427771894 ) ) ;
#944 = CARTESIAN_POINT ( 'NONE',  ( 7.778174593051957686, 4.218080357762252319, 9.043152192292808422 ) ) ;
#945 = VECTOR ( 'NONE', #5746, 1000.000000000000000 ) ;
#946 = VERTEX_POINT ( 'NONE', #6079 ) ;
#947 = ORIENTED_EDGE ( 'NONE', *, *, #6459, .F. ) ;
#948 = AXIS2_PLACEMENT_3D ( 'NONE', #60, #5315, #142 ) ;
#949 = DIRECTION ( 'NONE',  ( -0.000000000000000000, -1.000000000000000000, -0.000000000000000000 ) ) ;
#950 = CARTESIAN_POINT ( 'NONE',  ( 8.090381219402578594, 3.934155351081599417, 8.568955236185775703 ) ) ;
#951 = DIRECTION ( 'NONE',  ( 0.000000000000000000, 1.000000000000000000, 0.000000000000000000 ) ) ;
#952 = DIRECTION ( 'NONE',  ( 0.000000000000000000, 0.000000000000000000, -1.000000000000000000 ) ) ;
#953 = CARTESIAN_POINT ( 'NONE',  ( -6.928174593052006891, 5.493750001238788094, 7.778174593052038510 ) ) ;
#954 = FACE_BOUND ( 'NONE', #6593, .T. ) ;
#955 = CARTESIAN_POINT ( 'NONE',  ( 7.942799523211307999, 4.374461832251965276, -6.943414173554392832 ) ) ;
#956 = ORIENTED_EDGE ( 'NONE', *, *, #3953, .F. ) ;
#957 = ORIENTED_EDGE ( 'NONE', *, *, #2963, .F. ) ;
#958 = CARTESIAN_POINT ( 'NONE',  ( 7.230423224971704421, 4.936235119667014004, -8.726907792482524684 ) ) ;
#959 = CIRCLE ( 'NONE', #4061, 7.000000000000000000 ) ;
#960 = CARTESIAN_POINT ( 'NONE',  ( -6.997870960745723679, 3.595170212263910425, 7.440728733816323270 ) ) ;
#961 = CARTESIAN_POINT ( 'NONE',  ( 8.873677329212670273, 5.200818453000346508, 8.410663392672448779 ) ) ;
#962 = CARTESIAN_POINT ( 'NONE',  ( -7.467408454918792238, 3.199999999999997957, 8.699900551032197171 ) ) ;
#963 = CARTESIAN_POINT ( 'NONE',  ( 7.140620188070283092, 3.286586326615568598, 7.215300097131752466 ) ) ;
#964 = CARTESIAN_POINT ( 'NONE',  ( -7.776468648439601061, 3.906401718579755933, 8.628174638465816670 ) ) ;
#965 = CARTESIAN_POINT ( 'NONE',  ( -8.090390084925171976, 3.707370417086258918, 6.987397543764619634 ) ) ;
#966 = DIRECTION ( 'NONE',  ( 0.000000000000000000, 0.000000000000000000, 1.000000000000000000 ) ) ;
#967 = FACE_OUTER_BOUND ( 'NONE', #3269, .T. ) ;
#968 = CIRCLE ( 'NONE', #2457, 4.699999999999999289 ) ;
#969 = CARTESIAN_POINT ( 'NONE',  ( -11.00000000000000000, 3.700000000000000178, -2.000000000000076383 ) ) ;
#970 = CARTESIAN_POINT ( 'NONE',  ( -8.873677329212721787, 4.142485119667013826, 8.410663392672399041 ) ) ;
#971 = CARTESIAN_POINT ( 'NONE',  ( -7.162538296589436193, 4.528872701817515001, -8.364936922588190882 ) ) ;
#972 = CARTESIAN_POINT ( 'NONE',  ( 7.765370241063711987, 3.199999999999998845, 6.867125178072967628 ) ) ;
#973 = CARTESIAN_POINT ( 'NONE',  ( 8.873677329212773301, 3.840104167286061188, -7.145685793431626465 ) ) ;
#974 = CARTESIAN_POINT ( 'NONE',  ( -8.603753563908565383, 3.322427294472727777, -7.982708952104283995 ) ) ;
#975 = CARTESIAN_POINT ( 'NONE',  ( -1.999999999999884315, 3.700000000000000178, -11.00000000000000888 ) ) ;
#976 = CARTESIAN_POINT ( 'NONE',  ( -8.628174593052007069, 3.377083333333333659, 8.268922321863222180 ) ) ;
#977 = CARTESIAN_POINT ( 'NONE',  ( 5.510910596163089556E-16, 5.500000000000000000, -4.500000000000000888 ) ) ;
#978 = CARTESIAN_POINT ( 'NONE',  ( 6.682671856891243323, 3.103050595857490102, 7.145685793431728605 ) ) ;
#979 = FACE_OUTER_BOUND ( 'NONE', #1300, .T. ) ;
#980 = CARTESIAN_POINT ( 'NONE',  ( 7.778174593051957686, 4.700000001238787917, 6.796679135429724461 ) ) ;
#981 = CARTESIAN_POINT ( 'NONE',  ( 7.700725852093075474, 3.232780805393402623, 6.841394186870732419 ) ) ;
#982 = CARTESIAN_POINT ( 'NONE',  ( 6.682671856891243323, 4.539360119667013471, 8.410663392672448779 ) ) ;
#983 = ORIENTED_EDGE ( 'NONE', *, *, #8301, .F. ) ;
#984 = EDGE_LOOP ( 'NONE', ( #1710, #5577 ) ) ;
#985 = CARTESIAN_POINT ( 'NONE',  ( -7.251861847499768920, 4.538607472578143565, 7.109717684778335212 ) ) ;
#986 = CARTESIAN_POINT ( 'NONE',  ( -7.778174593052012753, 3.679464285714285854, -8.628174593052031938 ) ) ;
#987 = EDGE_CURVE ( 'NONE', #6747, #391, #8018, .T. ) ;
#988 = DIRECTION ( 'NONE',  ( 0.000000000000000000, 0.000000000000000000, 1.000000000000000000 ) ) ;
#989 = CARTESIAN_POINT ( 'NONE',  ( -7.353174593052012931, 3.301488096476883793, -8.514296186268804689 ) ) ;
#990 = CARTESIAN_POINT ( 'NONE',  ( 7.230423224971601392, 4.029092262524159196, 6.829441393621552336 ) ) ;
#991 = DIRECTION ( 'NONE',  ( 0.000000000000000000, 1.000000000000000000, 0.000000000000000000 ) ) ;
#992 = CARTESIAN_POINT ( 'NONE',  ( 8.500047601022352239, 4.513546039037259483, -8.227850119682811325 ) ) ;
#993 = MANIFOLD_SOLID_BREP ( 'ÕπÃ®-¿≠…Ï8', #6951 ) ;
#994 = ORIENTED_EDGE ( 'NONE', *, *, #7455, .T. ) ;
#995 = ORIENTED_EDGE ( 'NONE', *, *, #1486, .T. ) ;
#996 = CARTESIAN_POINT ( 'NONE',  ( 6.682671856891347240, 5.011830357762251609, -7.778174593051986108 ) ) ;
#997 = CARTESIAN_POINT ( 'NONE',  ( 7.051408574320887190, 4.699999999999997513, -7.162001224813073996 ) ) ;
#998 = CARTESIAN_POINT ( 'NONE',  ( 7.939173986632700242, 4.700000000000001066, 6.903374101072292213 ) ) ;
#999 = CARTESIAN_POINT ( 'NONE',  ( 2.000000000000083933, 4.700000000000000178, 10.99999999999985434 ) ) ;
#1000 = ADVANCED_FACE ( 'NONE', ( #2972 ), #5248, .F. ) ;
#1001 = CARTESIAN_POINT ( 'NONE',  ( -7.778174593052006536, 4.898437500619394314, 6.513196993811319224 ) ) ;
#1002 = CARTESIAN_POINT ( 'NONE',  ( 6.928174354422285575, 3.341005857819297820, 7.800507367590435059 ) ) ;
#1003 = CARTESIAN_POINT ( 'NONE',  ( -7.669560994406023013, 3.915900935699591745, 8.621418132953806435 ) ) ;
#1004 = CARTESIAN_POINT ( 'NONE',  ( -7.947876487286665181, 3.694553120881064689, 6.943393992785981794 ) ) ;
#1005 = LINE ( 'NONE', #4287, #5281 ) ;
#1006 = CARTESIAN_POINT ( 'NONE',  ( 8.628174593052060359, 5.077976191714978604, -8.268922321863165337 ) ) ;
#1007 = CARTESIAN_POINT ( 'NONE',  ( 7.778174593052059826, 3.707812500619394491, -6.513196993811266822 ) ) ;
#1008 = ADVANCED_FACE ( 'NONE', ( #4943 ), #439, .F. ) ;
#1009 = CARTESIAN_POINT ( 'NONE',  ( -6.682671856891293061, 3.915699405381299680, 7.145685793431678867 ) ) ;
#1010 = CARTESIAN_POINT ( 'NONE',  ( -7.449301673364000287, 4.389065635418042177, -6.994374298012799862 ) ) ;
#1011 = CARTESIAN_POINT ( 'NONE',  ( 7.134330090061649088, 3.844804263503825759, 8.333299628883143129 ) ) ;
#1012 = CARTESIAN_POINT ( 'NONE',  ( 8.203174593051956620, 3.603869048857835544, 8.514296186268863309 ) ) ;
#1013 = CARTESIAN_POINT ( 'NONE',  ( 8.873677329212773301, 3.424330357762251698, -7.778174593051986108 ) ) ;
#1014 = CARTESIAN_POINT ( 'NONE',  ( -8.628174831681684864, 3.341005857819417280, -7.755841818512327457 ) ) ;
#1015 = EDGE_CURVE ( 'NONE', #4108, #6747, #7377, .T. ) ;
#1016 = CARTESIAN_POINT ( 'NONE',  ( 7.778174593051956798, 4.700000000000000178, 8.628174593052088781 ) ) ;
#1017 = CARTESIAN_POINT ( 'NONE',  ( -7.353174593052007602, 3.490476190476190510, 8.514296186268810018 ) ) ;
#1018 = AXIS2_PLACEMENT_3D ( 'NONE', #1556, #844, #4708 ) ;
#1019 = DIRECTION ( 'NONE',  ( 0.000000000000000000, -0.000000000000000000, 1.000000000000000000 ) ) ;
#1020 = CARTESIAN_POINT ( 'NONE',  ( 7.778174593051957686, 3.254241072047966199, 9.043152192292808422 ) ) ;
#1021 = VECTOR ( 'NONE', #5940, 1000.000000000000000 ) ;
#1022 = CARTESIAN_POINT ( 'NONE',  ( 6.682671856891243323, 5.900074405381299236, 8.410663392672448779 ) ) ;
#1023 = CARTESIAN_POINT ( 'NONE',  ( 8.628174593052060359, 4.435416666666665897, -7.287426864240805102 ) ) ;
#1024 = ADVANCED_FACE ( 'NONE', ( #8146 ), #2347, .F. ) ;
#1025 = LINE ( 'NONE', #1795, #4048 ) ;
#1026 = ORIENTED_EDGE ( 'NONE', *, *, #3422, .T. ) ;
#1027 = VERTEX_POINT ( 'NONE', #4188 ) ;
#1028 = AXIS2_PLACEMENT_3D ( 'NONE', #4296, #4216, #6317 ) ;
#1029 = CARTESIAN_POINT ( 'NONE',  ( -7.175075591138607045, 4.530376422783813695, 7.179160919939264751 ) ) ;
#1030 = CARTESIAN_POINT ( 'NONE',  ( 1.653273178848926867E-15, 1.500000000000000000, 13.50000000000000000 ) ) ;
#1031 = CARTESIAN_POINT ( 'NONE',  ( -8.873677329212716458, 3.651116072047968508, 7.778174593052038510 ) ) ;
#1032 = DIRECTION ( 'NONE',  ( -0.000000000000000000, -1.000000000000000000, -0.000000000000000000 ) ) ;
#1033 = CYLINDRICAL_SURFACE ( 'NONE', #6066, 0.8500000000000000888 ) ;
#1034 = FACE_OUTER_BOUND ( 'NONE', #6997, .T. ) ;
#1035 = CARTESIAN_POINT ( 'NONE',  ( 8.541157634225056583, 4.505975561997665579, -8.153086660881367465 ) ) ;
#1036 = VECTOR ( 'NONE', #4097, 1000.000000000000000 ) ;
#1037 = ADVANCED_FACE ( 'NONE', ( #6290 ), #6247, .F. ) ;
#1038 = EDGE_LOOP ( 'NONE', ( #5864, #2186, #2310, #4488 ) ) ;
#1039 = VERTEX_POINT ( 'NONE', #6118 ) ;
#1040 = CARTESIAN_POINT ( 'NONE',  ( 7.353174593052060892, 5.985119047619048338, -8.514296186268758504 ) ) ;
#1041 = CARTESIAN_POINT ( 'NONE',  ( 7.778174593051956798, 3.700000000000000178, 7.778174593052089136 ) ) ;
#1042 = CARTESIAN_POINT ( 'NONE',  ( -8.628174593052010621, 4.359821429810216920, -7.778174593052033181 ) ) ;
#1043 = CARTESIAN_POINT ( 'NONE',  ( -7.443553381405181746, 3.482386246678368380, 8.559539768680096472 ) ) ;
#1044 = CARTESIAN_POINT ( 'NONE',  ( 6.682671856891243323, 5.900074405381299236, 8.410663392672448779 ) ) ;
#1045 = CYLINDRICAL_SURFACE ( 'NONE', #1235, 8.000000000000000000 ) ;
#1046 = LINE ( 'NONE', #2487, #7532 ) ;
#1047 = CARTESIAN_POINT ( 'NONE',  ( -8.873677329212725340, 4.501562500619394669, -7.778174593052033181 ) ) ;
#1048 = CARTESIAN_POINT ( 'NONE',  ( -8.468754248909013072, 3.747653292082275378, 7.281784568589891649 ) ) ;
#1049 = CARTESIAN_POINT ( 'NONE',  ( 7.022809332273642902, 3.200000000000000622, 8.571616189985928003 ) ) ;
#1050 = CARTESIAN_POINT ( 'NONE',  ( 8.203174593052059649, 5.418154763143549602, -7.042052999835213711 ) ) ;
#1051 = CARTESIAN_POINT ( 'NONE',  ( 7.230423224971704421, 4.123586310143203981, -6.829441393621446643 ) ) ;
#1052 = CARTESIAN_POINT ( 'NONE',  ( -7.230423224971650242, 4.350372024428918571, 6.829441393621498158 ) ) ;
#1053 = CYLINDRICAL_SURFACE ( 'NONE', #1839, 1.249999999999999334 ) ;
#1054 = DIRECTION ( 'NONE',  ( 0.000000000000000000, 1.000000000000000000, 0.000000000000000000 ) ) ;
#1055 = CARTESIAN_POINT ( 'NONE',  ( 6.928174593051957153, 2.999107144095931154, 7.778174593052089136 ) ) ;
#1056 = CARTESIAN_POINT ( 'NONE',  ( 8.325925961132416120, 4.407068453000347219, -8.726907792482524684 ) ) ;
#1057 = CARTESIAN_POINT ( 'NONE',  ( -7.778174593052007424, 3.200000000000000178, 6.528174593052039398 ) ) ;
#1058 = CARTESIAN_POINT ( 'NONE',  ( -7.778174593052002095, 3.225892857142856673, 6.928174593052038865 ) ) ;
#1059 = EDGE_CURVE ( 'NONE', #390, #665, #5886, .T. ) ;
#1060 = CARTESIAN_POINT ( 'NONE',  ( -7.778174593052006536, 4.444866072047966021, 6.513196993811319224 ) ) ;
#1061 = VERTEX_POINT ( 'NONE', #2428 ) ;
#1062 = DIRECTION ( 'NONE',  ( 1.438820810114969083E-13, 0.000000000000000000, 1.000000000000000000 ) ) ;
#1063 = CARTESIAN_POINT ( 'NONE',  ( 6.682671856891243323, 5.503199405381299592, 8.410663392672448779 ) ) ;
#1064 = CARTESIAN_POINT ( 'NONE',  ( 6.682671856891243323, 3.178645833952728150, 8.410663392672448779 ) ) ;
#1065 = CARTESIAN_POINT ( 'NONE',  ( 8.203174593051956620, 5.569345239334026587, 7.042052999835315852 ) ) ;
#1066 = CARTESIAN_POINT ( 'NONE',  ( 8.203174593052059649, 4.095238095238095788, -8.514296186268758504 ) ) ;
#1067 = CARTESIAN_POINT ( 'NONE',  ( -8.596827002427858133, 4.699999999999997513, 8.174258017820003275 ) ) ;
#1068 = ORIENTED_EDGE ( 'NONE', *, *, #6127, .F. ) ;
#1069 = ORIENTED_EDGE ( 'NONE', *, *, #6800, .F. ) ;
#1070 = AXIS2_PLACEMENT_3D ( 'NONE', #6922, #1169, #4403 ) ;
#1071 = CARTESIAN_POINT ( 'NONE',  ( -7.105266710980331801, 4.521100618483946398, 7.258761456232329934 ) ) ;
#1072 = CARTESIAN_POINT ( 'NONE',  ( 6.682671856891347240, 4.955133929190822961, -7.778174593051986108 ) ) ;
#1073 = CARTESIAN_POINT ( 'NONE',  ( 8.628174593052058583, 3.679464286953074037, -7.778174593051986108 ) ) ;
#1074 = CARTESIAN_POINT ( 'NONE',  ( 7.260895597157833059, 4.632898780871570033, -8.454846440946369057 ) ) ;
#1075 = CARTESIAN_POINT ( 'NONE',  ( -7.550417779485297132, 4.493469969952565535, 8.628174593052332142 ) ) ;
#1076 = DIRECTION ( 'NONE',  ( 0.000000000000000000, 1.000000000000000000, 0.000000000000000000 ) ) ;
#1077 = CARTESIAN_POINT ( 'NONE',  ( 8.628174115639122732, 4.469771842115883409, -7.733481045446590763 ) ) ;
#1078 = AXIS2_PLACEMENT_3D ( 'NONE', #530, #1759, #2306 ) ;
#1079 = ORIENTED_EDGE ( 'NONE', *, *, #2608, .T. ) ;
#1080 = VERTEX_POINT ( 'NONE', #3095 ) ;
#1081 = CARTESIAN_POINT ( 'NONE',  ( -8.107052315419425170, 3.708708876236575858, -8.561972872836797421 ) ) ;
#1082 = CARTESIAN_POINT ( 'NONE',  ( -1.999999999999884315, 4.700000000000000178, -11.00000000000000888 ) ) ;
#1083 = CARTESIAN_POINT ( 'NONE',  ( -8.203174593052011687, 4.888988096476883705, -7.042052999835261673 ) ) ;
#1084 = CARTESIAN_POINT ( 'NONE',  ( -7.160563657880305577, 3.510772947499942287, 8.362808951116170064 ) ) ;
#1085 = CARTESIAN_POINT ( 'NONE',  ( 6.682671856891243323, 4.501562500619394669, 7.778174593052089136 ) ) ;
#1086 = CARTESIAN_POINT ( 'NONE',  ( 7.003076162538462768, 4.276665784560362837, 8.127351619629664015 ) ) ;
#1087 = CARTESIAN_POINT ( 'NONE',  ( 0.000000000000000000, 3.700000000000000178, 0.000000000000000000 ) ) ;
#1088 =( NAMED_UNIT ( * ) PLANE_ANGLE_UNIT ( ) SI_UNIT ( $, .RADIAN. ) );
#1089 = VECTOR ( 'NONE', #2860, 1000.000000000000000 ) ;
#1090 = EDGE_CURVE ( 'NONE', #4741, #525, #2223, .T. ) ;
#1091 = CARTESIAN_POINT ( 'NONE',  ( -8.192516622044454522, 3.715892688023747059, 7.035128181129493008 ) ) ;
#1092 = CARTESIAN_POINT ( 'NONE',  ( 7.778174593051956798, 4.700000000000000178, 7.778174593052089136 ) ) ;
#1093 = CARTESIAN_POINT ( 'NONE',  ( 8.628174593052060359, 4.624404763143550312, -8.268922321863165337 ) ) ;
#1094 = CARTESIAN_POINT ( 'NONE',  ( 8.787935552007395401, 4.700000000284662249, -7.353311025885758134 ) ) ;
#1095 = AXIS2_PLACEMENT_3D ( 'NONE', #5554, #3114, #3027 ) ;
#1096 = VECTOR ( 'NONE', #2183, 1000.000000000000000 ) ;
#1097 = CARTESIAN_POINT ( 'NONE',  ( -6.682671856891293061, 4.312574405381298881, 7.145685793431678867 ) ) ;
#1098 = CARTESIAN_POINT ( 'NONE',  ( -8.873677329212725340, 4.558258929190823316, -7.778174593052033181 ) ) ;
#1099 = CARTESIAN_POINT ( 'NONE',  ( -7.629607162217082461, 3.200000000000000622, -8.653415684510871841 ) ) ;
#1100 = EDGE_CURVE ( 'NONE', #3452, #5294, #6963, .T. ) ;
#1101 = CARTESIAN_POINT ( 'NONE',  ( 6.928174593051956265, 3.944047620286406985, 8.268922321863271918 ) ) ;
#1102 = CIRCLE ( 'NONE', #32, 2.000000000000000000 ) ;
#1103 = CARTESIAN_POINT ( 'NONE',  ( 6.682671856891347240, 4.104687500619395024, -7.778174593051986108 ) ) ;
#1104 =( BOUNDED_SURFACE ( )  B_SPLINE_SURFACE ( 1, 2, ( 
 ( #3792, #1997, #4550, #6487, #2662, #83, #5222, #1815, #4375, #6939, #1184, #3115, #5686, #8251, #5049, #7619, #6981, #1227, #6350, #589, #3162, #7152, #2851, #4075, #280, #917, #7908, #7947, #1555, #167, #202, #5301, #5933, #804, #6567, #2739, #7871, #7791, #7190, #6636, #3449 ),
 ( #4115, #1443, #842, #1404, #3963, #3340, #5262, #6528, #241, #2117, #7833, #4707, #7266, #2196, #765, #3999, #2775, #2810, #3375, #1518, #4669, #876, #7228, #4631, #1478, #4037, #5336, #6009, #5371, #2039, #6601, #4748, #3414, #7302, #4591, #5901, #6674, #5973, #3487, #2156, #6045 ) ),
 .UNSPECIFIED., .F., .F., .T. ) 
 B_SPLINE_SURFACE_WITH_KNOTS ( ( 2, 2 ),
 ( 3, 2, 2, 2, 2, 2, 2, 2, 2, 2, 2, 2, 2, 2, 2, 2, 2, 2, 2, 2, 3 ),
 ( 0.000000000000000000, 1.000000000000000000 ),
 ( 0.000000000000000000, 0.04166666666666666435, 0.08333333333333332871, 0.1250000000000000000, 0.1666666666666666574, 0.2083333333333333426, 0.2500000000000000000, 0.2916666666666666852, 0.3333333333333333148, 0.3750000000000000000, 0.4166666666666666852, 0.4583333333333333148, 0.5000000000000000000, 0.5416666666666666297, 0.5833333333333333703, 0.6250000000000000000, 0.6666666666666666297, 0.7083333333333333703, 0.7500000000000000000, 0.7916666666666666297, 0.8265940270781302335 ),
 .UNSPECIFIED. ) 
 GEOMETRIC_REPRESENTATION_ITEM ( )  RATIONAL_B_SPLINE_SURFACE ( (
 ( 1.000000000000000000, 0.8660254037844387076, 1.000000000000000000, 0.8660254037844387076, 1.000000000000000000, 0.8660254037844387076, 1.000000000000000000, 0.8660254037844387076, 1.000000000000000000, 0.8660254037844387076, 1.000000000000000000, 0.8660254037844387076, 1.000000000000000000, 0.8660254037844387076, 1.000000000000000000, 0.8660254037844387076, 1.000000000000000000, 0.8660254037844387076, 1.000000000000000000, 0.8660254037844387076, 1.000000000000000000, 0.8660254037844387076, 1.000000000000000000, 0.8660254037844387076, 1.000000000000000000, 0.8660254037844387076, 1.000000000000000000, 0.8660254037844387076, 1.000000000000000000, 0.8660254037844387076, 1.000000000000000000, 0.8660254037844387076, 1.000000000000000000, 0.8660254037844387076, 1.000000000000000000, 0.8660254037844387076, 1.000000000000000000, 0.8660254037844387076, 1.000000000000000000, 0.8876949038079710030, 0.9636707950116096821),
 ( 1.000000000000000000, 0.8660254037844387076, 1.000000000000000000, 0.8660254037844387076, 1.000000000000000000, 0.8660254037844387076, 1.000000000000000000, 0.8660254037844387076, 1.000000000000000000, 0.8660254037844387076, 1.000000000000000000, 0.8660254037844387076, 1.000000000000000000, 0.8660254037844387076, 1.000000000000000000, 0.8660254037844387076, 1.000000000000000000, 0.8660254037844387076, 1.000000000000000000, 0.8660254037844387076, 1.000000000000000000, 0.8660254037844387076, 1.000000000000000000, 0.8660254037844387076, 1.000000000000000000, 0.8660254037844387076, 1.000000000000000000, 0.8660254037844387076, 1.000000000000000000, 0.8660254037844387076, 1.000000000000000000, 0.8660254037844387076, 1.000000000000000000, 0.8660254037844387076, 1.000000000000000000, 0.8660254037844387076, 1.000000000000000000, 0.8660254037844387076, 1.000000000000000000, 0.8876949038079710030, 0.9636707950116096821) ) ) 
 REPRESENTATION_ITEM ( '' )  SURFACE ( )  );
#1105 = DIRECTION ( 'NONE',  ( -0.000000000000000000, -1.000000000000000000, -0.000000000000000000 ) ) ;
#1106 = CARTESIAN_POINT ( 'NONE',  ( -6.682671856891302831, 3.915699405381301901, -8.410663392672390160 ) ) ;
#1107 = CARTESIAN_POINT ( 'NONE',  ( -8.628174593052007069, 4.700000000000000178, 7.778174593052038510 ) ) ;
#1108 = ORIENTED_EDGE ( 'NONE', *, *, #1736, .T. ) ;
#1109 = DIRECTION ( 'NONE',  ( 0.000000000000000000, -0.000000000000000000, 1.000000000000000000 ) ) ;
#1110 = CARTESIAN_POINT ( 'NONE',  ( -8.588127389821693214, 3.361461026898874049, 8.043451370723250449 ) ) ;
#1111 = CARTESIAN_POINT ( 'NONE',  ( 8.325925961132314868, 3.292038691095585001, 8.726907792482629489 ) ) ;
#1112 = B_SPLINE_CURVE_WITH_KNOTS ( 'NONE', 3,
 ( #3298, #5256, #6344, #5174, #8287, #7065, #1948, #4545, #3334, #5090, #7704, #4626, #6522, #4502, #7787, #1399, #3958, #5855, #1900, #760, #2075, #7184, #5896, #4456, #6435, #7745, #7826, #118, #6388, #3785, #1313, #2693, #583, #1991, #8337, #3155, #2528, #7024, #7658, #1268, #3828, #627, #3204, #5766, #6481, #2574, #3875, #674, #7108, #314, #2190, #3444, #7940, #4743, #7297, #5296, #4150, #5928, #6595, #3483, #2770, #2883, #5968, #835 ),
 .UNSPECIFIED., .F., .F.,
 ( 4, 2, 2, 1, 1, 1, 1, 2, 2, 2, 2, 1, 1, 2, 2, 1, 2, 2, 2, 2, 2, 2, 2, 1, 2, 2, 2, 2, 2, 2, 1, 1, 1, 1, 2, 2, 2, 4 ),
 ( 0.5000042337160947037, 0.5625037045015494064, 0.5937534398942768687, 0.6093783075906409330, 0.6171907414388227986, 0.6210969583629141200, 0.6230500668249597807, 0.6240266210559826110, 0.6250031752870054413, 0.6406280429833713930, 0.6484404768315547019, 0.6523466937556463563, 0.6542998022176922390, 0.6552763564487154024, 0.6562529106797385658, 0.6718777783761151756, 0.6796902122243033695, 0.6875026460724916744, 0.7187523814652436727, 0.7343772491616193943, 0.7500021168579951159, 0.7812518522507461149, 0.7968767199471219476, 0.8046891537953103635, 0.8085953707194041273, 0.8125015876434980022, 0.8437513230362436722, 0.8593761907326169514, 0.8750010584289900084, 0.9062507938217363446, 0.9218756615181096237, 0.9296880953662955971, 0.9335943122903886948, 0.9355474207524356878, 0.9365239749834586291, 0.9375005292144813485, 0.9687502646072407853, 1.000000000000000000 ),
 .UNSPECIFIED. ) ;
#1113 = EDGE_CURVE ( 'NONE', #7836, #359, #4297, .T. ) ;
#1114 = CARTESIAN_POINT ( 'NONE',  ( 7.230423224971601392, 5.786681548238442829, 6.829441393621548784 ) ) ;
#1115 = CARTESIAN_POINT ( 'NONE',  ( 8.873677329212670273, 3.462127976809870500, 7.145685793431728605 ) ) ;
#1116 = CARTESIAN_POINT ( 'NONE',  ( -8.533539853830319544, 3.200000000000000622, -6.984732996118191650 ) ) ;
#1117 = B_SPLINE_CURVE_WITH_KNOTS ( 'NONE', 3,
 ( #3, #2586, #7716, #48, #1959, #2625, #3532, #2125, #847, #2235, #998, #3493 ),
 .UNSPECIFIED., .F., .F.,
 ( 4, 2, 2, 2, 2, 4 ),
 ( 0.000000000000000000, 0.0002408373564892644708, 0.0004816747129785289416, 0.0009633494259570578831, 0.001445024138935586825, 0.001926698851914115766 ),
 .UNSPECIFIED. ) ;
#1118 = EDGE_CURVE ( 'NONE', #2390, #1061, #1205, .T. ) ;
#1119 = ORIENTED_EDGE ( 'NONE', *, *, #392, .F. ) ;
#1120 = VERTEX_POINT ( 'NONE', #7097 ) ;
#1121 = B_SPLINE_CURVE_WITH_KNOTS ( 'NONE', 3,
 ( #7317, #6099, #890, #333, #2750, #7883, #4168, #1570, #6579, #255, #4130, #7921 ),
 .UNSPECIFIED., .F., .F.,
 ( 4, 2, 2, 2, 2, 4 ),
 ( 0.000000000000000000, 0.0002393295673674473609, 0.0004786591347348947219, 0.0009573182694697907448, 0.001435977404204686605, 0.001914636538939582791 ),
 .UNSPECIFIED. ) ;
#1122 = CARTESIAN_POINT ( 'NONE',  ( 8.425927430606533713E-14, 4.700000000000000178, 10.99999999999985434 ) ) ;
#1123 = CARTESIAN_POINT ( 'NONE',  ( 6.682671856891347240, 4.992931548238441763, -7.145685793431626465 ) ) ;
#1124 = CARTESIAN_POINT ( 'NONE',  ( 8.628174593052058583, 3.641666667905455235, -7.287426864240803326 ) ) ;
#1125 = DIRECTION ( 'NONE',  ( 0.000000000000000000, 0.000000000000000000, 1.000000000000000000 ) ) ;
#1126 = CARTESIAN_POINT ( 'NONE',  ( 8.873677329212664944, 3.462127976809872720, 7.145685793431733046 ) ) ;
#1127 = CARTESIAN_POINT ( 'NONE',  ( -7.778174593052011865, 4.700000000000000178, -7.778174593052033181 ) ) ;
#1128 = CARTESIAN_POINT ( 'NONE',  ( 8.112795804698572866, 4.389529103821227629, -6.996809417423793143 ) ) ;
#1129 = VERTEX_POINT ( 'NONE', #7174 ) ;
#1130 = ORIENTED_EDGE ( 'NONE', *, *, #6459, .T. ) ;
#1131 = CARTESIAN_POINT ( 'NONE',  ( -8.451090607919702791, 3.840742299689898331, -7.258771984570635105 ) ) ;
#1132 = CARTESIAN_POINT ( 'NONE',  ( 6.917525045863757605, 4.700000000000002842, -7.618724249269455129 ) ) ;
#1133 = CARTESIAN_POINT ( 'NONE',  ( -8.873677329212725340, 4.992931548238441763, -7.145685793431673538 ) ) ;
#1134 = CARTESIAN_POINT ( 'NONE',  ( -7.260909522481346023, 3.498968746591615719, 8.454857122943908010 ) ) ;
#1135 = CARTESIAN_POINT ( 'NONE',  ( -8.873677329212725340, 5.049627976809870411, -7.145685793431673538 ) ) ;
#1136 = CARTESIAN_POINT ( 'NONE',  ( 7.667534833673182781, 4.349981655661465219, 8.628171667298152769 ) ) ;
#1137 = FACE_BOUND ( 'NONE', #4440, .T. ) ;
#1138 = SURFACE_STYLE_USAGE ( .BOTH. , #5685 ) ;
#1139 = CARTESIAN_POINT ( 'NONE',  ( 0.000000000000000000, 2.500000000000000000, 0.000000000000000000 ) ) ;
#1140 = B_SPLINE_CURVE_WITH_KNOTS ( 'NONE', 1,
 ( #4981, #6871 ),
 .UNSPECIFIED., .F., .F.,
 ( 2, 2 ),
 ( 0.000000000000000000, 1.000000000000000000 ),
 .UNSPECIFIED. ) ;
#1141 = CARTESIAN_POINT ( 'NONE',  ( 7.700741279712945087, 5.827041996481037600, -6.841385279730205049 ) ) ;
#1142 = EDGE_CURVE ( 'NONE', #5075, #3595, #1754, .T. ) ;
#1143 = B_SPLINE_CURVE_WITH_KNOTS ( 'NONE', 3,
 ( #7995, #1136, #4372, #8118, #2531, #1224, #4331, #1903, #1271, #3832, #2363, #1728, #6847, #5551, #6347, #2445, #3697, #7482, #4415, #5595, #6263, #6303, #3744, #498, #7027, #8205, #1086, #4459, #6224, #6391, #4915, #7661, #6935, #8249, #631, #4283, #453, #5683, #3658, #8161, #3788, #586, #1182, #2486, #3025, #2405, #3159, #3066, #4959, #5046, #5005, #7615, #542, #7571, #7528, #3112, #1772, #6894, #1859, #5638, #1812, #5722, #6978, #8291 ),
 .UNSPECIFIED., .F., .F.,
 ( 4, 2, 2, 1, 1, 1, 1, 2, 2, 2, 2, 1, 1, 2, 2, 1, 2, 2, 2, 2, 2, 2, 2, 1, 2, 2, 2, 2, 2, 2, 1, 1, 1, 1, 2, 2, 2, 4 ),
 ( 0.5000042337160982564, 0.5625037045015333081, 0.5937534398942507785, 0.6093783075906090696, 0.6171907414387882707, 0.6210969583628779267, 0.6230500668249224772, 0.6240266210559447524, 0.6250031752869670276, 0.6406280429833426382, 0.6484404768315301659, 0.6523466937556239298, 0.6542998022176709227, 0.6552763564486944192, 0.6562529106797179157, 0.6718777783760928601, 0.6796902122242804989, 0.6875026460724680266, 0.7187523814652161391, 0.7343772491615907505, 0.7500021168579653619, 0.7812518522507138075, 0.7968767199470883078, 0.8046891537952753914, 0.8085953707193688222, 0.8125015876434622530, 0.8437513230362129191, 0.8593761907325884186, 0.8750010584289638071, 0.9062507938217151393, 0.9218756615180911940, 0.9296880953662793878, 0.9335943122903731517, 0.9355474207524201447, 0.9365239749834437522, 0.9375005292144672486, 0.9687502646072336798, 1.000000000000000000 ),
 .UNSPECIFIED. ) ;
#1144 = CARTESIAN_POINT ( 'NONE',  ( 8.873677329212773301, 3.783407738714632984, -7.145685793431626465 ) ) ;
#1145 = ORIENTED_EDGE ( 'NONE', *, *, #1776, .T. ) ;
#1146 = CARTESIAN_POINT ( 'NONE',  ( -8.325925961132364606, 3.670014881571775689, 8.726907792482577975 ) ) ;
#1147 = CARTESIAN_POINT ( 'NONE',  ( -6.682671856891298390, 3.386532738714632895, -7.145685793431673538 ) ) ;
#1148 = FACE_BOUND ( 'NONE', #6218, .T. ) ;
#1149 = CARTESIAN_POINT ( 'NONE',  ( 6.928174593051957153, 3.452678572667359447, 7.778174593052089136 ) ) ;
#1150 = CARTESIAN_POINT ( 'NONE',  ( 7.834975766346322423, 4.364868279336803880, 8.626341472168601143 ) ) ;
#1151 = CARTESIAN_POINT ( 'NONE',  ( -8.588127389835266356, 3.361461026896155335, -7.512897815413851710 ) ) ;
#1152 = CARTESIAN_POINT ( 'NONE',  ( -7.230423224971658236, 3.499925595857492855, -8.726907792482567316 ) ) ;
#1153 = CARTESIAN_POINT ( 'NONE',  ( -6.682671856891293061, 4.747247024428918216, 8.410663392672399041 ) ) ;
#1154 = EDGE_CURVE ( 'NONE', #4542, #4537, #2760, .T. ) ;
#1155 = ORIENTED_EDGE ( 'NONE', *, *, #497, .F. ) ;
#1156 = CARTESIAN_POINT ( 'NONE',  ( 7.834975766329696611, 3.457725422192743370, -6.930007713934388747 ) ) ;
#1157 = CARTESIAN_POINT ( 'NONE',  ( -8.483227942448721137, 3.382297883653714976, 8.252940781249595403 ) ) ;
#1158 = CARTESIAN_POINT ( 'NONE',  ( 6.682671856891243323, 4.010193453000346686, 7.145685793431728605 ) ) ;
#1159 =( BOUNDED_CURVE ( )  B_SPLINE_CURVE ( 2, ( #6451, #6949, #6405, #5695, #7672, #693, #646, #3222, #3756, #5828, #2009, #1919, #5190, #598, #4562, #6359, #6497, #5060, #2629, #2673, #4474, #7123, #1872, #1284, #6992, #1371, #5871, #4428, #7801, #5780, #737, #3312, #5232, #3174, #4386, #6316, #1240 ),
 .UNSPECIFIED., .F., .F. ) 
 B_SPLINE_CURVE_WITH_KNOTS ( ( 3, 2, 2, 2, 2, 2, 2, 2, 2, 2, 2, 2, 2, 2, 2, 2, 2, 2, 3 ),
 ( 0.000000000000000000, 0.04166666666666666435, 0.08333333333333332871, 0.1250000000000000000, 0.1666666666666666574, 0.2083333333333333426, 0.2500000000000000000, 0.2916666666666666852, 0.3333333333333333148, 0.3750000000000000000, 0.4166666666666666852, 0.4583333333333333148, 0.5000000000000000000, 0.5416666666666666297, 0.5833333333333333703, 0.6250000000000000000, 0.6666666666666666297, 0.7083333333333333703, 0.7179568241603142553 ),
 .UNSPECIFIED. ) 
 CURVE ( )  GEOMETRIC_REPRESENTATION_ITEM ( )  RATIONAL_B_SPLINE_CURVE ( ( 1.000000000000000000, 0.8660254037844387076, 1.000000000000000000, 0.8660254037844387076, 1.000000000000000000, 0.8660254037844387076, 1.000000000000000000, 0.8660254037844387076, 1.000000000000000000, 0.8660254037844387076, 1.000000000000000000, 0.8660254037844387076, 1.000000000000000000, 0.8660254037844387076, 1.000000000000000000, 0.8660254037844387076, 1.000000000000000000, 0.8660254037844387076, 1.000000000000000000, 0.8660254037844387076, 1.000000000000000000, 0.8660254037844387076, 1.000000000000000000, 0.8660254037844387076, 1.000000000000000000, 0.8660254037844387076, 1.000000000000000000, 0.8660254037844387076, 1.000000000000000000, 0.8660254037844387076, 1.000000000000000000, 0.8660254037844387076, 1.000000000000000000, 0.8660254037844387076, 1.000000000000000000, 0.9690567208545057820, 0.9524069951336535667 ) ) 
 REPRESENTATION_ITEM ( '' )  );
#1160 = DIRECTION ( 'NONE',  ( 0.000000000000000000, 0.000000000000000000, 1.000000000000000000 ) ) ;
#1161 = CARTESIAN_POINT ( 'NONE',  ( 8.628174593051957331, 5.493750001238788094, 7.778174593052089136 ) ) ;
#1162 = CARTESIAN_POINT ( 'NONE',  ( 7.778174593052059826, 4.133035714285714590, -8.759670050674348118 ) ) ;
#1163 = CARTESIAN_POINT ( 'NONE',  ( -7.778174593052010977, 4.246428572667359624, 6.928174593052038865 ) ) ;
#1164 = ORIENTED_EDGE ( 'NONE', *, *, #7347, .F. ) ;
#1165 = ORIENTED_EDGE ( 'NONE', *, *, #1585, .F. ) ;
#1166 = AXIS2_PLACEMENT_3D ( 'NONE', #3874, #4585, #5173 ) ;
#1167 = DIRECTION ( 'NONE',  ( 0.000000000000000000, 0.000000000000000000, -1.000000000000000000 ) ) ;
#1168 = CARTESIAN_POINT ( 'NONE',  ( 7.778174593052059826, 4.614955357762251076, -6.513196993811266822 ) ) ;
#1169 = DIRECTION ( 'NONE',  ( -1.000000000000000000, 0.000000000000000000, 0.000000000000000000 ) ) ;
#1170 = DIRECTION ( 'NONE',  ( 0.000000000000000000, 0.000000000000000000, 1.000000000000000000 ) ) ;
#1171 = ORIENTED_EDGE ( 'NONE', *, *, #1278, .F. ) ;
#1172 = CARTESIAN_POINT ( 'NONE',  ( 8.628174593052058583, 4.095238096476883527, -7.287426864240803326 ) ) ;
#1173 = CARTESIAN_POINT ( 'NONE',  ( 13.35102992281864864, 3.700000000000000178, 1.999999999999763745 ) ) ;
#1174 = AXIS2_PLACEMENT_3D ( 'NONE', #2132, #5278, #2788 ) ;
#1175 = EDGE_LOOP ( 'NONE', ( #3955, #8111, #7565, #2399 ) ) ;
#1176 = VERTEX_POINT ( 'NONE', #1427 ) ;
#1177 = CARTESIAN_POINT ( 'NONE',  ( -8.603753563872583499, 3.775998723033139548, -7.982708952245608280 ) ) ;
#1178 = CARTESIAN_POINT ( 'NONE',  ( 0.000000000000000000, 2.500000000000000000, -4.500000000000000000 ) ) ;
#1179 = CARTESIAN_POINT ( 'NONE',  ( -6.928174593052012220, 5.040178572667359802, -7.778174593052033181 ) ) ;
#1180 = CARTESIAN_POINT ( 'NONE',  ( -7.140627168465841557, 3.513371110006208831, 8.341057019568685504 ) ) ;
#1181 = CARTESIAN_POINT ( 'NONE',  ( 8.162744201653010734, 6.002206894518259617, 8.803958420705871646 ) ) ;
#1182 = CARTESIAN_POINT ( 'NONE',  ( 6.989255503511664358, 4.219337325955942575, 7.461698879132784512 ) ) ;
#1183 =( LENGTH_UNIT ( ) NAMED_UNIT ( * ) SI_UNIT ( .MILLI., .METRE. ) );
#1184 = CARTESIAN_POINT ( 'NONE',  ( -8.325925961132364606, 4.123586310143203981, 8.726907792482577975 ) ) ;
#1185 = CARTESIAN_POINT ( 'NONE',  ( 8.203174593052059649, 5.569345239334026587, -8.514296186268758504 ) ) ;
#1186 = CARTESIAN_POINT ( 'NONE',  ( 7.550412930400714373, 3.545815315554818881, 8.628171793431679504 ) ) ;
#1187 = ORIENTED_EDGE ( 'NONE', *, *, #4878, .F. ) ;
#1188 = CARTESIAN_POINT ( 'NONE',  ( 0.000000000000000000, 5.200000000000000178, 0.000000000000000000 ) ) ;
#1189 = CARTESIAN_POINT ( 'NONE',  ( -8.873677329212725340, 3.688913691095585534, -7.145685793431673538 ) ) ;
#1190 = DIRECTION ( 'NONE',  ( 0.000000000000000000, 1.000000000000000000, 0.000000000000000000 ) ) ;
#1191 = CARTESIAN_POINT ( 'NONE',  ( 8.628174593051957331, 3.679464286953074037, 7.778174593052089136 ) ) ;
#1192 = CARTESIAN_POINT ( 'NONE',  ( 6.682671856891347240, 3.103050595857490102, -8.410663392672345751 ) ) ;
#1193 = CARTESIAN_POINT ( 'NONE',  ( -8.395792808387216866, 3.283988180636943088, -8.362801238763113432 ) ) ;
#1194 = FACE_BOUND ( 'NONE', #4774, .T. ) ;
#1195 = B_SPLINE_CURVE_WITH_KNOTS ( 'NONE', 3,
 ( #6278, #8174, #379, #6193, #2910, #1660, #8219, #2332, #6736, #2416, #6775, #4345, #7583, #4888, #4843, #4972, #7543, #3623, #1785, #7452, #8130, #7407, #5650, #2375, #1701, #4255, #6907, #426, #1151, #511, #2459, #3545, #4215, #1014, #3078, #1826, #3583, #974, #6105, #6818, #339, #5474, #7720, #2499, #558, #3847, #3934, #95, #1193, #3804, #5152, #9, #7083, #3129, #8263, #3272, #2590, #7761, #7038, #1966, #7631, #4519, #1332, #53 ),
 .UNSPECIFIED., .F., .F.,
 ( 4, 2, 2, 1, 1, 1, 1, 2, 2, 2, 2, 1, 1, 2, 2, 1, 2, 2, 2, 2, 2, 2, 2, 1, 2, 2, 2, 2, 2, 2, 1, 1, 1, 1, 2, 2, 2, 4 ),
 ( 0.5000042337161244577, 0.5625037045016543225, 0.5937534398944191993, 0.6093783075908012492, 0.6171907414389922186, 0.6210969583630877588, 0.6230500668251358620, 0.6240266210561599136, 0.6250031752871839652, 0.6406280429835498058, 0.6484404768317332257, 0.6523466937558248802, 0.6542998022178705408, 0.6552763564488932602, 0.6562529106799159795, 0.6718777783762853728, 0.6796902122244700140, 0.6875026460726546551, 0.7187523814653929977, 0.7343772491617618359, 0.7500021168581307851, 0.7812518522508692387, 0.7968767199472390761, 0.8046891537954243834, 0.8085953707195171480, 0.8125015876436099127, 0.8437513230363480332, 0.8593761907327167604, 0.8750010584290853766, 0.9062507938218227199, 0.9218756615181916692, 0.9296880953663755331, 0.9335943122904676317, 0.9355474207525140695, 0.9365239749835372329, 0.9375005292145601743, 0.9687502646072800871, 1.000000000000000000 ),
 .UNSPECIFIED. ) ;
#1196 = CARTESIAN_POINT ( 'NONE',  ( -3.840629472727446691E-14, 2.500000000000000000, 11.00000000000000000 ) ) ;
#1197 = ORIENTED_EDGE ( 'NONE', *, *, #2333, .T. ) ;
#1198 = CARTESIAN_POINT ( 'NONE',  ( 8.628174593051957331, 4.170833334572121132, 7.287426864240906355 ) ) ;
#1199 = CARTESIAN_POINT ( 'NONE',  ( 8.162695897411111901, 6.058899989852309709, 8.803976528822117231 ) ) ;
#1200 = CARTESIAN_POINT ( 'NONE',  ( -6.682671856891298390, 3.877901786333680434, -7.778174593052033181 ) ) ;
#1201 = LINE ( 'NONE', #7808, #1368 ) ;
#1202 = CARTESIAN_POINT ( 'NONE',  ( 8.325925961132314868, 3.499925595857490190, 6.829441393621548784 ) ) ;
#1203 = ADVANCED_FACE ( 'NONE', ( #1582 ), #3515, .T. ) ;
#1204 = DIRECTION ( 'NONE',  ( 0.000000000000000000, 0.000000000000000000, -1.000000000000000000 ) ) ;
#1205 =( BOUNDED_CURVE ( )  B_SPLINE_CURVE ( 2, ( #6423, #3237, #26 ),
 .UNSPECIFIED., .F., .F. ) 
 B_SPLINE_CURVE_WITH_KNOTS ( ( 3, 3 ),
 ( 0.000000000000000000, 0.0002967786126534191363 ),
 .UNSPECIFIED. ) 
 CURVE ( )  GEOMETRIC_REPRESENTATION_ITEM ( )  RATIONAL_B_SPLINE_CURVE ( ( 0.9330127018922194093, 0.9330127018922196314, 0.9621114480028394311 ) ) 
 REPRESENTATION_ITEM ( '' )  );
#1206 = ORIENTED_EDGE ( 'NONE', *, *, #126, .F. ) ;
#1207 = EDGE_LOOP ( 'NONE', ( #2356, #983, #7116, #7738 ) ) ;
#1208 = CARTESIAN_POINT ( 'NONE',  ( -7.056301585082001004, 4.513546039037302116, 7.328499066420786967 ) ) ;
#1209 = DIRECTION ( 'NONE',  ( 1.000000000000000000, 0.000000000000000000, -0.000000000000000000 ) ) ;
#1210 = CARTESIAN_POINT ( 'NONE',  ( -7.888814352430817856, 4.349981655661380842, 8.628171667298095926 ) ) ;
#1211 = CARTESIAN_POINT ( 'NONE',  ( -8.628174593052010621, 3.452678572667359447, -7.778174593052033181 ) ) ;
#1212 = ORIENTED_EDGE ( 'NONE', *, *, #8140, .F. ) ;
#1213 = CARTESIAN_POINT ( 'NONE',  ( 8.203174593052059649, 4.208630953619740822, -8.514296186268758504 ) ) ;
#1214 = EDGE_CURVE ( 'NONE', #2933, #6334, #6181, .T. ) ;
#1215 = CARTESIAN_POINT ( 'NONE',  ( 7.013487247083864062, 4.667288638879652396, 7.402719419682875390 ) ) ;
#1216 = AXIS2_PLACEMENT_3D ( 'NONE', #5995, #7249, #4062 ) ;
#1217 = ORIENTED_EDGE ( 'NONE', *, *, #7258, .T. ) ;
#1218 = VERTEX_POINT ( 'NONE', #3005 ) ;
#1219 = CARTESIAN_POINT ( 'NONE',  ( -8.483227942448674952, 3.835869312225174355, -7.303408404854404345 ) ) ;
#1220 = CARTESIAN_POINT ( 'NONE',  ( -7.778174593052011865, 3.481026786333680345, -9.043152192292751579 ) ) ;
#1221 = CARTESIAN_POINT ( 'NONE',  ( -6.928174593052012220, 4.548809525048312707, -7.287426864240853064 ) ) ;
#1222 = CARTESIAN_POINT ( 'NONE',  ( 0.000000000000000000, 1.500000000000000000, -7.000000000000000000 ) ) ;
#1223 = CARTESIAN_POINT ( 'NONE',  ( 7.230423224971601392, 5.333110119667013649, 6.829441393621548784 ) ) ;
#1224 = CARTESIAN_POINT ( 'NONE',  ( 7.285300625177150380, 4.315171625379672804, 8.471240256033189198 ) ) ;
#1225 = CARTESIAN_POINT ( 'NONE',  ( 7.778174593051956798, 4.700000000000000178, 6.928174593052088603 ) ) ;
#1226 = CARTESIAN_POINT ( 'NONE',  ( -7.452254034015798112, 4.699999999999976197, 6.926788167158602683 ) ) ;
#1227 = CARTESIAN_POINT ( 'NONE',  ( -6.682671856891293061, 3.859002976809870589, 7.145685793431678867 ) ) ;
#1228 = EDGE_CURVE ( 'NONE', #8281, #525, #3046, .T. ) ;
#1229 = PRESENTATION_LAYER_ASSIGNMENT (  '', '', ( #4299 ) ) ;
#1230 = CARTESIAN_POINT ( 'NONE',  ( 8.603752632078188967, 3.549212670910028233, 7.982712808841602836 ) ) ;
#1231 = CARTESIAN_POINT ( 'NONE',  ( 7.353174593052060004, 4.284226191714978427, -8.514296186268758504 ) ) ;
#1232 = ORIENTED_EDGE ( 'NONE', *, *, #1142, .T. ) ;
#1233 = CARTESIAN_POINT ( 'NONE',  ( -8.337804872094933373, 4.637505619601002493, -8.420262048233988494 ) ) ;
#1234 = UNCERTAINTY_MEASURE_WITH_UNIT (LENGTH_MEASURE( 1.000000000000000082E-05 ), #2103, 'distance_accuracy_value', 'NONE');
#1235 = AXIS2_PLACEMENT_3D ( 'NONE', #4755, #4791, #2237 ) ;
#1236 = CARTESIAN_POINT ( 'NONE',  ( 7.778174593051956798, 3.200000000000000178, 7.778174593052089136 ) ) ;
#1237 = CARTESIAN_POINT ( 'NONE',  ( 7.500060696003485461, 3.704287797929768811, 6.972997566705768868 ) ) ;
#1238 = CARTESIAN_POINT ( 'NONE',  ( 7.778174593052059826, 3.200000000000000178, -6.528174593051986108 ) ) ;
#1239 = CARTESIAN_POINT ( 'NONE',  ( 8.873677329212773301, 4.312574405381298881, -8.410663392672345751 ) ) ;
#1240 = CARTESIAN_POINT ( 'NONE',  ( 7.022809332273748595, 3.200000000000000622, -6.984732996118143689 ) ) ;
#1241 = CARTESIAN_POINT ( 'NONE',  ( 7.353174593052060004, 3.830654763143550134, -8.514296186268758504 ) ) ;
#1242 = CARTESIAN_POINT ( 'NONE',  ( 6.989255503511776269, 4.219337325955859974, -8.094650306971315601 ) ) ;
#1243 = CARTESIAN_POINT ( 'NONE',  ( -7.393669300606906525, 3.057618973432515208, 6.752366655367150194 ) ) ;
#1244 = ORIENTED_EDGE ( 'NONE', *, *, #2107, .T. ) ;
#1245 = CARTESIAN_POINT ( 'NONE',  ( -6.931666348063218130, 3.558598463358361830, -7.683444766167244921 ) ) ;
#1246 = FACE_BOUND ( 'NONE', #7637, .T. ) ;
#1247 = AXIS2_PLACEMENT_3D ( 'NONE', #3328, #113, #5924 ) ;
#1248 = CARTESIAN_POINT ( 'NONE',  ( -7.855623334010893188, 3.232780805393402179, -8.714954999233386346 ) ) ;
#1249 = AXIS2_PLACEMENT_3D ( 'NONE', #5172, #4768, #6031 ) ;
#1250 = DIRECTION ( 'NONE',  ( -0.000000000000000000, -1.000000000000000000, -0.000000000000000000 ) ) ;
#1251 = CARTESIAN_POINT ( 'NONE',  ( 8.873677329212773301, 3.386532738714632895, -7.145685793431626465 ) ) ;
#1252 = CARTESIAN_POINT ( 'NONE',  ( -6.928174593052012220, 4.926785714285713880, -7.778174593052033181 ) ) ;
#1253 = ORIENTED_EDGE ( 'NONE', *, *, #6604, .T. ) ;
#1254 = ORIENTED_EDGE ( 'NONE', *, *, #7715, .F. ) ;
#1255 = DIRECTION ( 'NONE',  ( 0.000000000000000000, 0.000000000000000000, 1.000000000000000000 ) ) ;
#1256 = CARTESIAN_POINT ( 'NONE',  ( 8.325925961132416120, 5.559895833952727351, -6.829441393621446643 ) ) ;
#1257 = CARTESIAN_POINT ( 'NONE',  ( -8.553273023565710176, 4.276665784560512051, 8.127351619629148871 ) ) ;
#1258 = CARTESIAN_POINT ( 'NONE',  ( -8.203174593052008134, 3.377083334572121842, 7.042052999835266114 ) ) ;
#1259 = ORIENTED_EDGE ( 'NONE', *, *, #4096, .T. ) ;
#1260 = CARTESIAN_POINT ( 'NONE',  ( 7.778174593051956798, 4.700000000000000178, 8.628174593052088781 ) ) ;
#1261 = CARTESIAN_POINT ( 'NONE',  ( -7.073126102289158723, 4.062655798398576934, 7.303401189488627487 ) ) ;
#1262 = CARTESIAN_POINT ( 'NONE',  ( 7.160552410309316329, 4.644702980692734684, 7.193552127938797724 ) ) ;
#1263 = ORIENTED_EDGE ( 'NONE', *, *, #5272, .F. ) ;
#1264 = ORIENTED_EDGE ( 'NONE', *, *, #6153, .F. ) ;
#1265 = CARTESIAN_POINT ( 'NONE',  ( -8.576199853979893817, 3.767993599433173468, -8.070955371429937131 ) ) ;
#1266 = EDGE_CURVE ( 'NONE', #3453, #1627, #124, .T. ) ;
#1267 = CARTESIAN_POINT ( 'NONE',  ( 8.628174593051957331, 4.926785714285713880, 7.778174593052089136 ) ) ;
#1268 = CARTESIAN_POINT ( 'NONE',  ( -8.584330172942022941, 4.223656002421757982, -8.048455373180985362 ) ) ;
#1269 = CARTESIAN_POINT ( 'NONE',  ( -8.873677329212721787, 3.594419643476537196, 7.778174593052038510 ) ) ;
#1270 = CARTESIAN_POINT ( 'NONE',  ( -6.682671856891298390, 5.238616072047966199, -7.778174593052033181 ) ) ;
#1271 = CARTESIAN_POINT ( 'NONE',  ( 7.197265208604679998, 4.306036332713651049, 8.398761362308961864 ) ) ;
#1272 = CARTESIAN_POINT ( 'NONE',  ( -7.778174593052010977, 3.934598214905108637, -9.043152192292751579 ) ) ;
#1273 = CYLINDRICAL_SURFACE ( 'NONE', #5949, 1.249999999999999334 ) ;
#1274 = CARTESIAN_POINT ( 'NONE',  ( 7.974957366870095932, 3.470199092121952322, 8.605559655371354921 ) ) ;
#1275 = CARTESIAN_POINT ( 'NONE',  ( 7.778174593052059826, 3.566071429810216742, -6.796679135429623209 ) ) ;
#1276 = VERTEX_POINT ( 'NONE', #4980 ) ;
#1277 = CARTESIAN_POINT ( 'NONE',  ( -8.468758319979473370, 4.654796762738040883, -8.274558967480089677 ) ) ;
#1278 = EDGE_CURVE ( 'NONE', #2121, #5340, #2326, .T. ) ;
#1279 = CARTESIAN_POINT ( 'NONE',  ( -8.325925961132368158, 3.216443453000346953, -6.829441393621494605 ) ) ;
#1280 = CARTESIAN_POINT ( 'NONE',  ( 7.778174593051956798, 3.679464285714285854, 6.928174593052087715 ) ) ;
#1281 = CARTESIAN_POINT ( 'NONE',  ( 8.472238909781900418, 4.064375339707795298, -8.268924745766998541 ) ) ;
#1282 = VERTEX_POINT ( 'NONE', #7234 ) ;
#1283 = CARTESIAN_POINT ( 'NONE',  ( 7.778174593052059826, 3.310937500619394847, -6.513196993811266822 ) ) ;
#1284 = CARTESIAN_POINT ( 'NONE',  ( 6.682671856891347240, 3.632217262524156443, -7.145685793431625576 ) ) ;
#1285 = EDGE_CURVE ( 'NONE', #5328, #7510, #6285, .T. ) ;
#1286 = CARTESIAN_POINT ( 'NONE',  ( 6.928174593052061070, 3.868452382191168937, -8.268922321863167113 ) ) ;
#1287 = CARTESIAN_POINT ( 'NONE',  ( 7.140620188070498919, 4.193729183758050816, -8.341049088972448899 ) ) ;
#1288 = CARTESIAN_POINT ( 'NONE',  ( -8.325925961132364606, 4.180282738714632629, 8.726907792482577975 ) ) ;
#1289 = ORIENTED_EDGE ( 'NONE', *, *, #3401, .T. ) ;
#1290 = CARTESIAN_POINT ( 'NONE',  ( -7.162538296656128622, 3.621729844682282096, -8.364936922658166907 ) ) ;
#1291 = CARTESIAN_POINT ( 'NONE',  ( 0.000000000000000000, 5.500000000000000000, 0.000000000000000000 ) ) ;
#1292 = CARTESIAN_POINT ( 'NONE',  ( -6.682671856891298390, 4.369270833952727529, -8.410663392672393712 ) ) ;
#1293 = B_SPLINE_CURVE_WITH_KNOTS ( 'NONE', 3,
 ( #4410, #5718, #624, #3826, #2400, #6386, #3202, #3692, #6219, #7656, #6298, #448, #1898, #7522, #7611, #3652, #537, #1131, #2481, #8156, #1854, #3106, #1219, #5041, #5589, #4455, #6341, #6889, #6973, #8335, #6257, #492, #3783, #581, #7022, #3061, #3153, #1177, #4952, #3020, #1265, #5764, #5676, #5633, #4911, #1767, #8286, #7477, #2440, #2526, #5088, #1722, #4278, #4325, #8199, #5000, #1807, #6841, #1081, #7567, #4367, #6929, #3739, #8243 ),
 .UNSPECIFIED., .F., .F.,
 ( 4, 2, 2, 1, 1, 1, 1, 2, 2, 2, 2, 1, 1, 2, 2, 1, 2, 2, 2, 2, 2, 2, 2, 1, 2, 2, 2, 2, 2, 2, 1, 1, 1, 1, 2, 2, 2, 4 ),
 ( 0.5000042337161102468, 0.5625037045016446635, 0.5937534398944124270, 0.6093783075907962532, 0.6171907414389879998, 0.6210969583630838731, 0.6230500668251315322, 0.6240266210561555837, 0.6250031752871796353, 0.6406280429835493617, 0.6484404768317343359, 0.6523466937558266565, 0.6542998022178728723, 0.6552763564488960357, 0.6562529106799190881, 0.6718777783762900357, 0.6796902122244755651, 0.6875026460726609834, 0.7187523814654037668, 0.7343772491617754916, 0.7500021168581472164, 0.7812518522508906660, 0.7968767199472629459, 0.8046891537954494744, 0.8085953707195432383, 0.8125015876436367801, 0.8437513230363827832, 0.8593761907327559513, 0.8750010584291290083, 0.9062507938218737902, 0.9218756615182460701, 0.9296880953664314884, 0.9335943122905242531, 0.9355474207525702468, 0.9365239749835931882, 0.9375005292146161295, 0.9687502646073080648, 1.000000000000000000 ),
 .UNSPECIFIED. ) ;
#1294 = DIRECTION ( 'NONE',  ( -0.000000000000000000, -1.000000000000000000, -0.000000000000000000 ) ) ;
#1295 = CARTESIAN_POINT ( 'NONE',  ( 7.778174593052059826, 3.991294643476536841, -9.043152192292705394 ) ) ;
#1296 = ADVANCED_FACE ( 'NONE', ( #4559 ), #1366, .T. ) ;
#1297 = ORIENTED_EDGE ( 'NONE', *, *, #6125, .T. ) ;
#1298 = CARTESIAN_POINT ( 'NONE',  ( -7.778174593052004759, 3.792857144095930888, 6.928174593052037977 ) ) ;
#1299 = ORIENTED_EDGE ( 'NONE', *, *, #3390, .T. ) ;
#1300 = EDGE_LOOP ( 'NONE', ( #910, #4312, #5706, #1547 ) ) ;
#1301 = CARTESIAN_POINT ( 'NONE',  ( 0.000000000000000000, 1.000000000000000000, 7.000000000000000000 ) ) ;
#1302 = CARTESIAN_POINT ( 'NONE',  ( 8.325925961132416120, 4.255877976809873786, -6.829441393621450196 ) ) ;
#1303 = CARTESIAN_POINT ( 'NONE',  ( -7.873038513834496044, 4.141472491554170077, 6.928174593052041530 ) ) ;
#1304 = DIRECTION ( 'NONE',  ( 0.000000000000000000, 0.000000000000000000, -1.000000000000000000 ) ) ;
#1305 = EDGE_LOOP ( 'NONE', ( #6924, #612, #6, #3002 ) ) ;
#1306 = DIRECTION ( 'NONE',  ( 0.000000000000000000, 0.000000000000000000, 1.000000000000000000 ) ) ;
#1307 = CARTESIAN_POINT ( 'NONE',  ( -6.972020730594983284, 3.996869815564144002, 8.048460531213132541 ) ) ;
#1308 = CARTESIAN_POINT ( 'NONE',  ( 0.000000000000000000, 0.000000000000000000, 0.000000000000000000 ) ) ;
#1309 = ORIENTED_EDGE ( 'NONE', *, *, #143, .T. ) ;
#1310 = VERTEX_POINT ( 'NONE', #3309 ) ;
#1311 = CARTESIAN_POINT ( 'NONE',  ( 8.628174115639136943, 3.562628984973634783, -7.733481045458681535 ) ) ;
#1312 = PLANE ( 'NONE',  #1166 ) ;
#1313 = CARTESIAN_POINT ( 'NONE',  ( -8.619106558787153816, 4.256596611146363784, -7.651305159753039042 ) ) ;
#1314 = CARTESIAN_POINT ( 'NONE',  ( -7.778174593052006536, 4.388169643476537374, 6.513196993811319224 ) ) ;
#1315 = CARTESIAN_POINT ( 'NONE',  ( -8.873677329212725340, 5.824479167286061632, -8.410663392672393712 ) ) ;
#1316 = SURFACE_SIDE_STYLE ('',( #1951 ) ) ;
#1317 = CARTESIAN_POINT ( 'NONE',  ( -7.230423224971654683, 3.292038691095585001, -6.829441393621495493 ) ) ;
#1318 = CARTESIAN_POINT ( 'NONE',  ( -7.353174593052007602, 4.511011906000692129, 8.514296186268811795 ) ) ;
#1319 = CIRCLE ( 'NONE', #6267, 1.249999999999999334 ) ;
#1320 = CARTESIAN_POINT ( 'NONE',  ( 0.000000000000000000, 1.500000000000000000, 7.000000000000000000 ) ) ;
#1321 = EDGE_CURVE ( 'NONE', #147, #8197, #5868, .T. ) ;
#1322 = CARTESIAN_POINT ( 'NONE',  ( 8.604095356822009322, 3.583168388294802220, 7.569836634157118382 ) ) ;
#1323 = CARTESIAN_POINT ( 'NONE',  ( 7.230423224971704421, 3.216443453000346953, -6.829441393621446643 ) ) ;
#1324 = ORIENTED_EDGE ( 'NONE', *, *, #7891, .F. ) ;
#1325 = CARTESIAN_POINT ( 'NONE',  ( 6.919758561946994568, 3.199999999999999734, -7.082838480254697977 ) ) ;
#1326 = CARTESIAN_POINT ( 'NONE',  ( 8.005931406618513435, 3.319030032525245311, -8.628174593051983976 ) ) ;
#1327 = CARTESIAN_POINT ( 'NONE',  ( -6.980151383851492142, 3.994778792181478355, -7.485388217487222384 ) ) ;
#1328 = CARTESIAN_POINT ( 'NONE',  ( -11.00000000000000000, 2.500000000000000000, -7.681258945454893382E-14 ) ) ;
#1329 = CARTESIAN_POINT ( 'NONE',  ( 8.359075473184571337, 4.079251541806944381, -8.398769325071473446 ) ) ;
#1330 = ORIENTED_EDGE ( 'NONE', *, *, #1379, .F. ) ;
#1331 = CARTESIAN_POINT ( 'NONE',  ( 8.873677329212773301, 3.367633929190823494, -7.778174593051986108 ) ) ;
#1332 = CARTESIAN_POINT ( 'NONE',  ( -7.873038513845258990, 3.234329634412285159, -8.628174593052033714 ) ) ;
#1333 = CARTESIAN_POINT ( 'NONE',  ( 7.353174593052060892, 3.981845239334026232, -7.042052999835212823 ) ) ;
#1334 = CARTESIAN_POINT ( 'NONE',  ( 7.160556377716992493, 4.191131037779586066, -8.362801238763209355 ) ) ;
#1335 = CARTESIAN_POINT ( 'NONE',  ( -8.325925961132364606, 3.121949405381299503, 6.829441393621498158 ) ) ;
#1336 = ORIENTED_EDGE ( 'NONE', *, *, #2944, .T. ) ;
#1337 = CARTESIAN_POINT ( 'NONE',  ( -7.778174593052015418, 3.225892857142858450, -8.628174593052033714 ) ) ;
#1338 = CARTESIAN_POINT ( 'NONE',  ( 7.778174593052059826, 3.200000000000000178, -9.028174593051986108 ) ) ;
#1339 = CARTESIAN_POINT ( 'NONE',  ( 6.928174593052061070, 3.377083333333333659, -7.287426864240803326 ) ) ;
#1340 = ORIENTED_EDGE ( 'NONE', *, *, #7360, .T. ) ;
#1341 = CARTESIAN_POINT ( 'NONE',  ( -7.778174593052010977, 4.813392857142857473, -6.796679135429670282 ) ) ;
#1342 = EDGE_LOOP ( 'NONE', ( #747, #7730, #2571 ) ) ;
#1343 = B_SPLINE_CURVE_WITH_KNOTS ( 'NONE', 3,
 ( #8237, #4360, #1844, #5669, #2350, #1716, #2475, #6882, #7603, #3055, #5627, #3775, #6333, #575, #397, #4272, #6835, #1074, #7139, #7100, #68, #7779, #1939, #3290, #1431, #7692, #7737, #2563, #5846, #5123, #4619 ),
 .UNSPECIFIED., .F., .F.,
 ( 4, 2, 2, 1, 2, 2, 2, 2, 2, 2, 1, 1, 1, 1, 2, 2, 2, 4 ),
 ( 0.000000000000000000, 0.1250000000000321410, 0.1875000000000482947, 0.2187500000000563161, 0.2343750000000621725, 0.2500000000000680567, 0.3750000000000972000, 0.4375000000001118550, 0.5000000000001265654, 0.6250000000001570966, 0.6875000000001715295, 0.7187500000001796341, 0.7343750000001827427, 0.7421875000001844080, 0.7460937500001851852, 0.7500000000001859624, 0.8750000000000929257, 1.000000000000000000 ),
 .UNSPECIFIED. ) ;
#1344 = CARTESIAN_POINT ( 'NONE',  ( -7.084110276304159903, 4.517946768276754455, 7.287424440362663347 ) ) ;
#1345 = CARTESIAN_POINT ( 'NONE',  ( 7.778174593052059826, 5.068526786333681144, -6.513196993811266822 ) ) ;
#1346 = CARTESIAN_POINT ( 'NONE',  ( -8.451090607891201145, 4.294313728264935293, 8.297577201570470962 ) ) ;
#1347 = CARTESIAN_POINT ( 'NONE',  ( 7.162532737387971693, 3.848514867282090801, -7.191417996750304020 ) ) ;
#1348 = ORIENTED_EDGE ( 'NONE', *, *, #2146, .F. ) ;
#1349 = DIRECTION ( 'NONE',  ( 0.000000000000000000, 1.000000000000000000, 0.000000000000000000 ) ) ;
#1350 = CARTESIAN_POINT ( 'NONE',  ( 7.218544314009039731, 4.637505619601197893, 7.136087137870135599 ) ) ;
#1351 = VERTEX_POINT ( 'NONE', #999 ) ;
#1352 = ORIENTED_EDGE ( 'NONE', *, *, #7944, .T. ) ;
#1353 = FACE_OUTER_BOUND ( 'NONE', #1788, .T. ) ;
#1354 = CARTESIAN_POINT ( 'NONE',  ( -8.873677329212725340, 4.085788691095585179, -7.145685793431673538 ) ) ;
#1355 = CARTESIAN_POINT ( 'NONE',  ( -8.628174593052010621, 5.758333334572121487, -7.287426864240853064 ) ) ;
#1356 = CARTESIAN_POINT ( 'NONE',  ( -6.682671856891293061, 3.821205357762251786, 7.778174593052038510 ) ) ;
#1357 = CARTESIAN_POINT ( 'NONE',  ( -7.778174593052010977, 5.352008929190823494, -9.043152192292751579 ) ) ;
#1358 = CARTESIAN_POINT ( 'NONE',  ( -8.873677329212725340, 4.047991072047966377, -7.778174593052033181 ) ) ;
#1359 = CARTESIAN_POINT ( 'NONE',  ( -7.778174593052006536, 4.473214286953074215, 8.759670050674403186 ) ) ;
#1360 = CARTESIAN_POINT ( 'NONE',  ( 0.000000000000000000, 4.700000000000000178, 0.000000000000000000 ) ) ;
#1361 = CARTESIAN_POINT ( 'NONE',  ( 8.112795804698723856, 3.482386246678366160, 8.559539768680176408 ) ) ;
#1362 = CARTESIAN_POINT ( 'NONE',  ( 8.203174593052059649, 4.057440477429264725, -7.042052999835213711 ) ) ;
#1363 = EDGE_LOOP ( 'NONE', ( #806, #4750 ) ) ;
#1364 = CARTESIAN_POINT ( 'NONE',  ( -6.928174593052012220, 3.679464286953074037, -7.778174593052033181 ) ) ;
#1365 = FACE_OUTER_BOUND ( 'NONE', #5150, .T. ) ;
#1366 = CYLINDRICAL_SURFACE ( 'NONE', #687, 13.49999999999992539 ) ;
#1367 = CARTESIAN_POINT ( 'NONE',  ( -8.628174593052007069, 5.153571428571428470, 7.778174593052038510 ) ) ;
#1368 = VECTOR ( 'NONE', #1250, 1000.000000000000000 ) ;
#1369 = CARTESIAN_POINT ( 'NONE',  ( 8.627157752349107867, 4.023456897266767029, -7.827103431468128925 ) ) ;
#1370 = EDGE_CURVE ( 'NONE', #946, #2020, #2713, .T. ) ;
#1371 = CARTESIAN_POINT ( 'NONE',  ( 6.682671856891347240, 3.556622024428918838, -8.410663392672343974 ) ) ;
#1372 = CARTESIAN_POINT ( 'NONE',  ( -8.628174593052007069, 4.700000000000000178, 7.778174593052038510 ) ) ;
#1373 = CARTESIAN_POINT ( 'NONE',  ( 6.928175070456917162, 4.242986186115665248, -7.822867383923066242 ) ) ;
#1374 = VECTOR ( 'NONE', #2137, 1000.000000000000000 ) ;
#1375 = CARTESIAN_POINT ( 'NONE',  ( -6.682671856891293061, 5.654389881571775689, 8.410663392672399041 ) ) ;
#1376 = ORIENTED_EDGE ( 'NONE', *, *, #2497, .T. ) ;
#1377 = AXIS2_PLACEMENT_3D ( 'NONE', #1835, #4486, #658 ) ;
#1378 = CARTESIAN_POINT ( 'NONE',  ( -7.354451171414695843, 3.641569558219388103, -8.517104637924429511 ) ) ;
#1379 = EDGE_CURVE ( 'NONE', #5534, #7050, #2203, .T. ) ;
#1380 = CYLINDRICAL_SURFACE ( 'NONE', #4660, 0.8500000000000000888 ) ;
#1381 = CARTESIAN_POINT ( 'NONE',  ( 1.153535953297296195E-13, 2.500000000000000000, -9.899999999999996803 ) ) ;
#1382 = CARTESIAN_POINT ( 'NONE',  ( 8.628174593051959107, 3.213795044467159467, 7.935247309580470088 ) ) ;
#1383 = CARTESIAN_POINT ( 'NONE',  ( 8.268267334874053631, 3.050332904569292403, -8.764405011768461762 ) ) ;
#1384 = VERTEX_POINT ( 'NONE', #7274 ) ;
#1385 = CARTESIAN_POINT ( 'NONE',  ( -8.325925961132368158, 5.540997024428917506, -6.829441393621494605 ) ) ;
#1386 = AXIS2_PLACEMENT_3D ( 'NONE', #2155, #6600, #4114 ) ;
#1387 = CARTESIAN_POINT ( 'NONE',  ( -7.757725795739374597, 4.361639280227442406, 8.627963091206702018 ) ) ;
#1388 = ADVANCED_FACE ( 'NONE', ( #1646 ), #5503, .F. ) ;
#1389 = DIRECTION ( 'NONE',  ( -0.000000000000000000, -1.000000000000000000, -0.000000000000000000 ) ) ;
#1390 = CARTESIAN_POINT ( 'NONE',  ( -8.395792808387080086, 4.191131037779528334, 7.193547947340818816 ) ) ;
#1391 = CARTESIAN_POINT ( 'NONE',  ( -7.367361075967820305, 4.700000000000000178, -6.762616372605502413 ) ) ;
#1392 = DIRECTION ( 'NONE',  ( 0.000000000000000000, 0.000000000000000000, 1.000000000000000000 ) ) ;
#1393 = AXIS2_PLACEMENT_3D ( 'NONE', #1414, #7843, #6648 ) ;
#1394 = DIRECTION ( 'NONE',  ( -0.000000000000000000, -1.000000000000000000, -0.000000000000000000 ) ) ;
#1395 = ORIENTED_EDGE ( 'NONE', *, *, #7986, .T. ) ;
#1396 = ORIENTED_EDGE ( 'NONE', *, *, #2343, .T. ) ;
#1397 = CARTESIAN_POINT ( 'NONE',  ( 8.192503540720345256, 3.489105801603276991, -7.035120857197323829 ) ) ;
#1398 = DIRECTION ( 'NONE',  ( 0.000000000000000000, 1.000000000000000000, 0.000000000000000000 ) ) ;
#1399 = CARTESIAN_POINT ( 'NONE',  ( -8.422019096057278276, 4.298375692073440391, -7.223049557238329754 ) ) ;
#1400 = CARTESIAN_POINT ( 'NONE',  ( -6.682671856891293061, 3.329836310143204248, 8.410663392672399041 ) ) ;
#1401 = CARTESIAN_POINT ( 'NONE',  ( -7.778174593052010977, 5.295312500619395735, -9.043152192292751579 ) ) ;
#1402 = CARTESIAN_POINT ( 'NONE',  ( -8.325925961132368158, 4.123586310143203981, -6.829441393621494605 ) ) ;
#1403 = CARTESIAN_POINT ( 'NONE',  ( -7.778174593052006536, 4.700000001238787917, 6.796679135429674723 ) ) ;
#1404 = CARTESIAN_POINT ( 'NONE',  ( -7.778174593052006536, 4.246428572667359624, 6.796679135429674723 ) ) ;
#1405 = CARTESIAN_POINT ( 'NONE',  ( 8.468748936346127465, 3.520866773882440626, 8.274572035694115257 ) ) ;
#1406 = CARTESIAN_POINT ( 'NONE',  ( 8.628174593052060359, 3.641666667905455235, -7.287426864240805102 ) ) ;
#1407 = VERTEX_POINT ( 'NONE', #5420 ) ;
#1408 = CARTESIAN_POINT ( 'NONE',  ( 6.683426347833807846, 3.199999999999954436, -7.737523338124681516 ) ) ;
#1409 = CARTESIAN_POINT ( 'NONE',  ( 5.510910596163088569E-16, 1.500000000000000000, 4.500000000000000000 ) ) ;
#1410 = CARTESIAN_POINT ( 'NONE',  ( -1.999999999999869882, 4.700000000000000178, -13.35102992281870726 ) ) ;
#1411 = CARTESIAN_POINT ( 'NONE',  ( -7.778174593052006536, 4.813392857142857473, 8.759670050674403186 ) ) ;
#1412 = CARTESIAN_POINT ( 'NONE',  ( 1.152188841818234133E-13, 2.500000000000000000, -10.99999999999999822 ) ) ;
#1413 = ADVANCED_FACE ( 'NONE', ( #4161, #4790 ), #2236, .T. ) ;
#1414 = CARTESIAN_POINT ( 'NONE',  ( -7.778174593052007424, 4.700000000000000178, 7.778174593052038510 ) ) ;
#1415 = DIRECTION ( 'NONE',  ( 0.000000000000000000, 1.000000000000000000, 0.000000000000000000 ) ) ;
#1416 = CARTESIAN_POINT ( 'NONE',  ( 7.328795215354693582, 4.172703884275358099, -8.500184807446606428 ) ) ;
#1417 = CARTESIAN_POINT ( 'NONE',  ( -8.325925961132364606, 5.030729167286061454, 8.726907792482577975 ) ) ;
#1418 = CARTESIAN_POINT ( 'NONE',  ( -8.591283340752838171, 3.318521325695522162, 7.530015572057896733 ) ) ;
#1419 = CARTESIAN_POINT ( 'NONE',  ( -8.773333138241120821, 3.199999999999977529, 7.432365533489305065 ) ) ;
#1420 = EDGE_CURVE ( 'NONE', #6373, #3595, #5459, .T. ) ;
#1421 = CARTESIAN_POINT ( 'NONE',  ( 8.432949008363470611, 4.523683149483225918, 7.235818102472229896 ) ) ;
#1422 = CARTESIAN_POINT ( 'NONE',  ( 7.353174593051957864, 3.981845239334026232, 8.514296186268863309 ) ) ;
#1423 = ADVANCED_FACE ( 'NONE', ( #365 ), #2968, .F. ) ;
#1424 = ORIENTED_EDGE ( 'NONE', *, *, #5519, .F. ) ;
#1425 = CARTESIAN_POINT ( 'NONE',  ( -6.682671856891298390, 5.729985119667015070, -8.410663392672391936 ) ) ;
#1426 = APPLICATION_CONTEXT ( 'automotive_design' ) ;
#1427 = CARTESIAN_POINT ( 'NONE',  ( 8.572527594031473190E-16, 1.000000000000000000, -7.000000000000000000 ) ) ;
#1428 = AXIS2_PLACEMENT_3D ( 'NONE', #304, #6155, #1109 ) ;
#1429 = CARTESIAN_POINT ( 'NONE',  ( -7.550417779485556480, 4.226172889668102783, -8.628174593052031938 ) ) ;
#1430 = CARTESIAN_POINT ( 'NONE',  ( -8.451808720373129802, 4.198726251114976549, 7.259021070500742745 ) ) ;
#1431 = CARTESIAN_POINT ( 'NONE',  ( 7.446665316988734240, 4.616063466411174154, -8.560865140333119072 ) ) ;
#1432 = CARTESIAN_POINT ( 'NONE',  ( -7.778174593052004759, 4.133035714285713702, 6.928174593052037977 ) ) ;
#1433 = B_SPLINE_CURVE_WITH_KNOTS ( 'NONE', 3,
 ( #4471, #51, #7800, #2628, #4517, #7081, #2049, #3126, #1329, #6496, #5189, #3844, #4601, #3802, #3218, #2588, #7759, #3311, #2672, #1281, #3890, #6357, #4426, #6990, #596, #8305, #2008, #3172, #5778, #4561, #7122, #5870, #1369, #7161, #3971, #7670, #8260, #5057, #7629, #5734, #2542, #5103, #7842, #3423, #6685, #4086, #6058, #5273, #2709, #1567, #2089, #7278, #5348, #2166, #7918, #3498, #2207, #5309, #2863, #7998, #6647, #5909, #4640, #6536, #7313, #5982, #4047, #211, #4127, #2129, #177, #4758 ),
 .UNSPECIFIED., .F., .F.,
 ( 4, 2, 2, 1, 1, 1, 1, 2, 2, 2, 2, 1, 1, 2, 2, 1, 2, 2, 2, 2, 2, 2, 2, 1, 2, 2, 2, 2, 2, 2, 1, 1, 1, 1, 2, 2, 2, 2, 2, 1, 1, 2, 4 ),
 ( 0.000000000000000000, 0.06250052921439042120, 0.09375079382158543750, 0.1093759261251833481, 0.1171884922769823312, 0.1210947753528825166, 0.1230479168908326232, 0.1240244876598076695, 0.1250010584287827298, 0.1406261907324125593, 0.1484387568842271132, 0.1523450399601346816, 0.1542981814980885213, 0.1552747522670658853, 0.1562513230360432215, 0.1718764553396850414, 0.1796890214915061734, 0.1875015876433273332, 0.2187518522506086138, 0.2343769845542491848, 0.2500021168578897557, 0.2812523814651714527, 0.2968775137688121624, 0.3046900799206325727, 0.3085963629965425836, 0.3125026460724525945, 0.3437529106797305167, 0.3593780429833695056, 0.3750031752870085500, 0.4062534398942862501, 0.4218785721979246284, 0.4296911383497444281, 0.4335974214256547721, 0.4355505629636099996, 0.4365271337325881129, 0.4375037045015662263, 0.4687539691088392080, 0.4843791014124761429, 0.4921916675642946659, 0.4960979506402038997, 0.4980510921781588496, 0.4990276629471362968, 0.5000042337161136885 ),
 .UNSPECIFIED. ) ;
#1434 = ORIENTED_EDGE ( 'NONE', *, *, #794, .F. ) ;
#1435 = ORIENTED_EDGE ( 'NONE', *, *, #1867, .F. ) ;
#1436 = CARTESIAN_POINT ( 'NONE',  ( 8.570504870691562971, 3.539794948720620837, -7.470314827453028883 ) ) ;
#1437 = CARTESIAN_POINT ( 'NONE',  ( 6.928174593051957153, 5.153571428571428470, 7.778174593052089136 ) ) ;
#1438 = CARTESIAN_POINT ( 'NONE',  ( -8.005936255703192117, 3.999386744126253390, -6.928177392672405510 ) ) ;
#1439 = CARTESIAN_POINT ( 'NONE',  ( -6.682671856891293061, 4.312574405381298881, 7.145685793431678867 ) ) ;
#1440 = CARTESIAN_POINT ( 'NONE',  ( -7.778174593052010977, 4.614955357762251076, -6.513196993811314783 ) ) ;
#1441 = CARTESIAN_POINT ( 'NONE',  ( -7.353174593052012931, 4.208630953619740822, -8.514296186268804689 ) ) ;
#1442 = CARTESIAN_POINT ( 'NONE',  ( -7.778174593052006536, 5.068526786333681144, 9.043152192292756908 ) ) ;
#1443 = CARTESIAN_POINT ( 'NONE',  ( -8.628174593052007069, 4.322023810762598117, 7.287426864240856617 ) ) ;
#1444 = DIRECTION ( 'NONE',  ( 0.000000000000000000, 0.000000000000000000, 1.000000000000000000 ) ) ;
#1445 = ADVANCED_FACE ( 'NONE', ( #1811 ), #6722, .F. ) ;
#1446 = ORIENTED_EDGE ( 'NONE', *, *, #4739, .T. ) ;
#1447 = AXIS2_PLACEMENT_3D ( 'NONE', #7107, #1398, #7786 ) ;
#1448 = CARTESIAN_POINT ( 'NONE',  ( -7.778174593052010977, 3.707812500619394491, -6.513196993811314783 ) ) ;
#1449 = CARTESIAN_POINT ( 'NONE',  ( -7.260909522481505007, 3.952540175162495562, -7.101492063160043777 ) ) ;
#1450 = CARTESIAN_POINT ( 'NONE',  ( -8.628174593052007069, 5.644940476190475565, 8.268922321863218627 ) ) ;
#1451 = CARTESIAN_POINT ( 'NONE',  ( -8.203174593052011687, 3.868452380952381198, -7.042052999835260785 ) ) ;
#1452 = CARTESIAN_POINT ( 'NONE',  ( -8.541160604380795718, 3.825617820853528084, 8.153080607128401880 ) ) ;
#1453 = DIRECTION ( 'NONE',  ( 0.000000000000000000, 0.000000000000000000, -1.000000000000000000 ) ) ;
#1454 = CARTESIAN_POINT ( 'NONE',  ( 7.778174593052306740, 4.473214286953105301, 8.628174593052088781 ) ) ;
#1455 = CARTESIAN_POINT ( 'NONE',  ( -7.778197072705899551, 4.359819429332413954, 8.628174592754783490 ) ) ;
#1456 = CARTESIAN_POINT ( 'NONE',  ( -8.873677329212721787, 5.918973214905108193, 7.778174593052038510 ) ) ;
#1457 = CYLINDRICAL_SURFACE ( 'NONE', #5326, 7.000000000000000000 ) ;
#1458 = DIRECTION ( 'NONE',  ( 0.000000000000000000, 1.000000000000000000, 0.000000000000000000 ) ) ;
#1459 = CARTESIAN_POINT ( 'NONE',  ( 8.472238909791428796, 4.517946768277904646, 7.287424440350787513 ) ) ;
#1460 = CARTESIAN_POINT ( 'NONE',  ( 6.933725308189030656, 3.347259128564722630, -7.677816149709734361 ) ) ;
#1461 = ORIENTED_EDGE ( 'NONE', *, *, #5992, .T. ) ;
#1462 = CARTESIAN_POINT ( 'NONE',  ( -7.353174593052012931, 5.758333333333332860, -7.042052999835261673 ) ) ;
#1463 = CARTESIAN_POINT ( 'NONE',  ( 6.682671856891243323, 4.463764881571775867, 7.145685793431728605 ) ) ;
#1464 = CARTESIAN_POINT ( 'NONE',  ( 8.873677329212767972, 3.877901786333683098, -7.778174593051986108 ) ) ;
#1465 = EDGE_CURVE ( 'NONE', #4408, #2311, #1615, .T. ) ;
#1466 = CARTESIAN_POINT ( 'NONE',  ( 8.005931413083120063, 4.679744317664832565, -8.628174589320096288 ) ) ;
#1467 = CARTESIAN_POINT ( 'NONE',  ( 8.873677329212670273, 5.219717262524156354, 7.145685793431730382 ) ) ;
#1468 = CARTESIAN_POINT ( 'NONE',  ( 6.682671856891243323, 3.688913691095585534, 8.410663392672448779 ) ) ;
#1469 = EDGE_LOOP ( 'NONE', ( #5741, #5293, #5840, #3604 ) ) ;
#1470 = EDGE_LOOP ( 'NONE', ( #4740, #7900, #3966, #8177 ) ) ;
#1471 = CARTESIAN_POINT ( 'NONE',  ( 6.682671856891243323, 5.427604167286060211, 7.145685793431728605 ) ) ;
#1472 = CARTESIAN_POINT ( 'NONE',  ( -8.203174593052011687, 3.830654763143550134, -8.514296186268804689 ) ) ;
#1473 = DIRECTION ( 'NONE',  ( 0.000000000000000000, 1.000000000000000000, 0.000000000000000000 ) ) ;
#1474 = EDGE_CURVE ( 'NONE', #3759, #1957, #4577, .T. ) ;
#1475 = CARTESIAN_POINT ( 'NONE',  ( -8.576204757525607292, 4.675137702641182891, 7.485407153179770567 ) ) ;
#1476 = CARTESIAN_POINT ( 'NONE',  ( -7.778174593052010977, 3.566071429810216742, -6.796679135429670282 ) ) ;
#1477 = CARTESIAN_POINT ( 'NONE',  ( -8.325925961132364606, 5.786681548238442829, 6.829441393621498158 ) ) ;
#1478 = CARTESIAN_POINT ( 'NONE',  ( -8.628174593052007069, 3.452678572667359447, 7.778174593052038510 ) ) ;
#1479 = CARTESIAN_POINT ( 'NONE',  ( 8.381273594965142237, 4.530376422783848334, -8.377188266165074282 ) ) ;
#1480 = ORIENTED_EDGE ( 'NONE', *, *, #5235, .T. ) ;
#1481 = FACE_OUTER_BOUND ( 'NONE', #3782, .T. ) ;
#1482 = CARTESIAN_POINT ( 'NONE',  ( -6.931666348065432359, 3.558598463356872355, 7.872904419956659794 ) ) ;
#1483 = CARTESIAN_POINT ( 'NONE',  ( -7.328807342677008840, 3.945917027193706517, -7.056156813379161896 ) ) ;
#1484 = EDGE_CURVE ( 'NONE', #3019, #4741, #5942, .T. ) ;
#1485 = CARTESIAN_POINT ( 'NONE',  ( -8.873677329212721787, 4.558258929190823316, 7.778174593052038510 ) ) ;
#1486 = EDGE_CURVE ( 'NONE', #5670, #7556, #4147, .T. ) ;
#1487 = CARTESIAN_POINT ( 'NONE',  ( -7.778174593052010977, 4.444866072047966021, -9.043152192292751579 ) ) ;
#1488 = CARTESIAN_POINT ( 'NONE',  ( -8.381277519525877295, 3.850018809142163878, 8.377184346403241832 ) ) ;
#1489 = CARTESIAN_POINT ( 'NONE',  ( 7.778164144709876382, 4.019641929152747650, -6.928174593116202651 ) ) ;
#1490 = CARTESIAN_POINT ( 'NONE',  ( 8.268300657520766705, 6.009490824672343301, -6.791960792874272457 ) ) ;
#1491 = B_SPLINE_CURVE_WITH_KNOTS ( 'NONE', 3,
 ( #2231, #5302, #6603, #7948, #7873, #7909, #2119, #4670, #4749, #4077, #282, #3415, #6637, #1479, #2852, #2157, #878, #5415, #5974, #6011, #203, #3450, #3562, #992, #8024, #1035, #7564, #2434, #4997, #3689, #4233, #6838, #4194, #8196, #1077, #5542, #7473, #1719, #5453, #6168, #400, #7386, #2309, #1638, #3649, #4949, #4156, #3058, #6755, #5630, #6714, #2932, #2270, #6886, #8110, #4822, #1128, #6126, #6216, #2890, #2353, #445, #955, #7518, #4275, #4908, #3017, #5585, #358, #6254, #8153, #5495 ),
 .UNSPECIFIED., .F., .F.,
 ( 4, 2, 2, 1, 1, 1, 1, 2, 2, 2, 2, 1, 1, 2, 2, 1, 2, 2, 2, 2, 2, 2, 2, 1, 2, 2, 2, 2, 2, 2, 1, 1, 1, 1, 2, 2, 2, 2, 2, 1, 1, 2, 4 ),
 ( 0.000000000000000000, 0.06250052921446509757, 0.09375079382169744513, 0.1093759261253132026, 0.1171884922771214560, 0.1210947753530252080, 0.1230479168909767718, 0.1240244876599529006, 0.1250010584289290294, 0.1406261907325644100, 0.1484387568843828220, 0.1523450399602920280, 0.1542981814982468947, 0.1552747522672240921, 0.1562513230362012617, 0.1718764553398429706, 0.1796890214916636308, 0.1875015876434842355, 0.2187518522507684027, 0.2343769845544100561, 0.2500021168580517372, 0.2812523814653339338, 0.2968775137689749766, 0.3046900799207952204, 0.3085963629967052313, 0.3125026460726152422, 0.3437529106798914991, 0.3593780429835291557, 0.3750031752871667567, 0.4062534398944427916, 0.4218785721980802816, 0.4296911383498990822, 0.4335974214258088710, 0.4355505629637634879, 0.4365271337327406576, 0.4375037045017178827, 0.4687539691089137595, 0.4843791014125112260, 0.4921916675643099870, 0.4960979506402093397, 0.4980510921781590161, 0.4990276629471339098, 0.5000042337161088035 ),
 .UNSPECIFIED. ) ;
#1492 = CARTESIAN_POINT ( 'NONE',  ( 2.000000000000115019, 4.700000000000000178, -10.99999999999999467 ) ) ;
#1493 = EDGE_CURVE ( 'NONE', #5670, #2110, #6086, .T. ) ;
#1494 = CARTESIAN_POINT ( 'NONE',  ( -7.230423224971650242, 5.257514881571775156, 6.829441393621499046 ) ) ;
#1495 = CARTESIAN_POINT ( 'NONE',  ( -6.972020730588386783, 4.450441244137397945, -7.507888654910105153 ) ) ;
#1496 = CARTESIAN_POINT ( 'NONE',  ( 7.778174593052059826, 3.200000000000000178, -7.778174593051986108 ) ) ;
#1497 = CARTESIAN_POINT ( 'NONE',  ( 7.888793746119884709, 4.576769164958244929, 6.928174593052088603 ) ) ;
#1498 = CARTESIAN_POINT ( 'NONE',  ( 7.443538236080854631, 3.255601757936203544, -8.559533282427940648 ) ) ;
#1499 = AXIS2_PLACEMENT_3D ( 'NONE', #840, #6752, #4705 ) ;
#1500 = CARTESIAN_POINT ( 'NONE',  ( -13.35102992281867529, 3.700000000000000178, -2.000000000000081712 ) ) ;
#1501 = AXIS2_PLACEMENT_3D ( 'NONE', #4573, #7774, #2021 ) ;
#1502 = CARTESIAN_POINT ( 'NONE',  ( -7.778174593052010977, 5.947321428571428648, -8.759670050674396080 ) ) ;
#1503 = CARTESIAN_POINT ( 'NONE',  ( 8.325925961132314868, 3.348735119667013649, 8.726907792482629489 ) ) ;
#1504 = AXIS2_PLACEMENT_3D ( 'NONE', #857, #1458, #7849 ) ;
#1505 = CARTESIAN_POINT ( 'NONE',  ( 8.873677329212769749, 3.840104167286063408, -7.145685793431629129 ) ) ;
#1506 = CARTESIAN_POINT ( 'NONE',  ( 6.946196683638696356, 3.778455512838402530, -7.954456227738762486 ) ) ;
#1507 = CARTESIAN_POINT ( 'NONE',  ( 7.778174593051957686, 3.906250000000000000, 8.759670050674452924 ) ) ;
#1508 = VECTOR ( 'NONE', #155, 1000.000000000000000 ) ;
#1509 = ORIENTED_EDGE ( 'NONE', *, *, #7066, .F. ) ;
#1510 = EDGE_LOOP ( 'NONE', ( #2882, #5892, #6427, #7133 ) ) ;
#1511 = CARTESIAN_POINT ( 'NONE',  ( 6.682671856891243323, 4.596056548238441231, 8.410663392672448779 ) ) ;
#1512 = SURFACE_STYLE_USAGE ( .BOTH. , #4701 ) ;
#1513 = CARTESIAN_POINT ( 'NONE',  ( 7.784046574052985612, 3.906772165646215544, 8.628159349877895679 ) ) ;
#1514 = CARTESIAN_POINT ( 'NONE',  ( -8.107053121451892608, 4.615851797772056564, 6.994376651485894492 ) ) ;
#1515 = CIRCLE ( 'NONE', #2842, 4.500000000000000000 ) ;
#1516 = CARTESIAN_POINT ( 'NONE',  ( -6.928174593052012220, 3.679464286953074037, -7.778174593052033181 ) ) ;
#1517 = CARTESIAN_POINT ( 'NONE',  ( 6.682671856891247764, 4.142485119667015603, 8.410663392672447003 ) ) ;
#1518 = CARTESIAN_POINT ( 'NONE',  ( -6.928174593052007779, 3.641666667905455235, 8.268922321863218627 ) ) ;
#1519 = LINE ( 'NONE', #7987, #3451 ) ;
#1520 = VERTEX_POINT ( 'NONE', #4359 ) ;
#1521 = ORIENTED_EDGE ( 'NONE', *, *, #555, .T. ) ;
#1522 = CARTESIAN_POINT ( 'NONE',  ( 8.873677329212773301, 5.654389881571775689, -7.145685793431626465 ) ) ;
#1523 = CARTESIAN_POINT ( 'NONE',  ( -7.556978813037734000, 3.660065888792858768, 6.950038720180459428 ) ) ;
#1524 = CARTESIAN_POINT ( 'NONE',  ( 6.682671856891243323, 5.503199405381299592, 8.410663392672448779 ) ) ;
#1525 = CARTESIAN_POINT ( 'NONE',  ( -8.873677329212721787, 5.503199405381299592, 8.410663392672399041 ) ) ;
#1526 = CARTESIAN_POINT ( 'NONE',  ( 7.003076162538397931, 3.369522927417551550, 8.127351619629518353 ) ) ;
#1527 = CARTESIAN_POINT ( 'NONE',  ( -7.040299115422355314, 3.981933545616298531, 8.203912961329654863 ) ) ;
#1528 = CARTESIAN_POINT ( 'NONE',  ( -8.374019005254664805, 3.850824756817174510, 8.384369630804854978 ) ) ;
#1529 = DIRECTION ( 'NONE',  ( -1.000000000000000000, 0.000000000000000000, 1.844642064250089897E-16 ) ) ;
#1530 = DIRECTION ( 'NONE',  ( 0.000000000000000000, 0.000000000000000000, -1.000000000000000000 ) ) ;
#1531 = LINE ( 'NONE', #969, #6274 ) ;
#1532 = B_SPLINE_CURVE_WITH_KNOTS ( 'NONE', 3,
 ( #7726, #2753, #3229, #2596, #5158, #1972, #3898, #6458, #6504, #5238, #895, #2287, #856, #7923, #971, #8082, #2247, #3542, #4839, #6690, #6064, #6102, #1535, #3467, #6731, #2212, #2906, #1573, #6652, #4763, #6025, #7363, #336, #7403, #2328, #7322, #5470, #5430, #8040, #1495, #4054, #1610, #4884, #257, #298, #2828, #4170, #5391, #2950, #6617, #1656, #5515, #4211, #4135, #375, #4801, #6770, #2868, #1010, #3579, #7284, #7965, #932, #3504, #8003, #6147, #3430, #5987, #216, #2791, #5353, #2172 ),
 .UNSPECIFIED., .F., .F.,
 ( 4, 2, 2, 1, 1, 1, 1, 2, 2, 2, 2, 1, 1, 2, 2, 1, 2, 2, 2, 2, 2, 2, 2, 1, 2, 2, 2, 2, 2, 2, 1, 1, 1, 1, 2, 2, 2, 2, 2, 1, 1, 2, 4 ),
 ( 0.000000000000000000, 0.06250052921446415388, 0.09375079382169601572, 0.1093759261253118981, 0.1171884922771198323, 0.1210947753530235010, 0.1230479168909751897, 0.1240244876599508606, 0.1250010584289265314, 0.1406261907325542793, 0.1484387568843676952, 0.1523450399602743754, 0.1542981814982280209, 0.1552747522672049407, 0.1562513230361818883, 0.1718764553398151596, 0.1796890214916318229, 0.1875015876434484585, 0.2187518522507148622, 0.2343769845543480224, 0.2500021168579812381, 0.2812523814652482246, 0.2968775137688814403, 0.3046900799206977983, 0.3085963629966058108, 0.3125026460725137123, 0.3437529106797759249, 0.3593780429834069201, 0.3750031752870378599, 0.4062534398942994063, 0.4218785721979299019, 0.4296911383497449277, 0.4335974214256521075, 0.4355505629636057252, 0.4365271337325821177, 0.4375037045015586212, 0.4687539691088266069, 0.4843791014124607663, 0.4921916675642775685, 0.4960979506401861361, 0.4980510921781404199, 0.4990276629471175340, 0.5000042337160947037 ),
 .UNSPECIFIED. ) ;
#1533 =( BOUNDED_CURVE ( )  B_SPLINE_CURVE ( 2, ( #823, #5476, #7969 ),
 .UNSPECIFIED., .F., .T. ) 
 B_SPLINE_CURVE_WITH_KNOTS ( ( 3, 3 ),
 ( 0.000000000000000000, 0.0002967786126534259668 ),
 .UNSPECIFIED. ) 
 CURVE ( )  GEOMETRIC_REPRESENTATION_ITEM ( )  RATIONAL_B_SPLINE_CURVE ( ( 0.9330127018922196314, 0.9330127018922201865, 0.9621114480028420957 ) ) 
 REPRESENTATION_ITEM ( '' )  );
#1534 = CARTESIAN_POINT ( 'NONE',  ( -8.873677329212721787, 5.862276786333680434, 7.778174593052038510 ) ) ;
#1535 = CARTESIAN_POINT ( 'NONE',  ( -7.073126102289188921, 4.516227226970038089, -8.252947996615475290 ) ) ;
#1536 = CARTESIAN_POINT ( 'NONE',  ( 0.000000000000000000, 5.500000000000000000, -4.000000000000000000 ) ) ;
#1537 = CARTESIAN_POINT ( 'NONE',  ( 7.778174593051958574, 4.586607142857143771, 6.928174593052088603 ) ) ;
#1538 = CARTESIAN_POINT ( 'NONE',  ( 7.056297267320154276, 3.379616741123850687, -7.328506028339804246 ) ) ;
#1539 = CARTESIAN_POINT ( 'NONE',  ( 0.000000000000000000, 5.400000000000001243, 0.000000000000000000 ) ) ;
#1540 = CARTESIAN_POINT ( 'NONE',  ( -7.230423224971655571, 5.163020833952727706, -6.829441393621494605 ) ) ;
#1541 = CARTESIAN_POINT ( 'NONE',  ( 7.778174593051957686, 3.764508929190823139, 9.043152192292808422 ) ) ;
#1542 = ADVANCED_FACE ( 'NONE', ( #4903 ), #482, .F. ) ;
#1543 = CARTESIAN_POINT ( 'NONE',  ( 7.230423224971705309, 4.029092262524158308, -8.726907792482521131 ) ) ;
#1544 =( LENGTH_UNIT ( ) NAMED_UNIT ( * ) SI_UNIT ( .MILLI., .METRE. ) );
#1545 = CARTESIAN_POINT ( 'NONE',  ( 7.003076162538647509, 3.823094355988895465, -7.428997566474218495 ) ) ;
#1546 = CARTESIAN_POINT ( 'NONE',  ( 8.076512048350094730, 3.199360044241692069, 6.982250750736611167 ) ) ;
#1547 = ORIENTED_EDGE ( 'NONE', *, *, #797, .F. ) ;
#1548 = VERTEX_POINT ( 'NONE', #396 ) ;
#1549 = CARTESIAN_POINT ( 'NONE',  ( 7.230423224971600504, 5.087425595857490102, 8.726907792482629489 ) ) ;
#1550 = CARTESIAN_POINT ( 'NONE',  ( 8.628174593051957331, 3.679464286953074037, 7.778174593052089136 ) ) ;
#1551 = CARTESIAN_POINT ( 'NONE',  ( 8.576197802253032521, 3.994778792181572946, 8.070960968615397135 ) ) ;
#1552 = CARTESIAN_POINT ( 'NONE',  ( -8.337804872094929820, 4.637505619601237861, 7.136087137870087638 ) ) ;
#1553 = DIRECTION ( 'NONE',  ( 3.689284128500220223E-16, -0.000000000000000000, 1.000000000000000000 ) ) ;
#1554 = CARTESIAN_POINT ( 'NONE',  ( 6.682671856891247764, 3.688913691095587755, 8.410663392672447003 ) ) ;
#1555 = CARTESIAN_POINT ( 'NONE',  ( -7.230423224971650242, 3.443229167286061543, 6.829441393621498158 ) ) ;
#1556 = CARTESIAN_POINT ( 'NONE',  ( 1.152188841818234133E-13, 1.500000000000000000, -10.99999999999999822 ) ) ;
#1557 = AXIS2_PLACEMENT_3D ( 'NONE', #7273, #4122, #4675 ) ;
#1558 = EDGE_LOOP ( 'NONE', ( #2524, #4859 ) ) ;
#1559 = VERTEX_POINT ( 'NONE', #5668 ) ;
#1560 = CARTESIAN_POINT ( 'NONE',  ( 7.778174593051956798, 3.700000000000000178, 6.528174593052089136 ) ) ;
#1561 = CARTESIAN_POINT ( 'NONE',  ( -6.980151383865708326, 3.541207363606632352, 8.070960968655329637 ) ) ;
#1562 = CARTESIAN_POINT ( 'NONE',  ( 6.682671856891243323, 4.558258929190823316, 7.778174593052089136 ) ) ;
#1563 = CARTESIAN_POINT ( 'NONE',  ( -8.873677329212721787, 5.011830357762251609, 7.778174593052038510 ) ) ;
#1564 = CARTESIAN_POINT ( 'NONE',  ( 7.403522063425056032, 3.419354562197559844, 8.543154676251374369 ) ) ;
#1565 = CARTESIAN_POINT ( 'NONE',  ( -7.581391819355681072, 3.923770520684045415, 8.605559655400279340 ) ) ;
#1566 = ADVANCED_FACE ( 'NONE', ( #529 ), #7560, .T. ) ;
#1567 = CARTESIAN_POINT ( 'NONE',  ( 8.337792011834430639, 3.957147012382028706, -7.136075890291852630 ) ) ;
#1568 = CARTESIAN_POINT ( 'NONE',  ( -8.617979565106979933, 4.700000000000004619, -7.460412162100418243 ) ) ;
#1569 = CARTESIAN_POINT ( 'NONE',  ( 8.873677329212773301, 5.635491072047965844, -7.778174593051986108 ) ) ;
#1570 = CARTESIAN_POINT ( 'NONE',  ( 7.289390862315258346, 3.200000000000001066, -8.619745248234803370 ) ) ;
#1571 = AXIS2_PLACEMENT_3D ( 'NONE', #4995, #3057, #7064 ) ;
#1572 = CARTESIAN_POINT ( 'NONE',  ( -8.873677329212721787, 4.085788691095585179, 8.410663392672399041 ) ) ;
#1573 = CARTESIAN_POINT ( 'NONE',  ( -6.997870960754597469, 4.502313069408638846, -8.115620452309372013 ) ) ;
#1574 = CARTESIAN_POINT ( 'NONE',  ( 7.197265208604899378, 3.852464904141994939, 8.398761362309167922 ) ) ;
#1575 = CARTESIAN_POINT ( 'NONE',  ( 8.873677329212670273, 3.367633929190823494, 7.778174593052089136 ) ) ;
#1576 = CARTESIAN_POINT ( 'NONE',  ( 6.972019013124174158, 3.316513145288439990, -8.048455373070956043 ) ) ;
#1577 = VECTOR ( 'NONE', #7480, 1000.000000000000000 ) ;
#1578 =( BOUNDED_SURFACE ( )  B_SPLINE_SURFACE ( 1, 2, ( 
 ( #3071, #8080, #2283, #417, #8210, #2410, #6230, #7445, #1654, #4209, #1051, #6185, #4923, #5602, #458, #7490, #4378, #2992, #4965, #1144, #6768, #1007, #5010, #2948, #1817, #2325, #4882, #1734, #5558, #4289, #6855, #2042, #1864, #7031, #1323, #4594, #5098, #5727, #7115, #7666, #549 ),
 ( #4553, #7154, #1231, #2000, #6442, #682, #1909, #5051, #1362, #7753, #7794, #3261, #4420, #637, #6983, #5863, #3212, #85, #8297, #1406, #2537, #1275, #3927, #5818, #4466, #4511, #8344, #2665, #3965, #5688, #5773, #6489, #6352, #7712, #5141, #3794, #730, #3117, #3883, #1956, #7075 ) ),
 .UNSPECIFIED., .F., .F., .T. ) 
 B_SPLINE_SURFACE_WITH_KNOTS ( ( 2, 2 ),
 ( 3, 2, 2, 2, 2, 2, 2, 2, 2, 2, 2, 2, 2, 2, 2, 2, 2, 2, 2, 2, 3 ),
 ( 0.000000000000000000, 1.000000000000000000 ),
 ( 0.000000000000000000, 0.04166666666666666435, 0.08333333333333332871, 0.1250000000000000000, 0.1666666666666666574, 0.2083333333333333426, 0.2500000000000000000, 0.2916666666666666852, 0.3333333333333333148, 0.3750000000000000000, 0.4166666666666666852, 0.4583333333333333148, 0.5000000000000000000, 0.5416666666666666297, 0.5833333333333333703, 0.6250000000000000000, 0.6666666666666666297, 0.7083333333333333703, 0.7500000000000000000, 0.7916666666666666297, 0.8265940270781302335 ),
 .UNSPECIFIED. ) 
 GEOMETRIC_REPRESENTATION_ITEM ( )  RATIONAL_B_SPLINE_SURFACE ( (
 ( 1.000000000000000000, 0.8660254037844387076, 1.000000000000000000, 0.8660254037844387076, 1.000000000000000000, 0.8660254037844387076, 1.000000000000000000, 0.8660254037844387076, 1.000000000000000000, 0.8660254037844387076, 1.000000000000000000, 0.8660254037844387076, 1.000000000000000000, 0.8660254037844387076, 1.000000000000000000, 0.8660254037844387076, 1.000000000000000000, 0.8660254037844387076, 1.000000000000000000, 0.8660254037844387076, 1.000000000000000000, 0.8660254037844387076, 1.000000000000000000, 0.8660254037844387076, 1.000000000000000000, 0.8660254037844387076, 1.000000000000000000, 0.8660254037844387076, 1.000000000000000000, 0.8660254037844387076, 1.000000000000000000, 0.8660254037844387076, 1.000000000000000000, 0.8660254037844387076, 1.000000000000000000, 0.8660254037844387076, 1.000000000000000000, 0.8660254037844387076, 1.000000000000000000, 0.8876949038079710030, 0.9636707950116096821),
 ( 1.000000000000000000, 0.8660254037844387076, 1.000000000000000000, 0.8660254037844387076, 1.000000000000000000, 0.8660254037844387076, 1.000000000000000000, 0.8660254037844387076, 1.000000000000000000, 0.8660254037844387076, 1.000000000000000000, 0.8660254037844387076, 1.000000000000000000, 0.8660254037844387076, 1.000000000000000000, 0.8660254037844387076, 1.000000000000000000, 0.8660254037844387076, 1.000000000000000000, 0.8660254037844387076, 1.000000000000000000, 0.8660254037844387076, 1.000000000000000000, 0.8660254037844387076, 1.000000000000000000, 0.8660254037844387076, 1.000000000000000000, 0.8660254037844387076, 1.000000000000000000, 0.8660254037844387076, 1.000000000000000000, 0.8660254037844387076, 1.000000000000000000, 0.8660254037844387076, 1.000000000000000000, 0.8660254037844387076, 1.000000000000000000, 0.8660254037844387076, 1.000000000000000000, 0.8876949038079710030, 0.9636707950116096821) ) ) 
 REPRESENTATION_ITEM ( '' )  SURFACE ( )  );
#1579 = CARTESIAN_POINT ( 'NONE',  ( -3.840629472727446691E-14, 1.500000000000000000, 11.00000000000000000 ) ) ;
#1580 = CARTESIAN_POINT ( 'NONE',  ( -6.928174593052007779, 4.511011904761904390, 7.287426864240856617 ) ) ;
#1581 = CARTESIAN_POINT ( 'NONE',  ( 8.483223083814635856, 3.609084369827189942, -8.252947996615798587 ) ) ;
#1582 = FACE_OUTER_BOUND ( 'NONE', #34, .T. ) ;
#1583 = PRESENTATION_STYLE_ASSIGNMENT (( #2838 ) ) ;
#1584 = DIRECTION ( 'NONE',  ( 0.000000000000000000, 0.000000000000000000, 1.000000000000000000 ) ) ;
#1585 = EDGE_CURVE ( 'NONE', #5328, #4324, #3553, .T. ) ;
#1586 = CARTESIAN_POINT ( 'NONE',  ( 7.218548164252202248, 3.730362328508386227, -8.420265364941474928 ) ) ;
#1587 = CARTESIAN_POINT ( 'NONE',  ( 8.325925961132314868, 4.407068453000347219, 6.829441393621548784 ) ) ;
#1588 = ORIENTED_EDGE ( 'NONE', *, *, #1142, .F. ) ;
#1589 = EDGE_LOOP ( 'NONE', ( #2426, #2892, #3368, #3051 ) ) ;
#1590 = FACE_OUTER_BOUND ( 'NONE', #6559, .T. ) ;
#1591 = CARTESIAN_POINT ( 'NONE',  ( 8.395785528223488114, 3.964344376071573084, 8.362808951116400991 ) ) ;
#1592 = CARTESIAN_POINT ( 'NONE',  ( -8.128399318047126343, 4.617585984066568727, 7.003627209901304163 ) ) ;
#1593 = FACE_BOUND ( 'NONE', #683, .T. ) ;
#1594 = CARTESIAN_POINT ( 'NONE',  ( 8.873677329212664944, 4.369270833952730193, 7.145685793431733046 ) ) ;
#1595 = CARTESIAN_POINT ( 'NONE',  ( -7.778174593052011865, 4.700000000000000178, -8.628174593052033714 ) ) ;
#1596 = CARTESIAN_POINT ( 'NONE',  ( 0.000000000000000000, 4.700000000000000178, 0.000000000000000000 ) ) ;
#1597 = EDGE_LOOP ( 'NONE', ( #2028, #5252, #5417, #2778 ) ) ;
#1598 = VERTEX_POINT ( 'NONE', #6212 ) ;
#1599 = CARTESIAN_POINT ( 'NONE',  ( 6.928174593052061070, 5.569345238095237960, -8.268922321863168889 ) ) ;
#1600 = CARTESIAN_POINT ( 'NONE',  ( -7.354451171414700283, 3.641569558219389879, 7.039244548179638628 ) ) ;
#1601 = DIRECTION ( 'NONE',  ( 8.659560562354908206E-17, -0.7071067811865495711, 0.7071067811865454633 ) ) ;
#1602 = CARTESIAN_POINT ( 'NONE',  ( -8.873677329212721787, 5.465401786333680789, 7.778174593052038510 ) ) ;
#1603 = CARTESIAN_POINT ( 'NONE',  ( 7.015188581722606287, 3.372046392281902172, 8.153080607127304091 ) ) ;
#1604 = CARTESIAN_POINT ( 'NONE',  ( 6.682671856891243323, 3.556622024428918838, 7.145685793431728605 ) ) ;
#1605 = CARTESIAN_POINT ( 'NONE',  ( -8.359083977498968920, 3.852464904141818192, 8.398761362309207001 ) ) ;
#1606 = DIRECTION ( 'NONE',  ( 0.000000000000000000, 1.000000000000000000, 0.000000000000000000 ) ) ;
#1607 = CARTESIAN_POINT ( 'NONE',  ( 6.682671856891347240, 5.824479167286061632, -8.410663392672345751 ) ) ;
#1608 = CARTESIAN_POINT ( 'NONE',  ( -7.778174593052007424, 3.200000000000000178, 7.778174593052038510 ) ) ;
#1609 = CARTESIAN_POINT ( 'NONE',  ( -7.778174593052006536, 3.991294643476536841, 6.513196993811319224 ) ) ;
#1610 = CARTESIAN_POINT ( 'NONE',  ( -6.985844315413193506, 4.446937805863409032, -7.470314827451339568 ) ) ;
#1611 = DIRECTION ( 'NONE',  ( 0.000000000000000000, 1.000000000000000000, 0.000000000000000000 ) ) ;
#1612 = CARTESIAN_POINT ( 'NONE',  ( 7.942799523222406677, 4.374461832252883653, 8.612935012547566771 ) ) ;
#1613 = CARTESIAN_POINT ( 'NONE',  ( 7.363832564059998198, 3.262321259452669153, -8.521221004974750102 ) ) ;
#1614 = DIRECTION ( 'NONE',  ( -0.000000000000000000, -1.000000000000000000, -0.000000000000000000 ) ) ;
#1615 = CIRCLE ( 'NONE', #2569, 1.249999999999999334 ) ;
#1616 = CARTESIAN_POINT ( 'NONE',  ( -8.325925961132368158, 5.994568453000346686, -6.829441393621494605 ) ) ;
#1617 = ADVANCED_FACE ( 'NONE', ( #441 ), #2305, .T. ) ;
#1618 = CARTESIAN_POINT ( 'NONE',  ( 8.056274901996197002, 3.477500858273753881, -6.972992487036417053 ) ) ;
#1619 = CARTESIAN_POINT ( 'NONE',  ( 8.325925961132314868, 3.745610119667013738, 8.726907792482629489 ) ) ;
#1620 = DIRECTION ( 'NONE',  ( 0.000000000000000000, 0.000000000000000000, -1.000000000000000000 ) ) ;
#1621 = CARTESIAN_POINT ( 'NONE',  ( 6.682671856891243323, 4.917336310143204159, 7.145685793431728605 ) ) ;
#1622 = CARTESIAN_POINT ( 'NONE',  ( 8.628174593051957331, 4.019642857142857295, 7.778174593052089136 ) ) ;
#1623 = COLOUR_RGB ( '',1.000000000000000000, 1.000000000000000000, 1.000000000000000000 ) ;
#1624 = CARTESIAN_POINT ( 'NONE',  ( 8.645032592698145280, 4.674772950831597385, 8.542671492847903281 ) ) ;
#1625 = EDGE_CURVE ( 'NONE', #438, #879, #4833, .T. ) ;
#1626 = ORIENTED_EDGE ( 'NONE', *, *, #3760, .F. ) ;
#1627 = VERTEX_POINT ( 'NONE', #6250 ) ;
#1628 = CIRCLE ( 'NONE', #6326, 1.100000000000000533 ) ;
#1629 = CARTESIAN_POINT ( 'NONE',  ( 8.645032592698248308, 4.674772950831597385, -7.013677693256173740 ) ) ;
#1630 = CIRCLE ( 'NONE', #3511, 4.500000000000000888 ) ;
#1631 = B_SPLINE_CURVE_WITH_KNOTS ( 'NONE', 1,
 ( #1738, #6653 ),
 .UNSPECIFIED., .F., .F.,
 ( 2, 2 ),
 ( 0.000000000000000000, 1.000000000000000000 ),
 .UNSPECIFIED. ) ;
#1632 = CARTESIAN_POINT ( 'NONE',  ( 7.678392956794829693, 6.025480633699511479, -6.570805948364558446 ) ) ;
#1633 = CARTESIAN_POINT ( 'NONE',  ( -8.873677329212716458, 4.104687500619398577, 7.778174593052038510 ) ) ;
#1634 = CARTESIAN_POINT ( 'NONE',  ( -8.203174593052011687, 3.377083334572121842, -8.514296186268804689 ) ) ;
#1635 = CARTESIAN_POINT ( 'NONE',  ( -8.628174593052007069, 5.266964286953074392, 7.778174593052038510 ) ) ;
#1636 = DIRECTION ( 'NONE',  ( 0.000000000000000000, -0.000000000000000000, 1.000000000000000000 ) ) ;
#1637 = EDGE_CURVE ( 'NONE', #525, #4118, #2003, .T. ) ;
#1638 = CARTESIAN_POINT ( 'NONE',  ( 8.542855396022437375, 4.440501613058566832, -7.402706021425201399 ) ) ;
#1639 = ORIENTED_EDGE ( 'NONE', *, *, #1278, .T. ) ;
#1640 = ORIENTED_EDGE ( 'NONE', *, *, #2546, .T. ) ;
#1641 = CARTESIAN_POINT ( 'NONE',  ( 7.230423224971703533, 5.540997024428917506, -6.829441393621446643 ) ) ;
#1642 = CARTESIAN_POINT ( 'NONE',  ( 8.791416583891615844, 4.700000000000000178, -7.989093091628495458 ) ) ;
#1643 = CIRCLE ( 'NONE', #2315, 1.999999999999999556 ) ;
#1644 = AXIS2_PLACEMENT_3D ( 'NONE', #1188, #5645, #6399 ) ;
#1645 = CARTESIAN_POINT ( 'NONE',  ( -6.946197363204761110, 3.551669514789965287, 7.954459522213909395 ) ) ;
#1646 = FACE_OUTER_BOUND ( 'NONE', #2398, .T. ) ;
#1647 = CARTESIAN_POINT ( 'NONE',  ( -8.325925961132364606, 5.843377976809871477, 6.829441393621498158 ) ) ;
#1648 = CARTESIAN_POINT ( 'NONE',  ( -7.877992602031609337, 3.091039734584225318, -8.985522237938406320 ) ) ;
#1649 = CARTESIAN_POINT ( 'NONE',  ( -7.427967322043208753, 3.937227402346471727, 8.552729868967228199 ) ) ;
#1650 = EDGE_CURVE ( 'NONE', #919, #4987, #7648, .T. ) ;
#1651 = DIRECTION ( 'NONE',  ( 0.000000000000000000, -1.000000000000000000, 0.000000000000000000 ) ) ;
#1652 = CARTESIAN_POINT ( 'NONE',  ( -6.968223281331505703, 4.041818607581858736, 7.512892975273642193 ) ) ;
#1653 = DIRECTION ( 'NONE',  ( -1.438820810114969083E-13, 0.000000000000000000, -1.000000000000000000 ) ) ;
#1654 = CARTESIAN_POINT ( 'NONE',  ( 8.325925961132417896, 4.199181548238442474, -6.829441393621446643 ) ) ;
#1655 = FACE_OUTER_BOUND ( 'NONE', #4566, .T. ) ;
#1656 = CARTESIAN_POINT ( 'NONE',  ( -7.260909522481586720, 4.406111603734726323, -7.101492063159979828 ) ) ;
#1657 = EDGE_CURVE ( 'NONE', #3453, #946, #7002, .T. ) ;
#1658 = CARTESIAN_POINT ( 'NONE',  ( 7.353174593051957864, 3.981845239334026232, 8.514296186268863309 ) ) ;
#1659 = CARTESIAN_POINT ( 'NONE',  ( 7.230423224971704421, 4.180282738714632629, -6.829441393621446643 ) ) ;
#1660 = CARTESIAN_POINT ( 'NONE',  ( -8.271048560926653082, 3.408028768236155415, -7.085108930070814992 ) ) ;
#1661 = CARTESIAN_POINT ( 'NONE',  ( -8.873677329212720011, 4.142485119667016491, -7.145685793431677091 ) ) ;
#1662 = CARTESIAN_POINT ( 'NONE',  ( -6.928174593052006891, 3.566071428571429003, 7.778174593052038510 ) ) ;
#1663 = DIRECTION ( 'NONE',  ( 0.000000000000000000, 0.000000000000000000, 1.000000000000000000 ) ) ;
#1664 = EDGE_CURVE ( 'NONE', #3010, #4869, #6136, .T. ) ;
#1665 = CARTESIAN_POINT ( 'NONE',  ( 8.162705376158861270, 3.000920785876297625, 6.752376210435502735 ) ) ;
#1666 = DIRECTION ( 'NONE',  ( 0.000000000000000000, 0.000000000000000000, -1.000000000000000000 ) ) ;
#1667 = CARTESIAN_POINT ( 'NONE',  ( 7.778174593051957686, 4.473214286953074215, 8.759670050674452924 ) ) ;
#1668 = CARTESIAN_POINT ( 'NONE',  ( 8.203174593052059649, 3.944047619047619690, -7.042052999835213711 ) ) ;
#1669 = CARTESIAN_POINT ( 'NONE',  ( -7.778174593052007424, 4.700000000000000178, 8.628174593052039043 ) ) ;
#1670 = EDGE_LOOP ( 'NONE', ( #7949, #3904, #5011, #5497 ) ) ;
#1671 = ORIENTED_EDGE ( 'NONE', *, *, #130, .F. ) ;
#1672 = CARTESIAN_POINT ( 'NONE',  ( -7.667555439984078625, 4.576769164958245817, 6.928174593052038865 ) ) ;
#1673 = CARTESIAN_POINT ( 'NONE',  ( 8.873677329212773301, 5.276413691095585001, -8.410663392672345751 ) ) ;
#1674 = CARTESIAN_POINT ( 'NONE',  ( -7.999388531411268488, 4.340421431454011270, 8.606305365373231098 ) ) ;
#1675 = CARTESIAN_POINT ( 'NONE',  ( -3.840629472727446691E-14, 2.500000000000000000, 9.899999999999996803 ) ) ;
#1676 = CARTESIAN_POINT ( 'NONE',  ( -8.628174593052007069, 5.304761906000692306, 8.268922321863218627 ) ) ;
#1677 = FACE_BOUND ( 'NONE', #4999, .T. ) ;
#1678 = CARTESIAN_POINT ( 'NONE',  ( 8.572040082992614884, 3.200000000000000622, -7.474402336449375461 ) ) ;
#1679 = ORIENTED_EDGE ( 'NONE', *, *, #8034, .T. ) ;
#1680 = ORIENTED_EDGE ( 'NONE', *, *, #3130, .F. ) ;
#1681 = CARTESIAN_POINT ( 'NONE',  ( 6.682671856891347240, 4.558258929190823316, -7.778174593051986108 ) ) ;
#1682 = LINE ( 'NONE', #4326, #5934 ) ;
#1683 = CARTESIAN_POINT ( 'NONE',  ( -6.682671856891298390, 5.219717262524156354, -8.410663392672391936 ) ) ;
#1684 = AXIS2_PLACEMENT_3D ( 'NONE', #5009, #457, #8079 ) ;
#1685 = CARTESIAN_POINT ( 'NONE',  ( 7.152738640190048791, 4.699999999999999289, 8.525456087499335922 ) ) ;
#1686 = CARTESIAN_POINT ( 'NONE',  ( 7.778174593051957686, 4.614955357762251076, 9.043152192292808422 ) ) ;
#1687 = CARTESIAN_POINT ( 'NONE',  ( -7.230423224971650242, 5.616592262524155998, 8.726907792482577975 ) ) ;
#1688 = CARTESIAN_POINT ( 'NONE',  ( 6.946196683592333443, 3.324884084284775998, 7.601892958583634119 ) ) ;
#1689 = CARTESIAN_POINT ( 'NONE',  ( -7.140627168465954355, 3.966942538577488353, 8.341057019568811626 ) ) ;
#1690 = CARTESIAN_POINT ( 'NONE',  ( -8.451808720373570338, 3.745154822544287221, 7.259021070501306738 ) ) ;
#1691 = EDGE_CURVE ( 'NONE', #3861, #7701, #3364, .T. ) ;
#1692 = CARTESIAN_POINT ( 'NONE',  ( -7.197273712919519895, 4.079251541806948822, 7.157579861032528967 ) ) ;
#1693 = CARTESIAN_POINT ( 'NONE',  ( 7.353174593052060004, 5.342559525048311997, -7.042052999835213711 ) ) ;
#1694 = CARTESIAN_POINT ( 'NONE',  ( 6.928174593051956265, 3.490476191714978693, 8.268922321863271918 ) ) ;
#1695 = CARTESIAN_POINT ( 'NONE',  ( -7.230423224971650242, 3.802306548238441941, 8.726907792482577975 ) ) ;
#1696 = CARTESIAN_POINT ( 'NONE',  ( -8.325925961132368158, 4.180282738714632629, -6.829441393621494605 ) ) ;
#1697 = CARTESIAN_POINT ( 'NONE',  ( -6.928174593052012220, 3.263690477429264103, -8.268922321863215075 ) ) ;
#1698 = CARTESIAN_POINT ( 'NONE',  ( 8.203174593051956620, 3.150297620286407252, 8.514296186268863309 ) ) ;
#1699 = DIRECTION ( 'NONE',  ( -0.000000000000000000, -1.000000000000000000, -0.000000000000000000 ) ) ;
#1700 =( BOUNDED_CURVE ( )  B_SPLINE_CURVE ( 2, ( #7651, #3148, #1213, #6335, #6166, #1172, #5540, #5083, #5628 ),
 .UNSPECIFIED., .F., .F. ) 
 B_SPLINE_CURVE_WITH_KNOTS ( ( 3, 2, 2, 2, 3 ),
 ( 0.07561148272620225874, 0.1008153103016029978, 0.1512229654524044620, 0.2016306206032059123, 0.2268350262913091386 ),
 .UNSPECIFIED. ) 
 CURVE ( )  GEOMETRIC_REPRESENTATION_ITEM ( )  RATIONAL_B_SPLINE_CURVE ( ( 0.9330127018922194093, 0.9330127018922194093, 1.000000000000000000, 0.8660254037844387076, 1.000000000000000000, 0.8660254037844387076, 1.000000000000000000, 0.9330111653713150099, 0.9330127019274633282 ) ) 
 REPRESENTATION_ITEM ( '' )  );
#1701 = CARTESIAN_POINT ( 'NONE',  ( -8.522023773188918128, 3.375831580428252821, -7.365130848024008969 ) ) ;
#1702 = CARTESIAN_POINT ( 'NONE',  ( 7.251851736282780791, 4.311820723663388755, -7.109725679993184499 ) ) ;
#1703 = CARTESIAN_POINT ( 'NONE',  ( -6.928174593052007779, 4.057440476190476097, 7.287426864240856617 ) ) ;
#1704 = CARTESIAN_POINT ( 'NONE',  ( 0.000000000000000000, 1.500000000000000000, 0.000000000000000000 ) ) ;
#1705 = CARTESIAN_POINT ( 'NONE',  ( 8.628174593051957331, 5.871726190476191043, 7.287426864240907243 ) ) ;
#1706 = CARTESIAN_POINT ( 'NONE',  ( -7.084110276325946032, 4.064375339708313994, -8.268924745772428864 ) ) ;
#1707 =( NAMED_UNIT ( * ) PLANE_ANGLE_UNIT ( ) SI_UNIT ( $, .RADIAN. ) );
#1708 = CARTESIAN_POINT ( 'NONE',  ( 6.928174593051957153, 4.813392858381645212, 7.778174593052089136 ) ) ;
#1709 = DIRECTION ( 'NONE',  ( -0.000000000000000000, -1.000000000000000000, -0.000000000000000000 ) ) ;
#1710 = ORIENTED_EDGE ( 'NONE', *, *, #1943, .F. ) ;
#1711 = EDGE_LOOP ( 'NONE', ( #7863, #4268, #3824, #3650 ) ) ;
#1712 = TOROIDAL_SURFACE ( 'NONE', #3722, 4.999999999999999112, 0.5000000000000000000 ) ;
#1713 = DIRECTION ( 'NONE',  ( -0.000000000000000000, -1.000000000000000000, -0.000000000000000000 ) ) ;
#1714 = CARTESIAN_POINT ( 'NONE',  ( 6.682671856891347240, 4.917336310143204159, -8.410663392672345751 ) ) ;
#1715 = CARTESIAN_POINT ( 'NONE',  ( -7.230423224971652907, 3.348735119667016313, 8.726907792482574422 ) ) ;
#1716 = CARTESIAN_POINT ( 'NONE',  ( 6.965060255624805130, 4.679237276415600277, -8.026315366324686451 ) ) ;
#1717 = CARTESIAN_POINT ( 'NONE',  ( -8.628174593052010621, 4.322023810762598117, -8.268922321863215075 ) ) ;
#1718 = CARTESIAN_POINT ( 'NONE',  ( 7.778174593052059826, 3.700000000000000178, -7.778174593051986108 ) ) ;
#1719 = CARTESIAN_POINT ( 'NONE',  ( 8.603752632079661566, 4.456355528053749460, -7.573636377267845887 ) ) ;
#1720 = EDGE_LOOP ( 'NONE', ( #6798, #6829, #6865, #5752, #5485, #5847, #2611, #5119, #3295, #2853, #1 ) ) ;
#1721 = ORIENTED_EDGE ( 'NONE', *, *, #6208, .F. ) ;
#1722 = CARTESIAN_POINT ( 'NONE',  ( -8.227553970749896806, 3.719132455705043583, -8.500184807446332869 ) ) ;
#1723 = EDGE_CURVE ( 'NONE', #6477, #3147, #5921, .T. ) ;
#1724 = LINE ( 'NONE', #493, #2435 ) ;
#1725 = CARTESIAN_POINT ( 'NONE',  ( -8.325925961132368158, 5.937872024428918039, -6.829441393621494605 ) ) ;
#1726 = CARTESIAN_POINT ( 'NONE',  ( 7.408280159345828508, 4.700000000000000178, 8.719123051030875260 ) ) ;
#1727 = CARTESIAN_POINT ( 'NONE',  ( 7.230423224971601392, 4.879538691095585357, 6.829441393621548784 ) ) ;
#1728 = CARTESIAN_POINT ( 'NONE',  ( 7.182330180848990331, 4.304396185388630336, 8.384369630804602735 ) ) ;
#1729 = FACE_OUTER_BOUND ( 'NONE', #505, .T. ) ;
#1730 = CARTESIAN_POINT ( 'NONE',  ( -11.00000000000000000, 4.700000000000000178, -2.000000000000076383 ) ) ;
#1731 = CARTESIAN_POINT ( 'NONE',  ( -7.778174593052003871, 3.679464285714285854, 6.928174593052037977 ) ) ;
#1732 = CARTESIAN_POINT ( 'NONE',  ( -7.034329015256088447, 4.056189385672461789, 7.365124302496882436 ) ) ;
#1733 = CARTESIAN_POINT ( 'NONE',  ( 7.999370373066239992, 3.660065888792858768, 6.950038720180510055 ) ) ;
#1734 = CARTESIAN_POINT ( 'NONE',  ( 7.778174593052059826, 3.481026786333680789, -9.043152192292705394 ) ) ;
#1735 = CARTESIAN_POINT ( 'NONE',  ( -7.778174593052006536, 3.764508929190823139, 9.043152192292756908 ) ) ;
#1736 = EDGE_CURVE ( 'NONE', #3982, #4634, #791, .T. ) ;
#1737 = CARTESIAN_POINT ( 'NONE',  ( -6.682671856891298390, 4.274776786333680967, -7.778174593052033181 ) ) ;
#1738 = CARTESIAN_POINT ( 'NONE',  ( -8.873677329212725340, 4.558258929190823316, -7.778174593052033181 ) ) ;
#1739 = CARTESIAN_POINT ( 'NONE',  ( 7.353174593051956975, 3.377083334572121842, 7.042052999835315852 ) ) ;
#1740 = CARTESIAN_POINT ( 'NONE',  ( 7.789900147026203925, 4.360863960160743069, 8.628098753422360545 ) ) ;
#1741 = FACE_OUTER_BOUND ( 'NONE', #579, .T. ) ;
#1742 = EDGE_CURVE ( 'NONE', #7094, #6667, #5922, .T. ) ;
#1743 = FACE_BOUND ( 'NONE', #478, .T. ) ;
#1744 = CARTESIAN_POINT ( 'NONE',  ( -7.778174593052010977, 5.805580357762250898, -9.043152192292751579 ) ) ;
#1745 = ORIENTED_EDGE ( 'NONE', *, *, #4715, .F. ) ;
#1746 = LINE ( 'NONE', #5524, #5950 ) ;
#1747 = CARTESIAN_POINT ( 'NONE',  ( -8.341283107691532805, 3.400814016643678883, 8.415154552894986040 ) ) ;
#1748 = CARTESIAN_POINT ( 'NONE',  ( -3.840629472727446691E-14, 1.500000000000000000, 11.00000000000000000 ) ) ;
#1749 = CARTESIAN_POINT ( 'NONE',  ( 8.628174593051957331, 5.002380953619740112, 8.268922321863271918 ) ) ;
#1750 = CARTESIAN_POINT ( 'NONE',  ( 8.203174593052059649, 3.490476190476190510, -7.042052999835213711 ) ) ;
#1751 = CARTESIAN_POINT ( 'NONE',  ( -8.638835928921080765, 4.700000000000000178, 7.858092638306819033 ) ) ;
#1752 = ORIENTED_EDGE ( 'NONE', *, *, #5891, .T. ) ;
#1753 = EDGE_LOOP ( 'NONE', ( #4910, #4276 ) ) ;
#1754 = CIRCLE ( 'NONE', #1216, 13.49999999999992539 ) ;
#1755 = CARTESIAN_POINT ( 'NONE',  ( 7.778174593052059826, 4.614955357762251964, -6.513196993811267710 ) ) ;
#1756 = AXIS2_PLACEMENT_3D ( 'NONE', #3241, #7177, #4578 ) ;
#1757 = CARTESIAN_POINT ( 'NONE',  ( 7.230423224971703533, 5.540997024428917506, -6.829441393621446643 ) ) ;
#1758 = CARTESIAN_POINT ( 'NONE',  ( -7.230423224971652907, 3.802306548238445050, 8.726907792482574422 ) ) ;
#1759 = DIRECTION ( 'NONE',  ( -0.000000000000000000, -1.000000000000000000, -0.000000000000000000 ) ) ;
#1760 = CARTESIAN_POINT ( 'NONE',  ( -7.550417773020956069, 4.679744317664828124, 6.928174596783935435 ) ) ;
#1761 = CYLINDRICAL_SURFACE ( 'NONE', #634, 0.8500000000000000888 ) ;
#1762 = DIRECTION ( 'NONE',  ( 0.000000000000000000, 0.000000000000000000, 1.000000000000000000 ) ) ;
#1763 = AXIS2_PLACEMENT_3D ( 'NONE', #1496, #702, #5198 ) ;
#1764 = AXIS2_PLACEMENT_3D ( 'NONE', #5484, #2967, #5532 ) ;
#1765 = ORIENTED_EDGE ( 'NONE', *, *, #4438, .T. ) ;
#1766 = ORIENTED_EDGE ( 'NONE', *, *, #4797, .T. ) ;
#1767 = CARTESIAN_POINT ( 'NONE',  ( -8.468754248908982873, 3.747653292080606935, -8.274564617514231557 ) ) ;
#1768 = CARTESIAN_POINT ( 'NONE',  ( 7.873890118642175473, 4.700000000000000178, -6.721224532279947539 ) ) ;
#1769 = CARTESIAN_POINT ( 'NONE',  ( -7.393634141084485023, 6.002204882562850230, -6.752379834956524718 ) ) ;
#1770 = CARTESIAN_POINT ( 'NONE',  ( -7.772302612051908532, 3.453200737074711313, 8.628159349877851270 ) ) ;
#1771 = CARTESIAN_POINT ( 'NONE',  ( -7.778174593052010977, 4.898437500619394314, -9.043152192292751579 ) ) ;
#1772 = CARTESIAN_POINT ( 'NONE',  ( 7.443538236080919468, 4.162744615079132515, 6.996815903676059989 ) ) ;
#1773 = CARTESIAN_POINT ( 'NONE',  ( -7.550417779485552927, 3.772601461096674047, 6.928174593052041530 ) ) ;
#1774 = CARTESIAN_POINT ( 'NONE',  ( -6.830692863284324901, 4.700000000000001066, 7.414797591733191418 ) ) ;
#1775 = CARTESIAN_POINT ( 'NONE',  ( -8.109681296381182847, 3.708920401849799653, 6.995482956123358242 ) ) ;
#1776 = EDGE_CURVE ( 'NONE', #5543, #3490, #7418, .T. ) ;
#1777 = CARTESIAN_POINT ( 'NONE',  ( 6.928174593052061070, 5.682738096476882994, -8.268922321863168889 ) ) ;
#1778 = AXIS2_PLACEMENT_3D ( 'NONE', #2365, #4333, #3161 ) ;
#1779 = CARTESIAN_POINT ( 'NONE',  ( -8.325925961132364606, 3.518824405381299592, 6.829441393621498158 ) ) ;
#1780 = CARTESIAN_POINT ( 'NONE',  ( -7.778174593052010977, 3.537723214905108549, -9.043152192292751579 ) ) ;
#1781 = CARTESIAN_POINT ( 'NONE',  ( 7.446667889722803579, 3.708920401849856940, 6.995482956123402651 ) ) ;
#1782 = CARTESIAN_POINT ( 'NONE',  ( 6.682671856891243323, 3.178645833952728150, 8.410663392672448779 ) ) ;
#1783 = VECTOR ( 'NONE', #4641, 1000.000000000000000 ) ;
#1784 = CARTESIAN_POINT ( 'NONE',  ( 6.682671856891347240, 4.142485119667013826, -7.145685793431625576 ) ) ;
#1785 = CARTESIAN_POINT ( 'NONE',  ( -8.460585939548694867, 3.385788629239540715, -7.271190159264682151 ) ) ;
#1786 = CARTESIAN_POINT ( 'NONE',  ( -7.778174593052011865, 3.991294643476539505, -9.043152192292746250 ) ) ;
#1787 = CARTESIAN_POINT ( 'NONE',  ( -8.873677329212721787, 4.596056548238441231, 8.410663392672399041 ) ) ;
#1788 = EDGE_LOOP ( 'NONE', ( #5588, #5035, #2731, #403 ) ) ;
#1789 = CARTESIAN_POINT ( 'NONE',  ( 0.000000000000000000, 5.800000000000000711, 0.000000000000000000 ) ) ;
#1790 = CARTESIAN_POINT ( 'NONE',  ( -8.201911009085829818, 3.414782612192245104, 8.517097116308143256 ) ) ;
#1791 = CARTESIAN_POINT ( 'NONE',  ( -8.873677329212721787, 4.539360119667013471, 8.410663392672399041 ) ) ;
#1792 = CIRCLE ( 'NONE', #5830, 4.500000000000000000 ) ;
#1793 = CARTESIAN_POINT ( 'NONE',  ( 6.928174593051956265, 5.229166667905455590, 7.287426864240906355 ) ) ;
#1794 = CARTESIAN_POINT ( 'NONE',  ( 6.928174593052061070, 4.208630952380952195, -8.268922321863168889 ) ) ;
#1795 = CARTESIAN_POINT ( 'NONE',  ( 0.000000000000000000, 1.000000000000000000, 8.000000000000000000 ) ) ;
#1796 =( BOUNDED_SURFACE ( )  B_SPLINE_SURFACE ( 1, 2, ( 
 ( #87, #7755, #4635, #4041, #3967, #6606, #5227, #129, #3306, #3417, #684, #5267, #5977, #4596, #5821, #3263, #46, #2002, #7157, #7837, #3929, #2083, #4236, #1599, #6799, #6678, #6171, #4120, #5418, #4870, #2274, #5378, #3454, #6718, #1040, #2981, #4080, #7350, #361, #4752, #6090 ),
 ( #1681, #7991, #323, #3565, #4198, #6051, #3605, #5456, #2893, #2855, #958, #2234, #996, #8113, #8028, #2357, #7306, #7432, #7271, #285, #246, #4825, #6130, #4159, #7390, #4787, #1641, #921, #405, #1522, #3531, #5546, #6758, #6014, #2936, #5499, #2312, #3492, #8068, #6640, #2814 ) ),
 .UNSPECIFIED., .F., .F., .T. ) 
 B_SPLINE_SURFACE_WITH_KNOTS ( ( 2, 2 ),
 ( 3, 2, 2, 2, 2, 2, 2, 2, 2, 2, 2, 2, 2, 2, 2, 2, 2, 2, 2, 2, 3 ),
 ( 0.000000000000000000, 1.000000000000000000 ),
 ( 0.000000000000000000, 0.04166666666666666435, 0.08333333333333332871, 0.1250000000000000000, 0.1666666666666666574, 0.2083333333333333426, 0.2500000000000000000, 0.2916666666666666852, 0.3333333333333333148, 0.3750000000000000000, 0.4166666666666666852, 0.4583333333333333148, 0.5000000000000000000, 0.5416666666666666297, 0.5833333333333333703, 0.6250000000000000000, 0.6666666666666666297, 0.7083333333333333703, 0.7500000000000000000, 0.7916666666666666297, 0.8265936560513300613 ),
 .UNSPECIFIED. ) 
 GEOMETRIC_REPRESENTATION_ITEM ( )  RATIONAL_B_SPLINE_SURFACE ( (
 ( 1.000000000000000000, 0.8660254037844387076, 1.000000000000000000, 0.8660254037844387076, 1.000000000000000000, 0.8660254037844387076, 1.000000000000000000, 0.8660254037844387076, 1.000000000000000000, 0.8660254037844387076, 1.000000000000000000, 0.8660254037844387076, 1.000000000000000000, 0.8660254037844387076, 1.000000000000000000, 0.8660254037844387076, 1.000000000000000000, 0.8660254037844387076, 1.000000000000000000, 0.8660254037844387076, 1.000000000000000000, 0.8660254037844387076, 1.000000000000000000, 0.8660254037844387076, 1.000000000000000000, 0.8660254037844387076, 1.000000000000000000, 0.8660254037844387076, 1.000000000000000000, 0.8660254037844387076, 1.000000000000000000, 0.8660254037844387076, 1.000000000000000000, 0.8660254037844387076, 1.000000000000000000, 0.8660254037844387076, 1.000000000000000000, 0.8660254037844387076, 1.000000000000000000, 0.8876960968039486755, 0.9636691808775652568),
 ( 1.000000000000000000, 0.8660254037844387076, 1.000000000000000000, 0.8660254037844387076, 1.000000000000000000, 0.8660254037844387076, 1.000000000000000000, 0.8660254037844387076, 1.000000000000000000, 0.8660254037844387076, 1.000000000000000000, 0.8660254037844387076, 1.000000000000000000, 0.8660254037844387076, 1.000000000000000000, 0.8660254037844387076, 1.000000000000000000, 0.8660254037844387076, 1.000000000000000000, 0.8660254037844387076, 1.000000000000000000, 0.8660254037844387076, 1.000000000000000000, 0.8660254037844387076, 1.000000000000000000, 0.8660254037844387076, 1.000000000000000000, 0.8660254037844387076, 1.000000000000000000, 0.8660254037844387076, 1.000000000000000000, 0.8660254037844387076, 1.000000000000000000, 0.8660254037844387076, 1.000000000000000000, 0.8660254037844387076, 1.000000000000000000, 0.8660254037844387076, 1.000000000000000000, 0.8876960968039486755, 0.9636691808775652568) ) ) 
 REPRESENTATION_ITEM ( '' )  SURFACE ( )  );
#1797 = ORIENTED_EDGE ( 'NONE', *, *, #2242, .T. ) ;
#1798 = ORIENTED_EDGE ( 'NONE', *, *, #7379, .F. ) ;
#1799 = EDGE_CURVE ( 'NONE', #1957, #5213, #1025, .T. ) ;
#1800 = CARTESIAN_POINT ( 'NONE',  ( 7.778174593052059826, 5.352008929190823494, -9.043152192292705394 ) ) ;
#1801 = CARTESIAN_POINT ( 'NONE',  ( -6.682671856891297502, 3.915699405381303233, 7.145685793431682420 ) ) ;
#1802 = PLANE ( 'NONE',  #12 ) ;
#1803 = DIRECTION ( 'NONE',  ( 0.000000000000000000, 0.000000000000000000, 1.000000000000000000 ) ) ;
#1804 = CARTESIAN_POINT ( 'NONE',  ( 6.931663647118313953, 4.692529161866158205, 7.683469646140213882 ) ) ;
#1805 = VERTEX_POINT ( 'NONE', #4986 ) ;
#1806 = ORIENTED_EDGE ( 'NONE', *, *, #3666, .F. ) ;
#1807 = CARTESIAN_POINT ( 'NONE',  ( -8.112810950023625622, 3.709173186507762843, -8.559533282427819856 ) ) ;
#1808 = CARTESIAN_POINT ( 'NONE',  ( -8.203174593052201757, 4.435416667905680121, 8.514296186269151079 ) ) ;
#1809 = CARTESIAN_POINT ( 'NONE',  ( -8.203174593052011687, 4.435416667905455412, -7.042052999835261673 ) ) ;
#1810 = CARTESIAN_POINT ( 'NONE',  ( 0.000000000000000000, 0.000000000000000000, 0.000000000000000000 ) ) ;
#1811 = FACE_OUTER_BOUND ( 'NONE', #4196, .T. ) ;
#1812 = CARTESIAN_POINT ( 'NONE',  ( 7.500060696004291927, 4.157859226501088301, 6.972997566705498862 ) ) ;
#1813 = FACE_BOUND ( 'NONE', #6421, .T. ) ;
#1814 = CARTESIAN_POINT ( 'NONE',  ( -8.636590624157069129, 3.200000000000000178, -7.082838480254741498 ) ) ;
#1815 = CARTESIAN_POINT ( 'NONE',  ( -6.682671856891293061, 4.236979167286060388, 8.410663392672399041 ) ) ;
#1816 = CARTESIAN_POINT ( 'NONE',  ( 7.778174593052059826, 5.607142858381645389, -8.759670050674348118 ) ) ;
#1817 = CARTESIAN_POINT ( 'NONE',  ( 6.682671856891347240, 3.594419643476537196, -7.778174593051986108 ) ) ;
#1818 = ORIENTED_EDGE ( 'NONE', *, *, #2699, .T. ) ;
#1819 = CARTESIAN_POINT ( 'NONE',  ( -7.393643809945103840, 3.000920785876298957, 6.752376210435452109 ) ) ;
#1820 = CIRCLE ( 'NONE', #8271, 0.5000000000000004441 ) ;
#1821 = EDGE_CURVE ( 'NONE', #6117, #1218, #7594, .T. ) ;
#1822 = CARTESIAN_POINT ( 'NONE',  ( -8.873677329212725340, 4.520461310143204514, -8.410663392672393712 ) ) ;
#1823 = CARTESIAN_POINT ( 'NONE',  ( 6.980149332123519734, 3.767993599433227647, 7.485393814675704860 ) ) ;
#1824 = DIRECTION ( 'NONE',  ( 0.000000000000000000, 1.000000000000000000, 0.000000000000000000 ) ) ;
#1825 = CARTESIAN_POINT ( 'NONE',  ( 6.682671856891347240, 3.556622024428918838, -8.410663392672345751 ) ) ;
#1826 = CARTESIAN_POINT ( 'NONE',  ( -8.624682955383246252, 3.331812885599678253, -7.872902722042342205 ) ) ;
#1827 = CARTESIAN_POINT ( 'NONE',  ( 7.778152113398151712, 4.359819429332412177, -6.928174593349242905 ) ) ;
#1828 = CARTESIAN_POINT ( 'NONE',  ( -8.325925961132364606, 4.029092262524156531, 6.829441393621498158 ) ) ;
#1829 = ORIENTED_EDGE ( 'NONE', *, *, #7633, .F. ) ;
#1830 = CARTESIAN_POINT ( 'NONE',  ( -7.556978813037736664, 3.660065888792858768, -8.606310465923614927 ) ) ;
#1831 = DIRECTION ( 'NONE',  ( -0.000000000000000000, -1.000000000000000000, -0.000000000000000000 ) ) ;
#1832 = CARTESIAN_POINT ( 'NONE',  ( -7.353174593052012042, 3.944047619047619690, -7.042052999835261673 ) ) ;
#1833 = CARTESIAN_POINT ( 'NONE',  ( 7.353174593051957864, 5.191369048857835899, 7.042052999835314964 ) ) ;
#1834 = CARTESIAN_POINT ( 'NONE',  ( 7.778174593051956798, 4.700000000000000178, 6.928174593052088603 ) ) ;
#1835 = CARTESIAN_POINT ( 'NONE',  ( -7.778174593052007424, 3.700000000000000178, 7.778174593052038510 ) ) ;
#1836 = AXIS2_PLACEMENT_3D ( 'NONE', #6498, #7163, #1920 ) ;
#1837 = ORIENTED_EDGE ( 'NONE', *, *, #5784, .F. ) ;
#1838 = ORIENTED_EDGE ( 'NONE', *, *, #2436, .F. ) ;
#1839 = AXIS2_PLACEMENT_3D ( 'NONE', #1236, #6311, #594 ) ;
#1840 = CARTESIAN_POINT ( 'NONE',  ( -7.772302612048661352, 4.360343594217791718, 8.628159349877829953 ) ) ;
#1841 = ADVANCED_FACE ( 'NONE', ( #2387 ), #4857, .F. ) ;
#1842 = FACE_OUTER_BOUND ( 'NONE', #6787, .T. ) ;
#1843 = DIRECTION ( 'NONE',  ( 0.000000000000000000, 0.000000000000000000, 1.000000000000000000 ) ) ;
#1844 = CARTESIAN_POINT ( 'NONE',  ( 6.931663647108392112, 4.692529161873088661, -7.872879539874252153 ) ) ;
#1845 = VERTEX_POINT ( 'NONE', #3594 ) ;
#1846 = CARTESIAN_POINT ( 'NONE',  ( 7.778174593051956798, 3.537723214905112101, 6.513196993811375179 ) ) ;
#1847 = B_SPLINE_CURVE_WITH_KNOTS ( 'NONE', 3,
 ( #4252, #6026, #7323, #376, #7493, #7404, #4840, #2248, #8127, #972, #7966, #2995 ),
 .UNSPECIFIED., .F., .F.,
 ( 4, 2, 2, 2, 2, 4 ),
 ( 0.000000000000000000, 0.0002393295673674482283, 0.0004786591347348964566, 0.0009573182694697906364, 0.001435977404204684654, 0.001914636538939578671 ),
 .UNSPECIFIED. ) ;
#1848 = CIRCLE ( 'NONE', #4105, 4.500000000000000000 ) ;
#1849 = CARTESIAN_POINT ( 'NONE',  ( -7.550417779485298908, 4.493469969952571752, -6.928174593051730668 ) ) ;
#1850 =( BOUNDED_CURVE ( )  B_SPLINE_CURVE ( 2, ( #4683, #7359, #854, #5312, #7240 ),
 .UNSPECIFIED., .F., .F. ) 
 B_SPLINE_CURVE_WITH_KNOTS ( ( 3, 2, 3 ),
 ( 0.000000000000000000, 0.05040767777690183249, 0.09391603028572814704 ),
 .UNSPECIFIED. ) 
 CURVE ( )  GEOMETRIC_REPRESENTATION_ITEM ( )  RATIONAL_B_SPLINE_CURVE ( ( 1.000000000000000000, 0.8660254037844387076, 1.000000000000000000, 0.8843625769635171663, 0.9683452906431517793 ) ) 
 REPRESENTATION_ITEM ( '' )  );
#1851 = CIRCLE ( 'NONE', #5207, 4.500000000000000000 ) ;
#1852 = EDGE_LOOP ( 'NONE', ( #6455, #3651, #3737, #2666 ) ) ;
#1853 = EDGE_LOOP ( 'NONE', ( #7989, #8298, #7476, #35 ) ) ;
#1854 = CARTESIAN_POINT ( 'NONE',  ( -8.477349517408423907, 3.836794931553859644, -7.294786991822329369 ) ) ;
#1855 = CARTESIAN_POINT ( 'NONE',  ( -8.873677329212725340, 4.463764881571775867, -8.410663392672393712 ) ) ;
#1856 = CARTESIAN_POINT ( 'NONE',  ( -7.230423224971654683, 5.257514881571775156, -8.726907792482570869 ) ) ;
#1857 = CARTESIAN_POINT ( 'NONE',  ( 2.000000000000084377, 4.700000000000000178, 10.99999999999985434 ) ) ;
#1858 = CARTESIAN_POINT ( 'NONE',  ( -8.873677329212725340, 4.596056548238441231, -7.145685793431673538 ) ) ;
#1859 = CARTESIAN_POINT ( 'NONE',  ( 7.449296870685218508, 4.162280304807945974, 6.994376313267046008 ) ) ;
#1860 = DIRECTION ( 'NONE',  ( -0.000000000000000000, -1.000000000000000000, -0.000000000000000000 ) ) ;
#1861 = DIRECTION ( 'NONE',  ( 0.000000000000000000, 0.000000000000000000, 1.000000000000000000 ) ) ;
#1862 = DIRECTION ( 'NONE',  ( 0.000000000000000000, 0.000000000000000000, -1.000000000000000000 ) ) ;
#1863 = CARTESIAN_POINT ( 'NONE',  ( 8.117484402333749571, 3.482765987216517534, 8.557526313660771322 ) ) ;
#1864 = CARTESIAN_POINT ( 'NONE',  ( 8.325925961132417896, 3.292038691095585001, -6.829441393621446643 ) ) ;
#1865 = ORIENTED_EDGE ( 'NONE', *, *, #7685, .T. ) ;
#1866 = CARTESIAN_POINT ( 'NONE',  ( -8.542861939020067297, 4.667288638879848683, -8.153629766421337521 ) ) ;
#1867 = EDGE_CURVE ( 'NONE', #1876, #1120, #6917, .T. ) ;
#1868 = CARTESIAN_POINT ( 'NONE',  ( -8.325925961132368158, 3.273139881571775600, -6.829441393621494605 ) ) ;
#1869 = CARTESIAN_POINT ( 'NONE',  ( 7.406333310962097904, 3.712238564499564575, 7.013610571879109301 ) ) ;
#1870 = CARTESIAN_POINT ( 'NONE',  ( 1.653273178848926867E-15, 2.500000000000000000, 13.50000000000000000 ) ) ;
#1871 = CARTESIAN_POINT ( 'NONE',  ( 6.682671856891347240, 3.594419643476537196, -7.778174593051986108 ) ) ;
#1872 = CARTESIAN_POINT ( 'NONE',  ( 7.230423224971704421, 3.670014881571775689, -6.829441393621446643 ) ) ;
#1873 = CARTESIAN_POINT ( 'NONE',  ( 11.00000000000001243, 3.700000000000000178, -2.289248920926628591E-13 ) ) ;
#1874 = CARTESIAN_POINT ( 'NONE',  ( 7.034325412915422682, 4.282974437570853610, -7.365130848023472510 ) ) ;
#1875 = CARTESIAN_POINT ( 'NONE',  ( -8.325925961132364606, 5.087425595857490102, 8.726907792482577975 ) ) ;
#1876 = VERTEX_POINT ( 'NONE', #6875 ) ;
#1877 = CARTESIAN_POINT ( 'NONE',  ( -6.952253829287470488, 3.583168388296533724, -7.986512551968843354 ) ) ;
#1878 = LINE ( 'NONE', #3716, #2245 ) ;
#1879 = CARTESIAN_POINT ( 'NONE',  ( -8.873677329212725340, 3.613318453000347485, -8.410663392672393712 ) ) ;
#1880 = CARTESIAN_POINT ( 'NONE',  ( 6.682671856891243323, 4.085788691095585179, 8.410663392672448779 ) ) ;
#1881 = CARTESIAN_POINT ( 'NONE',  ( 8.325925961132416120, 3.953497024428918483, -8.726907792482524684 ) ) ;
#1882 = EDGE_CURVE ( 'NONE', #5209, #4454, #4692, .T. ) ;
#1883 = CARTESIAN_POINT ( 'NONE',  ( 5.510910596163088569E-16, 2.500000000000000000, 4.500000000000000000 ) ) ;
#1884 = ORIENTED_EDGE ( 'NONE', *, *, #1585, .T. ) ;
#1885 = ORIENTED_EDGE ( 'NONE', *, *, #3850, .F. ) ;
#1886 = CARTESIAN_POINT ( 'NONE',  ( -6.946197363219861032, 4.458812371927600715, 7.954459522285189266 ) ) ;
#1887 = CARTESIAN_POINT ( 'NONE',  ( 7.230423224971703533, 5.030729167286061454, -6.829441393621446643 ) ) ;
#1888 = CARTESIAN_POINT ( 'NONE',  ( -8.432956696086627346, 4.296896375653082245, 8.320521832924054451 ) ) ;
#1889 = CARTESIAN_POINT ( 'NONE',  ( 7.188516739853156423, 3.851507479571611992, -7.165945446457974377 ) ) ;
#1890 = ORIENTED_EDGE ( 'NONE', *, *, #3123, .F. ) ;
#1891 = CARTESIAN_POINT ( 'NONE',  ( 11.00000000000001243, 4.700000000000000178, -2.289248920926628591E-13 ) ) ;
#1892 = CARTESIAN_POINT ( 'NONE',  ( -7.095771549122904531, 4.066147003152583039, 7.271178998645721592 ) ) ;
#1893 = CARTESIAN_POINT ( 'NONE',  ( 7.683309869008324355, 4.595043991564104147, 6.928174593052087715 ) ) ;
#1894 = EDGE_CURVE ( 'NONE', #3019, #7556, #6506, .T. ) ;
#1895 = VECTOR ( 'NONE', #2626, 1000.000000000000000 ) ;
#1896 = ORIENTED_EDGE ( 'NONE', *, *, #3001, .T. ) ;
#1897 = VERTEX_POINT ( 'NONE', #4310 ) ;
#1898 = CARTESIAN_POINT ( 'NONE',  ( -8.376168543825036394, 3.850586341241003741, -7.174102234935105571 ) ) ;
#1899 = CARTESIAN_POINT ( 'NONE',  ( -8.325925961132368158, 3.216443453000346953, -6.829441393621494605 ) ) ;
#1900 = CARTESIAN_POINT ( 'NONE',  ( -8.460585939561561020, 4.292931486380702211, -7.271190159282205911 ) ) ;
#1901 = CARTESIAN_POINT ( 'NONE',  ( -7.778174593052006536, 4.161383929190823672, 9.043152192292758684 ) ) ;
#1902 = CARTESIAN_POINT ( 'NONE',  ( -7.393604984450955264, 6.058903323089687376, -6.752390765398254224 ) ) ;
#1903 = CARTESIAN_POINT ( 'NONE',  ( 7.215066078412247563, 4.307956873787055940, 8.415154552894870577 ) ) ;
#1904 = FACE_OUTER_BOUND ( 'NONE', #613, .T. ) ;
#1905 = FACE_OUTER_BOUND ( 'NONE', #360, .T. ) ;
#1906 = FACE_OUTER_BOUND ( 'NONE', #670, .T. ) ;
#1907 = VECTOR ( 'NONE', #5047, 1000.000000000000000 ) ;
#1908 = CARTESIAN_POINT ( 'NONE',  ( 8.367824203203685585, 3.624722670348561326, 7.165937506839086701 ) ) ;
#1909 = CARTESIAN_POINT ( 'NONE',  ( 8.628174593052058583, 4.133035715524502329, -7.778174593051986108 ) ) ;
#1910 = ORIENTED_EDGE ( 'NONE', *, *, #93, .F. ) ;
#1911 = CARTESIAN_POINT ( 'NONE',  ( -8.117502057091098067, 4.616695995183747847, -8.557518626772969483 ) ) ;
#1912 = UNCERTAINTY_MEASURE_WITH_UNIT (LENGTH_MEASURE( 1.000000000000000082E-05 ), #7974, 'distance_accuracy_value', 'NONE');
#1913 = EDGE_CURVE ( 'NONE', #3010, #6463, #6786, .T. ) ;
#1914 = CIRCLE ( 'NONE', #413, 13.50000000000000000 ) ;
#1915 = CARTESIAN_POINT ( 'NONE',  ( 0.000000000000000000, 1.000000000000000000, 0.000000000000000000 ) ) ;
#1916 = DIRECTION ( 'NONE',  ( 0.000000000000000000, -0.000000000000000000, 1.000000000000000000 ) ) ;
#1917 = CARTESIAN_POINT ( 'NONE',  ( 7.778174593051956798, 4.246428572667359624, 6.928174593052088603 ) ) ;
#1918 = CARTESIAN_POINT ( 'NONE',  ( 7.778174593052059826, 4.161383929190823672, -6.513196993811266822 ) ) ;
#1919 = CARTESIAN_POINT ( 'NONE',  ( 6.682671856891347240, 4.085788691095585179, -7.145685793431625576 ) ) ;
#1920 = DIRECTION ( 'NONE',  ( 0.000000000000000000, 0.000000000000000000, 1.000000000000000000 ) ) ;
#1921 = CARTESIAN_POINT ( 'NONE',  ( 7.406333310962759597, 4.165809993070518580, -8.542738614225235949 ) ) ;
#1922 = CARTESIAN_POINT ( 'NONE',  ( -7.778174593052007424, 3.200000000000000178, 6.528174593052039398 ) ) ;
#1923 = VERTEX_POINT ( 'NONE', #5443 ) ;
#1924 = CARTESIAN_POINT ( 'NONE',  ( -7.175075591182856982, 3.623233565645872734, -8.377188266208658973 ) ) ;
#1925 = CARTESIAN_POINT ( 'NONE',  ( -8.522023773189033591, 3.375831580428590772, 8.191218338079844230 ) ) ;
#1926 = CIRCLE ( 'NONE', #6613, 0.8500000000000000888 ) ;
#1927 = CARTESIAN_POINT ( 'NONE',  ( -6.682671856891298390, 3.386532738714632895, -7.145685793431673538 ) ) ;
#1928 = CIRCLE ( 'NONE', #8088, 7.000000000000000000 ) ;
#1929 = CARTESIAN_POINT ( 'NONE',  ( 7.778174593051956798, 3.934598214905108637, 6.513196993811369850 ) ) ;
#1930 = CARTESIAN_POINT ( 'NONE',  ( 7.778174593052059826, 3.452678571428571708, -6.796679135429623209 ) ) ;
#1931 = VERTEX_POINT ( 'NONE', #8015 ) ;
#1932 = DIRECTION ( 'NONE',  ( 0.000000000000000000, 1.000000000000000000, 0.000000000000000000 ) ) ;
#1933 = ORIENTED_EDGE ( 'NONE', *, *, #313, .F. ) ;
#1934 = EDGE_LOOP ( 'NONE', ( #2606, #610, #8319, #2525, #2891 ) ) ;
#1935 = CARTESIAN_POINT ( 'NONE',  ( -7.689523286615960629, 4.367697659546345257, 8.623807290112942781 ) ) ;
#1936 = CARTESIAN_POINT ( 'NONE',  ( 8.873677329212767972, 4.331473214905111391, -7.778174593051986108 ) ) ;
#1937 = ADVANCED_FACE ( 'NONE', ( #2260 ), #349, .F. ) ;
#1938 = CARTESIAN_POINT ( 'NONE',  ( 7.778174593051956798, 3.200000000000000178, 9.028174593052089136 ) ) ;
#1939 = CARTESIAN_POINT ( 'NONE',  ( 7.438847129012974513, 4.616695995183674128, -8.557518626772921522 ) ) ;
#1940 = EDGE_LOOP ( 'NONE', ( #2438, #3094 ) ) ;
#1941 = CARTESIAN_POINT ( 'NONE',  ( 8.203174593051956620, 4.548809523809524080, 7.042052999835315852 ) ) ;
#1942 = CARTESIAN_POINT ( 'NONE',  ( -6.989257602454034490, 3.992551114574916848, 8.094655541907091134 ) ) ;
#1943 = EDGE_CURVE ( 'NONE', #2311, #4408, #275, .T. ) ;
#1944 = VERTEX_POINT ( 'NONE', #1116 ) ;
#1945 = EDGE_LOOP ( 'NONE', ( #4472, #3845 ) ) ;
#1946 = CARTESIAN_POINT ( 'NONE',  ( 8.622623681990329914, 3.574044987629419801, -7.878534805241495853 ) ) ;
#1947 = CARTESIAN_POINT ( 'NONE',  ( -8.533539853830319544, 3.200000000000000622, -6.984732996118191650 ) ) ;
#1948 = CARTESIAN_POINT ( 'NONE',  ( -8.304497449821241162, 4.311820723662600052, -7.109725679993196046 ) ) ;
#1949 = CARTESIAN_POINT ( 'NONE',  ( -8.873677329212721787, 4.047991072047966377, 7.778174593052038510 ) ) ;
#1950 = CARTESIAN_POINT ( 'NONE',  ( -7.778174593052010977, 5.522098214905109437, -6.513196993811314783 ) ) ;
#1951 = SURFACE_STYLE_FILL_AREA ( #4025 ) ;
#1952 = CARTESIAN_POINT ( 'NONE',  ( -8.873677329212725340, 4.010193453000346686, -8.410663392672393712 ) ) ;
#1953 = CARTESIAN_POINT ( 'NONE',  ( -6.682671856891293061, 5.144122024428918749, 8.410663392672399041 ) ) ;
#1954 = CARTESIAN_POINT ( 'NONE',  ( 8.572527594031473190E-16, 1.500000000000000000, 7.000000000000000000 ) ) ;
#1955 = CARTESIAN_POINT ( 'NONE',  ( 8.591281905927605322, 3.545306613555131214, 8.026338334981348410 ) ) ;
#1956 = CARTESIAN_POINT ( 'NONE',  ( 7.700737037076249791, 2.892601240460726419, -8.714961456886326729 ) ) ;
#1957 = VERTEX_POINT ( 'NONE', #7007 ) ;
#1958 = DIRECTION ( 'NONE',  ( 0.000000000000000000, 0.000000000000000000, 1.000000000000000000 ) ) ;
#1959 = CARTESIAN_POINT ( 'NONE',  ( 8.830260583452457013, 4.699999999999999289, 7.803650463551332628 ) ) ;
#1960 = CARTESIAN_POINT ( 'NONE',  ( -6.989257602454074458, 3.992551114574845794, -7.461693644196891739 ) ) ;
#1961 = CARTESIAN_POINT ( 'NONE',  ( -8.628174593052007069, 4.737797619047618980, 8.268922321863218627 ) ) ;
#1962 = EDGE_CURVE ( 'NONE', #6443, #6478, #4985, .T. ) ;
#1963 = DIRECTION ( 'NONE',  ( 0.000000000000000000, 1.000000000000000000, 0.000000000000000000 ) ) ;
#1964 = ORIENTED_EDGE ( 'NONE', *, *, #669, .F. ) ;
#1965 = CARTESIAN_POINT ( 'NONE',  ( 8.325925961132417896, 4.199181548238442474, -6.829441393621446643 ) ) ;
#1966 = CARTESIAN_POINT ( 'NONE',  ( -8.090390084926577074, 3.253798988514951862, -8.568951642338859642 ) ) ;
#1967 = CARTESIAN_POINT ( 'NONE',  ( -7.778197072705646420, 3.452676572189579574, -6.928174593349289978 ) ) ;
#1968 = CARTESIAN_POINT ( 'NONE',  ( 7.084101871762045199, 4.291159764025752388, -7.287436323306578423 ) ) ;
#1969 = CARTESIAN_POINT ( 'NONE',  ( -7.778174593052006536, 3.764508929190823139, 9.043152192292756908 ) ) ;
#1970 = ORIENTED_EDGE ( 'NONE', *, *, #7179, .F. ) ;
#1971 = DIRECTION ( 'NONE',  ( 0.000000000000000000, 1.000000000000000000, 0.000000000000000000 ) ) ;
#1972 = CARTESIAN_POINT ( 'NONE',  ( -7.285311690750040370, 4.541958439409724768, -8.471248143874218428 ) ) ;
#1973 = DIRECTION ( 'NONE',  ( -0.000000000000000000, -1.000000000000000000, -0.000000000000000000 ) ) ;
#1974 = CARTESIAN_POINT ( 'NONE',  ( 7.778174593052059826, 4.218080357762252319, -6.513196993811266822 ) ) ;
#1975 = EDGE_LOOP ( 'NONE', ( #2029, #3104, #7305, #3321 ) ) ;
#1976 = CARTESIAN_POINT ( 'NONE',  ( -6.928174593052007779, 3.213795044467159912, 7.935247309580415909 ) ) ;
#1977 = ORIENTED_EDGE ( 'NONE', *, *, #7413, .T. ) ;
#1978 = CARTESIAN_POINT ( 'NONE',  ( -7.446683113930538056, 4.389276317300831565, 8.560872678036357541 ) ) ;
#1979 = CARTESIAN_POINT ( 'NONE',  ( -6.726088602651510762, 4.700000000000001066, -7.752698722552784361 ) ) ;
#1980 = CARTESIAN_POINT ( 'NONE',  ( -8.628174593052007069, 4.359821429810216920, 7.778174593052038510 ) ) ;
#1981 = CARTESIAN_POINT ( 'NONE',  ( 7.182330180849318069, 3.850824756817192718, -7.171979555299256681 ) ) ;
#1982 = VERTEX_POINT ( 'NONE', #1883 ) ;
#1983 = CARTESIAN_POINT ( 'NONE',  ( 0.000000000000000000, 1.000000000000000000, 0.000000000000000000 ) ) ;
#1984 =( BOUNDED_SURFACE ( )  B_SPLINE_SURFACE ( 1, 2, ( 
 ( #1098, #1822, #3124, #2495, #8302, #2412, #5691, #3074, #4381, #7448, #1696, #5055, #4968, #6903, #7492, #6945, #6814, #2540, #3752, #4251, #3170, #2371, #7626, #1189, #507, #8258, #7539, #1780, #460, #3035, #4340, #1147, #3618, #6857, #1868, #4424, #2994, #6987, #3799, #3667, #6355 ),
 ( #5560, #4926, #5731, #6188, #420, #8126, #1737, #4291, #3706, #5269, #640, #2705, #5867, #131, #90, #3930, #733, #6493, #2085, #773, #3886, #1448, #6571, #2668, #6533, #4469, #6400, #5101, #5906, #2004, #3265, #7034, #3968, #5147, #1279, #7118, #7797, #7195, #4514, #3308, #4558 ) ),
 .UNSPECIFIED., .F., .F., .F. ) 
 B_SPLINE_SURFACE_WITH_KNOTS ( ( 2, 2 ),
 ( 3, 2, 2, 2, 2, 2, 2, 2, 2, 2, 2, 2, 2, 2, 2, 2, 2, 2, 2, 2, 3 ),
 ( 0.000000000000000000, 1.000000000000000000 ),
 ( 0.000000000000000000, 0.04166666666666666435, 0.08333333333333332871, 0.1250000000000000000, 0.1666666666666666574, 0.2083333333333333426, 0.2500000000000000000, 0.2916666666666666852, 0.3333333333333333148, 0.3750000000000000000, 0.4166666666666666852, 0.4583333333333333148, 0.5000000000000000000, 0.5416666666666666297, 0.5833333333333333703, 0.6250000000000000000, 0.6666666666666666297, 0.7083333333333333703, 0.7500000000000000000, 0.7916666666666666297, 0.8265940270808124213 ),
 .UNSPECIFIED. ) 
 GEOMETRIC_REPRESENTATION_ITEM ( )  RATIONAL_B_SPLINE_SURFACE ( (
 ( 1.000000000000000000, 0.8660254037844387076, 1.000000000000000000, 0.8660254037844387076, 1.000000000000000000, 0.8660254037844387076, 1.000000000000000000, 0.8660254037844387076, 1.000000000000000000, 0.8660254037844387076, 1.000000000000000000, 0.8660254037844387076, 1.000000000000000000, 0.8660254037844387076, 1.000000000000000000, 0.8660254037844387076, 1.000000000000000000, 0.8660254037844387076, 1.000000000000000000, 0.8660254037844387076, 1.000000000000000000, 0.8660254037844387076, 1.000000000000000000, 0.8660254037844387076, 1.000000000000000000, 0.8660254037844387076, 1.000000000000000000, 0.8660254037844387076, 1.000000000000000000, 0.8660254037844387076, 1.000000000000000000, 0.8660254037844387076, 1.000000000000000000, 0.8660254037844387076, 1.000000000000000000, 0.8660254037844387076, 1.000000000000000000, 0.8660254037844387076, 1.000000000000000000, 0.8876949037993466796, 0.9636707950232787923),
 ( 1.000000000000000000, 0.8660254037844387076, 1.000000000000000000, 0.8660254037844387076, 1.000000000000000000, 0.8660254037844387076, 1.000000000000000000, 0.8660254037844387076, 1.000000000000000000, 0.8660254037844387076, 1.000000000000000000, 0.8660254037844387076, 1.000000000000000000, 0.8660254037844387076, 1.000000000000000000, 0.8660254037844387076, 1.000000000000000000, 0.8660254037844387076, 1.000000000000000000, 0.8660254037844387076, 1.000000000000000000, 0.8660254037844387076, 1.000000000000000000, 0.8660254037844387076, 1.000000000000000000, 0.8660254037844387076, 1.000000000000000000, 0.8660254037844387076, 1.000000000000000000, 0.8660254037844387076, 1.000000000000000000, 0.8660254037844387076, 1.000000000000000000, 0.8660254037844387076, 1.000000000000000000, 0.8660254037844387076, 1.000000000000000000, 0.8660254037844387076, 1.000000000000000000, 0.8876949037993466796, 0.9636707950232787923) ) ) 
 REPRESENTATION_ITEM ( '' )  SURFACE ( )  );
#1985 = CARTESIAN_POINT ( 'NONE',  ( 6.928174593051957153, 4.696559164642456707, 7.733500293996399044 ) ) ;
#1986 = AXIS2_PLACEMENT_3D ( 'NONE', #4821, #6167, #6215 ) ;
#1987 = ORIENTED_EDGE ( 'NONE', *, *, #843, .F. ) ;
#1988 = ORIENTED_EDGE ( 'NONE', *, *, #1154, .F. ) ;
#1989 = CARTESIAN_POINT ( 'NONE',  ( 8.619106235774681934, 3.576239656067183414, -7.905046282382536482 ) ) ;
#1990 = CARTESIAN_POINT ( 'NONE',  ( -7.778174593052011865, 3.934598214905108637, -9.043152192292751579 ) ) ;
#1991 = CARTESIAN_POINT ( 'NONE',  ( -8.628174831681686641, 4.248148714970550799, -7.755841818410849520 ) ) ;
#1992 = CARTESIAN_POINT ( 'NONE',  ( -8.325925961132364606, 4.123586310143203981, 8.726907792482577975 ) ) ;
#1993 = CARTESIAN_POINT ( 'NONE',  ( -8.873677329212725340, 5.881175595857490279, -8.410663392672393712 ) ) ;
#1994 = CARTESIAN_POINT ( 'NONE',  ( -6.682671856891298390, 3.405431548238441852, -8.410663392672393712 ) ) ;
#1995 = CARTESIAN_POINT ( 'NONE',  ( -7.230423224971650242, 5.711086310143204336, 6.829441393621499046 ) ) ;
#1996 = AXIS2_PLACEMENT_3D ( 'NONE', #1810, #6222, #3110 ) ;
#1997 = CARTESIAN_POINT ( 'NONE',  ( -8.873677329212721787, 4.463764881571775867, 7.145685793431678867 ) ) ;
#1998 = CARTESIAN_POINT ( 'NONE',  ( 8.150001679893964734, 3.485451648103010225, 8.542745525018812458 ) ) ;
#1999 = ADVANCED_FACE ( 'NONE', ( #3186 ), #5203, .T. ) ;
#2000 = CARTESIAN_POINT ( 'NONE',  ( 7.778174593052059826, 4.246428572667359624, -8.759670050674348118 ) ) ;
#2001 = ORIENTED_EDGE ( 'NONE', *, *, #1723, .F. ) ;
#2002 = CARTESIAN_POINT ( 'NONE',  ( 8.628174593052060359, 5.342559523809523370, -7.287426864240803326 ) ) ;
#2003 = B_SPLINE_CURVE_WITH_KNOTS ( 'NONE', 3,
 ( #6965, #1210, #1674, #4991, #6164, #3730, #3774, #2928, #2974, #5538, #8105, #5845, #7778, #4618, #5710, #6377, #1888, #1346, #5888, #7013, #111, #7817, #5755, #7054, #6515, #3907, #1257, #5080, #28, #2686, #7176, #8279, #663, #2024, #616, #7736, #5165, #3818, #752, #3986, #6469, #5206, #7138, #67, #3193, #4576, #1430, #6425, #1390, #3950, #3326, #574, #8326, #2562, #4445, #5798, #3145, #2517, #3240, #5247, #5122, #7691, #1303, #2067 ),
 .UNSPECIFIED., .F., .F.,
 ( 4, 2, 2, 1, 1, 1, 1, 2, 2, 2, 2, 1, 1, 2, 2, 1, 2, 2, 2, 2, 2, 2, 2, 1, 2, 2, 2, 2, 2, 2, 1, 1, 1, 1, 2, 2, 2, 4 ),
 ( 0.5000042337161056949, 0.5625037045015802706, 0.5937534398943178360, 0.6093783075906861191, 0.6171907414388706492, 0.6210969583629629698, 0.6230500668250094076, 0.6240266210560326821, 0.6250031752870559565, 0.6406280429834387835, 0.6484404768316303080, 0.6523466937557257372, 0.6542998022177735074, 0.6552763564487971149, 0.6562529106798208334, 0.6718777783761955558, 0.6796902122243826394, 0.6875026460725698341, 0.7187523814653185017, 0.7343772491616935572, 0.7500021168580685016, 0.7812518522508185015, 0.7968767199471933349, 0.8046891537953808626, 0.8085953707194745155, 0.8125015876435681683, 0.8437513230363176131, 0.8593761907326920024, 0.8750010584290662807, 0.9062507938218146153, 0.9218756615181886716, 0.9296880953663759772, 0.9335943122904699631, 0.9355474207525167341, 0.9365239749835405636, 0.9375005292145643931, 0.9687502646072821966, 1.000000000000000000 ),
 .UNSPECIFIED. ) ;
#2004 = CARTESIAN_POINT ( 'NONE',  ( -6.682671856891298390, 3.405431548238441852, -8.410663392672393712 ) ) ;
#2005 = CARTESIAN_POINT ( 'NONE',  ( -7.160563657880469002, 3.964344376071528675, -7.193540234987737314 ) ) ;
#2006 = STYLED_ITEM ( 'NONE', ( #4070 ), #993 ) ;
#2007 = CARTESIAN_POINT ( 'NONE',  ( -6.928174593052007779, 4.964583333333334458, 7.287426864240858393 ) ) ;
#2008 = CARTESIAN_POINT ( 'NONE',  ( 8.553270455331334787, 4.049880625829376690, -8.127357330310355010 ) ) ;
#2009 = CARTESIAN_POINT ( 'NONE',  ( 7.230423224971704421, 4.123586310143203981, -6.829441393621446643 ) ) ;
#2010 = CARTESIAN_POINT ( 'NONE',  ( -7.737774412527723911, 3.456268901309494268, -6.929003756867090580 ) ) ;
#2011 = CARTESIAN_POINT ( 'NONE',  ( 7.162532737376552383, 4.302086295852103781, -7.191417996762282883 ) ) ;
#2012 = EDGE_CURVE ( 'NONE', #3316, #8066, #3079, .T. ) ;
#2013 = CARTESIAN_POINT ( 'NONE',  ( -7.778174593052006536, 5.295312500619395735, 6.513196993811319224 ) ) ;
#2014 = ORIENTED_EDGE ( 'NONE', *, *, #8055, .T. ) ;
#2015 = CARTESIAN_POINT ( 'NONE',  ( 8.005926557518000308, 4.039898110123373520, 8.628177392681518398 ) ) ;
#2016 = CARTESIAN_POINT ( 'NONE',  ( -7.778174593052010977, 3.792857144095930888, -8.628174593052033714 ) ) ;
#2017 = CARTESIAN_POINT ( 'NONE',  ( 0.000000000000000000, 0.000000000000000000, 0.000000000000000000 ) ) ;
#2018 = CARTESIAN_POINT ( 'NONE',  ( 11.00000000000000000, 1.500000000000000000, 0.000000000000000000 ) ) ;
#2019 = CARTESIAN_POINT ( 'NONE',  ( 8.873677329212773301, 3.877901786333680434, -7.778174593051986108 ) ) ;
#2020 = VERTEX_POINT ( 'NONE', #1163 ) ;
#2021 = DIRECTION ( 'NONE',  ( 0.000000000000000000, 0.000000000000000000, 1.000000000000000000 ) ) ;
#2022 = CARTESIAN_POINT ( 'NONE',  ( -6.933725504096735825, 4.481187844760219363, 7.677814381012638023 ) ) ;
#2023 = CARTESIAN_POINT ( 'NONE',  ( 6.682671856891347240, 5.408705357762252142, -7.778174593051986108 ) ) ;
#2024 = CARTESIAN_POINT ( 'NONE',  ( -8.628174831681679535, 4.248148714964641748, 7.800507367622111055 ) ) ;
#2025 = CARTESIAN_POINT ( 'NONE',  ( -7.778185041395166976, 3.566070500581231428, 8.628174592987821967 ) ) ;
#2026 = DIRECTION ( 'NONE',  ( 0.000000000000000000, 1.000000000000000000, 0.000000000000000000 ) ) ;
#2027 = CARTESIAN_POINT ( 'NONE',  ( 7.778174593051957686, 3.481026786333680789, 6.513196993811369850 ) ) ;
#2028 = ORIENTED_EDGE ( 'NONE', *, *, #7497, .F. ) ;
#2029 = ORIENTED_EDGE ( 'NONE', *, *, #4134, .T. ) ;
#2030 = CARTESIAN_POINT ( 'NONE',  ( 8.395785528223747463, 3.510772947500008456, -7.193540234987841231 ) ) ;
#2031 = CARTESIAN_POINT ( 'NONE',  ( -7.778174593052010977, 3.339285715524503040, 6.928174593052039754 ) ) ;
#2032 = CARTESIAN_POINT ( 'NONE',  ( -8.203174593052011687, 5.644940477429264192, -8.514296186268804689 ) ) ;
#2033 = EDGE_CURVE ( 'NONE', #1276, #1598, #1630, .T. ) ;
#2034 = CARTESIAN_POINT ( 'NONE',  ( -7.230423224971650242, 4.199181548238442474, 8.726907792482577975 ) ) ;
#2035 = CARTESIAN_POINT ( 'NONE',  ( -7.877956229309238445, 6.025480633699510591, -6.570805948364605520 ) ) ;
#2036 =( BOUNDED_SURFACE ( )  B_SPLINE_SURFACE ( 1, 2, ( 
 ( #4180, #4850, #4220, #5617, #6782, #3590, #8137, #6157, #2384, #386, #2962, #8095, #7459, #4639, #7640, #5308, #2128, #6414, #2088, #8227, #1832, #519, #1451, #5744, #7001, #2467, #7841, #564, #5025, #5944, #3136, #3811, #4435, #175, #3181, #2746, #2553, #7879, #7198, #1248, #5658, #4679, #5702 ),
 ( #2598, #654, #7236, #1487, #5271, #1292, #4045, #4010, #3087, #3384, #6575, #7591, #8270, #2505, #811, #4394, #6956, #17, #1200, #3855, #3763, #6323, #8316, #5112, #5069, #1879, #6367, #7680, #606, #3230, #7045, #1927, #4481, #5789, #3421, #4125, #2320, #885, #4830, #1648, #5461, #6094, #6055 ) ),
 .UNSPECIFIED., .F., .F., .F. ) 
 B_SPLINE_SURFACE_WITH_KNOTS ( ( 2, 2 ),
 ( 3, 2, 2, 2, 2, 2, 2, 2, 2, 2, 2, 2, 2, 2, 2, 2, 2, 2, 2, 2, 2, 3 ),
 ( 0.000000000000000000, 1.000000000000000000 ),
 ( 0.000000000000000000, 0.04166666666666666435, 0.08333333333333332871, 0.1250000000000000000, 0.1666666666666666574, 0.2083333333333333426, 0.2500000000000000000, 0.2916666666666666852, 0.3333333333333333148, 0.3750000000000000000, 0.4166666666666666852, 0.4583333333333333148, 0.5000000000000000000, 0.5416666666666666297, 0.5833333333333333703, 0.6250000000000000000, 0.6666666666666666297, 0.7083333333333333703, 0.7500000000000000000, 0.7916666666666666297, 0.8265930293009881025, 0.8348589595939980290 ),
 .UNSPECIFIED. ) 
 GEOMETRIC_REPRESENTATION_ITEM ( )  RATIONAL_B_SPLINE_SURFACE ( (
 ( 1.000000000000000000, 0.8660254037844387076, 1.000000000000000000, 0.8660254037844387076, 1.000000000000000000, 0.8660254037844387076, 1.000000000000000000, 0.8660254037844387076, 1.000000000000000000, 0.8660254037844387076, 1.000000000000000000, 0.8660254037844387076, 1.000000000000000000, 0.8660254037844387076, 1.000000000000000000, 0.8660254037844387076, 1.000000000000000000, 0.8660254037844387076, 1.000000000000000000, 0.8660254037844387076, 1.000000000000000000, 0.8660254037844387076, 1.000000000000000000, 0.8660254037844387076, 1.000000000000000000, 0.8660254037844387076, 1.000000000000000000, 0.8660254037844387076, 1.000000000000000000, 0.8660254037844387076, 1.000000000000000000, 0.8660254037844387076, 1.000000000000000000, 0.8660254037844387076, 1.000000000000000000, 0.8660254037844387076, 1.000000000000000000, 0.8660254037844387076, 1.000000000000000000, 0.8876981120509245260, 0.9636664543272093209, 0.9636664543272093209, 0.9636664543272093209),
 ( 1.000000000000000000, 0.8660254037844387076, 1.000000000000000000, 0.8660254037844387076, 1.000000000000000000, 0.8660254037844387076, 1.000000000000000000, 0.8660254037844387076, 1.000000000000000000, 0.8660254037844387076, 1.000000000000000000, 0.8660254037844387076, 1.000000000000000000, 0.8660254037844387076, 1.000000000000000000, 0.8660254037844387076, 1.000000000000000000, 0.8660254037844387076, 1.000000000000000000, 0.8660254037844387076, 1.000000000000000000, 0.8660254037844387076, 1.000000000000000000, 0.8660254037844387076, 1.000000000000000000, 0.8660254037844387076, 1.000000000000000000, 0.8660254037844387076, 1.000000000000000000, 0.8660254037844387076, 1.000000000000000000, 0.8660254037844387076, 1.000000000000000000, 0.8660254037844387076, 1.000000000000000000, 0.8660254037844387076, 1.000000000000000000, 0.8660254037844387076, 1.000000000000000000, 0.8876981120509245260, 0.9636664543272093209, 0.9636664543272093209, 0.9636664543272093209) ) ) 
 REPRESENTATION_ITEM ( '' )  SURFACE ( )  );
#2037 = CARTESIAN_POINT ( 'NONE',  ( -7.230423224971654683, 4.199181548238442474, -6.829441393621495493 ) ) ;
#2038 = CARTESIAN_POINT ( 'NONE',  ( -7.778174593052006536, 4.614955357762251076, 9.043152192292756908 ) ) ;
#2039 = CARTESIAN_POINT ( 'NONE',  ( -6.928174593052007779, 3.263690477429264103, 7.287426864240856617 ) ) ;
#2040 = AXIS2_PLACEMENT_3D ( 'NONE', #3014, #4863, #1843 ) ;
#2041 = CARTESIAN_POINT ( 'NONE',  ( 8.576197802237635059, 3.541207363606479586, 8.070960968657070467 ) ) ;
#2042 = CARTESIAN_POINT ( 'NONE',  ( 8.873677329212773301, 3.329836310143203804, -7.145685793431626465 ) ) ;
#2043 = ORIENTED_EDGE ( 'NONE', *, *, #2146, .T. ) ;
#2044 = LINE ( 'NONE', #7912, #6337 ) ;
#2045 = CYLINDRICAL_SURFACE ( 'NONE', #6938, 4.500000000000000000 ) ;
#2046 = CARTESIAN_POINT ( 'NONE',  ( -7.079008096088919011, 4.063581959899454255, -8.261574382948319695 ) ) ;
#2047 = CARTESIAN_POINT ( 'NONE',  ( -7.230423224971650242, 4.860639881571775511, 6.829441393621499046 ) ) ;
#2048 = AXIS2_PLACEMENT_3D ( 'NONE', #703, #4436, #3812 ) ;
#2049 = CARTESIAN_POINT ( 'NONE',  ( 8.304487338604348068, 4.085036044006703726, -8.446631501325647662 ) ) ;
#2050 = DIRECTION ( 'NONE',  ( 0.000000000000000000, 0.000000000000000000, -1.000000000000000000 ) ) ;
#2051 = CARTESIAN_POINT ( 'NONE',  ( 7.778174593051956798, 4.700000000000000178, 6.928174593052088603 ) ) ;
#2052 = CARTESIAN_POINT ( 'NONE',  ( 6.965065845389092125, 4.225664182827508775, -8.026333614169203656 ) ) ;
#2053 = CIRCLE ( 'NONE', #3509, 1.249999999999999334 ) ;
#2054 = CARTESIAN_POINT ( 'NONE',  ( -8.873677329212721787, 5.824479167286061632, 7.145685793431678867 ) ) ;
#2055 = CARTESIAN_POINT ( 'NONE',  ( -7.427967322043235399, 3.483655973774918646, -7.003619317136832834 ) ) ;
#2056 = B_SPLINE_CURVE_WITH_KNOTS ( 'NONE', 3,
 ( #6583, #819, #6618, #5354, #1419, #5954, #3979, #3319, #2754, #5878, #2792, #217 ),
 .UNSPECIFIED., .F., .F.,
 ( 4, 2, 2, 2, 2, 4 ),
 ( 0.000000000000000000, 0.0002393295673674478217, 0.0004786591347348956435, 0.0009573182694697917206, 0.001435977404204687689, 0.001914636538939586477 ),
 .UNSPECIFIED. ) ;
#2057 = CARTESIAN_POINT ( 'NONE',  ( -8.570507157283827837, 3.313009789243040348, 7.470320717122901577 ) ) ;
#2058 = DIRECTION ( 'NONE',  ( -0.000000000000000000, -1.000000000000000000, -0.000000000000000000 ) ) ;
#2059 = CARTESIAN_POINT ( 'NONE',  ( 8.376166713063701863, 4.530943685284817946, 7.174100422723566517 ) ) ;
#2060 = CARTESIAN_POINT ( 'NONE',  ( 7.678356584121657669, 3.091039734580830700, -8.985522237966764081 ) ) ;
#2061 = EDGE_LOOP ( 'NONE', ( #937, #1165, #7645, #3480 ) ) ;
#2062 = CARTESIAN_POINT ( 'NONE',  ( -6.682671856891298390, 5.692187500619394491, -7.778174593052033181 ) ) ;
#2063 = VECTOR ( 'NONE', #464, 1000.000000000000000 ) ;
#2064 = AXIS2_PLACEMENT_3D ( 'NONE', #4339, #8299, #1958 ) ;
#2065 = CARTESIAN_POINT ( 'NONE',  ( 8.873677329212670273, 4.274776786333680967, 7.778174593052089136 ) ) ;
#2066 = CARTESIAN_POINT ( 'NONE',  ( -1.999999999999884315, 3.700000000000000178, -11.00000000000000888 ) ) ;
#2067 = CARTESIAN_POINT ( 'NONE',  ( -7.778174593052004759, 4.133035714285713702, 6.928174593052037977 ) ) ;
#2068 = CARTESIAN_POINT ( 'NONE',  ( 7.175071666549840188, 3.850018809138965104, -7.179164839728882086 ) ) ;
#2069 = CARTESIAN_POINT ( 'NONE',  ( 8.572527594031473190E-16, 1.500000000000000000, -7.000000000000000000 ) ) ;
#2070 = AXIS2_PLACEMENT_3D ( 'NONE', #6141, #5600, #2989 ) ;
#2071 = ORIENTED_EDGE ( 'NONE', *, *, #7429, .T. ) ;
#2072 = ORIENTED_EDGE ( 'NONE', *, *, #2522, .F. ) ;
#2073 = CARTESIAN_POINT ( 'NONE',  ( 8.376166713065378744, 3.623800828141789943, -8.382248763378949974 ) ) ;
#2074 = CARTESIAN_POINT ( 'NONE',  ( 8.628174593051957331, 5.342559523809523370, 8.268922321863271918 ) ) ;
#2075 = CARTESIAN_POINT ( 'NONE',  ( -8.477349517408754309, 4.290366360125234202, -7.294786991822806321 ) ) ;
#2076 = CARTESIAN_POINT ( 'NONE',  ( 8.374010947579849429, 4.077611363121269150, 7.171971635229085429 ) ) ;
#2077 = CARTESIAN_POINT ( 'NONE',  ( -6.682671856891298390, 4.766145833952728950, -8.410663392672391936 ) ) ;
#2078 = CARTESIAN_POINT ( 'NONE',  ( -7.778174593052010977, 3.707812500619394491, -6.513196993811314783 ) ) ;
#2079 = CARTESIAN_POINT ( 'NONE',  ( -7.393634141084476141, 6.002204882562850230, 8.803969351147545197 ) ) ;
#2080 = FACE_BOUND ( 'NONE', #6364, .T. ) ;
#2081 = DIRECTION ( 'NONE',  ( 0.000000000000000000, 0.000000000000000000, 1.000000000000000000 ) ) ;
#2082 = ORIENTED_EDGE ( 'NONE', *, *, #231, .T. ) ;
#2083 = CARTESIAN_POINT ( 'NONE',  ( 7.778174593052059826, 5.493750000000000355, -8.759670050674348118 ) ) ;
#2084 =( BOUNDED_CURVE ( )  B_SPLINE_CURVE ( 2, ( #3903, #5705, #7049, #522, #8274, #569, #2557, #2470, #1298 ),
 .UNSPECIFIED., .F., .F. ) 
 B_SPLINE_CURVE_WITH_KNOTS ( ( 3, 2, 2, 2, 3 ),
 ( 0.2268350262913063631, 0.2520382757540075014, 0.3024459309048089795, 0.3528535860556104575, 0.3780574136310113631 ),
 .UNSPECIFIED. ) 
 CURVE ( )  GEOMETRIC_REPRESENTATION_ITEM ( )  RATIONAL_B_SPLINE_CURVE ( ( 0.9330127019274632172, 0.9330142384131161482, 1.000000000000000000, 0.8660254037844387076, 1.000000000000000000, 0.8660254037844387076, 1.000000000000000000, 0.9330127018922189652, 0.9330127018922192983 ) ) 
 REPRESENTATION_ITEM ( '' )  );
#2085 = CARTESIAN_POINT ( 'NONE',  ( -6.682671856891298390, 3.821205357762251786, -7.778174593052033181 ) ) ;
#2086 = CARTESIAN_POINT ( 'NONE',  ( -7.056301585081454775, 4.059974610466308143, -8.227850119682466712 ) ) ;
#2087 = CARTESIAN_POINT ( 'NONE',  ( -6.928174593052007779, 5.796130952380953438, 8.268922321863222180 ) ) ;
#2088 = CARTESIAN_POINT ( 'NONE',  ( -6.928174593052012220, 4.019642857142857295, -7.778174593052033181 ) ) ;
#2089 = CARTESIAN_POINT ( 'NONE',  ( 8.295439663622552473, 3.952540175162614577, -7.101492063159986934 ) ) ;
#2090 = CARTESIAN_POINT ( 'NONE',  ( -7.682459067461890001, 4.699999999999999289, -6.721224532279992836 ) ) ;
#2091 = CARTESIAN_POINT ( 'NONE',  ( 7.353174593051762464, 4.435416667905680121, 8.514296186269199040 ) ) ;
#2092 = CARTESIAN_POINT ( 'NONE',  ( 2.000000000000084377, 4.700000000000000178, 10.99999999999985434 ) ) ;
#2093 = CARTESIAN_POINT ( 'NONE',  ( -8.325925961132364606, 5.994568453000346686, 8.726907792482577975 ) ) ;
#2094 = EDGE_CURVE ( 'NONE', #5654, #1805, #7004, .T. ) ;
#2095 = CARTESIAN_POINT ( 'NONE',  ( -8.109681296380758297, 3.255348973278330948, 6.995482956123179719 ) ) ;
#2096 = LINE ( 'NONE', #2636, #1374 ) ;
#2097 = CARTESIAN_POINT ( 'NONE',  ( 7.778174593051956798, 3.481026786333680345, 6.513196993811369850 ) ) ;
#2098 = CARTESIAN_POINT ( 'NONE',  ( 7.218548164252496235, 3.276790899936234069, -8.420265364941728947 ) ) ;
#2099 = EDGE_LOOP ( 'NONE', ( #1232, #6840, #2558, #284 ) ) ;
#2100 = CARTESIAN_POINT ( 'NONE',  ( -7.778174593052010977, 4.671651786333679723, -6.513196993811314783 ) ) ;
#2101 = CARTESIAN_POINT ( 'NONE',  ( 7.678370999577906808, 3.091038739841320382, 6.570818625369704513 ) ) ;
#2102 = B_SPLINE_CURVE_WITH_KNOTS ( 'NONE', 3,
 ( #6902, #2411, #2493, #5145, #3665, #7537, #5053, #5100, #6272, #7625, #1866, #506, #1277, #3073, #7033, #6985, #1233, #8212, #3797, #3168, #2539, #7668, #1911, #4468, #2742, #5342, #732, #6492, #5183, #6532, #4712 ),
 .UNSPECIFIED., .F., .F.,
 ( 4, 2, 2, 1, 2, 2, 2, 2, 2, 2, 1, 1, 1, 1, 2, 2, 2, 4 ),
 ( 0.000000000000000000, 0.1249999999999417966, 0.1874999999999124312, 0.2187499999998977207, 0.2343749999998920031, 0.2499999999998862577, 0.3749999999998162026, 0.4374999999997811750, 0.4999999999997462030, 0.6249999999996761479, 0.6874999999996410649, 0.7187499999996261879, 0.7343749999996195266, 0.7421874999996179723, 0.7460937499996173061, 0.7499999999996166400, 0.8749999999998082645, 1.000000000000000000 ),
 .UNSPECIFIED. ) ;
#2103 =( LENGTH_UNIT ( ) NAMED_UNIT ( * ) SI_UNIT ( .MILLI., .METRE. ) );
#2104 = CARTESIAN_POINT ( 'NONE',  ( 8.203174593052255048, 4.662202382191395600, -8.514296186269097788 ) ) ;
#2105 = FACE_OUTER_BOUND ( 'NONE', #3188, .T. ) ;
#2106 = CARTESIAN_POINT ( 'NONE',  ( 8.873677329212670273, 4.369270833952727529, 7.145685793431728605 ) ) ;
#2107 = EDGE_CURVE ( 'NONE', #1876, #7062, #2084, .T. ) ;
#2108 = ADVANCED_FACE ( 'NONE', ( #64 ), #3780, .F. ) ;
#2109 = ORIENTED_EDGE ( 'NONE', *, *, #7636, .T. ) ;
#2110 = VERTEX_POINT ( 'NONE', #4530 ) ;
#2111 = CARTESIAN_POINT ( 'NONE',  ( 8.325925961132314868, 4.860639881571775511, 6.829441393621549672 ) ) ;
#2112 = CARTESIAN_POINT ( 'NONE',  ( -8.203174593052011687, 3.981845239334026232, -7.042052999835260785 ) ) ;
#2113 = CARTESIAN_POINT ( 'NONE',  ( -11.00000000000000000, 2.500000000000000000, 1.099999999999923705 ) ) ;
#2114 = CARTESIAN_POINT ( 'NONE',  ( -7.778174593052007424, 3.200000000000000178, 7.778174593052038510 ) ) ;
#2115 = DIRECTION ( 'NONE',  ( -0.000000000000000000, -1.000000000000000000, -0.000000000000000000 ) ) ;
#2116 = CARTESIAN_POINT ( 'NONE',  ( -7.230423224971650242, 5.559895833952727351, 8.726907792482577975 ) ) ;
#2117 = CARTESIAN_POINT ( 'NONE',  ( -7.778174593052006536, 4.019642858381645922, 8.759670050674403186 ) ) ;
#2118 = EDGE_CURVE ( 'NONE', #5881, #6294, #3092, .T. ) ;
#2119 = CARTESIAN_POINT ( 'NONE',  ( 8.304487338604301883, 4.538607472578144453, -8.446631501325688518 ) ) ;
#2120 = AXIS2_PLACEMENT_3D ( 'NONE', #1596, #767, #1444 ) ;
#2121 = VERTEX_POINT ( 'NONE', #2642 ) ;
#2122 = CARTESIAN_POINT ( 'NONE',  ( -7.353174593052012042, 3.603869048857835544, -7.042052999835261673 ) ) ;
#2123 = VECTOR ( 'NONE', #7673, 1000.000000000000000 ) ;
#2124 = AXIS2_PLACEMENT_3D ( 'NONE', #1360, #3835, #43 ) ;
#2125 = CARTESIAN_POINT ( 'NONE',  ( 8.529228045750329557, 4.700000000000001954, 7.159976044176127097 ) ) ;
#2126 = CARTESIAN_POINT ( 'NONE',  ( -7.034329015255520900, 4.056189385672500869, -8.191224883606157192 ) ) ;
#2127 = CARTESIAN_POINT ( 'NONE',  ( -8.628174593052007069, 6.022916666666667140, 7.287426864240856617 ) ) ;
#2128 = CARTESIAN_POINT ( 'NONE',  ( -7.353174593052012931, 4.095238095238095788, -8.514296186268804689 ) ) ;
#2129 = CARTESIAN_POINT ( 'NONE',  ( 7.784046574052730705, 3.906772165646186235, -6.928189836226179565 ) ) ;
#2130 = CARTESIAN_POINT ( 'NONE',  ( -7.997994885043031132, 4.700000000000006395, -6.771205625720511989 ) ) ;
#2131 = CARTESIAN_POINT ( 'NONE',  ( 8.873677329212773301, 5.673288691095585534, -8.410663392672345751 ) ) ;
#2132 = CARTESIAN_POINT ( 'NONE',  ( 11.00000000000001243, 4.700000000000000178, 1.999999999999770628 ) ) ;
#2133 =( BOUNDED_SURFACE ( )  B_SPLINE_SURFACE ( 1, 2, ( 
 ( #2491, #2622, #6397, #5181, #3304, #5225, #8255, #5903, #768, #2702, #6530, #127, #3343, #1133, #3694, #7434, #4872, #539, #6259, #1683, #1856, #8202, #8245, #5043, #6891, #8158, #4327, #494, #3063, #4238, #3109, #2314, #2983, #2442, #7479, #8115, #6300, #6802, #1725, #2402, #1769, #4412, #7569 ),
 ( #1042, #5678, #1809, #2359, #5635, #1221, #4912, #4280, #5002, #4369, #2483, #6843, #6931, #6975, #1083, #3607, #7524, #6173, #1179, #3654, #2938, #7613, #363, #6221, #8070, #3741, #6132, #5501, #407, #5548, #450, #3022, #5591, #4955, #2032, #5720, #3251, #1355, #5809, #722, #2656, #3918, #4586 ) ),
 .UNSPECIFIED., .F., .F., .F. ) 
 B_SPLINE_SURFACE_WITH_KNOTS ( ( 2, 2 ),
 ( 3, 2, 2, 2, 2, 2, 2, 2, 2, 2, 2, 2, 2, 2, 2, 2, 2, 2, 2, 2, 2, 3 ),
 ( 0.000000000000000000, 1.000000000000000000 ),
 ( 0.000000000000000000, 0.04166666666666666435, 0.08333333333333332871, 0.1250000000000000000, 0.1666666666666666574, 0.2083333333333333426, 0.2500000000000000000, 0.2916666666666666852, 0.3333333333333333148, 0.3750000000000000000, 0.4166666666666666852, 0.4583333333333333148, 0.5000000000000000000, 0.5416666666666666297, 0.5833333333333333703, 0.6250000000000000000, 0.6666666666666666297, 0.7083333333333333703, 0.7500000000000000000, 0.7916666666666666297, 0.8265944055485121567, 0.8348603496039972427 ),
 .UNSPECIFIED. ) 
 GEOMETRIC_REPRESENTATION_ITEM ( )  RATIONAL_B_SPLINE_SURFACE ( (
 ( 1.000000000000000000, 0.8660254037844387076, 1.000000000000000000, 0.8660254037844387076, 1.000000000000000000, 0.8660254037844387076, 1.000000000000000000, 0.8660254037844387076, 1.000000000000000000, 0.8660254037844387076, 1.000000000000000000, 0.8660254037844387076, 1.000000000000000000, 0.8660254037844387076, 1.000000000000000000, 0.8660254037844387076, 1.000000000000000000, 0.8660254037844387076, 1.000000000000000000, 0.8660254037844387076, 1.000000000000000000, 0.8660254037844387076, 1.000000000000000000, 0.8660254037844387076, 1.000000000000000000, 0.8660254037844387076, 1.000000000000000000, 0.8660254037844387076, 1.000000000000000000, 0.8660254037844387076, 1.000000000000000000, 0.8660254037844387076, 1.000000000000000000, 0.8660254037844387076, 1.000000000000000000, 0.8660254037844387076, 1.000000000000000000, 0.8660254037844387076, 1.000000000000000000, 0.8876936868779726764, 0.9636724415723747494, 0.9636724415723747494, 0.9636724415723747494),
 ( 1.000000000000000000, 0.8660254037844387076, 1.000000000000000000, 0.8660254037844387076, 1.000000000000000000, 0.8660254037844387076, 1.000000000000000000, 0.8660254037844387076, 1.000000000000000000, 0.8660254037844387076, 1.000000000000000000, 0.8660254037844387076, 1.000000000000000000, 0.8660254037844387076, 1.000000000000000000, 0.8660254037844387076, 1.000000000000000000, 0.8660254037844387076, 1.000000000000000000, 0.8660254037844387076, 1.000000000000000000, 0.8660254037844387076, 1.000000000000000000, 0.8660254037844387076, 1.000000000000000000, 0.8660254037844387076, 1.000000000000000000, 0.8660254037844387076, 1.000000000000000000, 0.8660254037844387076, 1.000000000000000000, 0.8660254037844387076, 1.000000000000000000, 0.8660254037844387076, 1.000000000000000000, 0.8660254037844387076, 1.000000000000000000, 0.8660254037844387076, 1.000000000000000000, 0.8876936868779726764, 0.9636724415723747494, 0.9636724415723747494, 0.9636724415723747494) ) ) 
 REPRESENTATION_ITEM ( '' )  SURFACE ( )  );
#2134 = CARTESIAN_POINT ( 'NONE',  ( -7.393604984450950823, 6.058903323089687376, 8.803958420705820132 ) ) ;
#2135 = AXIS2_PLACEMENT_3D ( 'NONE', #6688, #5388, #4051 ) ;
#2136 = CARTESIAN_POINT ( 'NONE',  ( -8.337801021851575456, 3.276790899935901002, 7.136083821162297447 ) ) ;
#2137 = DIRECTION ( 'NONE',  ( -0.000000000000000000, -1.000000000000000000, -0.000000000000000000 ) ) ;
#2138 = CARTESIAN_POINT ( 'NONE',  ( 7.778174593051956798, 3.707812500619394491, 9.043152192292806646 ) ) ;
#2139 = CARTESIAN_POINT ( 'NONE',  ( 7.403522063425191035, 3.419354562197682412, -7.013194509852681335 ) ) ;
#2140 = ORIENTED_EDGE ( 'NONE', *, *, #5078, .F. ) ;
#2141 = CARTESIAN_POINT ( 'NONE',  ( -6.682671856891298390, 4.785044643476537019, -7.778174593052033181 ) ) ;
#2142 = CARTESIAN_POINT ( 'NONE',  ( 6.682671856891243323, 4.047991072047966377, 7.778174593052089136 ) ) ;
#2143 = CYLINDRICAL_SURFACE ( 'NONE', #6550, 13.50000000000000000 ) ;
#2144 = CARTESIAN_POINT ( 'NONE',  ( 6.952252950071048154, 3.809953774113084890, -7.569840399846252232 ) ) ;
#2145 = CARTESIAN_POINT ( 'NONE',  ( 7.230423224971600504, 3.575520833952728239, 6.829441393621548784 ) ) ;
#2146 = EDGE_CURVE ( 'NONE', #7936, #8016, #877, .T. ) ;
#2147 = ORIENTED_EDGE ( 'NONE', *, *, #2170, .F. ) ;
#2148 = ORIENTED_EDGE ( 'NONE', *, *, #1113, .T. ) ;
#2149 = EDGE_CURVE ( 'NONE', #1039, #6037, #6059, .T. ) ;
#2150 = CARTESIAN_POINT ( 'NONE',  ( 7.778174593051957686, 5.493750000000000355, 6.796679135429724461 ) ) ;
#2151 = SURFACE_STYLE_FILL_AREA ( #7903 ) ;
#2152 = CARTESIAN_POINT ( 'NONE',  ( 8.112795804698631486, 3.935957675249730503, 8.559539768680211935 ) ) ;
#2153 = CARTESIAN_POINT ( 'NONE',  ( -8.624685538984941502, 4.692529161865668819, 7.683469646133819886 ) ) ;
#2154 = DIRECTION ( 'NONE',  ( 0.000000000000000000, 0.000000000000000000, -1.000000000000000000 ) ) ;
#2155 = CARTESIAN_POINT ( 'NONE',  ( 7.778174593052059826, 4.700000000000000178, -7.778174593051986108 ) ) ;
#2156 = CARTESIAN_POINT ( 'NONE',  ( -7.855612149027817459, 2.892601240460726419, 6.841387729217695224 ) ) ;
#2157 = CARTESIAN_POINT ( 'NONE',  ( 8.422011846060776463, 4.525162380097890846, -8.333308011123177650 ) ) ;
#2158 = ORIENTED_EDGE ( 'NONE', *, *, #6878, .F. ) ;
#2159 = EDGE_LOOP ( 'NONE', ( #45, #6170 ) ) ;
#2160 = CARTESIAN_POINT ( 'NONE',  ( -7.550422628586431983, 3.586326681551903039, -6.928171793422337466 ) ) ;
#2161 = CYLINDRICAL_SURFACE ( 'NONE', #5457, 0.8499999999999992006 ) ;
#2162 = CARTESIAN_POINT ( 'NONE',  ( 8.873677329212670273, 4.822842262524156709, 7.145685793431730382 ) ) ;
#2163 = CARTESIAN_POINT ( 'NONE',  ( -8.404230197437376759, 3.200000000000000178, 8.669239141674028204 ) ) ;
#2164 = CARTESIAN_POINT ( 'NONE',  ( 7.218548164252398536, 3.276790899935899670, 7.136083821162341856 ) ) ;
#2165 = CARTESIAN_POINT ( 'NONE',  ( -7.260909522481410860, 3.952540175163260727, 8.454857122943957748 ) ) ;
#2166 = CARTESIAN_POINT ( 'NONE',  ( 8.150001679893962958, 3.939023076674209367, -7.013603661085212160 ) ) ;
#2167 = CARTESIAN_POINT ( 'NONE',  ( 0.000000000000000000, 6.000000000000000000, -4.000000000000000000 ) ) ;
#2168 = CARTESIAN_POINT ( 'NONE',  ( 6.682671856891347240, 5.446502976809870056, -7.145685793431626465 ) ) ;
#2169 = CARTESIAN_POINT ( 'NONE',  ( 0.000000000000000000, 5.800000000000000711, 4.699999999999999289 ) ) ;
#2170 = EDGE_CURVE ( 'NONE', #7784, #5621, #2833, .T. ) ;
#2171 = CARTESIAN_POINT ( 'NONE',  ( -8.873677329212721787, 4.955133929190822961, 7.778174593052038510 ) ) ;
#2172 = CARTESIAN_POINT ( 'NONE',  ( -7.778197072705845372, 4.359819429332419283, -6.928174593349289978 ) ) ;
#2173 = CARTESIAN_POINT ( 'NONE',  ( 6.928174593051957153, 4.359821429810216920, 7.778174593052089136 ) ) ;
#2174 = CARTESIAN_POINT ( 'NONE',  ( 8.619106235790786386, 4.483382513201211950, 7.651302903828946178 ) ) ;
#2175 = CARTESIAN_POINT ( 'NONE',  ( 7.073121243655333679, 3.382297883653725190, -7.303408404854457636 ) ) ;
#2176 = APPLICATION_CONTEXT ( 'automotive_design' ) ;
#2177 = AXIS2_PLACEMENT_3D ( 'NONE', #8280, #664, #4492 ) ;
#2178 = ORIENTED_EDGE ( 'NONE', *, *, #1882, .F. ) ;
#2179 = CARTESIAN_POINT ( 'NONE',  ( -8.203174593052011687, 5.531547619047619158, -8.514296186268804689 ) ) ;
#2180 = CARTESIAN_POINT ( 'NONE',  ( 6.682671856891243323, 4.142485119667013826, 8.410663392672448779 ) ) ;
#2181 = AXIS2_PLACEMENT_3D ( 'NONE', #4162, #7955, #6093 ) ;
#2182 = CARTESIAN_POINT ( 'NONE',  ( -7.353174593052012042, 4.057440477429264725, -7.042052999835261673 ) ) ;
#2183 = DIRECTION ( 'NONE',  ( 0.000000000000000000, 1.000000000000000000, 0.000000000000000000 ) ) ;
#2184 = CARTESIAN_POINT ( 'NONE',  ( 7.406333310962200045, 3.712238564499625415, -8.542738614224965943 ) ) ;
#2185 = CARTESIAN_POINT ( 'NONE',  ( 8.628174593051957331, 4.435416666666665897, 8.268922321863270142 ) ) ;
#2186 = ORIENTED_EDGE ( 'NONE', *, *, #1664, .T. ) ;
#2187 = VERTEX_POINT ( 'NONE', #7596 ) ;
#2188 = ADVANCED_FACE ( 'NONE', ( #7095 ), #4102, .F. ) ;
#2189 = CARTESIAN_POINT ( 'NONE',  ( 8.325925961132314868, 5.616592262524155998, 8.726907792482629489 ) ) ;
#2190 = CARTESIAN_POINT ( 'NONE',  ( -8.295449903709165795, 4.179326968704143219, -8.454849221026149664 ) ) ;
#2191 = CARTESIAN_POINT ( 'NONE',  ( 8.542855396022362768, 3.986930184487854412, 8.153643164678818778 ) ) ;
#2192 = CARTESIAN_POINT ( 'NONE',  ( -7.230423224971652907, 4.255877976809873786, 8.726907792482574422 ) ) ;
#2193 = AXIS2_PLACEMENT_3D ( 'NONE', #7398, #1606, #6726 ) ;
#2194 = DIRECTION ( 'NONE',  ( 0.000000000000000000, 1.000000000000000000, 0.000000000000000000 ) ) ;
#2195 = CARTESIAN_POINT ( 'NONE',  ( 7.778174593051956798, 3.764508929190825803, 9.043152192292803093 ) ) ;
#2196 = CARTESIAN_POINT ( 'NONE',  ( -8.628174593052007069, 3.868452382191169381, 7.287426864240856617 ) ) ;
#2197 = CARTESIAN_POINT ( 'NONE',  ( 1.152188841818234133E-13, 2.500000000000000000, -10.99999999999999822 ) ) ;
#2198 = ORIENTED_EDGE ( 'NONE', *, *, #771, .F. ) ;
#2199 = ORIENTED_EDGE ( 'NONE', *, *, #8050, .T. ) ;
#2200 = CARTESIAN_POINT ( 'NONE',  ( 11.00000000000000000, 2.500000000000000000, 0.000000000000000000 ) ) ;
#2201 = AXIS2_PLACEMENT_3D ( 'NONE', #3489, #3377, #2777 ) ;
#2202 = CARTESIAN_POINT ( 'NONE',  ( -7.079008096085135371, 3.610010531327504602, 7.294774803161230281 ) ) ;
#2203 = LINE ( 'NONE', #6680, #3376 ) ;
#2204 = CARTESIAN_POINT ( 'NONE',  ( -8.325925961132364606, 5.087425595857490102, 8.726907792482577975 ) ) ;
#2205 = CARTESIAN_POINT ( 'NONE',  ( 7.354438177018083778, 3.414782612193119071, 8.517097116308166349 ) ) ;
#2206 = CARTESIAN_POINT ( 'NONE',  ( 8.325925961132314868, 3.896800595857489835, 6.829441393621548784 ) ) ;
#2207 = CARTESIAN_POINT ( 'NONE',  ( 8.112795804698739843, 3.935957675249749599, -6.996809417423862421 ) ) ;
#2208 = PLANE ( 'NONE',  #3648 ) ;
#2209 = CARTESIAN_POINT ( 'NONE',  ( 7.778174593052059826, 4.614955357762251076, -6.513196993811266822 ) ) ;
#2210 = DIRECTION ( 'NONE',  ( 0.000000000000000000, 1.000000000000000000, 0.000000000000000000 ) ) ;
#2211 = CARTESIAN_POINT ( 'NONE',  ( -8.873677329212721787, 3.688913691095585534, 8.410663392672399041 ) ) ;
#2212 = CARTESIAN_POINT ( 'NONE',  ( -7.015191551878984910, 4.505975561997639822, -8.153086660881351477 ) ) ;
#2213 = CARTESIAN_POINT ( 'NONE',  ( 6.928174593051957153, 4.700000000000000178, 7.778174593052089136 ) ) ;
#2214 = CARTESIAN_POINT ( 'NONE',  ( 8.628174115639016151, 4.469771842117043370, 7.822868140642012413 ) ) ;
#2215 = CARTESIAN_POINT ( 'NONE',  ( 6.980149332115495042, 3.314422170863525974, -8.070955371406373757 ) ) ;
#2216 = CARTESIAN_POINT ( 'NONE',  ( 8.425927430606533713E-14, 4.700000000000000178, 8.999999999999854339 ) ) ;
#2217 = CARTESIAN_POINT ( 'NONE',  ( -6.682671856891298390, 4.822842262524156709, -8.410663392672391936 ) ) ;
#2218 = CYLINDRICAL_SURFACE ( 'NONE', #1249, 4.500000000000000000 ) ;
#2219 = CARTESIAN_POINT ( 'NONE',  ( 8.162705376158861270, 3.057617214447726273, 6.752376210435502735 ) ) ;
#2220 = CARTESIAN_POINT ( 'NONE',  ( -6.928174593052012220, 4.170833334572121132, -8.268922321863215075 ) ) ;
#2221 = CARTESIAN_POINT ( 'NONE',  ( 7.778174593051957686, 4.614955357762251076, 9.043152192292808422 ) ) ;
#2222 = CARTESIAN_POINT ( 'NONE',  ( 6.928174593051957153, 3.792857142857143149, 7.778174593052089136 ) ) ;
#2223 = B_SPLINE_CURVE_WITH_KNOTS ( 'NONE', 3,
 ( #394, #1672, #4989, #2926, #7558, #8103, #985, #5666, #5488, #4901, #8058, #4226, #6790, #1029, #7465, #4269, #6831, #1071, #3642, #1344, #3287, #5163, #6375, #1208, #6466, #3905, #3948, #2603, #572, #5120, #3143, #2022, #7689, #4574, #4443, #6513, #1886, #3191, #709, #7734, #3817, #749, #7600, #7052, #3771, #8323, #5753, #5796, #7135, #6331, #614, #5885, #7776, #2560, #5843, #65, #2643, #1978, #5708, #5204, #3323, #109, #4533, #8277, #1935, #661, #5031, #1387, #7646, #1840, #4489, #4401 ),
 .UNSPECIFIED., .F., .F.,
 ( 4, 2, 2, 1, 1, 1, 1, 2, 2, 2, 2, 1, 1, 2, 2, 1, 2, 2, 2, 2, 2, 2, 2, 1, 2, 2, 2, 2, 2, 2, 1, 1, 1, 1, 2, 2, 2, 2, 2, 1, 1, 2, 4 ),
 ( 0.000000000000000000, 0.06250052921447843413, 0.09375079382171762343, 0.1093759261253370307, 0.1171884922771467136, 0.1210947753530517007, 0.1230479168910045273, 0.1240244876599807672, 0.1250010584289570070, 0.1406261907325872529, 0.1484387568844021954, 0.1523450399603097083, 0.1542981814982634370, 0.1552747522672402736, 0.1562513230362171379, 0.1718764553398449968, 0.1796890214916588013, 0.1875015876434726059, 0.2187518522507276852, 0.2343769845543551833, 0.2500021168579826814, 0.2812523814652370113, 0.2968775137688640653, 0.3046900799206776478, 0.3085963629965843835, 0.3125026460724910637, 0.3437529106797478362, 0.3593780429833760559, 0.3750031752870042756, 0.4062534398942607150, 0.4218785721978888792, 0.4296911383497032944, 0.4335974214256102521, 0.4355505629635638698, 0.4365271337325407064, 0.4375037045015175430, 0.4687539691088116744, 0.4843791014124588790, 0.4921916675642824535, 0.4960979506401942407, 0.4980510921781501343, 0.4990276629471279146, 0.5000042337161056949 ),
 .UNSPECIFIED. ) ;
#2224 = ORIENTED_EDGE ( 'NONE', *, *, #1100, .F. ) ;
#2225 = ORIENTED_EDGE ( 'NONE', *, *, #8220, .F. ) ;
#2226 = DIRECTION ( 'NONE',  ( -0.000000000000000000, -1.000000000000000000, -0.000000000000000000 ) ) ;
#2227 = CARTESIAN_POINT ( 'NONE',  ( 8.468748936345958711, 3.974438202454551483, 8.274572035694346184 ) ) ;
#2228 = CARTESIAN_POINT ( 'NONE',  ( -7.877956229309238445, 5.968784205128081943, -6.570805948364605520 ) ) ;
#2229 = FACE_OUTER_BOUND ( 'NONE', #2061, .T. ) ;
#2230 = PLANE ( 'NONE',  #220 ) ;
#2231 = CARTESIAN_POINT ( 'NONE',  ( 7.778174593052059826, 4.586607142857143771, -8.628174593051983976 ) ) ;
#2232 = VERTEX_POINT ( 'NONE', #8176 ) ;
#2233 = ORIENTED_EDGE ( 'NONE', *, *, #2362, .T. ) ;
#2234 = CARTESIAN_POINT ( 'NONE',  ( 6.682671856891347240, 4.974032738714632806, -8.410663392672345751 ) ) ;
#2235 = CARTESIAN_POINT ( 'NONE',  ( 8.104095152087918308, 4.699999999999974420, 6.926788167158609788 ) ) ;
#2236 = PLANE ( 'NONE',  #140 ) ;
#2237 = DIRECTION ( 'NONE',  ( 0.000000000000000000, 0.000000000000000000, 1.000000000000000000 ) ) ;
#2238 = CARTESIAN_POINT ( 'NONE',  ( 6.929191399322162326, 3.343099687859333091, 7.827102587286834279 ) ) ;
#2239 = CARTESIAN_POINT ( 'NONE',  ( -7.778197072705512305, 3.906248000761019412, 8.628174592754783490 ) ) ;
#2240 = CARTESIAN_POINT ( 'NONE',  ( -8.588127389818755120, 3.815032455471350392, 8.043451370730448247 ) ) ;
#2241 = FACE_OUTER_BOUND ( 'NONE', #5665, .T. ) ;
#2242 = EDGE_CURVE ( 'NONE', #2732, #868, #2437, .T. ) ;
#2243 = CARTESIAN_POINT ( 'NONE',  ( 8.873677329212773301, 5.181919643476537551, -7.778174593051986108 ) ) ;
#2244 = DIRECTION ( 'NONE',  ( 0.000000000000000000, 1.000000000000000000, 0.000000000000000000 ) ) ;
#2245 = VECTOR ( 'NONE', #1831, 1000.000000000000000 ) ;
#2246 = CARTESIAN_POINT ( 'NONE',  ( -8.873677329212721787, 4.104687500619395024, 7.778174593052038510 ) ) ;
#2247 = CARTESIAN_POINT ( 'NONE',  ( -7.123400177707515546, 4.523683149479124310, -8.320531083591731658 ) ) ;
#2248 = CARTESIAN_POINT ( 'NONE',  ( 7.289390862315158870, 3.200000000000002398, 6.936603937869270098 ) ) ;
#2249 = CARTESIAN_POINT ( 'NONE',  ( 8.295439663622367732, 4.406111603734549576, 8.454857122944149594 ) ) ;
#2250 = CARTESIAN_POINT ( 'NONE',  ( 6.931666230729381262, 3.331812885593520068, -7.872902722118725549 ) ) ;
#2251 = ADVANCED_FACE ( 'NONE', ( #6237 ), #3841, .T. ) ;
#2252 = AXIS2_PLACEMENT_3D ( 'NONE', #503, #8038, #7576 ) ;
#2253 = CARTESIAN_POINT ( 'NONE',  ( -7.778174593052006536, 3.906250000000000000, 8.759670050674403186 ) ) ;
#2254 = CARTESIAN_POINT ( 'NONE',  ( 7.778174593052059826, 3.200000000000000178, -7.778174593051986108 ) ) ;
#2255 = EDGE_CURVE ( 'NONE', #6667, #7094, #6614, .T. ) ;
#2256 = CARTESIAN_POINT ( 'NONE',  ( -7.197273712919497690, 4.079251541806944381, -8.398769325071521408 ) ) ;
#2257 = DIRECTION ( 'NONE',  ( 0.000000000000000000, 0.000000000000000000, -1.000000000000000000 ) ) ;
#2258 = CARTESIAN_POINT ( 'NONE',  ( 7.040295322089929364, 3.755148508272719621, -8.203906258964741127 ) ) ;
#2259 = CARTESIAN_POINT ( 'NONE',  ( 8.325925961132314868, 3.953497024428918483, 6.829441393621548784 ) ) ;
#2260 = FACE_OUTER_BOUND ( 'NONE', #4079, .T. ) ;
#2261 = ORIENTED_EDGE ( 'NONE', *, *, #4342, .F. ) ;
#2262 = VERTEX_POINT ( 'NONE', #3225 ) ;
#2263 = EDGE_CURVE ( 'NONE', #4408, #5621, #3081, .T. ) ;
#2264 = CARTESIAN_POINT ( 'NONE',  ( 5.510910596163088569E-16, 6.000000000000000000, 4.500000000000000000 ) ) ;
#2265 = CARTESIAN_POINT ( 'NONE',  ( 8.604095356828153740, 4.036739816863443409, 7.569836634181474011 ) ) ;
#2266 = CARTESIAN_POINT ( 'NONE',  ( -7.778174593052006536, 3.991294643476539505, 6.513196993811323665 ) ) ;
#2267 = CARTESIAN_POINT ( 'NONE',  ( -7.778174593052007424, 4.700000000000000178, 7.778174593052038510 ) ) ;
#2268 = CARTESIAN_POINT ( 'NONE',  ( 8.325925961132313091, 3.802306548238444162, 8.726907792482625936 ) ) ;
#2269 = DIRECTION ( 'NONE',  ( 0.000000000000000000, 1.000000000000000000, 0.000000000000000000 ) ) ;
#2270 = CARTESIAN_POINT ( 'NONE',  ( 8.192503540720066368, 4.396248658746599425, -7.035120857197166622 ) ) ;
#2271 = ADVANCED_FACE ( 'NONE', ( #4477 ), #73, .F. ) ;
#2272 = ORIENTED_EDGE ( 'NONE', *, *, #4076, .T. ) ;
#2273 = ORIENTED_EDGE ( 'NONE', *, *, #5841, .F. ) ;
#2274 = CARTESIAN_POINT ( 'NONE',  ( 8.628174593052058583, 5.833928571428571352, -7.778174593051986108 ) ) ;
#2275 = CARTESIAN_POINT ( 'NONE',  ( -6.929191433756332508, 3.569885468697954867, 7.729245754608034424 ) ) ;
#2276 = CARTESIAN_POINT ( 'NONE',  ( 7.778174593051957686, 4.671651786333679723, 9.043152192292808422 ) ) ;
#2277 = CARTESIAN_POINT ( 'NONE',  ( -6.984309103111451478, 3.200000000000000622, 8.081946849654649156 ) ) ;
#2278 = CARTESIAN_POINT ( 'NONE',  ( 7.184800379065776177, 3.397526336034236039, 8.386787794950919306 ) ) ;
#2279 = CARTESIAN_POINT ( 'NONE',  ( -7.757725795760910259, 3.908067851654460689, 8.627963091207146107 ) ) ;
#2280 = CARTESIAN_POINT ( 'NONE',  ( -8.628174115647169629, 3.789414757551486268, 7.733481802268135752 ) ) ;
#2281 = DIRECTION ( 'NONE',  ( -0.000000000000000000, -1.000000000000000000, -0.000000000000000000 ) ) ;
#2282 = CARTESIAN_POINT ( 'NONE',  ( 6.928174593052061070, 5.720535715524501796, -7.778174593051986108 ) ) ;
#2283 = CARTESIAN_POINT ( 'NONE',  ( 7.230423224971703533, 4.425967262524156176, -8.726907792482524684 ) ) ;
#2284 = EDGE_CURVE ( 'NONE', #6422, #2623, #3899, .T. ) ;
#2285 = CARTESIAN_POINT ( 'NONE',  ( -7.230423224971650242, 3.953497024428918483, 6.829441393621498158 ) ) ;
#2286 = ADVANCED_FACE ( 'NONE', ( #1655 ), #931, .T. ) ;
#2287 = CARTESIAN_POINT ( 'NONE',  ( -7.182338238524184071, 4.531182791692708989, -8.384377550875102614 ) ) ;
#2288 = CARTESIAN_POINT ( 'NONE',  ( 7.162532737398978888, 3.848514867283356455, 8.364931189365428565 ) ) ;
#2289 = CARTESIAN_POINT ( 'NONE',  ( 7.778174593051957686, 4.246428572667359624, 6.796679135429724461 ) ) ;
#2290 = CARTESIAN_POINT ( 'NONE',  ( 8.112795804698517799, 4.389529103821210754, 8.559539768680261673 ) ) ;
#2291 = DIRECTION ( 'NONE',  ( 0.000000000000000000, 0.000000000000000000, -1.000000000000000000 ) ) ;
#2292 = VERTEX_POINT ( 'NONE', #3705 ) ;
#2293 = CARTESIAN_POINT ( 'NONE',  ( -7.397911891072317836, 3.192073975384158935, 7.012958926971791129 ) ) ;
#2294 = PLANE ( 'NONE',  #3169 ) ;
#2295 = CARTESIAN_POINT ( 'NONE',  ( 7.778174593051957686, 3.481026786333680789, 6.513196993811369850 ) ) ;
#2296 = EDGE_CURVE ( 'NONE', #6245, #5785, #5277, .T. ) ;
#2297 = DIRECTION ( 'NONE',  ( -0.000000000000000000, -1.000000000000000000, -0.000000000000000000 ) ) ;
#2298 = CARTESIAN_POINT ( 'NONE',  ( 8.628174593051957331, 4.548809525048312707, 8.268922321863271918 ) ) ;
#2299 = CARTESIAN_POINT ( 'NONE',  ( 6.928174593052061070, 4.662202380952381375, -8.268922321863168889 ) ) ;
#2300 = CARTESIAN_POINT ( 'NONE',  ( -7.997994885043024915, 4.700000000000001954, 8.785143560383565031 ) ) ;
#2301 = ORIENTED_EDGE ( 'NONE', *, *, #3028, .T. ) ;
#2302 = ORIENTED_EDGE ( 'NONE', *, *, #6509, .T. ) ;
#2303 = VECTOR ( 'NONE', #5634, 1000.000000000000000 ) ;
#2304 = CARTESIAN_POINT ( 'NONE',  ( 0.000000000000000000, 2.500000000000000000, 0.000000000000000000 ) ) ;
#2305 = CYLINDRICAL_SURFACE ( 'NONE', #2040, 4.699999999999999289 ) ;
#2306 = DIRECTION ( 'NONE',  ( 0.000000000000000000, 0.000000000000000000, -1.000000000000000000 ) ) ;
#2307 = CARTESIAN_POINT ( 'NONE',  ( -7.479809857498805670, 5.860463811753673369, 8.574088209331009125 ) ) ;
#2308 = DIRECTION ( 'NONE',  ( 0.000000000000000000, 0.000000000000000000, -1.000000000000000000 ) ) ;
#2309 = CARTESIAN_POINT ( 'NONE',  ( 8.567091583649968811, 4.446122543146342920, -7.461693644196770059 ) ) ;
#2310 = ORIENTED_EDGE ( 'NONE', *, *, #4621, .T. ) ;
#2311 = VERTEX_POINT ( 'NONE', #7578 ) ;
#2312 = CARTESIAN_POINT ( 'NONE',  ( 6.682671856891347240, 5.918973214905108193, -7.778174593051986108 ) ) ;
#2313 = CARTESIAN_POINT ( 'NONE',  ( 8.032897272653301002, 4.699999999999999289, -6.728298787232264822 ) ) ;
#2314 = CARTESIAN_POINT ( 'NONE',  ( -6.682671856891298390, 5.673288691095585534, -8.410663392672391936 ) ) ;
#2315 = AXIS2_PLACEMENT_3D ( 'NONE', #1891, #3868, #666 ) ;
#2316 = AXIS2_PLACEMENT_3D ( 'NONE', #5905, #7117, #2624 ) ;
#2317 = CARTESIAN_POINT ( 'NONE',  ( -7.778197072705590465, 3.452676572189584014, 8.628174592754783490 ) ) ;
#2318 = CARTESIAN_POINT ( 'NONE',  ( 7.230423224971601392, 4.936235119667014004, 6.829441393621548784 ) ) ;
#2319 = CARTESIAN_POINT ( 'NONE',  ( -7.393653288692849657, 6.058899989852309709, 8.803976528822069270 ) ) ;
#2320 = CARTESIAN_POINT ( 'NONE',  ( -8.873677329212725340, 3.197544643476537551, -7.778174593052033181 ) ) ;
#2321 = CARTESIAN_POINT ( 'NONE',  ( 7.230423224971601392, 4.123586310143203981, 8.726907792482629489 ) ) ;
#2322 = CARTESIAN_POINT ( 'NONE',  ( -8.610152502498708671, 3.778455512850782405, 7.601892958522584287 ) ) ;
#2323 = CARTESIAN_POINT ( 'NONE',  ( -7.556978813037563469, 4.113637317364214674, 6.950038720180491403 ) ) ;
#2324 = CARTESIAN_POINT ( 'NONE',  ( 8.240386971634489299, 5.875035695972659511, -7.043682665865336645 ) ) ;
#2325 = CARTESIAN_POINT ( 'NONE',  ( 6.682671856891347240, 3.556622024428918838, -8.410663392672345751 ) ) ;
#2326 = B_SPLINE_CURVE_WITH_KNOTS ( 'NONE', 3,
 ( #6913, #6241, #306, #2875, #471, #2339, #6825, #8010, #2256, #8049, #4809, #7370, #7414, #6780, #3589, #6156, #5526, #8094, #4893, #1706, #2046, #7079, #518, #2086, #2126, #3887, #2466, #6447, #774, #7196, #4637, #7589, #5229, #2706, #3347, #5185, #3382, #4599, #3085, #5941, #1327, #7798, #1960, #6534, #7757, #5657, #173, #8226, #2005, #5024, #1449, #1483, #2744, #6572, #5306, #4515, #5907, #686, #5270, #4007, #3266, #3969, #91, #132, #7839, #809, #7877, #7119, #5823, #7159, #4676, #49 ),
 .UNSPECIFIED., .F., .F.,
 ( 4, 2, 2, 1, 1, 1, 1, 2, 2, 2, 2, 1, 1, 2, 2, 1, 2, 2, 2, 2, 2, 2, 2, 1, 2, 2, 2, 2, 2, 2, 1, 1, 1, 1, 2, 2, 2, 2, 2, 1, 1, 2, 4 ),
 ( 0.000000000000000000, 0.06250052921450596766, 0.09375079382175872944, 0.1093759261253849091, 0.1171884922771979642, 0.1210947753531046306, 0.1230479168910580956, 0.1240244876600350016, 0.1250010584290119076, 0.1406261907326442906, 0.1484387568844609817, 0.1523450399603697158, 0.1542981814983243605, 0.1552747522673014746, 0.1562513230362785610, 0.1718764553399087236, 0.1796890214917239159, 0.1875015876435390805, 0.2187518522507983232, 0.2343769845544274588, 0.2500021168580566222, 0.2812523814653137277, 0.2968775137689420029, 0.3046900799207564181, 0.3085963629966635424, 0.3125026460725707222, 0.3437529106798291045, 0.3593780429834581014, 0.3750031752870870982, 0.4062534398943450920, 0.4218785721979739778, 0.4296911383497881709, 0.4335974214256954617, 0.4355505629636492460, 0.4365271337326258605, 0.4375037045016024750, 0.4687539691088564719, 0.4843791014124834704, 0.4921916675642969974, 0.4960979506402037886, 0.4980510921781571287, 0.4990276629471336878, 0.5000042337161102468 ),
 .UNSPECIFIED. ) ;
#2327 = CARTESIAN_POINT ( 'NONE',  ( 6.682671856891347240, 4.558258929190823316, -7.778174593051986108 ) ) ;
#2328 = CARTESIAN_POINT ( 'NONE',  ( -6.928175070464951624, 4.469771842116296412, -7.733481045452013980 ) ) ;
#2329 = CARTESIAN_POINT ( 'NONE',  ( 7.123392489988574106, 3.843324947078174958, 8.320521832889083313 ) ) ;
#2330 = CARTESIAN_POINT ( 'NONE',  ( 6.682671856891243323, 3.140848214905109348, 7.778174593052089136 ) ) ;
#2331 = CARTESIAN_POINT ( 'NONE',  ( 8.451802869458754586, 4.425511119161581242, 8.297335733646145073 ) ) ;
#2332 = CARTESIAN_POINT ( 'NONE',  ( -8.341283107691568333, 3.400814016643936455, -7.141194633209114961 ) ) ;
#2333 = EDGE_CURVE ( 'NONE', #8266, #3481, #3798, .T. ) ;
#2334 = CARTESIAN_POINT ( 'NONE',  ( 7.354438177017982525, 4.321925469336778569, -7.039252069796032352 ) ) ;
#2335 = CARTESIAN_POINT ( 'NONE',  ( -7.778174593052006536, 4.133035714285714590, 6.796679135429674723 ) ) ;
#2336 = FACE_OUTER_BOUND ( 'NONE', #4361, .T. ) ;
#2337 = EDGE_CURVE ( 'NONE', #5209, #7713, #7814, .T. ) ;
#2338 = CARTESIAN_POINT ( 'NONE',  ( 6.928174593051956265, 5.569345238095237960, 7.287426864240906355 ) ) ;
#2339 = CARTESIAN_POINT ( 'NONE',  ( -7.285311690749983526, 4.088387010838282265, -8.471248143874174019 ) ) ;
#2340 = CARTESIAN_POINT ( 'NONE',  ( 0.000000000000000000, 4.700000000000000178, 0.000000000000000000 ) ) ;
#2341 = LINE ( 'NONE', #7092, #6715 ) ;
#2342 = CARTESIAN_POINT ( 'NONE',  ( 6.928174593052061070, 3.830654761904761951, -7.287426864240803326 ) ) ;
#2343 = EDGE_CURVE ( 'NONE', #5039, #5435, #1928, .T. ) ;
#2344 = DIRECTION ( 'NONE',  ( 0.000000000000000000, 1.000000000000000000, 0.000000000000000000 ) ) ;
#2345 = ORIENTED_EDGE ( 'NONE', *, *, #3578, .F. ) ;
#2346 = VERTEX_POINT ( 'NONE', #593 ) ;
#2347 = CYLINDRICAL_SURFACE ( 'NONE', #6988, 1.999999999999999556 ) ;
#2348 = CARTESIAN_POINT ( 'NONE',  ( 6.682671856891347240, 4.558258929190823316, -7.778174593051986108 ) ) ;
#2349 = CARTESIAN_POINT ( 'NONE',  ( -6.682671856891297502, 3.840104167286064296, 8.410663392672395489 ) ) ;
#2350 = CARTESIAN_POINT ( 'NONE',  ( 6.952590147839609713, 4.683143529627699309, -7.982687184800777658 ) ) ;
#2351 = DIRECTION ( 'NONE',  ( 0.000000000000000000, 1.000000000000000000, 0.000000000000000000 ) ) ;
#2352 = CARTESIAN_POINT ( 'NONE',  ( 0.000000000000000000, 0.2999999999999956035, 0.000000000000000000 ) ) ;
#2353 = CARTESIAN_POINT ( 'NONE',  ( 8.056274902027015017, 4.384643715418838461, -6.972992487047060983 ) ) ;
#2354 = ADVANCED_FACE ( 'NONE', ( #5604 ), #2584, .F. ) ;
#2355 = ORIENTED_EDGE ( 'NONE', *, *, #130, .T. ) ;
#2356 = ORIENTED_EDGE ( 'NONE', *, *, #5849, .T. ) ;
#2357 = CARTESIAN_POINT ( 'NONE',  ( 7.778174593052059826, 5.125223214905109792, -6.513196993811266822 ) ) ;
#2358 = CARTESIAN_POINT ( 'NONE',  ( 8.725656322819327571, 4.700000000000003730, -8.141551594371573941 ) ) ;
#2359 = CARTESIAN_POINT ( 'NONE',  ( -7.778174593052010977, 4.473214286953074215, -6.796679135429670282 ) ) ;
#2360 = CARTESIAN_POINT ( 'NONE',  ( -7.766449039086666062, 3.453721103017229677, 8.628098753422424494 ) ) ;
#2361 = CARTESIAN_POINT ( 'NONE',  ( 8.325925961132314868, 4.652752976809870766, 8.726907792482629489 ) ) ;
#2362 = EDGE_CURVE ( 'NONE', #3316, #4301, #2102, .T. ) ;
#2363 = CARTESIAN_POINT ( 'NONE',  ( 7.184800379065637621, 4.304669193177119269, 8.386787794950787855 ) ) ;
#2364 = FACE_BOUND ( 'NONE', #6797, .T. ) ;
#2365 = CARTESIAN_POINT ( 'NONE',  ( -7.778174593052007424, 4.700000000000000178, 7.778174593052038510 ) ) ;
#2366 = CARTESIAN_POINT ( 'NONE',  ( -8.576199853990628341, 3.767993599435312646, 7.485393814703220627 ) ) ;
#2367 = CARTESIAN_POINT ( 'NONE',  ( -7.251861847499740499, 4.085036044006706391, 7.109717684778358304 ) ) ;
#2368 = CARTESIAN_POINT ( 'NONE',  ( -1.999999999999914957, 4.700000000000000178, 10.99999999999985434 ) ) ;
#2369 = CARTESIAN_POINT ( 'NONE',  ( 7.778174593051956798, 3.339285715524502596, 6.928174593052087715 ) ) ;
#2370 = CARTESIAN_POINT ( 'NONE',  ( -7.778174593052006536, 4.388169643476538262, 6.513196993811319224 ) ) ;
#2371 = CARTESIAN_POINT ( 'NONE',  ( -7.778174593052010977, 3.764508929190823139, -6.513196993811314783 ) ) ;
#2372 = DIRECTION ( 'NONE',  ( 0.000000000000000000, 0.000000000000000000, 1.000000000000000000 ) ) ;
#2373 = CARTESIAN_POINT ( 'NONE',  ( 7.778174593051957686, 3.112500001238788006, 8.759670050674452924 ) ) ;
#2374 = FACE_OUTER_BOUND ( 'NONE', #708, .T. ) ;
#2375 = CARTESIAN_POINT ( 'NONE',  ( -8.500051918783924521, 3.379616741123848467, -7.328506028339865530 ) ) ;
#2376 = CARTESIAN_POINT ( 'NONE',  ( -8.873677329212720011, 4.066889881571777998, -8.410663392672390160 ) ) ;
#2377 = CARTESIAN_POINT ( 'NONE',  ( -7.393653288692854098, 6.058899989852309709, -6.752372657282001533 ) ) ;
#2378 = CIRCLE ( 'NONE', #2120, 4.500000000000000000 ) ;
#2379 = ORIENTED_EDGE ( 'NONE', *, *, #3837, .T. ) ;
#2380 = DIRECTION ( 'NONE',  ( 0.000000000000000000, 1.000000000000000000, 0.000000000000000000 ) ) ;
#2381 = CARTESIAN_POINT ( 'NONE',  ( -8.304497449821056421, 3.404677866519609797, 8.446623506111020419 ) ) ;
#2382 = CARTESIAN_POINT ( 'NONE',  ( 8.873677329212670273, 3.783407738714632984, 8.410663392672448779 ) ) ;
#2383 = CIRCLE ( 'NONE', #7208, 0.8500000000000000888 ) ;
#2384 = CARTESIAN_POINT ( 'NONE',  ( -7.353174593052012042, 4.397619047619047983, -7.042052999835261673 ) ) ;
#2385 = CARTESIAN_POINT ( 'NONE',  ( 8.628174593051957331, 4.624404763143550312, 7.287426864240907243 ) ) ;
#2386 = CARTESIAN_POINT ( 'NONE',  ( 8.203174593052059649, 3.641666666666667052, -8.514296186268758504 ) ) ;
#2387 = FACE_OUTER_BOUND ( 'NONE', #3555, .T. ) ;
#2388 = B_SPLINE_CURVE_WITH_KNOTS ( 'NONE', 3,
 ( #7743, #6072, #76, #3474, #7824, #758, #7106, #3513, #2572, #672, #7971, #5131, #2073, #3873, #263, #4142, #3916, #5807, #720, #36, #4624, #6698, #1581, #2612, #940, #7702, #6479, #6433, #7329, #3332, #1989, #1946, #3296, #5254, #1311, #5894, #5853, #2691, #2653, #7182, #4499, #1436, #4099, #5215, #7063, #6658, #7785, #902, #2030, #4584, #7144, #2835, #1397, #3044, #4848, #6198, #4891, #6110, #4178, #4978, #1618, #4259, #3715, #342, #6239, #1156, #7412, #6740, #3629, #4935, #2959, #430 ),
 .UNSPECIFIED., .F., .F.,
 ( 4, 2, 2, 1, 1, 1, 1, 2, 2, 2, 2, 1, 1, 2, 2, 1, 2, 2, 2, 2, 2, 2, 2, 1, 2, 2, 2, 2, 2, 2, 1, 1, 1, 1, 2, 2, 2, 2, 2, 1, 1, 2, 4 ),
 ( 0.000000000000000000, 0.06250052921446738741, 0.09375079382170151132, 0.1093759261253179071, 0.1171884922771260357, 0.1210947753530304122, 0.1230479168909829474, 0.1240244876599588680, 0.1250010584289347748, 0.1406261907325775384, 0.1484387568843992256, 0.1523450399603100691, 0.1542981814982652689, 0.1552747522672432712, 0.1562513230362212735, 0.1718764553398610395, 0.1796890214916813389, 0.1875015876435016104, 0.2187518522507842789, 0.2343769845544250441, 0.2500021168580657815, 0.2812523814653478671, 0.2968775137689889099, 0.3046900799208093202, 0.3085963629967193866, 0.3125026460726294530, 0.3437529106799075973, 0.3593780429835469192, 0.3750031752871862412, 0.4062534398944649405, 0.4218785721981043180, 0.4296911383499244508, 0.4335974214258344617, 0.4355505629637890230, 0.4365271337327663037, 0.4375037045017435289, 0.4687539691089322447, 0.4843791014125270467, 0.4921916675643240868, 0.4960979506402223294, 0.4980510921781713951, 0.4990276629471457892, 0.5000042337161202388 ),
 .UNSPECIFIED. ) ;
#2389 = ORIENTED_EDGE ( 'NONE', *, *, #7438, .T. ) ;
#2390 = VERTEX_POINT ( 'NONE', #170 ) ;
#2391 = DIRECTION ( 'NONE',  ( -0.000000000000000000, -1.000000000000000000, -0.000000000000000000 ) ) ;
#2392 = CARTESIAN_POINT ( 'NONE',  ( -3.827158357936825446E-14, 1.500000000000000000, 12.10000000000000142 ) ) ;
#2393 = CARTESIAN_POINT ( 'NONE',  ( -6.682671856891297502, 3.386532738714635116, 8.410663392672395489 ) ) ;
#2394 = CARTESIAN_POINT ( 'NONE',  ( -8.203174593052011687, 3.528273810762597940, -7.042052999835260785 ) ) ;
#2395 = CARTESIAN_POINT ( 'NONE',  ( -6.928174593051624974, 4.586607144096151778, 7.778174593052038510 ) ) ;
#2396 = DIRECTION ( 'NONE',  ( 0.000000000000000000, 1.000000000000000000, 0.000000000000000000 ) ) ;
#2397 = CARTESIAN_POINT ( 'NONE',  ( 0.000000000000000000, 4.700000000000000178, 0.000000000000000000 ) ) ;
#2398 = EDGE_LOOP ( 'NONE', ( #7604, #8154, #2233 ) ) ;
#2399 = ORIENTED_EDGE ( 'NONE', *, *, #6445, .T. ) ;
#2400 = CARTESIAN_POINT ( 'NONE',  ( -8.201911009085808502, 3.868354040763676505, -7.039252069795913336 ) ) ;
#2401 = FACE_OUTER_BOUND ( 'NONE', #4030, .T. ) ;
#2402 = CARTESIAN_POINT ( 'NONE',  ( -7.877972718502588734, 5.968783067290215349, -6.570815468404824777 ) ) ;
#2403 = CARTESIAN_POINT ( 'NONE',  ( 7.550412930400840494, 3.545815315554821545, -6.928177392672381529 ) ) ;
#2404 = CARTESIAN_POINT ( 'NONE',  ( -6.682671856891298390, 4.747247024428918216, -7.145685793431673538 ) ) ;
#2405 = CARTESIAN_POINT ( 'NONE',  ( 7.087594937195317968, 4.201224720652109390, 7.281784568589433349 ) ) ;
#2406 = LINE ( 'NONE', #5639, #1907 ) ;
#2407 = CARTESIAN_POINT ( 'NONE',  ( -8.584330172983015927, 3.770084573860441601, 7.507893813042152864 ) ) ;
#2408 = CARTESIAN_POINT ( 'NONE',  ( 6.721416559660413625, 3.199999999999997513, 8.099610226131673585 ) ) ;
#2409 = CARTESIAN_POINT ( 'NONE',  ( 8.203174593052059649, 4.511011906000692129, -7.042052999835213711 ) ) ;
#2410 = CARTESIAN_POINT ( 'NONE',  ( 8.873677329212773301, 4.312574405381298881, -8.410663392672345751 ) ) ;
#2411 = CARTESIAN_POINT ( 'NONE',  ( -8.628174593052010621, 4.696559164644107831, -7.822848892086341266 ) ) ;
#2412 = CARTESIAN_POINT ( 'NONE',  ( -6.682671856891298390, 4.369270833952727529, -8.410663392672393712 ) ) ;
#2413 = CARTESIAN_POINT ( 'NONE',  ( 7.443538236080351922, 3.709173186507743747, 6.996815903676305126 ) ) ;
#2414 = CARTESIAN_POINT ( 'NONE',  ( 7.778174593051957686, 3.792857144095931332, 6.796679135429724461 ) ) ;
#2415 = CARTESIAN_POINT ( 'NONE',  ( 8.873677329212773301, 4.331473214905108726, -7.778174593051986108 ) ) ;
#2416 = CARTESIAN_POINT ( 'NONE',  ( -8.367832446250988099, 3.397936051000234770, -7.165945446458094281 ) ) ;
#2417 = CARTESIAN_POINT ( 'NONE',  ( -7.230423224971658236, 3.953497024428921147, -8.726907792482567316 ) ) ;
#2418 = CARTESIAN_POINT ( 'NONE',  ( -7.230423224971650242, 3.802306548238441941, 8.726907792482577975 ) ) ;
#2419 = EDGE_LOOP ( 'NONE', ( #3521, #2480, #5065, #491 ) ) ;
#2420 = DIRECTION ( 'NONE',  ( 0.000000000000000000, 1.000000000000000000, 0.000000000000000000 ) ) ;
#2421 = CARTESIAN_POINT ( 'NONE',  ( -8.451090607878629868, 3.387170871123780902, 8.297577201586804563 ) ) ;
#2422 = CARTESIAN_POINT ( 'NONE',  ( -6.768413634096674514, 4.700000000284660473, 8.203038160218275365 ) ) ;
#2423 = CARTESIAN_POINT ( 'NONE',  ( 8.628174593051957331, 4.586607144095930622, 7.778174593052089136 ) ) ;
#2424 = CARTESIAN_POINT ( 'NONE',  ( 8.268267334791501000, 3.050332904574982518, 6.791944174294496150 ) ) ;
#2425 = CARTESIAN_POINT ( 'NONE',  ( 7.778174593052059826, 4.700000000000000178, -6.928174593051986463 ) ) ;
#2426 = ORIENTED_EDGE ( 'NONE', *, *, #2263, .F. ) ;
#2427 = ORIENTED_EDGE ( 'NONE', *, *, #2859, .T. ) ;
#2428 = CARTESIAN_POINT ( 'NONE',  ( 8.069316325335414319, 3.200000000000000178, 6.979590538789178567 ) ) ;
#2429 = CARTESIAN_POINT ( 'NONE',  ( 6.682671856891347240, 5.918973214905108193, -7.778174593051986108 ) ) ;
#2430 = CARTESIAN_POINT ( 'NONE',  ( 8.005926557517778264, 3.586326681551915918, -6.928171793422371216 ) ) ;
#2431 = CARTESIAN_POINT ( 'NONE',  ( -8.718908413803454494, 3.200000000000001066, 8.357034062910848604 ) ) ;
#2432 = CARTESIAN_POINT ( 'NONE',  ( 7.778174593051956798, 3.310937500619397067, 9.043152192292803093 ) ) ;
#2433 = CARTESIAN_POINT ( 'NONE',  ( -7.778174593052007424, 4.700000000000000178, 8.628174593052039043 ) ) ;
#2434 = CARTESIAN_POINT ( 'NONE',  ( 8.558478225349759327, 4.502313069408579338, -8.115620452308625943 ) ) ;
#2435 = VECTOR ( 'NONE', #5547, 1000.000000000000000 ) ;
#2436 = EDGE_CURVE ( 'NONE', #359, #5534, #2044, .T. ) ;
#2437 = CIRCLE ( 'NONE', #5662, 1.100000000000000533 ) ;
#2438 = ORIENTED_EDGE ( 'NONE', *, *, #2033, .T. ) ;
#2439 = VERTEX_POINT ( 'NONE', #4674 ) ;
#2440 = CARTESIAN_POINT ( 'NONE',  ( -8.395792808387483319, 3.737559609207852240, -8.362801238762830991 ) ) ;
#2441 = CARTESIAN_POINT ( 'NONE',  ( 7.939173986632802382, 4.700000000000001954, -8.652975085031787472 ) ) ;
#2442 = CARTESIAN_POINT ( 'NONE',  ( -7.778174593052010977, 5.748883929190823139, -9.043152192292751579 ) ) ;
#2443 = CARTESIAN_POINT ( 'NONE',  ( 0.000000000000000000, 1.500000000000000000, 0.000000000000000000 ) ) ;
#2444 = CARTESIAN_POINT ( 'NONE',  ( 6.682671856891243323, 5.862276786333680434, 7.778174593052089136 ) ) ;
#2445 = CARTESIAN_POINT ( 'NONE',  ( 7.134330090054231910, 4.298375692074246857, 8.333299628874540232 ) ) ;
#2446 = DIRECTION ( 'NONE',  ( 0.000000000000000000, 1.000000000000000000, 0.000000000000000000 ) ) ;
#2447 = CARTESIAN_POINT ( 'NONE',  ( -8.254968702574759121, 3.200000000000001066, -6.817318960742129619 ) ) ;
#2448 = CARTESIAN_POINT ( 'NONE',  ( 6.682671856891243323, 4.501562500619394669, 7.778174593052089136 ) ) ;
#2449 = LINE ( 'NONE', #7399, #3166 ) ;
#2450 = DIRECTION ( 'NONE',  ( 0.000000000000000000, 0.000000000000000000, -1.000000000000000000 ) ) ;
#2451 = AXIS2_PLACEMENT_3D ( 'NONE', #7344, #4192, #916 ) ;
#2452 = ORIENTED_EDGE ( 'NONE', *, *, #7519, .T. ) ;
#2453 = CARTESIAN_POINT ( 'NONE',  ( -8.325925961132364606, 3.216443453000346953, 8.726907792482577975 ) ) ;
#2454 = CARTESIAN_POINT ( 'NONE',  ( 13.35102992281871437, 4.700000000000000178, -2.000000000000229150 ) ) ;
#2455 = CARTESIAN_POINT ( 'NONE',  ( 0.000000000000000000, 1.500000000000000000, 0.000000000000000000 ) ) ;
#2456 = FACE_BOUND ( 'NONE', #114, .T. ) ;
#2457 = AXIS2_PLACEMENT_3D ( 'NONE', #3197, #4450, #8166 ) ;
#2458 = CARTESIAN_POINT ( 'NONE',  ( 8.873677329212773301, 4.274776786333680967, -7.778174593051986108 ) ) ;
#2459 = CARTESIAN_POINT ( 'NONE',  ( -8.619106558798778295, 3.349453753996023408, -7.651305159830053881 ) ) ;
#2460 = CARTESIAN_POINT ( 'NONE',  ( -6.682671856891302831, 4.331473214905111391, -7.778174593052033181 ) ) ;
#2461 = ADVANCED_FACE ( 'NONE', ( #2704 ), #7194, .T. ) ;
#2462 = CARTESIAN_POINT ( 'NONE',  ( -8.873677329212721787, 3.651116072047965844, 7.778174593052038510 ) ) ;
#2463 = ORIENTED_EDGE ( 'NONE', *, *, #643, .F. ) ;
#2464 = CARTESIAN_POINT ( 'NONE',  ( -7.040299115422292253, 3.528362117045340529, -7.352436224774524298 ) ) ;
#2465 = CARTESIAN_POINT ( 'NONE',  ( 7.778174593052059826, 3.200000000000000178, -6.528174593051986108 ) ) ;
#2466 = CARTESIAN_POINT ( 'NONE',  ( -7.003078730772587690, 4.049880625829422875, -8.127357330310061911 ) ) ;
#2467 = CARTESIAN_POINT ( 'NONE',  ( -8.628174593052010621, 3.755059523809524347, -8.268922321863215075 ) ) ;
#2468 = CARTESIAN_POINT ( 'NONE',  ( 6.928174593051956265, 4.851190477429264902, 8.268922321863270142 ) ) ;
#2469 = CARTESIAN_POINT ( 'NONE',  ( 6.928174593052061070, 4.284226190476190688, -7.287426864240803326 ) ) ;
#2470 = CARTESIAN_POINT ( 'NONE',  ( -8.005931406618460144, 3.813112827095188617, 6.928174593052038865 ) ) ;
#2471 = ORIENTED_EDGE ( 'NONE', *, *, #7931, .F. ) ;
#2472 = VERTEX_POINT ( 'NONE', #5939 ) ;
#2473 = CARTESIAN_POINT ( 'NONE',  ( 8.873677329212773301, 4.766145833952728950, -8.410663392672345751 ) ) ;
#2474 = CARTESIAN_POINT ( 'NONE',  ( -8.873677329212716458, 3.613318453000350150, 7.145685793431682420 ) ) ;
#2475 = CARTESIAN_POINT ( 'NONE',  ( 6.972013563385655921, 4.677228915363825124, -8.048439295517443526 ) ) ;
#2476 = EDGE_LOOP ( 'NONE', ( #8056, #302, #699, #2570 ) ) ;
#2477 = CARTESIAN_POINT ( 'NONE',  ( -7.778174593052011865, 3.200000000000000178, -9.028174593052032293 ) ) ;
#2478 = DIRECTION ( 'NONE',  ( 0.000000000000000000, 0.000000000000000000, 1.000000000000000000 ) ) ;
#2479 = ORIENTED_EDGE ( 'NONE', *, *, #2506, .T. ) ;
#2480 = ORIENTED_EDGE ( 'NONE', *, *, #987, .T. ) ;
#2481 = CARTESIAN_POINT ( 'NONE',  ( -8.460585939560845148, 3.839360057809380500, -7.271190159281240462 ) ) ;
#2482 = CARTESIAN_POINT ( 'NONE',  ( -7.230423224971654683, 4.199181548238442474, -6.829441393621495493 ) ) ;
#2483 = CARTESIAN_POINT ( 'NONE',  ( -8.203174593052011687, 4.737797620286407607, -8.514296186268804689 ) ) ;
#2484 = CARTESIAN_POINT ( 'NONE',  ( 6.938369620996988729, 4.700000000000002842, 8.095937024003708515 ) ) ;
#2485 = CARTESIAN_POINT ( 'NONE',  ( 6.682671856891243323, 4.955133929190822961, 7.778174593052089136 ) ) ;
#2486 = CARTESIAN_POINT ( 'NONE',  ( 7.013490880995689736, 4.213716491076673343, 7.402712091073133216 ) ) ;
#2487 = CARTESIAN_POINT ( 'NONE',  ( 13.35102992281864864, 4.700000000000000178, 1.999999999999763745 ) ) ;
#2488 = CARTESIAN_POINT ( 'NONE',  ( 7.778174593052412433, 4.473214286953105301, -6.928174593051988239 ) ) ;
#2489 = CARTESIAN_POINT ( 'NONE',  ( 8.056274901984936676, 3.477500858272811080, 8.583356699071511997 ) ) ;
#2490 = PRODUCT_DEFINITION_SHAPE ( 'NONE', 'NONE',  #7483 ) ;
#2491 = CARTESIAN_POINT ( 'NONE',  ( -8.873677329212725340, 4.501562500619394669, -7.778174593052033181 ) ) ;
#2492 = ORIENTED_EDGE ( 'NONE', *, *, #3640, .F. ) ;
#2493 = CARTESIAN_POINT ( 'NONE',  ( -8.624685538989224298, 4.692529161868629117, -7.872879539931968651 ) ) ;
#2494 = CIRCLE ( 'NONE', #7191, 4.500000000000000000 ) ;
#2495 = CARTESIAN_POINT ( 'NONE',  ( -7.778174593052010977, 4.444866072047966021, -9.043152192292751579 ) ) ;
#2496 = CARTESIAN_POINT ( 'NONE',  ( 6.952252950062094428, 3.809953774109676949, 7.986508786222727529 ) ) ;
#2497 = EDGE_CURVE ( 'NONE', #2472, #2677, #7018, .T. ) ;
#2498 = CARTESIAN_POINT ( 'NONE',  ( 8.325925961132416120, 3.896800595857489835, -8.726907792482524684 ) ) ;
#2499 = CARTESIAN_POINT ( 'NONE',  ( -8.542858305108332218, 3.306573633934894119, -8.153637095030893178 ) ) ;
#2500 = CARTESIAN_POINT ( 'NONE',  ( -8.325925961132364606, 4.180282738714635293, -6.829441393621498158 ) ) ;
#2501 = CARTESIAN_POINT ( 'NONE',  ( -8.325925961132364606, 3.726711310143204336, 8.726907792482577975 ) ) ;
#2502 = ORIENTED_EDGE ( 'NONE', *, *, #5290, .F. ) ;
#2503 = CARTESIAN_POINT ( 'NONE',  ( 8.005931406618412183, 4.226172889668102783, 6.928174593052088603 ) ) ;
#2504 = CARTESIAN_POINT ( 'NONE',  ( -8.271048560926612225, 3.408028768235518591, 8.471240256033281568 ) ) ;
#2505 = CARTESIAN_POINT ( 'NONE',  ( -8.873677329212725340, 4.066889881571776222, -8.410663392672393712 ) ) ;
#2506 = EDGE_CURVE ( 'NONE', #5881, #3861, #5552, .T. ) ;
#2507 = CARTESIAN_POINT ( 'NONE',  ( 8.088940731185175537, 3.199999999999997513, 8.699900551032241580 ) ) ;
#2508 = CARTESIAN_POINT ( 'NONE',  ( 7.353174593051956975, 3.830654763143550134, 7.042052999835315852 ) ) ;
#2509 = CARTESIAN_POINT ( 'NONE',  ( -8.203174593052011687, 4.775595238095238670, -7.042052999835261673 ) ) ;
#2510 = EDGE_CURVE ( 'NONE', #5167, #5075, #7875, .T. ) ;
#2511 = CIRCLE ( 'NONE', #8290, 2.000000000000000000 ) ;
#2512 = EDGE_LOOP ( 'NONE', ( #6919, #3992, #5202, #3820, #4277, #5129, #2479, #7338, #6888 ) ) ;
#2513 = ORIENTED_EDGE ( 'NONE', *, *, #863, .F. ) ;
#2514 = CIRCLE ( 'NONE', #3190, 0.8499999999999992006 ) ;
#2515 = CARTESIAN_POINT ( 'NONE',  ( 0.000000000000000000, 5.500000000000000000, 0.000000000000000000 ) ) ;
#2516 = DIRECTION ( 'NONE',  ( -0.000000000000000000, -1.000000000000000000, -0.000000000000000000 ) ) ;
#2517 = CARTESIAN_POINT ( 'NONE',  ( -8.109681296380585991, 4.162491830421204853, 6.995482956123105112 ) ) ;
#2518 = CARTESIAN_POINT ( 'NONE',  ( 8.787935552007290596, 4.700000000284661361, 8.203038160218319774 ) ) ;
#2519 = ORIENTED_EDGE ( 'NONE', *, *, #4694, .T. ) ;
#2520 = CARTESIAN_POINT ( 'NONE',  ( -7.778174593052003871, 3.679464285714285854, 6.928174593052037977 ) ) ;
#2521 = CARTESIAN_POINT ( 'NONE',  ( 7.406330459634537178, 4.619381662777304776, 7.013611955022232003 ) ) ;
#2522 = EDGE_CURVE ( 'NONE', #7853, #4951, #8100, .T. ) ;
#2523 = AXIS2_PLACEMENT_3D ( 'NONE', #6707, #949, #3522 ) ;
#2524 = ORIENTED_EDGE ( 'NONE', *, *, #4973, .T. ) ;
#2525 = ORIENTED_EDGE ( 'NONE', *, *, #2337, .F. ) ;
#2526 = CARTESIAN_POINT ( 'NONE',  ( -8.337801021851873884, 3.730362328508464831, -8.420265364941519337 ) ) ;
#2527 = CARTESIAN_POINT ( 'NONE',  ( -6.682671856891297502, 3.405431548238441852, -8.410663392672393712 ) ) ;
#2528 = CARTESIAN_POINT ( 'NONE',  ( -8.610152502447668610, 4.232026941402444287, -7.954456227822389813 ) ) ;
#2529 = CARTESIAN_POINT ( 'NONE',  ( -7.778174593052006536, 3.934598214905108637, 6.513196993811319224 ) ) ;
#2530 = CARTESIAN_POINT ( 'NONE',  ( 7.230423224971600504, 5.484300595857489746, 8.726907792482629489 ) ) ;
#2531 = CARTESIAN_POINT ( 'NONE',  ( 7.354438177017915024, 4.321925469336891368, 8.517097116308066873 ) ) ;
#2532 = CARTESIAN_POINT ( 'NONE',  ( -8.325925961132368158, 4.577157738714633162, -6.829441393621494605 ) ) ;
#2533 = CARTESIAN_POINT ( 'NONE',  ( 6.682671856891243323, 4.596056548238442119, 8.410663392672448779 ) ) ;
#2534 = CIRCLE ( 'NONE', #2670, 4.500000000000000000 ) ;
#2535 = CARTESIAN_POINT ( 'NONE',  ( 7.834975766325133151, 3.457725422192386322, 8.626341472169979596 ) ) ;
#2536 = ADVANCED_FACE ( 'NONE', ( #1481 ), #1796, .F. ) ;
#2537 = CARTESIAN_POINT ( 'NONE',  ( 8.203174593052059649, 3.603869048857835544, -7.042052999835213711 ) ) ;
#2538 = ORIENTED_EDGE ( 'NONE', *, *, #3307, .T. ) ;
#2539 = CARTESIAN_POINT ( 'NONE',  ( -8.150018726469435038, 4.619381662777152009, -8.542737231081895644 ) ) ;
#2540 = CARTESIAN_POINT ( 'NONE',  ( -6.682671856891298390, 3.915699405381299680, -8.410663392672393712 ) ) ;
#2541 = CARTESIAN_POINT ( 'NONE',  ( -8.266958323788811569, 3.200000000000001510, -8.619745248234853108 ) ) ;
#2542 = CARTESIAN_POINT ( 'NONE',  ( 8.576197802250238311, 3.994778792180929461, -7.485388217480842599 ) ) ;
#2543 = CARTESIAN_POINT ( 'NONE',  ( 8.325925961132417896, 3.745610119667013738, -6.829441393621446643 ) ) ;
#2544 = CARTESIAN_POINT ( 'NONE',  ( 0.000000000000000000, 6.000000000000000000, 0.000000000000000000 ) ) ;
#2545 = CARTESIAN_POINT ( 'NONE',  ( 0.000000000000000000, 2.500000000000000000, 0.000000000000000000 ) ) ;
#2546 = EDGE_CURVE ( 'NONE', #14, #4556, #2724, .T. ) ;
#2547 = CARTESIAN_POINT ( 'NONE',  ( 7.363832564060172281, 4.169464116595589687, -8.521221004974842472 ) ) ;
#2548 = DIRECTION ( 'NONE',  ( 0.000000000000000000, 0.000000000000000000, 1.000000000000000000 ) ) ;
#2549 = VERTEX_POINT ( 'NONE', #1560 ) ;
#2550 = CARTESIAN_POINT ( 'NONE',  ( -7.095771549115842625, 3.612575574580215498, -8.285170187448724022 ) ) ;
#2551 = CARTESIAN_POINT ( 'NONE',  ( -8.371548807038154294, 3.397526336034200511, 8.386787794950905095 ) ) ;
#2552 = EDGE_CURVE ( 'NONE', #5340, #6294, #1293, .T. ) ;
#2553 = CARTESIAN_POINT ( 'NONE',  ( -8.628174593052010621, 3.339285714285714857, -7.778174593052033181 ) ) ;
#2554 = CARTESIAN_POINT ( 'NONE',  ( 7.230423224971600504, 3.972395833952728328, 6.829441393621548784 ) ) ;
#2555 = CARTESIAN_POINT ( 'NONE',  ( 6.928174593052061070, 3.339285714285714857, -7.778174593051986108 ) ) ;
#2556 = ORIENTED_EDGE ( 'NONE', *, *, #2761, .F. ) ;
#2557 = CARTESIAN_POINT ( 'NONE',  ( -8.203174593052008134, 3.830654763143550134, 7.042052999835266114 ) ) ;
#2558 = ORIENTED_EDGE ( 'NONE', *, *, #3107, .F. ) ;
#2559 = ORIENTED_EDGE ( 'NONE', *, *, #3378, .F. ) ;
#2560 = CARTESIAN_POINT ( 'NONE',  ( -7.406347506210243736, 4.392594505246344205, 8.542745525018879960 ) ) ;
#2561 = DIRECTION ( 'NONE',  ( 0.000000000000000000, -0.000000000000000000, 1.000000000000000000 ) ) ;
#2562 = CARTESIAN_POINT ( 'NONE',  ( -8.150015875141304988, 4.165809993070609174, 7.013610571878788669 ) ) ;
#2563 = CARTESIAN_POINT ( 'NONE',  ( 7.500059200776632906, 4.611430789707641864, -8.583351113285786482 ) ) ;
#2564 = ORIENTED_EDGE ( 'NONE', *, *, #126, .T. ) ;
#2565 = CARTESIAN_POINT ( 'NONE',  ( 7.353174593051956975, 4.624404761904761685, 7.042052999835315852 ) ) ;
#2566 = CARTESIAN_POINT ( 'NONE',  ( -6.946197363211288334, 4.005240943358887584, 7.954459522244718528 ) ) ;
#2567 =( BOUNDED_CURVE ( )  B_SPLINE_CURVE ( 2, ( #656, #5242, #1422, #6546, #3183, #5747, #2508, #5071, #8318 ),
 .UNSPECIFIED., .F., .F. ) 
 B_SPLINE_CURVE_WITH_KNOTS ( ( 3, 2, 2, 2, 3 ),
 ( 0.2268350262913043092, 0.2520382757540075569, 0.3024459309048089795, 0.3528535860556104575, 0.3780574136310111966 ),
 .UNSPECIFIED. ) 
 CURVE ( )  GEOMETRIC_REPRESENTATION_ITEM ( )  RATIONAL_B_SPLINE_CURVE ( ( 0.9330127019274633282, 0.9330142384131105970, 1.000000000000000000, 0.8660254037844387076, 1.000000000000000000, 0.8660254037844387076, 1.000000000000000000, 0.9330127018922194093, 0.9330127018922194093 ) ) 
 REPRESENTATION_ITEM ( '' )  );
#2568 = CARTESIAN_POINT ( 'NONE',  ( 7.040291449017253456, 4.662292042362934374, 7.352449576118749164 ) ) ;
#2569 = AXIS2_PLACEMENT_3D ( 'NONE', #2114, #951, #988 ) ;
#2570 = ORIENTED_EDGE ( 'NONE', *, *, #6998, .F. ) ;
#2571 = ORIENTED_EDGE ( 'NONE', *, *, #2012, .F. ) ;
#2572 = CARTESIAN_POINT ( 'NONE',  ( 8.359075473184191196, 3.625680113235564050, -8.398769325071825165 ) ) ;
#2573 = CARTESIAN_POINT ( 'NONE',  ( 6.928174593051956265, 5.115773809523808779, 7.287426864240906355 ) ) ;
#2574 = CARTESIAN_POINT ( 'NONE',  ( -8.468754248908634708, 4.201224720651984157, -8.274564617514711173 ) ) ;
#2575 = CARTESIAN_POINT ( 'NONE',  ( 0.000000000000000000, 3.700000000000000178, 0.000000000000000000 ) ) ;
#2576 = CARTESIAN_POINT ( 'NONE',  ( -7.778174593052010977, 4.841741072047965666, -9.043152192292751579 ) ) ;
#2577 = DIRECTION ( 'NONE',  ( 0.000000000000000000, 0.000000000000000000, 1.000000000000000000 ) ) ;
#2578 = CARTESIAN_POINT ( 'NONE',  ( -6.928174593052007779, 5.077976191714978604, 7.287426864240858393 ) ) ;
#2579 = CARTESIAN_POINT ( 'NONE',  ( -7.778197072705663295, 3.906248000761006978, -6.928174593349289978 ) ) ;
#2580 = CIRCLE ( 'NONE', #4583, 1.249999999999999334 ) ;
#2581 = CARTESIAN_POINT ( 'NONE',  ( 8.451082475094331414, 3.613957761344883224, 7.258761456194316786 ) ) ;
#2582 = LINE ( 'NONE', #7622, #5611 ) ;
#2583 = ORIENTED_EDGE ( 'NONE', *, *, #8193, .F. ) ;
#2584 = CYLINDRICAL_SURFACE ( 'NONE', #2064, 7.000000000000000000 ) ;
#2585 = VECTOR ( 'NONE', #3431, 1000.000000000000000 ) ;
#2586 = CARTESIAN_POINT ( 'NONE',  ( 8.810376792459207351, 4.700000000000049027, 8.125066671472529478 ) ) ;
#2587 = FACE_OUTER_BOUND ( 'NONE', #4158, .T. ) ;
#2588 = CARTESIAN_POINT ( 'NONE',  ( 8.422011845986238754, 4.071590951535466907, -8.333308011209624055 ) ) ;
#2589 = CARTESIAN_POINT ( 'NONE',  ( 8.162705376158960746, 3.000920785876298957, -8.803972975668569845 ) ) ;
#2590 = CARTESIAN_POINT ( 'NONE',  ( -8.112810950023217060, 3.255601757936162244, -8.559533282427993939 ) ) ;
#2591 = DIRECTION ( 'NONE',  ( 0.000000000000000000, 1.000000000000000000, 0.000000000000000000 ) ) ;
#2592 = CARTESIAN_POINT ( 'NONE',  ( 7.778174593052060715, 4.133035714285713702, -8.628174593051983976 ) ) ;
#2593 = CARTESIAN_POINT ( 'NONE',  ( -8.325925961132364606, 4.936235119667014004, 6.829441393621498158 ) ) ;
#2594 = ORIENTED_EDGE ( 'NONE', *, *, #2118, .F. ) ;
#2595 = CARTESIAN_POINT ( 'NONE',  ( -6.946197363200633745, 3.551669514791451654, -7.601889663909645378 ) ) ;
#2596 = CARTESIAN_POINT ( 'NONE',  ( -7.403536370701763403, 4.553284455716251067, -8.543161750860889470 ) ) ;
#2597 = AXIS2_PLACEMENT_3D ( 'NONE', #1092, #3662, #6227 ) ;
#2598 = CARTESIAN_POINT ( 'NONE',  ( -8.873677329212725340, 4.558258929190823316, -7.778174593052033181 ) ) ;
#2599 = CARTESIAN_POINT ( 'NONE',  ( 7.301380483529208654, 3.200000000000001510, 8.739030225361995363 ) ) ;
#2600 = CARTESIAN_POINT ( 'NONE',  ( 6.928174593052061070, 3.301488095238095610, -8.268922321863168889 ) ) ;
#2601 = EDGE_LOOP ( 'NONE', ( #4531, #5717, #4068, #6560, #8328, #4998, #6088, #7009, #1977 ) ) ;
#2602 = VERTEX_POINT ( 'NONE', #5399 ) ;
#2603 = CARTESIAN_POINT ( 'NONE',  ( -6.997870960754094760, 4.502313069408531376, 7.440728733795920036 ) ) ;
#2604 = CARTESIAN_POINT ( 'NONE',  ( 7.230423224971704421, 5.786681548238442829, -8.726907792482524684 ) ) ;
#2605 = CARTESIAN_POINT ( 'NONE',  ( 7.285300625177482559, 3.861600196807032148, -7.085108930070719957 ) ) ;
#2606 = ORIENTED_EDGE ( 'NONE', *, *, #6048, .T. ) ;
#2607 = FACE_OUTER_BOUND ( 'NONE', #7431, .T. ) ;
#2608 = EDGE_CURVE ( 'NONE', #2292, #2439, #3956, .T. ) ;
#2609 = DIRECTION ( 'NONE',  ( -0.000000000000000000, -1.000000000000000000, -0.000000000000000000 ) ) ;
#2610 = ORIENTED_EDGE ( 'NONE', *, *, #1867, .T. ) ;
#2611 = ORIENTED_EDGE ( 'NONE', *, *, #1637, .F. ) ;
#2612 = CARTESIAN_POINT ( 'NONE',  ( 8.500047601022258092, 3.606403181894861643, -8.227850119682981855 ) ) ;
#2613 = CARTESIAN_POINT ( 'NONE',  ( 6.928174593051957153, 4.700000000000000178, 7.778174593052089136 ) ) ;
#2614 = DIRECTION ( 'NONE',  ( -0.000000000000000000, -1.000000000000000000, -0.000000000000000000 ) ) ;
#2615 = DIRECTION ( 'NONE',  ( 0.000000000000000000, 1.000000000000000000, 0.000000000000000000 ) ) ;
#2616 = CARTESIAN_POINT ( 'NONE',  ( -8.873677329212725340, 4.501562500619394669, -7.778174593052033181 ) ) ;
#2617 = CARTESIAN_POINT ( 'NONE',  ( -8.325925961132368158, 3.518824405381299592, -8.726907792482570869 ) ) ;
#2618 = CARTESIAN_POINT ( 'NONE',  ( -6.682671856891293061, 5.597693453000347041, 8.410663392672399041 ) ) ;
#2619 = CARTESIAN_POINT ( 'NONE',  ( -7.778174593052011865, 4.700000000000000178, -7.778174593052033181 ) ) ;
#2620 = ADVANCED_FACE ( 'NONE', ( #1353 ), #2218, .T. ) ;
#2621 = CARTESIAN_POINT ( 'NONE',  ( 8.395785528223621341, 3.510772947499932961, 8.362808951116258882 ) ) ;
#2622 = CARTESIAN_POINT ( 'NONE',  ( -8.873677329212725340, 4.539360119667013471, -7.145685793431673538 ) ) ;
#2623 = VERTEX_POINT ( 'NONE', #4543 ) ;
#2624 = DIRECTION ( 'NONE',  ( 0.000000000000000000, 0.000000000000000000, 1.000000000000000000 ) ) ;
#2625 = CARTESIAN_POINT ( 'NONE',  ( 8.791416583891512815, 4.699999999999999289, 7.567256094475581563 ) ) ;
#2626 = DIRECTION ( 'NONE',  ( -0.000000000000000000, -1.000000000000000000, -0.000000000000000000 ) ) ;
#2627 = CARTESIAN_POINT ( 'NONE',  ( -7.778174593052006536, 4.671651786333679723, 9.043152192292756908 ) ) ;
#2628 = CARTESIAN_POINT ( 'NONE',  ( 8.152812815402356250, 4.099713027144805899, -8.543161750860816639 ) ) ;
#2629 = CARTESIAN_POINT ( 'NONE',  ( 8.873677329212773301, 3.821205357762251786, -7.778174593051986108 ) ) ;
#2630 = FACE_OUTER_BOUND ( 'NONE', #7586, .T. ) ;
#2631 = CARTESIAN_POINT ( 'NONE',  ( 7.197265208604755493, 4.306036332713631509, -7.157587823795140913 ) ) ;
#2632 = CARTESIAN_POINT ( 'NONE',  ( -7.230423224971650242, 5.314211310143203804, 6.829441393621499046 ) ) ;
#2633 = VERTEX_POINT ( 'NONE', #6520 ) ;
#2634 = CARTESIAN_POINT ( 'NONE',  ( -7.013493790081463786, 3.533358755916147231, -7.402706021425605520 ) ) ;
#2635 = CARTESIAN_POINT ( 'NONE',  ( -8.415728998033708663, 3.286586326615571263, 7.215300097131732926 ) ) ;
#2636 = CARTESIAN_POINT ( 'NONE',  ( -7.778174593052007424, 4.700000000000000178, 6.928174593052038865 ) ) ;
#2637 = CARTESIAN_POINT ( 'NONE',  ( 0.000000000000000000, 1.500000000000000000, -7.000000000000000000 ) ) ;
#2638 = CARTESIAN_POINT ( 'NONE',  ( 6.682671856891347240, 3.159747024428919193, -8.410663392672345751 ) ) ;
#2639 = PRESENTATION_LAYER_ASSIGNMENT (  '', '', ( #6248 ) ) ;
#2640 = ORIENTED_EDGE ( 'NONE', *, *, #7954, .T. ) ;
#2641 = EDGE_CURVE ( 'NONE', #7510, #1129, #2388, .T. ) ;
#2642 = CARTESIAN_POINT ( 'NONE',  ( -7.778174593052009200, 4.133035714285713702, -8.628174593052031938 ) ) ;
#2643 = CARTESIAN_POINT ( 'NONE',  ( -7.443553381405479286, 4.389529103821280920, 8.559539768680226146 ) ) ;
#2644 = CARTESIAN_POINT ( 'NONE',  ( 7.230423224971704421, 5.333110119667013649, -8.726907792482524684 ) ) ;
#2645 = CARTESIAN_POINT ( 'NONE',  ( 8.628174593052451158, 4.586607144096157107, -7.778174593051986108 ) ) ;
#2646 = CARTESIAN_POINT ( 'NONE',  ( -8.005931406618463697, 3.359541398523760325, 6.928174593052041530 ) ) ;
#2647 = VERTEX_POINT ( 'NONE', #7456 ) ;
#2648 = DIRECTION ( 'NONE',  ( 0.000000000000000000, 1.000000000000000000, 0.000000000000000000 ) ) ;
#2649 = CARTESIAN_POINT ( 'NONE',  ( 7.449296064652096483, 4.615851797772053899, 6.994376651485934460 ) ) ;
#2650 = B_SPLINE_CURVE_WITH_KNOTS ( 'NONE', 3,
 ( #8157, #3021, #7391, #8201, #5677, #1642, #2358, #538, #7433, #3062, #2441, #3693 ),
 .UNSPECIFIED., .F., .F.,
 ( 4, 2, 2, 2, 2, 4 ),
 ( 0.000000000000000000, 0.0002408373564892657176, 0.0004816747129785314352, 0.0009633494259570586421, 0.001445024138935585740, 0.001926698851914112947 ),
 .UNSPECIFIED. ) ;
#2651 = ORIENTED_EDGE ( 'NONE', *, *, #6184, .T. ) ;
#2652 = ORIENTED_EDGE ( 'NONE', *, *, #4858, .T. ) ;
#2653 = CARTESIAN_POINT ( 'NONE',  ( 8.591281905932428131, 3.545306613556368003, -7.530010851138064787 ) ) ;
#2654 = ADVANCED_FACE ( 'NONE', ( #5614 ), #4808, .T. ) ;
#2655 = CARTESIAN_POINT ( 'NONE',  ( -7.230423224971655571, 4.350372024428918571, -8.726907792482570869 ) ) ;
#2656 = CARTESIAN_POINT ( 'NONE',  ( -7.479809857498811887, 5.860463811753673369, -6.982260976773061678 ) ) ;
#2657 = CARTESIAN_POINT ( 'NONE',  ( -6.682671856891293061, 4.236979167286061276, 8.410663392672399041 ) ) ;
#2658 = CARTESIAN_POINT ( 'NONE',  ( -8.325925961132368158, 4.577157738714633162, -6.829441393621494605 ) ) ;
#2659 = CARTESIAN_POINT ( 'NONE',  ( -8.325925961132368158, 3.670014881571775689, -6.829441393621494605 ) ) ;
#2660 = CARTESIAN_POINT ( 'NONE',  ( -7.778174593052006536, 4.926785715524502507, 8.759670050674403186 ) ) ;
#2661 = CIRCLE ( 'NONE', #1996, 4.300000000000008704 ) ;
#2662 = CARTESIAN_POINT ( 'NONE',  ( -7.230423224971650242, 4.350372024428918571, 6.829441393621498158 ) ) ;
#2663 = CARTESIAN_POINT ( 'NONE',  ( 8.451802869458944656, 3.518368262018837012, 8.297335733645899936 ) ) ;
#2664 = PRESENTATION_LAYER_ASSIGNMENT (  '', '', ( #2006 ) ) ;
#2665 = CARTESIAN_POINT ( 'NONE',  ( 7.778174593052059826, 3.339285715524502596, -8.759670050674348118 ) ) ;
#2666 = ORIENTED_EDGE ( 'NONE', *, *, #1285, .F. ) ;
#2667 =( BOUNDED_CURVE ( )  B_SPLINE_CURVE ( 2, ( #7678, #2503, #3853, #1198, #652, #516, #4524, #2015, #3761 ),
 .UNSPECIFIED., .F., .F. ) 
 B_SPLINE_CURVE_WITH_KNOTS ( ( 3, 2, 2, 2, 3 ),
 ( 0.07561148272620223099, 0.1008153103016030255, 0.1512229654524045452, 0.2016306206032060233, 0.2268350262913043092 ),
 .UNSPECIFIED. ) 
 CURVE ( )  GEOMETRIC_REPRESENTATION_ITEM ( )  RATIONAL_B_SPLINE_CURVE ( ( 0.9330127018922191873, 0.9330127018922191873, 1.000000000000000000, 0.8660254037844387076, 1.000000000000000000, 0.8660254037844387076, 1.000000000000000000, 0.9330111653713281106, 0.9330127019274633282 ) ) 
 REPRESENTATION_ITEM ( '' )  );
#2668 = CARTESIAN_POINT ( 'NONE',  ( -8.873677329212725340, 3.632217262524156443, -7.145685793431673538 ) ) ;
#2669 = CARTESIAN_POINT ( 'NONE',  ( 7.778174593052059826, 4.700000000000000178, -8.628174593051983976 ) ) ;
#2670 = AXIS2_PLACEMENT_3D ( 'NONE', #6695, #7927, #6586 ) ;
#2671 = CARTESIAN_POINT ( 'NONE',  ( 0.000000000000000000, 0.2999999999999956035, -7.000000000000000000 ) ) ;
#2672 = CARTESIAN_POINT ( 'NONE',  ( 8.460577636981831517, 4.066147003152491557, -8.285170187457394420 ) ) ;
#2673 = CARTESIAN_POINT ( 'NONE',  ( 8.873677329212773301, 3.783407738714632984, -7.145685793431626465 ) ) ;
#2674 = CYLINDRICAL_SURFACE ( 'NONE', #2903, 4.500000000000000000 ) ;
#2675 = CARTESIAN_POINT ( 'NONE',  ( 7.683310672266999930, 4.141472491554399227, -8.628174593051983976 ) ) ;
#2676 = CARTESIAN_POINT ( 'NONE',  ( -6.682671856891293061, 4.766145833952728950, 7.145685793431679755 ) ) ;
#2677 = VERTEX_POINT ( 'NONE', #6823 ) ;
#2678 = CARTESIAN_POINT ( 'NONE',  ( -7.446683113930290254, 3.482133460157948779, -6.995476508067826948 ) ) ;
#2679 = DIRECTION ( 'NONE',  ( 0.000000000000000000, 0.000000000000000000, -1.000000000000000000 ) ) ;
#2680 = CARTESIAN_POINT ( 'NONE',  ( 7.230423224971600504, 4.425967262524156176, 6.829441393621548784 ) ) ;
#2681 = CARTESIAN_POINT ( 'NONE',  ( 6.682671856891347240, 3.651116072047965844, -7.778174593051986108 ) ) ;
#2682 = VERTEX_POINT ( 'NONE', #8178 ) ;
#2683 = CARTESIAN_POINT ( 'NONE',  ( -8.203174593052011687, 5.682738095238095255, -7.042052999835261673 ) ) ;
#2684 = CARTESIAN_POINT ( 'NONE',  ( 7.230423224971600504, 4.425967262524156176, 6.829441393621548784 ) ) ;
#2685 = CARTESIAN_POINT ( 'NONE',  ( -6.768413634096680731, 4.700000000284660473, -7.353311025885792773 ) ) ;
#2686 = CARTESIAN_POINT ( 'NONE',  ( -8.604096236024458833, 4.263525202686669680, 7.986508786291699913 ) ) ;
#2687 = CARTESIAN_POINT ( 'NONE',  ( 7.354438177018252532, 3.868354040763784862, -7.039252069795870703 ) ) ;
#2688 = FACE_OUTER_BOUND ( 'NONE', #622, .T. ) ;
#2689 = ORIENTED_EDGE ( 'NONE', *, *, #3427, .F. ) ;
#2690 = EDGE_LOOP ( 'NONE', ( #244, #8232, #6716, #7654 ) ) ;
#2691 = CARTESIAN_POINT ( 'NONE',  ( 8.603752632083734753, 3.549212670911727319, -7.573636377283854415 ) ) ;
#2692 = CARTESIAN_POINT ( 'NONE',  ( 7.230423224971600504, 5.540997024428917506, 8.726907792482629489 ) ) ;
#2693 = CARTESIAN_POINT ( 'NONE',  ( -8.622623877909342482, 4.254401985712601864, -7.677816149659451916 ) ) ;
#2694 = CARTESIAN_POINT ( 'NONE',  ( -8.873677329212721787, 4.085788691095585179, 8.410663392672399041 ) ) ;
#2695 = CARTESIAN_POINT ( 'NONE',  ( -8.325925961132368158, 5.484300595857489746, -6.829441393621494605 ) ) ;
#2696 = CARTESIAN_POINT ( 'NONE',  ( -8.873677329212725340, 3.140848214905109348, -7.778174593052033181 ) ) ;
#2697 = CARTESIAN_POINT ( 'NONE',  ( -7.230423224971650242, 5.257514881571775156, 6.829441393621499046 ) ) ;
#2698 = FACE_BOUND ( 'NONE', #7667, .T. ) ;
#2699 = EDGE_CURVE ( 'NONE', #4324, #1129, #1746, .T. ) ;
#2700 = VECTOR ( 'NONE', #4491, 1000.000000000000000 ) ;
#2701 = CARTESIAN_POINT ( 'NONE',  ( -8.873677329212721787, 4.501562500619394669, 7.778174593052038510 ) ) ;
#2702 = CARTESIAN_POINT ( 'NONE',  ( -7.778174593052010977, 4.841741072047965666, -9.043152192292751579 ) ) ;
#2703 = ORIENTED_EDGE ( 'NONE', *, *, #8248, .F. ) ;
#2704 = FACE_OUTER_BOUND ( 'NONE', #1975, .T. ) ;
#2705 = CARTESIAN_POINT ( 'NONE',  ( -8.873677329212725340, 4.085788691095585179, -7.145685793431673538 ) ) ;
#2706 = CARTESIAN_POINT ( 'NONE',  ( -6.928174354418297654, 4.021363029821044321, -7.800507745977243168 ) ) ;
#2707 = CARTESIAN_POINT ( 'NONE',  ( -8.203174593052008134, 5.531547619047619158, 7.042052999835265226 ) ) ;
#2708 = AXIS2_PLACEMENT_3D ( 'NONE', #7551, #472, #2257 ) ;
#2709 = CARTESIAN_POINT ( 'NONE',  ( 8.395785528223592920, 3.964344376071488707, -7.193540234987677806 ) ) ;
#2710 = DIRECTION ( 'NONE',  ( -0.000000000000000000, -1.000000000000000000, -0.000000000000000000 ) ) ;
#2711 = CARTESIAN_POINT ( 'NONE',  ( -7.766449039081863681, 3.453721103017591609, -6.928250432681712034 ) ) ;
#2712 = CARTESIAN_POINT ( 'NONE',  ( 7.215066078412320394, 4.307956873787019525, -7.141194633209232201 ) ) ;
#2713 =( BOUNDED_CURVE ( )  B_SPLINE_CURVE ( 2, ( #6642, #2940, #6092, #5344, #7352 ),
 .UNSPECIFIED., .F., .F. ) 
 B_SPLINE_CURVE_WITH_KNOTS ( ( 3, 2, 3 ),
 ( 0.000000000000000000, 0.05040765515080151277, 0.07561148272620207833 ),
 .UNSPECIFIED. ) 
 CURVE ( )  GEOMETRIC_REPRESENTATION_ITEM ( )  RATIONAL_B_SPLINE_CURVE ( ( 1.000000000000000000, 0.8660254037844387076, 1.000000000000000000, 0.9330127018922199644, 0.9330127018922194093 ) ) 
 REPRESENTATION_ITEM ( '' )  );
#2714 = AXIS2_PLACEMENT_3D ( 'NONE', #104, #3393, #2679 ) ;
#2715 = CARTESIAN_POINT ( 'NONE',  ( -7.230423224971650242, 5.106324405381299059, 8.726907792482577975 ) ) ;
#2716 = CARTESIAN_POINT ( 'NONE',  ( -8.584330172993324126, 3.316513145291766662, 7.507893813072075595 ) ) ;
#2717 = CARTESIAN_POINT ( 'NONE',  ( 6.682671856891243323, 4.501562500619394669, 7.778174593052089136 ) ) ;
#2718 = CARTESIAN_POINT ( 'NONE',  ( 6.682671856891243323, 3.556622024428918838, 7.145685793431728605 ) ) ;
#2719 = CARTESIAN_POINT ( 'NONE',  ( 7.105258578200481345, 3.387170871120508409, -7.258771984549658995 ) ) ;
#2720 = ADVANCED_FACE ( 'NONE', ( #3674, #469 ), #2916, .F. ) ;
#2721 = ORIENTED_EDGE ( 'NONE', *, *, #5068, .T. ) ;
#2722 = CARTESIAN_POINT ( 'NONE',  ( -8.628174593052010621, 5.115773809523808779, -8.268922321863215075 ) ) ;
#2723 = VECTOR ( 'NONE', #7781, 1000.000000000000000 ) ;
#2724 = CIRCLE ( 'NONE', #3399, 1.100000000000000977 ) ;
#2725 = DIRECTION ( 'NONE',  ( -0.000000000000000000, -1.000000000000000000, -0.000000000000000000 ) ) ;
#2726 = CARTESIAN_POINT ( 'NONE',  ( -7.353174593052012931, 4.208630953619740822, -8.514296186268804689 ) ) ;
#2727 = CARTESIAN_POINT ( 'NONE',  ( 5.755839955992558669E-16, 5.800000000000000711, -4.699999999999999289 ) ) ;
#2728 = DIRECTION ( 'NONE',  ( 0.000000000000000000, 0.000000000000000000, -1.000000000000000000 ) ) ;
#2729 = CARTESIAN_POINT ( 'NONE',  ( 7.160556377716592813, 3.737559609207891764, -8.362801238762783029 ) ) ;
#2730 = FACE_OUTER_BOUND ( 'NONE', #7181, .T. ) ;
#2731 = ORIENTED_EDGE ( 'NONE', *, *, #3427, .T. ) ;
#2732 = VERTEX_POINT ( 'NONE', #3003 ) ;
#2733 = CARTESIAN_POINT ( 'NONE',  ( 7.778174593051957686, 5.125223214905109792, 9.043152192292808422 ) ) ;
#2734 = DIRECTION ( 'NONE',  ( 0.000000000000000000, 0.000000000000000000, 1.000000000000000000 ) ) ;
#2735 = CARTESIAN_POINT ( 'NONE',  ( 7.789900147019226395, 3.907292531588816065, 8.628098753422447587 ) ) ;
#2736 = CARTESIAN_POINT ( 'NONE',  ( -8.873677329212725340, 4.917336310143204159, -8.410663392672393712 ) ) ;
#2737 = CARTESIAN_POINT ( 'NONE',  ( -6.682671856891298390, 3.821205357762251786, -7.778174593052033181 ) ) ;
#2738 = CARTESIAN_POINT ( 'NONE',  ( -8.628174593052007069, 4.813392858381645212, 7.778174593052038510 ) ) ;
#2739 = CARTESIAN_POINT ( 'NONE',  ( -8.873677329212721787, 3.178645833952728150, 8.410663392672399041 ) ) ;
#2740 = CYLINDRICAL_SURFACE ( 'NONE', #2201, 0.8500000000000000888 ) ;
#2741 = ORIENTED_EDGE ( 'NONE', *, *, #2889, .F. ) ;
#2742 = CARTESIAN_POINT ( 'NONE',  ( -8.109683869115338339, 4.616063466411194582, -8.560865140333163481 ) ) ;
#2743 = CARTESIAN_POINT ( 'NONE',  ( -7.182338238524500262, 3.624039934549891484, 7.171971635228658215 ) ) ;
#2744 = CARTESIAN_POINT ( 'NONE',  ( -7.363845645383851668, 3.942677230174410408, -7.035120857197303401 ) ) ;
#2745 = CARTESIAN_POINT ( 'NONE',  ( -8.203174593052008134, 4.775595238095238670, 8.514296186268811795 ) ) ;
#2746 = CARTESIAN_POINT ( 'NONE',  ( -8.628174593052010621, 3.377083333333333659, -7.287426864240852176 ) ) ;
#2747 = CARTESIAN_POINT ( 'NONE',  ( -8.422019096013713124, 3.844804263507364261, 8.333299628916265078 ) ) ;
#2748 = CARTESIAN_POINT ( 'NONE',  ( -8.638824140240314975, 4.700000000000004619, -7.618724249269504867 ) ) ;
#2749 = CARTESIAN_POINT ( 'NONE',  ( 11.00000000000001243, 3.700000000000000178, -2.000000000000228706 ) ) ;
#2750 = CARTESIAN_POINT ( 'NONE',  ( 6.783016047862944653, 3.199999999999976197, -8.123983652614711559 ) ) ;
#2751 = CARTESIAN_POINT ( 'NONE',  ( -8.325925961132364606, 5.540997024428917506, 8.726907792482577975 ) ) ;
#2752 = ADVANCED_FACE ( 'NONE', ( #2336 ), #8092, .T. ) ;
#2753 = CARTESIAN_POINT ( 'NONE',  ( -7.667555439984084842, 4.576769164958246705, -8.628174593052033714 ) ) ;
#2754 = CARTESIAN_POINT ( 'NONE',  ( -8.110483771515259122, 3.199999999999998845, 6.883056634986998823 ) ) ;
#2755 = CARTESIAN_POINT ( 'NONE',  ( 7.022809332273642902, 3.200000000000000622, 8.571616189985928003 ) ) ;
#2756 = CARTESIAN_POINT ( 'NONE',  ( 7.449296870685565786, 3.255137447665062300, -8.561972872837131376 ) ) ;
#2757 = CARTESIAN_POINT ( 'NONE',  ( 0.000000000000000000, 1.499999999999999556, 0.000000000000000000 ) ) ;
#2758 = EDGE_CURVE ( 'NONE', #3481, #8266, #750, .T. ) ;
#2759 = CARTESIAN_POINT ( 'NONE',  ( -7.778174593052010977, 5.266964285714285765, -6.796679135429670282 ) ) ;
#2760 = LINE ( 'NONE', #7212, #5372 ) ;
#2761 = EDGE_CURVE ( 'NONE', #147, #671, #2880, .T. ) ;
#2762 = CARTESIAN_POINT ( 'NONE',  ( 6.705901038439615824, 3.236945193719066527, -7.132274419211684702 ) ) ;
#2763 = APPLICATION_PROTOCOL_DEFINITION ( 'draft international standard', 'automotive_design', 1998, #2176 ) ;
#2764 = CARTESIAN_POINT ( 'NONE',  ( 7.500060696005993677, 3.704287797929544546, -8.583351619399136823 ) ) ;
#2765 = CARTESIAN_POINT ( 'NONE',  ( 8.203174593051956620, 3.490476190476190510, 8.514296186268863309 ) ) ;
#2766 = EDGE_CURVE ( 'NONE', #1598, #7836, #1820, .T. ) ;
#2767 = ORIENTED_EDGE ( 'NONE', *, *, #4703, .F. ) ;
#2768 = ORIENTED_EDGE ( 'NONE', *, *, #7074, .F. ) ;
#2769 = CARTESIAN_POINT ( 'NONE',  ( 6.682671856891243323, 4.558258929190823316, 7.778174593052089136 ) ) ;
#2770 = CARTESIAN_POINT ( 'NONE',  ( -8.056288490097264443, 4.157859226500861816, -8.583351619399460120 ) ) ;
#2771 = CARTESIAN_POINT ( 'NONE',  ( 8.337792011834325834, 3.957147012381859508, 8.420273295812224390 ) ) ;
#2772 = DIRECTION ( 'NONE',  ( 0.000000000000000000, 0.000000000000000000, 1.000000000000000000 ) ) ;
#2773 = DIRECTION ( 'NONE',  ( -0.000000000000000000, -1.000000000000000000, -0.000000000000000000 ) ) ;
#2774 = CARTESIAN_POINT ( 'NONE',  ( -7.778174593052015418, 3.225892857142857562, -8.628174593052033714 ) ) ;
#2775 = CARTESIAN_POINT ( 'NONE',  ( -7.353174593052007602, 3.755059525048312086, 7.042052999835266114 ) ) ;
#2776 = EDGE_CURVE ( 'NONE', #6129, #5285, #5715, .T. ) ;
#2777 = DIRECTION ( 'NONE',  ( 0.000000000000000000, 0.000000000000000000, -1.000000000000000000 ) ) ;
#2778 = ORIENTED_EDGE ( 'NONE', *, *, #5059, .T. ) ;
#2779 = CARTESIAN_POINT ( 'NONE',  ( -7.778174593052010977, 3.792857144095930888, -8.628174593052033714 ) ) ;
#2780 = TOROIDAL_SURFACE ( 'NONE', #891, 4.500000000000000888, 0.5000000000000000000 ) ;
#2781 = CARTESIAN_POINT ( 'NONE',  ( -7.040299115422229193, 3.528362117045123370, 8.203912961329439923 ) ) ;
#2782 = CARTESIAN_POINT ( 'NONE',  ( 7.230423224971601392, 5.389806548238442296, 6.829441393621548784 ) ) ;
#2783 = CARTESIAN_POINT ( 'NONE',  ( -7.230423224971650242, 4.709449405381298526, 8.726907792482577975 ) ) ;
#2784 = CARTESIAN_POINT ( 'NONE',  ( 6.989255503511594192, 3.312194468812969195, 7.461698879132959483 ) ) ;
#2785 = CARTESIAN_POINT ( 'NONE',  ( -8.432956696089888737, 3.843324947081419474, 8.320521832920084293 ) ) ;
#2786 = CARTESIAN_POINT ( 'NONE',  ( 7.778174593052059826, 4.700000000000000178, -8.628174593051983976 ) ) ;
#2787 = CARTESIAN_POINT ( 'NONE',  ( 8.325925961132417896, 5.711086310143204336, -8.726907792482524684 ) ) ;
#2788 = DIRECTION ( 'NONE',  ( -1.000000000000000000, 0.000000000000000000, 3.689284128500214800E-16 ) ) ;
#2789 = CARTESIAN_POINT ( 'NONE',  ( -6.682671856891293061, 5.673288691095585534, 7.145685793431679755 ) ) ;
#2790 = AXIS2_PLACEMENT_3D ( 'NONE', #5217, #78, #7146 ) ;
#2791 = CARTESIAN_POINT ( 'NONE',  ( -7.772302612051620763, 4.360343594217584773, -6.928189836226226639 ) ) ;
#2792 = CARTESIAN_POINT ( 'NONE',  ( -7.629607162217078020, 3.200000000000000178, 6.902933501593192744 ) ) ;
#2793 = CARTESIAN_POINT ( 'NONE',  ( 8.500047601022172827, 4.513546039037469981, 7.328499066421150232 ) ) ;
#2794 = CARTESIAN_POINT ( 'NONE',  ( 7.182330180849254120, 3.397253328245774640, -7.171979555299319742 ) ) ;
#2795 = EDGE_CURVE ( 'NONE', #5040, #4301, #5437, .T. ) ;
#2796 = DIRECTION ( 'NONE',  ( 0.000000000000000000, 0.000000000000000000, 1.000000000000000000 ) ) ;
#2797 = CARTESIAN_POINT ( 'NONE',  ( -8.628174593052010621, 6.022916666666667140, -8.268922321863215075 ) ) ;
#2798 = CARTESIAN_POINT ( 'NONE',  ( 8.873677329212670273, 4.293675595857489924, 8.410663392672448779 ) ) ;
#2799 = CARTESIAN_POINT ( 'NONE',  ( 7.230423224971706198, 3.273139881571778265, -6.829441393621450196 ) ) ;
#2800 = CARTESIAN_POINT ( 'NONE',  ( 6.928174354422396597, 3.794577286396695115, -7.755841818438844015 ) ) ;
#2801 = CARTESIAN_POINT ( 'NONE',  ( 8.325925961132314868, 4.255877976809871122, 8.726907792482629489 ) ) ;
#2802 = VERTEX_POINT ( 'NONE', #4302 ) ;
#2803 = ORIENTED_EDGE ( 'NONE', *, *, #380, .T. ) ;
#2804 = CARTESIAN_POINT ( 'NONE',  ( 7.353174593051957864, 5.531547619047619158, 7.042052999835314964 ) ) ;
#2805 = DIRECTION ( 'NONE',  ( 0.000000000000000000, 1.000000000000000000, 0.000000000000000000 ) ) ;
#2806 = CARTESIAN_POINT ( 'NONE',  ( 7.798623390356185681, 3.908067851655470548, 8.627963091206922286 ) ) ;
#2807 = CARTESIAN_POINT ( 'NONE',  ( -8.873677329212721787, 4.558258929190823316, 7.778174593052038510 ) ) ;
#2808 = CARTESIAN_POINT ( 'NONE',  ( 7.778174593052059826, 4.700000000000000178, -8.628174593051983976 ) ) ;
#2809 = CARTESIAN_POINT ( 'NONE',  ( 8.873677329212666720, 4.331473214905111391, 7.778174593052089136 ) ) ;
#2810 = CARTESIAN_POINT ( 'NONE',  ( -6.928174593052007779, 3.717261906000692839, 7.287426864240856617 ) ) ;
#2811 = CARTESIAN_POINT ( 'NONE',  ( 7.778152113398300926, 3.452676572189577797, 8.628174592754833228 ) ) ;
#2812 = ORIENTED_EDGE ( 'NONE', *, *, #2284, .T. ) ;
#2813 = ORIENTED_EDGE ( 'NONE', *, *, #8248, .T. ) ;
#2814 = CARTESIAN_POINT ( 'NONE',  ( 8.162695897411216706, 6.058899989852309709, -6.752372657281954460 ) ) ;
#2815 = B_SPLINE_CURVE_WITH_KNOTS ( 'NONE', 3,
 ( #5983, #178, #2748, #1568, #5425, #292, #2864, #4128, #2130, #4721, #2090, #6060, #7279, #3424 ),
 .UNSPECIFIED., .F., .F.,
 ( 4, 2, 2, 2, 2, 2, 4 ),
 ( 0.000000000000000000, 0.0002384424936249949698, 0.0004768849872499899395, 0.0009537699744999798791, 0.001430654961749969764, 0.001669097455374964761, 0.001907539948999959758 ),
 .UNSPECIFIED. ) ;
#2816 = CARTESIAN_POINT ( 'NONE',  ( -7.073126102289421624, 3.609084369827194827, 7.303401189488250012 ) ) ;
#2817 = CARTESIAN_POINT ( 'NONE',  ( 7.778174593051957686, 5.578794643476537196, 9.043152192292808422 ) ) ;
#2818 = CARTESIAN_POINT ( 'NONE',  ( -7.877983546992766151, 6.025478748640970217, 8.985527465867525265 ) ) ;
#2819 = CARTESIAN_POINT ( 'NONE',  ( 6.985842028820145266, 3.313009789243037684, 7.470320717122923782 ) ) ;
#2820 = CARTESIAN_POINT ( 'NONE',  ( 8.873677329212670273, 4.236979167286060388, 8.410663392672448779 ) ) ;
#2821 = CARTESIAN_POINT ( 'NONE',  ( -8.271048560926477222, 3.861600196806205254, 8.471240256033377491 ) ) ;
#2822 = LINE ( 'NONE', #2167, #6071 ) ;
#2823 = CYLINDRICAL_SURFACE ( 'NONE', #3974, 0.8500000000000000888 ) ;
#2824 =( BOUNDED_CURVE ( )  B_SPLINE_CURVE ( 2, ( #3381, #1326, #5228, #7078, #4598, #6446, #808 ),
 .UNSPECIFIED., .F., .F. ) 
 B_SPLINE_CURVE_WITH_KNOTS ( ( 3, 2, 2, 3 ),
 ( 0.5625000000000000000, 0.5833333333333333703, 0.6250000000000000000, 0.6396727680113217795 ),
 .UNSPECIFIED. ) 
 CURVE ( )  GEOMETRIC_REPRESENTATION_ITEM ( )  RATIONAL_B_SPLINE_CURVE ( ( 0.9330127018922194093, 0.9330127018922194093, 1.000000000000000000, 0.8660254037844387076, 1.000000000000000000, 0.9528213239276454027, 0.9388702527716568103 ) ) 
 REPRESENTATION_ITEM ( '' )  );
#2825 = CARTESIAN_POINT ( 'NONE',  ( 6.682671856891347240, 4.501562500619394669, -7.778174593051986108 ) ) ;
#2826 = CARTESIAN_POINT ( 'NONE',  ( -7.230423224971650242, 4.199181548238442474, 8.726907792482577975 ) ) ;
#2827 = VECTOR ( 'NONE', #1294, 1000.000000000000000 ) ;
#2828 = CARTESIAN_POINT ( 'NONE',  ( -7.087600249757976201, 4.428009631024998782, -7.281777150409812549 ) ) ;
#2829 = CARTESIAN_POINT ( 'NONE',  ( 7.215066078412472272, 3.854385445215160910, 8.415154552895065976 ) ) ;
#2830 = CARTESIAN_POINT ( 'NONE',  ( 8.558478225353420399, 4.502313069407810175, 7.440728733804603756 ) ) ;
#2831 = CARTESIAN_POINT ( 'NONE',  ( 6.937242627308671139, 3.349453753998030692, -7.651305159807629153 ) ) ;
#2832 = VECTOR ( 'NONE', #6299, 1000.000000000000000 ) ;
#2833 = CIRCLE ( 'NONE', #1377, 1.249999999999999334 ) ;
#2834 = CARTESIAN_POINT ( 'NONE',  ( -8.873677329212725340, 5.427604167286060211, -8.410663392672393712 ) ) ;
#2835 = CARTESIAN_POINT ( 'NONE',  ( 8.227541843427186308, 3.492345598622613956, -7.056156813379194759 ) ) ;
#2836 = CARTESIAN_POINT ( 'NONE',  ( 8.873677329212670273, 3.462127976809870500, 7.145685793431728605 ) ) ;
#2837 = AXIS2_PLACEMENT_3D ( 'NONE', #7333, #1584, #191 ) ;
#2838 = SURFACE_STYLE_USAGE ( .BOTH. , #865 ) ;
#2839 = CARTESIAN_POINT ( 'NONE',  ( 6.682671856891243323, 4.955133929190822961, 7.778174593052089136 ) ) ;
#2840 = CARTESIAN_POINT ( 'NONE',  ( 7.353174593051956975, 4.170833333333333393, 7.042052999835315852 ) ) ;
#2841 = ADVANCED_FACE ( 'NONE', ( #6866, #8009 ), #2294, .F. ) ;
#2842 = AXIS2_PLACEMENT_3D ( 'NONE', #8150, #7470, #1803 ) ;
#2843 = ORIENTED_EDGE ( 'NONE', *, *, #6203, .F. ) ;
#2844 = ORIENTED_EDGE ( 'NONE', *, *, #3238, .T. ) ;
#2845 = CARTESIAN_POINT ( 'NONE',  ( -11.00000000000000000, 1.500000000000000000, 1.099999999999923705 ) ) ;
#2846 = CARTESIAN_POINT ( 'NONE',  ( 8.460577636980904259, 4.066147003152606132, 7.271178998645555502 ) ) ;
#2847 = EDGE_CURVE ( 'NONE', #6478, #6371, #7766, .T. ) ;
#2848 = CARTESIAN_POINT ( 'NONE',  ( -8.150018726469429708, 4.619381662777329645, 7.013611955022178712 ) ) ;
#2849 = AXIS2_PLACEMENT_3D ( 'NONE', #455, #4206, #369 ) ;
#2850 = CARTESIAN_POINT ( 'NONE',  ( -8.628174593052010621, 3.452678572667359447, -7.778174593052033181 ) ) ;
#2851 = CARTESIAN_POINT ( 'NONE',  ( -8.325925961132364606, 3.670014881571775689, 8.726907792482577975 ) ) ;
#2852 = CARTESIAN_POINT ( 'NONE',  ( 8.393810889511804874, 4.528872701817839186, -8.364936922591112989 ) ) ;
#2853 = ORIENTED_EDGE ( 'NONE', *, *, #669, .T. ) ;
#2854 = ORIENTED_EDGE ( 'NONE', *, *, #3666, .T. ) ;
#2855 = CARTESIAN_POINT ( 'NONE',  ( 7.778174593052059826, 4.898437500619394314, -9.043152192292705394 ) ) ;
#2856 = AXIS2_PLACEMENT_3D ( 'NONE', #1308, #8240, #6383 ) ;
#2857 = CARTESIAN_POINT ( 'NONE',  ( -7.123400177764564134, 3.616540292343361607, 7.235818102442874711 ) ) ;
#2858 = CARTESIAN_POINT ( 'NONE',  ( 7.230423224971601392, 5.843377976809871477, 6.829441393621548784 ) ) ;
#2859 = EDGE_CURVE ( 'NONE', #7687, #4581, #4364, .T. ) ;
#2860 = DIRECTION ( 'NONE',  ( 0.000000000000000000, 1.000000000000000000, 0.000000000000000000 ) ) ;
#2861 = CARTESIAN_POINT ( 'NONE',  ( 7.073121243655217327, 3.382297883653723858, 8.252940781249602509 ) ) ;
#2862 = CARTESIAN_POINT ( 'NONE',  ( 7.778174593051957686, 3.707812500619394491, 9.043152192292808422 ) ) ;
#2863 = CARTESIAN_POINT ( 'NONE',  ( 8.107047512740145123, 3.935494206846618326, -6.994374298012782987 ) ) ;
#2864 = CARTESIAN_POINT ( 'NONE',  ( -8.403610545913922536, 4.699999999999999289, -7.030893098604787284 ) ) ;
#2865 = FACE_OUTER_BOUND ( 'NONE', #8211, .T. ) ;
#2866 = EDGE_CURVE ( 'NONE', #2602, #5763, #2667, .T. ) ;
#2867 = CARTESIAN_POINT ( 'NONE',  ( -7.230423224971650242, 3.896800595857489835, 6.829441393621498158 ) ) ;
#2868 = CARTESIAN_POINT ( 'NONE',  ( -7.446683113930497200, 4.389276317300805808, -6.995476508067736354 ) ) ;
#2869 = CARTESIAN_POINT ( 'NONE',  ( 7.056297267320259969, 3.833188169695219027, 8.227843157764592519 ) ) ;
#2870 = CARTESIAN_POINT ( 'NONE',  ( 8.359075473184407912, 4.532822970378381555, 7.157579861032545843 ) ) ;
#2871 = CARTESIAN_POINT ( 'NONE',  ( 7.160556377716848608, 3.283988180636775223, -8.362801238763056588 ) ) ;
#2872 = ORIENTED_EDGE ( 'NONE', *, *, #2255, .T. ) ;
#2873 = CARTESIAN_POINT ( 'NONE',  ( -8.203174593052008134, 3.868452380952381198, 8.514296186268811795 ) ) ;
#2874 = DIRECTION ( 'NONE',  ( 0.000000000000000000, 1.000000000000000000, 0.000000000000000000 ) ) ;
#2875 = CARTESIAN_POINT ( 'NONE',  ( -7.403536370701716329, 4.099713027144807675, -8.543161750860864601 ) ) ;
#2876 = CARTESIAN_POINT ( 'NONE',  ( 7.230423224971600504, 4.577157738714633162, 8.726907792482629489 ) ) ;
#2877 = CARTESIAN_POINT ( 'NONE',  ( 8.628174593051957331, 3.603869047619047361, 7.287426864240906355 ) ) ;
#2878 = EDGE_CURVE ( 'NONE', #6294, #7701, #6781, .T. ) ;
#2879 = CARTESIAN_POINT ( 'NONE',  ( -7.523451913450755590, 4.700000000000000178, 8.828050398871758020 ) ) ;
#2880 = CIRCLE ( 'NONE', #4645, 13.50000000000000000 ) ;
#2881 = EDGE_LOOP ( 'NONE', ( #4786, #4119 ) ) ;
#2882 = ORIENTED_EDGE ( 'NONE', *, *, #6732, .F. ) ;
#2883 = CARTESIAN_POINT ( 'NONE',  ( -7.947876487254553979, 4.148124549449530463, -8.612955193324612679 ) ) ;
#2884 = CARTESIAN_POINT ( 'NONE',  ( 8.432949008326078300, 4.070111720916443687, 7.235818102426699205 ) ) ;
#2885 = CARTESIAN_POINT ( 'NONE',  ( -8.603759038242658974, 4.683143529620897638, 7.573662001217620343 ) ) ;
#2886 = CARTESIAN_POINT ( 'NONE',  ( -8.628174593052010621, 3.036904763143550401, -7.287426864240852176 ) ) ;
#2887 = CARTESIAN_POINT ( 'NONE',  ( 6.682671856891247764, 4.104687500619397689, 7.778174593052089136 ) ) ;
#2888 = LINE ( 'NONE', #4906, #89 ) ;
#2889 = EDGE_CURVE ( 'NONE', #7557, #1982, #2494, .T. ) ;
#2890 = CARTESIAN_POINT ( 'NONE',  ( 8.090381219448453010, 4.387726779656482279, -6.987393949937479753 ) ) ;
#2891 = ORIENTED_EDGE ( 'NONE', *, *, #1882, .T. ) ;
#2892 = ORIENTED_EDGE ( 'NONE', *, *, #1465, .T. ) ;
#2893 = CARTESIAN_POINT ( 'NONE',  ( 8.325925961132417896, 4.860639881571775511, -8.726907792482524684 ) ) ;
#2894 = CARTESIAN_POINT ( 'NONE',  ( 0.000000000000000000, 2.500000000000000000, -7.000000000000000000 ) ) ;
#2895 = CARTESIAN_POINT ( 'NONE',  ( 6.682671856891243323, 4.596056548238441231, 8.410663392672448779 ) ) ;
#2896 = CYLINDRICAL_SURFACE ( 'NONE', #2181, 13.49999999999991651 ) ;
#2897 = CARTESIAN_POINT ( 'NONE',  ( 6.937242627303710663, 3.349453753995211613, 7.905044026264261170 ) ) ;
#2898 = CARTESIAN_POINT ( 'NONE',  ( -7.438864783770174682, 3.936337415787978689, 8.557526313660705597 ) ) ;
#2899 = FACE_OUTER_BOUND ( 'NONE', #5712, .T. ) ;
#2900 = CARTESIAN_POINT ( 'NONE',  ( -7.188524982899933136, 4.078294098919945654, 7.165937506839370918 ) ) ;
#2901 = CARTESIAN_POINT ( 'NONE',  ( 6.928174593052061070, 4.775595239334026409, -8.268922321863168889 ) ) ;
#2902 = CARTESIAN_POINT ( 'NONE',  ( 7.353174593051957864, 3.528273810762597940, 8.514296186268863309 ) ) ;
#2903 = AXIS2_PLACEMENT_3D ( 'NONE', #647, #6452, #3935 ) ;
#2904 = AXIS2_PLACEMENT_3D ( 'NONE', #2352, #6884, #6837 ) ;
#2905 = CARTESIAN_POINT ( 'NONE',  ( -6.682671856891293061, 3.821205357762251786, 7.778174593052038510 ) ) ;
#2906 = CARTESIAN_POINT ( 'NONE',  ( -7.003078730772738680, 4.503452054400419513, -8.127357330310399419 ) ) ;
#2907 = CARTESIAN_POINT ( 'NONE',  ( 7.667534833673382622, 3.896410227088857425, 8.628171667298175862 ) ) ;
#2908 = CARTESIAN_POINT ( 'NONE',  ( 8.203174593051956620, 3.301488096476883793, 7.042052999835315852 ) ) ;
#2909 = CARTESIAN_POINT ( 'NONE',  ( 6.682671856891347240, 4.520461310143204514, -8.410663392672345751 ) ) ;
#2910 = CARTESIAN_POINT ( 'NONE',  ( -8.201911009085870674, 3.414782612193119959, -7.039252069795947975 ) ) ;
#2911 = COLOUR_RGB ( '',1.000000000000000000, 1.000000000000000000, 1.000000000000000000 ) ;
#2912 = CYLINDRICAL_SURFACE ( 'NONE', #2920, 0.8500000000000000888 ) ;
#2913 = CIRCLE ( 'NONE', #5464, 1.100000000000000977 ) ;
#2914 = EDGE_CURVE ( 'NONE', #3147, #6373, #630, .T. ) ;
#2915 = CARTESIAN_POINT ( 'NONE',  ( -7.877983546992770592, 6.025478748640970217, -6.570821720236548202 ) ) ;
#2916 = PLANE ( 'NONE',  #1428 ) ;
#2917 = CARTESIAN_POINT ( 'NONE',  ( 8.873677329212670273, 3.859002976809870589, 7.145685793431728605 ) ) ;
#2918 =( BOUNDED_CURVE ( )  B_SPLINE_CURVE ( 2, ( #6711, #5413, #6084, #8022, #7425 ),
 .UNSPECIFIED., .F., .F. ) 
 B_SPLINE_CURVE_WITH_KNOTS ( ( 3, 2, 3 ),
 ( 0.000000000000000000, 0.0008892271035616377021, 0.001333840655342779808 ),
 .UNSPECIFIED. ) 
 CURVE ( )  GEOMETRIC_REPRESENTATION_ITEM ( )  RATIONAL_B_SPLINE_CURVE ( ( 1.000000000000000000, 0.8660254037844387076, 1.000000000000000000, 0.9330127018921706705, 0.9330127018922194093 ) ) 
 REPRESENTATION_ITEM ( '' )  );
#2919 = PRESENTATION_STYLE_ASSIGNMENT (( #3719 ) ) ;
#2920 = AXIS2_PLACEMENT_3D ( 'NONE', #3510, #6069, #5318 ) ;
#2921 = CARTESIAN_POINT ( 'NONE',  ( 8.325925961132314868, 5.711086310143204336, 6.829441393621549672 ) ) ;
#2922 = CARTESIAN_POINT ( 'NONE',  ( 8.325925961132314868, 3.802306548238441941, 8.726907792482629489 ) ) ;
#2923 = CARTESIAN_POINT ( 'NONE',  ( -3.840629472727446691E-14, 2.500000000000000000, 11.00000000000000000 ) ) ;
#2924 = EDGE_LOOP ( 'NONE', ( #5405, #2178, #4197, #7644 ) ) ;
#2925 = ORIENTED_EDGE ( 'NONE', *, *, #3325, .T. ) ;
#2926 = CARTESIAN_POINT ( 'NONE',  ( -7.403536370701747416, 4.553284455716249290, 7.013187435243183110 ) ) ;
#2927 = CARTESIAN_POINT ( 'NONE',  ( 6.682671856891347240, 5.956770833952727884, -7.145685793431626465 ) ) ;
#2928 = CARTESIAN_POINT ( 'NONE',  ( -8.341283107691737086, 4.307956873787017749, 8.415154552894801299 ) ) ;
#2929 = LINE ( 'NONE', #2808, #4975 ) ;
#2930 = CARTESIAN_POINT ( 'NONE',  ( -8.203174593052008134, 5.342559525048311997, 8.514296186268811795 ) ) ;
#2931 = FACE_BOUND ( 'NONE', #3872, .T. ) ;
#2932 = CARTESIAN_POINT ( 'NONE',  ( 8.227541843426912749, 4.399488455766006112, -7.056156813379022452 ) ) ;
#2933 = VERTEX_POINT ( 'NONE', #5829 ) ;
#2934 = B_SPLINE_CURVE_WITH_KNOTS ( 'NONE', 3,
 ( #8041, #2907, #258, #6733, #8004, #6065, #421, #2829, #1574, #5471, #4136, #8083, #2951, #3580, #2288, #1011, #2329, #6691, #3620, #3506, #5392, #6189, #299, #2869, #4802, #8216, #3125, #6858, #4341, #2496, #3668, #7717, #595, #5148, #5777, #7540, #4470, #5056, #5692, #7628, #1823, #5647, #3075, #7579, #5015, #4292, #3707, #3171, #8304, #8171, #8259, #642, #6275, #1869, #6233, #461, #2413, #1781, #7035, #4382, #1237, #4425, #4969, #1280 ),
 .UNSPECIFIED., .F., .F.,
 ( 4, 2, 2, 1, 1, 1, 1, 2, 2, 2, 2, 1, 1, 2, 2, 1, 2, 2, 2, 2, 2, 2, 2, 1, 2, 2, 2, 2, 2, 2, 1, 1, 1, 1, 2, 2, 2, 4 ),
 ( 0.5000042337161150208, 0.5625037045016662018, 0.5937534398944420699, 0.6093783075908302260, 0.6171907414390245261, 0.6210969583631211766, 0.6230500668251692797, 0.6240266210561937754, 0.6250031752872181601, 0.6406280429835926604, 0.6484404768317795220, 0.6523466937558730638, 0.6542998022179196127, 0.6552763564489427761, 0.6562529106799660505, 0.6718777783763382194, 0.6796902122245243039, 0.6875026460727104993, 0.7187523814654519505, 0.7343772491618231202, 0.7500021168581944009, 0.7812518522509355190, 0.7968767199473062446, 0.8046891537954914408, 0.8085953707195836504, 0.8125015876436760820, 0.8437513230364142025, 0.8593761907327834848, 0.8750010584291527671, 0.9062507938218908876, 0.9218756615182599479, 0.9296880953664443670, 0.9335943122905365765, 0.9355474207525826813, 0.9365239749836055116, 0.9375005292146283420, 0.9687502646073141710, 1.000000000000000000 ),
 .UNSPECIFIED. ) ;
#2935 = ORIENTED_EDGE ( 'NONE', *, *, #2758, .T. ) ;
#2936 = CARTESIAN_POINT ( 'NONE',  ( 7.230423224971704421, 5.843377976809871477, -8.726907792482524684 ) ) ;
#2937 = CARTESIAN_POINT ( 'NONE',  ( -8.005931406618412183, 4.452958603954053629, 8.628174593052516883 ) ) ;
#2938 = CARTESIAN_POINT ( 'NONE',  ( -7.353174593052012042, 5.115773810762597407, -8.514296186268804689 ) ) ;
#2939 = LINE ( 'NONE', #1857, #1577 ) ;
#2940 = CARTESIAN_POINT ( 'NONE',  ( -8.628174593052007069, 4.322023810762598117, 7.287426864240856617 ) ) ;
#2941 = CARTESIAN_POINT ( 'NONE',  ( -7.230423224971650242, 5.163020833952727706, 8.726907792482577975 ) ) ;
#2942 = CARTESIAN_POINT ( 'NONE',  ( 7.188516739852971682, 3.397936051000234325, 8.390403739646018266 ) ) ;
#2943 = CARTESIAN_POINT ( 'NONE',  ( 8.325925961132314868, 4.350372024428918571, 6.829441393621548784 ) ) ;
#2944 = EDGE_CURVE ( 'NONE', #5785, #6245, #4782, .T. ) ;
#2945 = CARTESIAN_POINT ( 'NONE',  ( -8.056288490128432400, 3.704287797932396042, 6.972997566715375406 ) ) ;
#2946 = CARTESIAN_POINT ( 'NONE',  ( -7.184808510799925330, 4.077884376124668364, 7.169553463051393294 ) ) ;
#2947 = CARTESIAN_POINT ( 'NONE',  ( 7.353174593052060892, 5.644940477429264192, -8.514296186268758504 ) ) ;
#2948 = CARTESIAN_POINT ( 'NONE',  ( 6.682671856891347240, 3.632217262524156443, -7.145685793431625576 ) ) ;
#2949 = CARTESIAN_POINT ( 'NONE',  ( -6.682671856891293061, 3.386532738714632895, 8.410663392672399041 ) ) ;
#2950 = CARTESIAN_POINT ( 'NONE',  ( -7.160563657880525845, 4.417915804642676747, -7.193540234987671589 ) ) ;
#2951 = CARTESIAN_POINT ( 'NONE',  ( 7.180180642278316760, 3.850586341240936239, 8.382246951168406568 ) ) ;
#2952 = EDGE_CURVE ( 'NONE', #25, #4900, #5911, .T. ) ;
#2953 = CARTESIAN_POINT ( 'NONE',  ( 7.778174593051957686, 3.566071429810216742, 8.759670050674452924 ) ) ;
#2954 = CARTESIAN_POINT ( 'NONE',  ( 6.682671856891347240, 3.651116072047965844, -7.778174593051986108 ) ) ;
#2955 = CYLINDRICAL_SURFACE ( 'NONE', #8085, 2.000000000000000000 ) ;
#2956 = PLANE ( 'NONE',  #1028 ) ;
#2957 = AXIS2_PLACEMENT_3D ( 'NONE', #5331, #1713, #1167 ) ;
#2958 = CARTESIAN_POINT ( 'NONE',  ( -8.873677329212721787, 4.520461310143204514, 7.145685793431678867 ) ) ;
#2959 = CARTESIAN_POINT ( 'NONE',  ( 7.779880537664362272, 3.452830290008295222, -6.928174547638209724 ) ) ;
#2960 = CARTESIAN_POINT ( 'NONE',  ( 8.325925961132314868, 4.709449405381298526, 8.726907792482629489 ) ) ;
#2961 = CARTESIAN_POINT ( 'NONE',  ( 6.682671856891243323, 3.632217262524156443, 8.410663392672448779 ) ) ;
#2962 = CARTESIAN_POINT ( 'NONE',  ( -8.203174593052011687, 4.322023809523809490, -7.042052999835260785 ) ) ;
#2963 = EDGE_CURVE ( 'NONE', #5938, #3233, #5061, .T. ) ;
#2964 = CARTESIAN_POINT ( 'NONE',  ( 8.240386971634384494, 5.875035695972659511, 8.512666520238742152 ) ) ;
#2965 = CARTESIAN_POINT ( 'NONE',  ( 7.778174593052059826, 4.586607142857142883, -8.759670050674348118 ) ) ;
#2966 = AXIS2_PLACEMENT_3D ( 'NONE', #4153, #874, #952 ) ;
#2967 = DIRECTION ( 'NONE',  ( -0.000000000000000000, -1.000000000000000000, -0.000000000000000000 ) ) ;
#2968 =( BOUNDED_SURFACE ( )  B_SPLINE_SURFACE ( 1, 2, ( 
 ( #1562, #2895, #8030, #2276, #8072, #6016, #248, #2162, #923, #4043, #2318, #4874, #3568, #4123, #6720, #4082, #3419, #961, #7993, #3533, #4828, #4714, #2782, #6134, #4202, #1524, #5979, #2817, #7953, #4754, #7308, #6053, #3494, #288, #2858, #5550, #4414, #6175, #6846, #3743, #3024 ),
 ( #1085, #8247, #452, #1686, #2361, #4240, #5682, #5721, #7481, #409, #1727, #4371, #2485, #5045, #2985, #496, #6302, #6933, #5593, #6977, #8204, #6804, #1223, #4914, #3065, #541, #2530, #5637, #5092, #4282, #3657, #585, #3111, #8117, #5004, #6262, #2444, #1044, #6346, #7570, #1181 ) ),
 .UNSPECIFIED., .F., .F., .F. ) 
 B_SPLINE_SURFACE_WITH_KNOTS ( ( 2, 2 ),
 ( 3, 2, 2, 2, 2, 2, 2, 2, 2, 2, 2, 2, 2, 2, 2, 2, 2, 2, 2, 2, 3 ),
 ( 0.000000000000000000, 1.000000000000000000 ),
 ( 0.000000000000000000, 0.04166666666666666435, 0.08333333333333332871, 0.1250000000000000000, 0.1666666666666666574, 0.2083333333333333426, 0.2500000000000000000, 0.2916666666666666852, 0.3333333333333333148, 0.3750000000000000000, 0.4166666666666666852, 0.4583333333333333148, 0.5000000000000000000, 0.5416666666666666297, 0.5833333333333333703, 0.6250000000000000000, 0.6666666666666666297, 0.7083333333333333703, 0.7500000000000000000, 0.7916666666666666297, 0.8265955468451378074 ),
 .UNSPECIFIED. ) 
 GEOMETRIC_REPRESENTATION_ITEM ( )  RATIONAL_B_SPLINE_SURFACE ( (
 ( 1.000000000000000000, 0.8660254037844387076, 1.000000000000000000, 0.8660254037844387076, 1.000000000000000000, 0.8660254037844387076, 1.000000000000000000, 0.8660254037844387076, 1.000000000000000000, 0.8660254037844387076, 1.000000000000000000, 0.8660254037844387076, 1.000000000000000000, 0.8660254037844387076, 1.000000000000000000, 0.8660254037844387076, 1.000000000000000000, 0.8660254037844387076, 1.000000000000000000, 0.8660254037844387076, 1.000000000000000000, 0.8660254037844387076, 1.000000000000000000, 0.8660254037844387076, 1.000000000000000000, 0.8660254037844387076, 1.000000000000000000, 0.8660254037844387076, 1.000000000000000000, 0.8660254037844387076, 1.000000000000000000, 0.8660254037844387076, 1.000000000000000000, 0.8660254037844387076, 1.000000000000000000, 0.8660254037844387076, 1.000000000000000000, 0.8660254037844387076, 1.000000000000000000, 0.8876900171638626436, 0.9636774071275455711),
 ( 1.000000000000000000, 0.8660254037844387076, 1.000000000000000000, 0.8660254037844387076, 1.000000000000000000, 0.8660254037844387076, 1.000000000000000000, 0.8660254037844387076, 1.000000000000000000, 0.8660254037844387076, 1.000000000000000000, 0.8660254037844387076, 1.000000000000000000, 0.8660254037844387076, 1.000000000000000000, 0.8660254037844387076, 1.000000000000000000, 0.8660254037844387076, 1.000000000000000000, 0.8660254037844387076, 1.000000000000000000, 0.8660254037844387076, 1.000000000000000000, 0.8660254037844387076, 1.000000000000000000, 0.8660254037844387076, 1.000000000000000000, 0.8660254037844387076, 1.000000000000000000, 0.8660254037844387076, 1.000000000000000000, 0.8660254037844387076, 1.000000000000000000, 0.8660254037844387076, 1.000000000000000000, 0.8660254037844387076, 1.000000000000000000, 0.8660254037844387076, 1.000000000000000000, 0.8876900171638626436, 0.9636774071275455711) ) ) 
 REPRESENTATION_ITEM ( '' )  SURFACE ( )  );
#2969 = ORIENTED_EDGE ( 'NONE', *, *, #6407, .T. ) ;
#2970 = EDGE_LOOP ( 'NONE', ( #7295, #1309 ) ) ;
#2971 = CIRCLE ( 'NONE', #4724, 0.8500000000000000888 ) ;
#2972 = FACE_OUTER_BOUND ( 'NONE', #741, .T. ) ;
#2973 = CARTESIAN_POINT ( 'NONE',  ( 6.682671856891347240, 4.501562500619394669, -7.778174593051986108 ) ) ;
#2974 = CARTESIAN_POINT ( 'NONE',  ( -8.359083977499301099, 4.306036332713632397, 8.398761362308894363 ) ) ;
#2975 = DIRECTION ( 'NONE',  ( 0.000000000000000000, 0.000000000000000000, -1.000000000000000000 ) ) ;
#2976 = CARTESIAN_POINT ( 'NONE',  ( -7.778174593052009200, 4.246428572667358736, -8.628174593052033714 ) ) ;
#2977 = CARTESIAN_POINT ( 'NONE',  ( 0.000000000000000000, 4.700000000000000178, 0.000000000000000000 ) ) ;
#2978 = CARTESIAN_POINT ( 'NONE',  ( 7.301380483529313459, 3.200000000000001510, -6.817318960742081657 ) ) ;
#2979 = ORIENTED_EDGE ( 'NONE', *, *, #1370, .T. ) ;
#2980 = ORIENTED_EDGE ( 'NONE', *, *, #6704, .T. ) ;
#2981 = CARTESIAN_POINT ( 'NONE',  ( 6.928174593052061070, 6.022916666666667140, -8.268922321863168889 ) ) ;
#2982 = CARTESIAN_POINT ( 'NONE',  ( -1.999999999999914957, 4.700000000000000178, 10.99999999999985434 ) ) ;
#2983 = CARTESIAN_POINT ( 'NONE',  ( -7.230423224971654683, 5.711086310143204336, -8.726907792482570869 ) ) ;
#2984 = DIRECTION ( 'NONE',  ( 0.000000000000000000, 0.000000000000000000, -1.000000000000000000 ) ) ;
#2985 = CARTESIAN_POINT ( 'NONE',  ( 7.230423224971600504, 5.030729167286061454, 8.726907792482629489 ) ) ;
#2986 = FACE_OUTER_BOUND ( 'NONE', #1175, .T. ) ;
#2987 = CARTESIAN_POINT ( 'NONE',  ( -7.353174593052007602, 3.603869048857835544, 8.514296186268810018 ) ) ;
#2988 = CARTESIAN_POINT ( 'NONE',  ( -7.550422628585981677, 4.039898110123371744, 8.628177392681477542 ) ) ;
#2989 = DIRECTION ( 'NONE',  ( 0.000000000000000000, 0.000000000000000000, 1.000000000000000000 ) ) ;
#2990 = CARTESIAN_POINT ( 'NONE',  ( 6.928174593052061070, 5.758333334572121487, -7.287426864240805102 ) ) ;
#2991 = EDGE_CURVE ( 'NONE', #4634, #7104, #5603, .T. ) ;
#2992 = CARTESIAN_POINT ( 'NONE',  ( 8.873677329212773301, 3.859002976809870589, -8.410663392672345751 ) ) ;
#2993 = CARTESIAN_POINT ( 'NONE',  ( -7.230423224971650242, 4.255877976809871122, 8.726907792482577975 ) ) ;
#2994 = CARTESIAN_POINT ( 'NONE',  ( -8.873677329212725340, 3.197544643476537551, -7.778174593052033181 ) ) ;
#2995 = CARTESIAN_POINT ( 'NONE',  ( 8.069316325335414319, 3.200000000000000178, 6.979590538789178567 ) ) ;
#2996 = CARTESIAN_POINT ( 'NONE',  ( 8.076531826541005543, 2.859179715067142524, 6.982258164509016929 ) ) ;
#2997 = CARTESIAN_POINT ( 'NONE',  ( 8.395785528223433047, 4.417915804642735367, 8.362808951116463163 ) ) ;
#2998 = CARTESIAN_POINT ( 'NONE',  ( 8.572527594031473190E-16, 3.700000000000000178, 7.000000000000000000 ) ) ;
#2999 = CARTESIAN_POINT ( 'NONE',  ( -6.682671856891302831, 3.840104167286063408, -7.145685793431677091 ) ) ;
#3000 = CARTESIAN_POINT ( 'NONE',  ( -7.230423224971650242, 4.407068453000347219, 6.829441393621498158 ) ) ;
#3001 = EDGE_CURVE ( 'NONE', #4497, #5328, #7821, .T. ) ;
#3002 = ORIENTED_EDGE ( 'NONE', *, *, #5272, .T. ) ;
#3003 = CARTESIAN_POINT ( 'NONE',  ( -11.00000000000000000, 1.500000000000000000, -1.100000000000077360 ) ) ;
#3004 = FACE_OUTER_BOUND ( 'NONE', #3142, .T. ) ;
#3005 = CARTESIAN_POINT ( 'NONE',  ( 7.778174593052059826, 4.246428572667359624, -8.628174593051985752 ) ) ;
#3006 = CARTESIAN_POINT ( 'NONE',  ( 2.000000000000115019, 3.700000000000000178, -10.99999999999999467 ) ) ;
#3007 = CARTESIAN_POINT ( 'NONE',  ( 8.628174593051957331, 5.040178572667359802, 7.778174593052089136 ) ) ;
#3008 = CARTESIAN_POINT ( 'NONE',  ( 6.928174593052061070, 3.755059523809524347, -8.268922321863168889 ) ) ;
#3009 = DIRECTION ( 'NONE',  ( 0.000000000000000000, 1.000000000000000000, 0.000000000000000000 ) ) ;
#3010 = VERTEX_POINT ( 'NONE', #4563 ) ;
#3011 = ORIENTED_EDGE ( 'NONE', *, *, #6789, .F. ) ;
#3012 = DIRECTION ( 'NONE',  ( 0.000000000000000000, 0.000000000000000000, -1.000000000000000000 ) ) ;
#3013 = CARTESIAN_POINT ( 'NONE',  ( 7.778174593052059826, 4.898437500619394314, -9.043152192292705394 ) ) ;
#3014 = CARTESIAN_POINT ( 'NONE',  ( 0.000000000000000000, 5.800000000000000711, 0.000000000000000000 ) ) ;
#3015 = FACE_OUTER_BOUND ( 'NONE', #7463, .T. ) ;
#3016 = DIRECTION ( 'NONE',  ( 0.000000000000000000, 1.000000000000000000, 0.000000000000000000 ) ) ;
#3017 = CARTESIAN_POINT ( 'NONE',  ( 7.818574773586899340, 4.363411758453080047, -6.929003756867475161 ) ) ;
#3018 = ORIENTED_EDGE ( 'NONE', *, *, #335, .F. ) ;
#3019 = VERTEX_POINT ( 'NONE', #1372 ) ;
#3020 = CARTESIAN_POINT ( 'NONE',  ( -8.584330172966259553, 3.770084573856888888, -8.048455373110590116 ) ) ;
#3021 = CARTESIAN_POINT ( 'NONE',  ( 8.810376792459313933, 4.700000000000048139, -7.431282514631547542 ) ) ;
#3022 = CARTESIAN_POINT ( 'NONE',  ( -6.928174593052012220, 5.531547620286406897, -8.268922321863215075 ) ) ;
#3023 = CARTESIAN_POINT ( 'NONE',  ( 7.778174593052059826, 3.339285715524502596, -8.628174593051985752 ) ) ;
#3024 = CARTESIAN_POINT ( 'NONE',  ( 8.162744201653010734, 6.058903323089687376, 8.803958420705871646 ) ) ;
#3025 = CARTESIAN_POINT ( 'NONE',  ( 7.040295322090041275, 4.208719936844109277, 7.352442927138961082 ) ) ;
#3026 = CARTESIAN_POINT ( 'NONE',  ( -8.873677329212725340, 4.501562500619394669, -7.778174593052033181 ) ) ;
#3027 = DIRECTION ( 'NONE',  ( 0.000000000000000000, 0.000000000000000000, 1.000000000000000000 ) ) ;
#3028 = EDGE_CURVE ( 'NONE', #4581, #3233, #7632, .T. ) ;
#3029 = CARTESIAN_POINT ( 'NONE',  ( -7.353174593052007602, 4.057440477429264725, 8.514296186268810018 ) ) ;
#3030 = B_SPLINE_CURVE_WITH_KNOTS ( 'NONE', 3,
 ( #1827, #5610, #8089, #381, #2334, #4889, #1702, #2712, #2631, #3894, #695, #4430, #3975, #3275, #2011, #3314, #7634, #7125, #8309, #1968, #5831, #4476, #3176, #4521, #1874, #5912, #137, #7164, #7722, #4564, #7674, #3354, #739, #6540, #1373, #3937, #600, #6362, #2052, #5193, #5739, #6994, #1242, #98, #3806, #780, #5107, #1287, #1334, #648, #6500, #1416, #2547, #1921, #5783, #55, #7040, #3849, #6409, #5873, #3224, #11, #2675, #2592 ),
 .UNSPECIFIED., .F., .F.,
 ( 4, 2, 2, 1, 1, 1, 1, 2, 2, 2, 2, 1, 1, 2, 2, 1, 2, 2, 2, 2, 2, 2, 2, 1, 2, 2, 2, 2, 2, 2, 1, 1, 1, 1, 2, 2, 2, 4 ),
 ( 0.5000042337161088035, 0.5625037045016083592, 0.5937534398943582481, 0.6093783075907331925, 0.6171907414389203872, 0.6210969583630141511, 0.6230500668250609220, 0.6240266210560843074, 0.6250031752871076929, 0.6406280429834795287, 0.6484404768316653911, 0.6523466937557583778, 0.6542998022178048156, 0.6552763564488279791, 0.6562529106798511425, 0.6718777783762222011, 0.6796902122244079525, 0.6875026460725937039, 0.7187523814653360432, 0.7343772491617069909, 0.7500021168580779385, 0.7812518522508191676, 0.7968767199471902263, 0.8046891537953763107, 0.8085953707194697415, 0.8125015876435630613, 0.8437513230363133943, 0.8593761907326882277, 0.8750010584290629501, 0.9062507938218131720, 0.9218756615181880054, 0.9296880953663755331, 0.9335943122904689639, 0.9355474207525158459, 0.9365239749835394534, 0.9375005292145631719, 0.9687502646072816415, 1.000000000000000000 ),
 .UNSPECIFIED. ) ;
#3031 = CARTESIAN_POINT ( 'NONE',  ( -7.182338238524141438, 4.077611363121274479, 7.171971635229008157 ) ) ;
#3032 = CARTESIAN_POINT ( 'NONE',  ( 8.201898014689273708, 3.641569558219388103, 7.039244548179696359 ) ) ;
#3033 = CARTESIAN_POINT ( 'NONE',  ( 7.353174593051956975, 3.377083334572121842, 7.042052999835315852 ) ) ;
#3034 = CARTESIAN_POINT ( 'NONE',  ( -7.230423224971650242, 3.443229167286061543, 6.829441393621498158 ) ) ;
#3035 = CARTESIAN_POINT ( 'NONE',  ( -6.682671856891298390, 3.462127976809870500, -8.410663392672393712 ) ) ;
#3036 = CARTESIAN_POINT ( 'NONE',  ( -7.487032860768548126, 3.200000000000000178, -8.576758647314941086 ) ) ;
#3037 = DIRECTION ( 'NONE',  ( 0.000000000000000000, -0.000000000000000000, 1.000000000000000000 ) ) ;
#3038 = CARTESIAN_POINT ( 'NONE',  ( 8.227541843426845247, 4.399488455765757422, 8.500192372725027923 ) ) ;
#3039 = FACE_OUTER_BOUND ( 'NONE', #2690, .T. ) ;
#3040 = CARTESIAN_POINT ( 'NONE',  ( -7.778174593052009200, 4.246428572667358736, -8.628174593052033714 ) ) ;
#3041 = CARTESIAN_POINT ( 'NONE',  ( -11.00000000000000000, 1.500000000000000000, -7.681258945454893382E-14 ) ) ;
#3042 = CIRCLE ( 'NONE', #1018, 1.100000000000000311 ) ;
#3043 = ORIENTED_EDGE ( 'NONE', *, *, #7633, .T. ) ;
#3044 = CARTESIAN_POINT ( 'NONE',  ( 8.150001679894101514, 3.485451648102899647, -7.013603661085275220 ) ) ;
#3045 = CARTESIAN_POINT ( 'NONE',  ( -7.888814352430515875, 3.442838798517313670, 8.628171667298136782 ) ) ;
#3046 = LINE ( 'NONE', #4849, #393 ) ;
#3047 = CARTESIAN_POINT ( 'NONE',  ( 11.00000000000000000, 2.500000000000000000, 0.000000000000000000 ) ) ;
#3048 = CARTESIAN_POINT ( 'NONE',  ( 6.682671856891243323, 5.862276786333680434, 7.778174593052089136 ) ) ;
#3049 = DIRECTION ( 'NONE',  ( -0.000000000000000000, -1.000000000000000000, -0.000000000000000000 ) ) ;
#3050 = CARTESIAN_POINT ( 'NONE',  ( 8.787935552007290596, 4.700000000284661361, 8.203038160218319774 ) ) ;
#3051 = ORIENTED_EDGE ( 'NONE', *, *, #7086, .F. ) ;
#3052 = EDGE_LOOP ( 'NONE', ( #3862, #2272, #5735, #2345, #7020 ) ) ;
#3053 = CARTESIAN_POINT ( 'NONE',  ( 8.873677329212773301, 5.200818453000346508, -7.145685793431626465 ) ) ;
#3054 = CARTESIAN_POINT ( 'NONE',  ( 0.000000000000000000, 2.500000000000000000, 0.000000000000000000 ) ) ;
#3055 = CARTESIAN_POINT ( 'NONE',  ( 6.989252263959614631, 4.672909521323311388, -8.094642232553143302 ) ) ;
#3056 = DIRECTION ( 'NONE',  ( 0.000000000000000000, 0.000000000000000000, 1.000000000000000000 ) ) ;
#3057 = DIRECTION ( 'NONE',  ( 0.000000000000000000, 1.000000000000000000, 0.000000000000000000 ) ) ;
#3058 = CARTESIAN_POINT ( 'NONE',  ( 8.415722017637923713, 4.420513967148810508, -7.215292166534996277 ) ) ;
#3059 = ORIENTED_EDGE ( 'NONE', *, *, #6010, .F. ) ;
#3060 = ORIENTED_EDGE ( 'NONE', *, *, #7710, .F. ) ;
#3061 = CARTESIAN_POINT ( 'NONE',  ( -8.624682955365523540, 3.785384314159085939, -7.872902722200749714 ) ) ;
#3062 = CARTESIAN_POINT ( 'NONE',  ( 8.104095152088019560, 4.699999999999977085, -8.629561018945469897 ) ) ;
#3063 = CARTESIAN_POINT ( 'NONE',  ( -7.230423224971655571, 5.559895833952727351, -6.829441393621494605 ) ) ;
#3064 = CARTESIAN_POINT ( 'NONE',  ( 6.928174593052061070, 4.359821429810216920, -7.778174593051986108 ) ) ;
#3065 = CARTESIAN_POINT ( 'NONE',  ( 6.682671856891243323, 5.408705357762252142, 7.778174593052089136 ) ) ;
#3066 = CARTESIAN_POINT ( 'NONE',  ( 7.140620188070368357, 4.193729183757479717, 7.215300097131651214 ) ) ;
#3067 = CARTESIAN_POINT ( 'NONE',  ( 7.778174593051960350, 3.225892857142856673, 6.928174593052087715 ) ) ;
#3068 = CARTESIAN_POINT ( 'NONE',  ( -7.774721030651077669, 3.199999999999999289, -6.764085060362335255 ) ) ;
#3069 = CARTESIAN_POINT ( 'NONE',  ( -7.873038513843446218, 3.687901062983600209, 6.928174593052041530 ) ) ;
#3070 = CARTESIAN_POINT ( 'NONE',  ( 8.628174593052060359, 5.531547620286406897, -8.268922321863165337 ) ) ;
#3071 = CARTESIAN_POINT ( 'NONE',  ( 6.682671856891347240, 4.501562500619394669, -7.778174593051986108 ) ) ;
#3072 = ORIENTED_EDGE ( 'NONE', *, *, #2761, .T. ) ;
#3073 = CARTESIAN_POINT ( 'NONE',  ( -8.451812830775535801, 4.652298272054603778, -8.297322795158233788 ) ) ;
#3074 = CARTESIAN_POINT ( 'NONE',  ( -6.682671856891298390, 4.293675595857489924, -7.145685793431673538 ) ) ;
#3075 = CARTESIAN_POINT ( 'NONE',  ( 6.989255503511480505, 3.765765897384547145, 7.461698879133245477 ) ) ;
#3076 = CARTESIAN_POINT ( 'NONE',  ( -1.999999999999914957, 3.700000000000000178, 10.99999999999985434 ) ) ;
#3077 = CARTESIAN_POINT ( 'NONE',  ( -11.00000000000000000, 2.500000000000000000, -1.100000000000077360 ) ) ;
#3078 = CARTESIAN_POINT ( 'NONE',  ( -8.628174115647155418, 3.335843328983427725, -7.822867383797225571 ) ) ;
#3079 = B_SPLINE_CURVE_WITH_KNOTS ( 'NONE', 1,
 ( #6464, #3814 ),
 .UNSPECIFIED., .F., .F.,
 ( 2, 2 ),
 ( 0.000000000000000000, 1.000000000000000000 ),
 .UNSPECIFIED. ) ;
#3080 = FACE_BOUND ( 'NONE', #5925, .T. ) ;
#3081 = LINE ( 'NONE', #1922, #5531 ) ;
#3082 = ORIENTED_EDGE ( 'NONE', *, *, #2094, .T. ) ;
#3083 = CARTESIAN_POINT ( 'NONE',  ( -7.034329015256346018, 3.602617957100921142, -8.191224883607645779 ) ) ;
#3084 = CARTESIAN_POINT ( 'NONE',  ( 7.230423224971600504, 5.994568453000346686, 8.726907792482629489 ) ) ;
#3085 = CARTESIAN_POINT ( 'NONE',  ( -6.965067280148947049, 3.998878042134337729, -7.530010851211896394 ) ) ;
#3086 = B_SPLINE_CURVE_WITH_KNOTS ( 'NONE', 3,
 ( #3615, #4881, #6228, #4247 ),
 .UNSPECIFIED., .F., .F.,
 ( 4, 4 ),
 ( 0.000000000000000000, 0.0008668404996261224989 ),
 .UNSPECIFIED. ) ;
#3087 = CARTESIAN_POINT ( 'NONE',  ( -7.230423224971654683, 4.255877976809871122, -6.829441393621495493 ) ) ;
#3088 = ADVANCED_FACE ( 'NONE', ( #2630 ), #2674, .F. ) ;
#3089 = CARTESIAN_POINT ( 'NONE',  ( 6.682671856891243323, 5.824479167286061632, 7.145685793431728605 ) ) ;
#3090 = CARTESIAN_POINT ( 'NONE',  ( 7.778174593052059826, 3.906250000000000000, -6.796679135429623209 ) ) ;
#3091 = AXIS2_PLACEMENT_3D ( 'NONE', #2304, #480, #7512 ) ;
#3092 = LINE ( 'NONE', #7643, #7261 ) ;
#3093 = ORIENTED_EDGE ( 'NONE', *, *, #2991, .T. ) ;
#3094 = ORIENTED_EDGE ( 'NONE', *, *, #7428, .T. ) ;
#3095 = CARTESIAN_POINT ( 'NONE',  ( 11.00000000000000000, 1.500000000000000000, 1.100000000000000977 ) ) ;
#3096 = AXIS2_PLACEMENT_3D ( 'NONE', #4243, #2446, #6895 ) ;
#3097 = CARTESIAN_POINT ( 'NONE',  ( 8.873677329212773301, 5.238616072047966199, -7.778174593051986108 ) ) ;
#3098 = CARTESIAN_POINT ( 'NONE',  ( -7.230423224971652907, 3.499925595857492855, 6.829441393621502598 ) ) ;
#3099 = DIRECTION ( 'NONE',  ( 0.000000000000000000, -0.000000000000000000, 1.000000000000000000 ) ) ;
#3100 = VERTEX_POINT ( 'NONE', #3223 ) ;
#3101 = CARTESIAN_POINT ( 'NONE',  ( 7.230423224971602281, 3.273139881571778265, 8.726907792482625936 ) ) ;
#3102 = CARTESIAN_POINT ( 'NONE',  ( 8.005931406618666202, 4.493469969952564647, 8.628174593052381880 ) ) ;
#3103 = AXIS2_PLACEMENT_3D ( 'NONE', #5431, #1611, #7364 ) ;
#3104 = ORIENTED_EDGE ( 'NONE', *, *, #3473, .T. ) ;
#3105 = ORIENTED_EDGE ( 'NONE', *, *, #6010, .T. ) ;
#3106 = CARTESIAN_POINT ( 'NONE',  ( -8.480771833621457034, 3.836258419104413786, -7.299774900937164190 ) ) ;
#3107 = EDGE_CURVE ( 'NONE', #1282, #233, #344, .T. ) ;
#3108 = CARTESIAN_POINT ( 'NONE',  ( -7.778174593052013641, 3.339285715524503040, -8.628174593052031938 ) ) ;
#3109 = CARTESIAN_POINT ( 'NONE',  ( -6.682671856891298390, 5.635491072047965844, -7.778174593052033181 ) ) ;
#3110 = DIRECTION ( 'NONE',  ( 0.000000000000000000, 0.000000000000000000, 1.000000000000000000 ) ) ;
#3111 = CARTESIAN_POINT ( 'NONE',  ( 8.325925961132314868, 5.711086310143204336, 6.829441393621549672 ) ) ;
#3112 = CARTESIAN_POINT ( 'NONE',  ( 7.438849756840145488, 4.163124352804518757, 6.998829415396839337 ) ) ;
#3113 = DIRECTION ( 'NONE',  ( 0.000000000000000000, 1.000000000000000000, 0.000000000000000000 ) ) ;
#3114 = DIRECTION ( 'NONE',  ( -0.000000000000000000, 1.000000000000000000, -0.000000000000000000 ) ) ;
#3115 = CARTESIAN_POINT ( 'NONE',  ( -8.873677329212721787, 4.085788691095585179, 8.410663392672399041 ) ) ;
#3116 = CARTESIAN_POINT ( 'NONE',  ( 8.432949008352627729, 3.616540292341717144, 7.235818102459036893 ) ) ;
#3117 = CARTESIAN_POINT ( 'NONE',  ( 6.928174593052061070, 2.961309525048312352, -8.268922321863168889 ) ) ;
#3118 = B_SPLINE_CURVE_WITH_KNOTS ( 'NONE', 3,
 ( #3252, #79, #5810, #39, #3335, #3919, #6482, #7788, #5897, #3959, #7827, #2076, #4627, #7185, #3156, #800, #2884, #836, #2846, #6597, #6041, #5447, #8019, #276, #4744, #315, #7342, #3523, #6708, #2265, #5409, #4033, #3410, #913, #4702, #7981, #4071, #5969, #7262, #198, #1551, #6670, #7941, #2191, #3484, #2227, #4777, #3445, #1591, #2771, #4111, #4817, #5332, #236, #7904, #4151, #2152, #7380, #3371, #950, #3995, #6080, #6563, #5929, #7224, #162, #7298, #2806, #2735, #1513, #6632, #872 ),
 .UNSPECIFIED., .F., .F.,
 ( 4, 2, 2, 1, 1, 1, 1, 2, 2, 2, 2, 1, 1, 2, 2, 1, 2, 2, 2, 2, 2, 2, 2, 1, 2, 2, 2, 2, 2, 2, 1, 1, 1, 1, 2, 2, 2, 2, 2, 1, 1, 2, 4 ),
 ( 0.000000000000000000, 0.06250052921454835042, 0.09375079382182244236, 0.1093759261254590859, 0.1171884922772774285, 0.1210947753531864124, 0.1230479168911406962, 0.1240244876601176854, 0.1250010584290946469, 0.1406261907327246152, 0.1484387568845390859, 0.1523450399604459604, 0.1542981814983992450, 0.1552747522673757208, 0.1562513230363521965, 0.1718764553399771966, 0.1796890214917896689, 0.1875015876436021689, 0.2187518522508527796, 0.2343769845544780017, 0.2500021168581031961, 0.2812523814653543064, 0.2968775137689804167, 0.3046900799207937771, 0.3085963629967002908, 0.3125026460726066935, 0.3437529106798632439, 0.3593780429834914636, 0.3750031752871197388, 0.4062534398943762337, 0.4218785721980040093, 0.4296911383498185910, 0.4335974214257262149, 0.4355505629636801657, 0.4365271337326576129, 0.4375037045016351156, 0.4687539691088746796, 0.4843791014124942951, 0.4921916675643044359, 0.4960979506402099504, 0.4980510921781626243, 0.4990276629471387948, 0.5000042337161150208 ),
 .UNSPECIFIED. ) ;
#3119 = AXIS2_PLACEMENT_3D ( 'NONE', #6925, #8282, #8107 ) ;
#3120 = ORIENTED_EDGE ( 'NONE', *, *, #7241, .F. ) ;
#3121 = CARTESIAN_POINT ( 'NONE',  ( -7.778174593052006536, 3.254241072047966199, 9.043152192292756908 ) ) ;
#3122 = VECTOR ( 'NONE', #3380, 1000.000000000000000 ) ;
#3123 = EDGE_CURVE ( 'NONE', #5167, #4900, #2511, .T. ) ;
#3124 = CARTESIAN_POINT ( 'NONE',  ( -8.325925961132368158, 4.482663691095584824, -8.726907792482570869 ) ) ;
#3125 = CARTESIAN_POINT ( 'NONE',  ( 7.003076162538606653, 3.823094355988962079, 8.127351619629978430 ) ) ;
#3126 = CARTESIAN_POINT ( 'NONE',  ( 8.341274074939228456, 4.081172119706338641, -8.415162546892295481 ) ) ;
#3127 = AXIS2_PLACEMENT_3D ( 'NONE', #620, #6766, #966 ) ;
#3128 = CARTESIAN_POINT ( 'NONE',  ( 6.682671856891347240, 4.010193453000346686, -8.410663392672345751 ) ) ;
#3129 = CARTESIAN_POINT ( 'NONE',  ( -8.150015875141484401, 3.258667135927377334, -8.542738614225203975 ) ) ;
#3130 = EDGE_CURVE ( 'NONE', #1384, #2390, #7802, .T. ) ;
#3131 = CARTESIAN_POINT ( 'NONE',  ( -8.873677329212720011, 4.520461310143208067, -8.410663392672390160 ) ) ;
#3132 = CARTESIAN_POINT ( 'NONE',  ( -8.873677329212721787, 3.159747024428919193, 7.145685793431678867 ) ) ;
#3133 = EDGE_LOOP ( 'NONE', ( #7521, #4078, #7724, #5074 ) ) ;
#3134 = CARTESIAN_POINT ( 'NONE',  ( -7.667555439984159449, 3.669626307815441635, -8.628174593052035490 ) ) ;
#3135 = DIRECTION ( 'NONE',  ( 0.000000000000000000, 1.000000000000000000, 0.000000000000000000 ) ) ;
#3136 = CARTESIAN_POINT ( 'NONE',  ( -6.928174593052012220, 3.566071428571429003, -7.778174593052033181 ) ) ;
#3137 = CARTESIAN_POINT ( 'NONE',  ( 7.778174593051956798, 4.161383929190823672, 9.043152192292806646 ) ) ;
#3138 = CARTESIAN_POINT ( 'NONE',  ( 8.240362541773743388, 3.184787906521250545, -8.512682082858498589 ) ) ;
#3139 = ADVANCED_FACE ( 'NONE', ( #7721 ), #778, .F. ) ;
#3140 = CARTESIAN_POINT ( 'NONE',  ( -8.628174593052010621, 4.737797619047618980, -7.287426864240853064 ) ) ;
#3141 = ORIENTED_EDGE ( 'NONE', *, *, #7315, .F. ) ;
#3142 = EDGE_LOOP ( 'NONE', ( #429, #8233, #1434, #1212 ) ) ;
#3143 = CARTESIAN_POINT ( 'NONE',  ( -6.937242950304800537, 4.483382513196889185, 7.651302903884459106 ) ) ;
#3144 = CARTESIAN_POINT ( 'NONE',  ( -7.778174579122961063, 4.699999999999999289, -8.628174593052033714 ) ) ;
#3145 = CARTESIAN_POINT ( 'NONE',  ( -8.112810950023037648, 4.162744615079067678, 6.996815903676005810 ) ) ;
#3146 = CARTESIAN_POINT ( 'NONE',  ( -8.005936255703396398, 3.545815315554806890, 8.628171793431551606 ) ) ;
#3147 = VERTEX_POINT ( 'NONE', #2749 ) ;
#3148 = CARTESIAN_POINT ( 'NONE',  ( 8.005931406618513435, 4.226172889668102783, -8.628174593051983976 ) ) ;
#3149 =( BOUNDED_CURVE ( )  B_SPLINE_CURVE ( 2, ( #6376, #5797, #615, #3192, #5121, #7690, #1936, #7053, #1302, #3476, #265, #4103, #4735, #4693, #1543, #4024, #5360, #3516, #1464, #1505, #4655, #226, #7250, #5288, #3437, #4617, #307, #6661, #6073, #6700, #152, #5401, #5996, #4063, #2799, #2762, #3402 ),
 .UNSPECIFIED., .F., .T. ) 
 B_SPLINE_CURVE_WITH_KNOTS ( ( 3, 2, 2, 2, 2, 2, 2, 2, 2, 2, 2, 2, 2, 2, 2, 2, 2, 2, 3 ),
 ( 0.000000000000000000, 0.05040771599749519633, 0.1008154319949903927, 0.1512231479924855959, 0.2016308639899807853, 0.2520385799874760302, 0.3024462959849711918, 0.3528540119824664090, 0.4032617279799615706, 0.4536694439774567877, 0.5040771599749520604, 0.5544848759724472220, 0.6048925919699423837, 0.6553003079674375453, 0.7057080239649328179, 0.7561157399624279796, 0.8065234559599231412, 0.8569311719574185249, 0.9054770039313083663 ),
 .UNSPECIFIED. ) 
 CURVE ( )  GEOMETRIC_REPRESENTATION_ITEM ( )  RATIONAL_B_SPLINE_CURVE ( ( 1.000000000000000000, 0.8660254037844387076, 1.000000000000000000, 0.8660254037844387076, 1.000000000000000000, 0.8660254037844387076, 1.000000000000000000, 0.8660254037844387076, 1.000000000000000000, 0.8660254037844387076, 1.000000000000000000, 0.8660254037844387076, 1.000000000000000000, 0.8660254037844387076, 1.000000000000000000, 0.8660254037844387076, 1.000000000000000000, 0.8660254037844387076, 1.000000000000000000, 0.8660254037844387076, 1.000000000000000000, 0.8660254037844387076, 1.000000000000000000, 0.8660254037844387076, 1.000000000000000000, 0.8660254037844387076, 1.000000000000000000, 0.8660254037844387076, 1.000000000000000000, 0.8660254037844387076, 1.000000000000000000, 0.8660254037844387076, 1.000000000000000000, 0.8660254037844387076, 1.000000000000000000, 0.8709739549204416065, 0.9904684619325130335 ) ) 
 REPRESENTATION_ITEM ( '' )  );
#3150 = CARTESIAN_POINT ( 'NONE',  ( 6.965060255642343101, 4.679237276410980861, 7.530033819722038224 ) ) ;
#3151 = ORIENTED_EDGE ( 'NONE', *, *, #8301, .T. ) ;
#3152 = EDGE_LOOP ( 'NONE', ( #1330, #2140, #5545, #5904 ) ) ;
#3153 = CARTESIAN_POINT ( 'NONE',  ( -8.610152502477813385, 3.778455512843828412, -7.954456227680140934 ) ) ;
#3154 = CARTESIAN_POINT ( 'NONE',  ( -7.778174593052011865, 4.388169643476537374, -9.043152192292751579 ) ) ;
#3155 = CARTESIAN_POINT ( 'NONE',  ( -8.624682955349326718, 4.238955742717706698, -7.872902722345441084 ) ) ;
#3156 = CARTESIAN_POINT ( 'NONE',  ( 8.393810889431025046, 4.075301273255630186, 7.191412263428310858 ) ) ;
#3157 = CARTESIAN_POINT ( 'NONE',  ( -7.230423224971654683, 4.860639881571775511, -8.726907792482570869 ) ) ;
#3158 = ADVANCED_FACE ( 'NONE', ( #967 ), #7844, .T. ) ;
#3159 = CARTESIAN_POINT ( 'NONE',  ( 7.104540465730779353, 4.198726251114250907, 7.259021070500859985 ) ) ;
#3160 = PLANE ( 'NONE',  #689 ) ;
#3161 = DIRECTION ( 'NONE',  ( 0.000000000000000000, 0.000000000000000000, -1.000000000000000000 ) ) ;
#3162 = CARTESIAN_POINT ( 'NONE',  ( -7.230423224971650242, 3.745610119667013738, 8.726907792482577975 ) ) ;
#3163 = EDGE_CURVE ( 'NONE', #7713, #8333, #6361, .T. ) ;
#3164 = CARTESIAN_POINT ( 'NONE',  ( 8.337792011834455508, 3.503575583810901506, 8.420273295812110703 ) ) ;
#3165 = FACE_OUTER_BOUND ( 'NONE', #7520, .T. ) ;
#3166 = VECTOR ( 'NONE', #1653, 1000.000000000000000 ) ;
#3167 = ORIENTED_EDGE ( 'NONE', *, *, #5257, .T. ) ;
#3168 = CARTESIAN_POINT ( 'NONE',  ( -8.192519750334227524, 4.623035823979429360, -8.521219275348260069 ) ) ;
#3169 = AXIS2_PLACEMENT_3D ( 'NONE', #2254, #4218, #1019 ) ;
#3170 = CARTESIAN_POINT ( 'NONE',  ( -7.230423224971654683, 3.802306548238441941, -6.829441393621495493 ) ) ;
#3171 = CARTESIAN_POINT ( 'NONE',  ( 7.140620188069955354, 3.740157755186177546, 7.215300097132119284 ) ) ;
#3172 = CARTESIAN_POINT ( 'NONE',  ( 8.558478225355553803, 4.048741640836033717, -8.115620452294528775 ) ) ;
#3173 = CARTESIAN_POINT ( 'NONE',  ( 8.162705376158960746, 3.057617214447726717, -8.803972975668569845 ) ) ;
#3174 = CARTESIAN_POINT ( 'NONE',  ( 7.778174593052059826, 3.254241072047965311, -6.513196993811267710 ) ) ;
#3175 = DIRECTION ( 'NONE',  ( 0.000000000000000000, 0.000000000000000000, 1.000000000000000000 ) ) ;
#3176 = CARTESIAN_POINT ( 'NONE',  ( 7.073121243655172030, 4.289440740796568008, -7.303408404854692115 ) ) ;
#3177 = CARTESIAN_POINT ( 'NONE',  ( -7.877992602031604008, 3.091039734584225318, 6.570826948165660042 ) ) ;
#3178 = ORIENTED_EDGE ( 'NONE', *, *, #2510, .T. ) ;
#3179 = CARTESIAN_POINT ( 'NONE',  ( -7.403536370701991665, 3.646141598573446885, -8.543161750861001380 ) ) ;
#3180 = CARTESIAN_POINT ( 'NONE',  ( -8.460585939530353983, 3.385788629242013847, 8.285159026864363341 ) ) ;
#3181 = CARTESIAN_POINT ( 'NONE',  ( -8.203174593052011687, 3.414880952380952461, -7.042052999835260785 ) ) ;
#3182 = DIRECTION ( 'NONE',  ( -1.000000000000000000, 0.000000000000000000, 3.689284128500220223E-16 ) ) ;
#3183 = CARTESIAN_POINT ( 'NONE',  ( 6.928174593051957153, 3.906250001238788627, 7.778174593052089136 ) ) ;
#3184 = ADVANCED_FACE ( 'NONE', ( #4682 ), #2823, .F. ) ;
#3185 = ORIENTED_EDGE ( 'NONE', *, *, #8324, .T. ) ;
#3186 = FACE_OUTER_BOUND ( 'NONE', #1305, .T. ) ;
#3187 = AXIS2_PLACEMENT_3D ( 'NONE', #1873, #5872, #3353 ) ;
#3188 = EDGE_LOOP ( 'NONE', ( #3011, #6050, #8275 ) ) ;
#3189 = ORIENTED_EDGE ( 'NONE', *, *, #6697, .T. ) ;
#3190 = AXIS2_PLACEMENT_3D ( 'NONE', #635, #8342, #3210 ) ;
#3191 = CARTESIAN_POINT ( 'NONE',  ( -6.952596554040963106, 4.456355528048543846, 7.982712808901193391 ) ) ;
#3192 = CARTESIAN_POINT ( 'NONE',  ( 7.778174593052059826, 4.444866072047968686, -9.043152192292701841 ) ) ;
#3193 = CARTESIAN_POINT ( 'NONE',  ( -8.516053864013873209, 4.208719936844903309, 7.352442927138825191 ) ) ;
#3194 = CARTESIAN_POINT ( 'NONE',  ( 7.075577352482818050, 3.836258419104442652, -7.299774900936814248 ) ) ;
#3195 = EDGE_LOOP ( 'NONE', ( #2844, #4523, #5751, #995 ) ) ;
#3196 = FACE_OUTER_BOUND ( 'NONE', #3776, .T. ) ;
#3197 = CARTESIAN_POINT ( 'NONE',  ( 0.000000000000000000, 5.800000000000000711, 0.000000000000000000 ) ) ;
#3198 = CARTESIAN_POINT ( 'NONE',  ( 8.628174593052339247, 4.548809525048532088, 8.268922321863492186 ) ) ;
#3199 = AXIS2_PLACEMENT_3D ( 'NONE', #5427, #2244, #6728 ) ;
#3200 = ORIENTED_EDGE ( 'NONE', *, *, #1266, .T. ) ;
#3201 = ORIENTED_EDGE ( 'NONE', *, *, #392, .T. ) ;
#3202 = CARTESIAN_POINT ( 'NONE',  ( -8.304497449821013788, 3.858249295091043418, -7.109725679993015746 ) ) ;
#3203 = CARTESIAN_POINT ( 'NONE',  ( -8.325925961132368158, 3.518824405381299592, -8.726907792482570869 ) ) ;
#3204 = CARTESIAN_POINT ( 'NONE',  ( -8.567093682592311410, 4.219337325955953233, -8.094650306971329812 ) ) ;
#3205 = CARTESIAN_POINT ( 'NONE',  ( -8.533539853830319544, 3.200000000000000622, 8.571616189985878265 ) ) ;
#3206 = CARTESIAN_POINT ( 'NONE',  ( -7.778174593052010977, 5.578794643476537196, -6.513196993811314783 ) ) ;
#3207 = LINE ( 'NONE', #6701, #1096 ) ;
#3208 = CARTESIAN_POINT ( 'NONE',  ( -8.203174593052011687, 3.981845239334026232, -7.042052999835260785 ) ) ;
#3209 = CARTESIAN_POINT ( 'NONE',  ( -7.230423224971650242, 4.803943453000346864, 6.829441393621499046 ) ) ;
#3210 = DIRECTION ( 'NONE',  ( 0.000000000000000000, 0.000000000000000000, 1.000000000000000000 ) ) ;
#3211 = CARTESIAN_POINT ( 'NONE',  ( 8.374010947579478170, 3.624039934549888820, 7.171971635228716835 ) ) ;
#3212 = CARTESIAN_POINT ( 'NONE',  ( 8.203174593052059649, 3.755059525048312086, -8.514296186268758504 ) ) ;
#3213 = EDGE_LOOP ( 'NONE', ( #1509, #5613, #7294, #570 ) ) ;
#3214 = CARTESIAN_POINT ( 'NONE',  ( -7.778174593052006536, 3.481026786333680789, 6.513196993811319224 ) ) ;
#3215 = ADVANCED_FACE ( 'NONE', ( #6727 ), #6416, .F. ) ;
#3216 = DIRECTION ( 'NONE',  ( 0.000000000000000000, 0.000000000000000000, 1.000000000000000000 ) ) ;
#3217 = FACE_OUTER_BOUND ( 'NONE', #7048, .T. ) ;
#3218 = CARTESIAN_POINT ( 'NONE',  ( 8.393810889433021671, 4.075301273255415246, -8.364936922673781083 ) ) ;
#3219 = EDGE_LOOP ( 'NONE', ( #1797, #7430 ) ) ;
#3220 = CARTESIAN_POINT ( 'NONE',  ( 6.682671856891347240, 4.085788691095585179, -7.145685793431625576 ) ) ;
#3221 = EDGE_CURVE ( 'NONE', #6592, #6676, #2449, .T. ) ;
#3222 = CARTESIAN_POINT ( 'NONE',  ( 8.873677329212773301, 4.236979167286061276, -7.145685793431626465 ) ) ;
#3223 = CARTESIAN_POINT ( 'NONE',  ( 0.000000000000000000, 4.700000000000000178, -4.500000000000000000 ) ) ;
#3224 = CARTESIAN_POINT ( 'NONE',  ( 7.500060695984948289, 4.157859226502916172, -8.583351619391860865 ) ) ;
#3225 = CARTESIAN_POINT ( 'NONE',  ( 7.778174593052059826, 4.586607142857143771, -8.628174593051983976 ) ) ;
#3226 = ORIENTED_EDGE ( 'NONE', *, *, #4352, .T. ) ;
#3227 = CARTESIAN_POINT ( 'NONE',  ( -7.188524982900285742, 3.624722670348560882, -8.390411679265032063 ) ) ;
#3228 = EDGE_CURVE ( 'NONE', #6271, #1080, #7868, .T. ) ;
#3229 = CARTESIAN_POINT ( 'NONE',  ( -7.556978813037586562, 4.567208745935658953, -8.606310465923581177 ) ) ;
#3230 = CARTESIAN_POINT ( 'NONE',  ( -6.682671856891298390, 3.462127976809870500, -8.410663392672393712 ) ) ;
#3231 = CARTESIAN_POINT ( 'NONE',  ( 8.628174593051957331, 3.225892858381645301, 7.778174593052089136 ) ) ;
#3232 = LINE ( 'NONE', #3470, #563 ) ;
#3233 = VERTEX_POINT ( 'NONE', #7575 ) ;
#3234 = CARTESIAN_POINT ( 'NONE',  ( -8.628174593052010621, 4.700000000000000178, -7.778174593052033181 ) ) ;
#3235 = B_SPLINE_CURVE_WITH_KNOTS ( 'NONE', 3,
 ( #1049, #4920, #4795, #2408, #3613, #3538 ),
 .UNSPECIFIED., .F., .F.,
 ( 4, 2, 4 ),
 ( 0.000000000000000000, 0.0004262722180929046849, 0.0008525444361858093697 ),
 .UNSPECIFIED. ) ;
#3236 = ORIENTED_EDGE ( 'NONE', *, *, #7429, .F. ) ;
#3237 = CARTESIAN_POINT ( 'NONE',  ( 7.928285512561417114, 3.212542656318138512, 6.928174593052093044 ) ) ;
#3238 = EDGE_CURVE ( 'NONE', #7556, #1627, #3086, .T. ) ;
#3239 = CARTESIAN_POINT ( 'NONE',  ( -13.35102992281870016, 4.700000000000000178, 1.999999999999922951 ) ) ;
#3240 = CARTESIAN_POINT ( 'NONE',  ( -8.107052315418419752, 4.162280304807911335, 6.994376313266855050 ) ) ;
#3241 = CARTESIAN_POINT ( 'NONE',  ( 0.000000000000000000, 3.700000000000000178, 0.000000000000000000 ) ) ;
#3242 = ORIENTED_EDGE ( 'NONE', *, *, #3619, .T. ) ;
#3243 = LINE ( 'NONE', #4620, #6734 ) ;
#3244 = CARTESIAN_POINT ( 'NONE',  ( -7.778174593051660146, 4.473214286953105301, -6.928174593052035313 ) ) ;
#3245 = VECTOR ( 'NONE', #7213, 1000.000000000000000 ) ;
#3246 = ORIENTED_EDGE ( 'NONE', *, *, #7221, .F. ) ;
#3247 = ORIENTED_EDGE ( 'NONE', *, *, #1493, .F. ) ;
#3248 = AXIS2_PLACEMENT_3D ( 'NONE', #3961, #5813, #2577 ) ;
#3249 = CARTESIAN_POINT ( 'NONE',  ( 0.000000000000000000, 0.2999999999999956035, 7.000000000000000000 ) ) ;
#3250 = CARTESIAN_POINT ( 'NONE',  ( -7.230423224971654683, 3.745610119667013738, -6.829441393621495493 ) ) ;
#3251 = CARTESIAN_POINT ( 'NONE',  ( -8.628174593052010621, 5.720535715524501796, -7.778174593052033181 ) ) ;
#3252 = CARTESIAN_POINT ( 'NONE',  ( 7.778174593051955021, 4.133035714285713702, 6.928174593052087715 ) ) ;
#3253 = CARTESIAN_POINT ( 'NONE',  ( -6.682671856891298390, 4.690550595857490457, -7.145685793431673538 ) ) ;
#3254 = CARTESIAN_POINT ( 'NONE',  ( 13.35102992281871437, 4.700000000000000178, -2.000000000000229150 ) ) ;
#3255 = CARTESIAN_POINT ( 'NONE',  ( -7.778174593052010977, 3.481026786333680789, -9.043152192292751579 ) ) ;
#3256 = CARTESIAN_POINT ( 'NONE',  ( -8.873677329212721787, 4.501562500619394669, 7.778174593052038510 ) ) ;
#3257 = DIRECTION ( 'NONE',  ( 0.000000000000000000, 0.000000000000000000, 1.000000000000000000 ) ) ;
#3258 = B_SPLINE_CURVE_WITH_KNOTS ( 'NONE', 3,
 ( #5070, #4570, #5703, #6957, #2507, #4395, #3282, #2599, #5837, #5199 ),
 .UNSPECIFIED., .F., .F.,
 ( 4, 2, 2, 2, 4 ),
 ( 0.000000000000000000, 0.0004802380483554758925, 0.0009604760967109517850, 0.001440714145066427677, 0.001920952193421903570 ),
 .UNSPECIFIED. ) ;
#3259 = AXIS2_PLACEMENT_3D ( 'NONE', #4262, #433, #1160 ) ;
#3260 = CARTESIAN_POINT ( 'NONE',  ( 8.422011846014184400, 3.618019522960653767, 7.223041174926980723 ) ) ;
#3261 = CARTESIAN_POINT ( 'NONE',  ( 6.928174593052061070, 3.944047620286406985, -7.287426864240803326 ) ) ;
#3262 = ORIENTED_EDGE ( 'NONE', *, *, #1742, .T. ) ;
#3263 = CARTESIAN_POINT ( 'NONE',  ( 7.778174593052059826, 5.266964285714285765, -6.796679135429623209 ) ) ;
#3264 =( BOUNDED_CURVE ( )  B_SPLINE_CURVE ( 2, ( #5396, #3131, #5019, #4257, #5063, #7498, #2460, #6908, #8175, #6195, #2500, #1661, #427, #2376, #6863, #1786, #2417, #1106, #5696, #2999, #4346, #8264, #3712, #3757, #559, #4974, #3671, #7544, #1152, #6279, #5522, #4389, #6152, #6820, #512, #5566, #3624 ),
 .UNSPECIFIED., .F., .F. ) 
 B_SPLINE_CURVE_WITH_KNOTS ( ( 3, 2, 2, 2, 2, 2, 2, 2, 2, 2, 2, 2, 2, 2, 2, 2, 2, 2, 3 ),
 ( 0.000000000000000000, 0.05040771599770285660, 0.1008154319954057132, 0.1512231479931085698, 0.2016308639908114264, 0.2520385799885143108, 0.3024462959862171396, 0.3528540119839200795, 0.4032617279816228528, 0.4536694439793257372, 0.5040771599770286215, 0.5544848759747313949, 0.6048925919724342792, 0.6553003079701370526, 0.7057080239678401590, 0.7561157399655428213, 0.8065234559632457056, 0.8569311719609485900, 0.9054770039350390487 ),
 .UNSPECIFIED. ) 
 CURVE ( )  GEOMETRIC_REPRESENTATION_ITEM ( )  RATIONAL_B_SPLINE_CURVE ( ( 1.000000000000000000, 0.8660254037844387076, 1.000000000000000000, 0.8660254037844387076, 1.000000000000000000, 0.8660254037844387076, 1.000000000000000000, 0.8660254037844387076, 1.000000000000000000, 0.8660254037844387076, 1.000000000000000000, 0.8660254037844387076, 1.000000000000000000, 0.8660254037844387076, 1.000000000000000000, 0.8660254037844387076, 1.000000000000000000, 0.8660254037844387076, 1.000000000000000000, 0.8660254037844387076, 1.000000000000000000, 0.8660254037844387076, 1.000000000000000000, 0.8660254037844387076, 1.000000000000000000, 0.8660254037844387076, 1.000000000000000000, 0.8660254037844387076, 1.000000000000000000, 0.8660254037844387076, 1.000000000000000000, 0.8660254037844387076, 1.000000000000000000, 0.8660254037844387076, 1.000000000000000000, 0.8709739549204406073, 0.9904684619325149209 ) ) 
 REPRESENTATION_ITEM ( '' )  );
#3265 = CARTESIAN_POINT ( 'NONE',  ( -6.682671856891298390, 3.367633929190823494, -7.778174593052033181 ) ) ;
#3266 = CARTESIAN_POINT ( 'NONE',  ( -7.500074284160248794, 3.931072286841192032, -6.972992487018379038 ) ) ;
#3267 = CARTESIAN_POINT ( 'NONE',  ( -8.628174593052007069, 4.700000000000000178, 7.778174593052038510 ) ) ;
#3268 = LINE ( 'NONE', #6449, #715 ) ;
#3269 = EDGE_LOOP ( 'NONE', ( #3808, #7475, #6385, #5875 ) ) ;
#3270 = ADVANCED_FACE ( 'NONE', ( #6810 ), #6767, .T. ) ;
#3271 = CARTESIAN_POINT ( 'NONE',  ( 7.230423224971703533, 3.121949405381299503, -8.726907792482524684 ) ) ;
#3272 = CARTESIAN_POINT ( 'NONE',  ( -8.117499429263993704, 3.255981495661457448, -8.557519770707211038 ) ) ;
#3273 = CARTESIAN_POINT ( 'NONE',  ( -7.721373419776893954, 3.457725422192559073, -6.930007713934272395 ) ) ;
#3274 = AXIS2_PLACEMENT_3D ( 'NONE', #6428, #754, #5125 ) ;
#3275 = CARTESIAN_POINT ( 'NONE',  ( 7.175071666541919413, 4.303590237709439492, -7.179164839736730919 ) ) ;
#3276 = CARTESIAN_POINT ( 'NONE',  ( -6.682671856891293061, 3.840104167286061188, 8.410663392672399041 ) ) ;
#3277 = ORIENTED_EDGE ( 'NONE', *, *, #7942, .F. ) ;
#3278 = CARTESIAN_POINT ( 'NONE',  ( -6.928175070464936525, 3.562628984973717827, -7.733481045459790870 ) ) ;
#3279 = CARTESIAN_POINT ( 'NONE',  ( -8.192516622044070829, 3.262321259452230837, 7.035128181129273628 ) ) ;
#3280 = CIRCLE ( 'NONE', #8230, 7.000000000000000000 ) ;
#3281 = DIRECTION ( 'NONE',  ( 0.000000000000000000, 0.000000000000000000, 1.000000000000000000 ) ) ;
#3282 = CARTESIAN_POINT ( 'NONE',  ( 7.616377984591680139, 3.200000000000001510, 8.800412303379840040 ) ) ;
#3283 = CARTESIAN_POINT ( 'NONE',  ( 8.873677329212773301, 4.293675595857489924, -7.145685793431626465 ) ) ;
#3284 = ORIENTED_EDGE ( 'NONE', *, *, #4739, .F. ) ;
#3285 = CARTESIAN_POINT ( 'NONE',  ( -7.353174593052012042, 5.002380952380952372, -8.514296186268804689 ) ) ;
#3286 = ORIENTED_EDGE ( 'NONE', *, *, #7891, .T. ) ;
#3287 = CARTESIAN_POINT ( 'NONE',  ( -7.079008096076323753, 4.517153388469132835, 7.294774803173996069 ) ) ;
#3288 = LINE ( 'NONE', #4402, #4788 ) ;
#3289 = CARTESIAN_POINT ( 'NONE',  ( 8.628174593052451158, 4.548809525048538305, -7.287426864240576840 ) ) ;
#3290 = CARTESIAN_POINT ( 'NONE',  ( 7.443535641249993340, 4.616316253620955656, -8.559532171153128033 ) ) ;
#3291 = ORIENTED_EDGE ( 'NONE', *, *, #5992, .F. ) ;
#3292 = LINE ( 'NONE', #1260, #2723 ) ;
#3293 = CARTESIAN_POINT ( 'NONE',  ( 6.952590147859862846, 4.683143529621345280, 7.573662001223331330 ) ) ;
#3294 = ORIENTED_EDGE ( 'NONE', *, *, #4672, .F. ) ;
#3295 = ORIENTED_EDGE ( 'NONE', *, *, #1484, .F. ) ;
#3296 = CARTESIAN_POINT ( 'NONE',  ( 8.627157752346901631, 3.569885468699296016, -7.827103431513042331 ) ) ;
#3297 = CARTESIAN_POINT ( 'NONE',  ( -8.873677329212725340, 4.047991072047966377, -7.778174593052033181 ) ) ;
#3298 = CARTESIAN_POINT ( 'NONE',  ( -7.778197072705845372, 4.359819429332419283, -6.928174593349289978 ) ) ;
#3299 = CARTESIAN_POINT ( 'NONE',  ( -8.325925961132368158, 5.030729167286061454, -6.829441393621494605 ) ) ;
#3300 = CARTESIAN_POINT ( 'NONE',  ( -7.877978186526243931, 3.034342311269904613, -8.985530560734309447 ) ) ;
#3301 = CARTESIAN_POINT ( 'NONE',  ( -7.877972718502584293, 5.968783067290217126, 8.985533717699251355 ) ) ;
#3302 = CARTESIAN_POINT ( 'NONE',  ( 7.230423224971600504, 4.633854167286061809, 8.726907792482629489 ) ) ;
#3303 = CARTESIAN_POINT ( 'NONE',  ( 8.107047512739429251, 3.481922778275142960, 8.561974888091546276 ) ) ;
#3304 = CARTESIAN_POINT ( 'NONE',  ( -7.230423224971655571, 4.652752976809870766, -6.829441393621494605 ) ) ;
#3305 = ORIENTED_EDGE ( 'NONE', *, *, #1664, .F. ) ;
#3306 = CARTESIAN_POINT ( 'NONE',  ( 8.203174593052059649, 5.002380952380952372, -8.514296186268758504 ) ) ;
#3307 = EDGE_CURVE ( 'NONE', #731, #2802, #7202, .T. ) ;
#3308 = CARTESIAN_POINT ( 'NONE',  ( -7.877978186487495371, 3.034342311267230308, -8.985530560756684437 ) ) ;
#3309 = CARTESIAN_POINT ( 'NONE',  ( 8.572527594031473190E-16, 2.500000000000000000, 7.000000000000000000 ) ) ;
#3310 = CARTESIAN_POINT ( 'NONE',  ( -7.855616308210993104, 6.167219819450147078, 8.714959055580857594 ) ) ;
#3311 = CARTESIAN_POINT ( 'NONE',  ( 8.451082475077072331, 4.067529189918553278, -8.297587729932324407 ) ) ;
#3312 = CARTESIAN_POINT ( 'NONE',  ( 8.873677329212773301, 3.329836310143204248, -7.145685793431626465 ) ) ;
#3313 = CARTESIAN_POINT ( 'NONE',  ( -7.757725795742802077, 3.454496423084390422, -6.928386094897298619 ) ) ;
#3314 = CARTESIAN_POINT ( 'NONE',  ( 7.134330090040442052, 4.298375692072574417, -7.223049557245646568 ) ) ;
#3315 = CARTESIAN_POINT ( 'NONE',  ( -7.230423224971650242, 5.559895833952727351, 8.726907792482577975 ) ) ;
#3316 = VERTEX_POINT ( 'NONE', #4633 ) ;
#3317 = CARTESIAN_POINT ( 'NONE',  ( -7.218557174269501608, 3.503575583810743854, -7.136075890292021384 ) ) ;
#3318 = CARTESIAN_POINT ( 'NONE',  ( -8.468754248908748394, 3.294081863510868846, 7.281784568589519502 ) ) ;
#3319 = CARTESIAN_POINT ( 'NONE',  ( -8.266958323788795582, 3.200000000000002398, 6.936603937869216807 ) ) ;
#3320 = CARTESIAN_POINT ( 'NONE',  ( 6.682671856891347240, 4.142485119667013826, -7.145685793431625576 ) ) ;
#3321 = ORIENTED_EDGE ( 'NONE', *, *, #1650, .F. ) ;
#3322 = CARTESIAN_POINT ( 'NONE',  ( -6.928174593052012220, 5.418154761904762751, -8.268922321863215075 ) ) ;
#3323 = CARTESIAN_POINT ( 'NONE',  ( -7.500074284090143983, 4.384643715417610110, 8.583356699061484463 ) ) ;
#3324 = CARTESIAN_POINT ( 'NONE',  ( 7.678392956794829693, 5.968784205128082831, -6.570805948364558446 ) ) ;
#3325 = EDGE_CURVE ( 'NONE', #6371, #1559, #7187, .T. ) ;
#3326 = CARTESIAN_POINT ( 'NONE',  ( -8.295449903709149808, 4.179326968703252376, 7.101499965077912258 ) ) ;
#3327 = CARTESIAN_POINT ( 'NONE',  ( 7.667534833673492756, 3.896410227088818790, -6.928177518805901158 ) ) ;
#3328 = CARTESIAN_POINT ( 'NONE',  ( 0.000000000000000000, 1.500000000000000000, 0.000000000000000000 ) ) ;
#3329 = VECTOR ( 'NONE', #7158, 1000.000000000000000 ) ;
#3330 = ORIENTED_EDGE ( 'NONE', *, *, #4053, .T. ) ;
#3331 = ORIENTED_EDGE ( 'NONE', *, *, #4377, .F. ) ;
#3332 = CARTESIAN_POINT ( 'NONE',  ( 8.604095356810072204, 3.583168388298584972, -7.986512551994680464 ) ) ;
#3333 = CARTESIAN_POINT ( 'NONE',  ( 7.778174593051957686, 4.813392857142857473, 8.759670050674452924 ) ) ;
#3334 = CARTESIAN_POINT ( 'NONE',  ( -8.359083977499274454, 4.306036332713414794, -7.157587823795144466 ) ) ;
#3335 = CARTESIAN_POINT ( 'NONE',  ( 8.201898014689584571, 4.095140986790748450, 7.039244548179868666 ) ) ;
#3336 = CARTESIAN_POINT ( 'NONE',  ( -6.682671856891298390, 5.219717262524156354, -8.410663392672391936 ) ) ;
#3337 = CARTESIAN_POINT ( 'NONE',  ( -7.778174593052010977, 3.254241072047966199, -6.513196993811314783 ) ) ;
#3338 = CARTESIAN_POINT ( 'NONE',  ( -8.873677329212721787, 4.539360119667013471, 8.410663392672399041 ) ) ;
#3339 = AXIS2_PLACEMENT_3D ( 'NONE', #4771, #3363, #7291 ) ;
#3340 = CARTESIAN_POINT ( 'NONE',  ( -6.928174593052007779, 4.170833334572121132, 7.287426864240856617 ) ) ;
#3341 = DIRECTION ( 'NONE',  ( 0.000000000000000000, 1.000000000000000000, 0.000000000000000000 ) ) ;
#3342 = CIRCLE ( 'NONE', #2135, 13.50000000000000000 ) ;
#3343 = CARTESIAN_POINT ( 'NONE',  ( -8.873677329212725340, 4.955133929190822961, -7.778174593052033181 ) ) ;
#3344 = EDGE_LOOP ( 'NONE', ( #6403, #3682, #4484 ) ) ;
#3345 = CARTESIAN_POINT ( 'NONE',  ( -7.778174593052011865, 3.200000000000000178, -7.778174593052033181 ) ) ;
#3346 = DIRECTION ( 'NONE',  ( -0.000000000000000000, -1.000000000000000000, -0.000000000000000000 ) ) ;
#3347 = CARTESIAN_POINT ( 'NONE',  ( -6.928175070464952512, 4.016200413551606729, -7.733481045535894438 ) ) ;
#3348 = AXIS2_PLACEMENT_3D ( 'NONE', #2757, #7892, #7288 ) ;
#3349 = CARTESIAN_POINT ( 'NONE',  ( -8.203174593052008134, 5.229166666666666963, 8.514296186268811795 ) ) ;
#3350 = ADVANCED_FACE ( 'NONE', ( #805 ), #7303, .F. ) ;
#3351 = CARTESIAN_POINT ( 'NONE',  ( -8.627157786779651616, 3.796671116434538362, 7.827102587330707628 ) ) ;
#3352 = LINE ( 'NONE', #5910, #5812 ) ;
#3353 = DIRECTION ( 'NONE',  ( 0.000000000000000000, 0.000000000000000000, 1.000000000000000000 ) ) ;
#3354 = CARTESIAN_POINT ( 'NONE',  ( 6.933725308194726544, 4.254401985712598311, -7.677816149659448364 ) ) ;
#3355 = CARTESIAN_POINT ( 'NONE',  ( -8.873677329212721787, 5.408705357762252142, 7.778174593052038510 ) ) ;
#3356 = CARTESIAN_POINT ( 'NONE',  ( -8.516053864014006436, 3.301577079702868289, 7.352442927139057005 ) ) ;
#3357 = DIRECTION ( 'NONE',  ( -0.000000000000000000, -1.000000000000000000, -0.000000000000000000 ) ) ;
#3358 = CARTESIAN_POINT ( 'NONE',  ( 8.603752632084809449, 4.456355528055347293, 7.982712808815602301 ) ) ;
#3359 = DIRECTION ( 'NONE',  ( 0.000000000000000000, 1.000000000000000000, 0.000000000000000000 ) ) ;
#3360 = ORIENTED_EDGE ( 'NONE', *, *, #1486, .F. ) ;
#3361 = CARTESIAN_POINT ( 'NONE',  ( -6.928174593052012220, 5.833928571428571352, -7.778174593052033181 ) ) ;
#3362 = CARTESIAN_POINT ( 'NONE',  ( 7.230423224971601392, 3.726711310143204336, 8.726907792482629489 ) ) ;
#3363 = DIRECTION ( 'NONE',  ( 0.000000000000000000, 1.000000000000000000, 0.000000000000000000 ) ) ;
#3364 = LINE ( 'NONE', #5289, #5792 ) ;
#3365 = CARTESIAN_POINT ( 'NONE',  ( 8.325925961132314868, 5.106324405381299059, 8.726907792482629489 ) ) ;
#3366 = DIRECTION ( 'NONE',  ( -0.000000000000000000, -1.000000000000000000, -0.000000000000000000 ) ) ;
#3367 = ORIENTED_EDGE ( 'NONE', *, *, #7580, .F. ) ;
#3368 = ORIENTED_EDGE ( 'NONE', *, *, #5187, .T. ) ;
#3369 = CARTESIAN_POINT ( 'NONE',  ( 7.778174593051957686, 5.805580357762250898, 6.513196993811369850 ) ) ;
#3370 = CARTESIAN_POINT ( 'NONE',  ( 8.203174593051956620, 3.755059525048312086, 7.042052999835315852 ) ) ;
#3371 = CARTESIAN_POINT ( 'NONE',  ( 8.107047512739869788, 3.935494206846601895, 8.561974888091366864 ) ) ;
#3372 = CARTESIAN_POINT ( 'NONE',  ( -8.873677329212725340, 5.465401786333680789, -7.778174593052033181 ) ) ;
#3373 = CARTESIAN_POINT ( 'NONE',  ( -6.682671856891298390, 4.236979167286060388, -7.145685793431673538 ) ) ;
#3374 = CARTESIAN_POINT ( 'NONE',  ( -6.928174593052007779, 4.624404763143550312, 7.287426864240858393 ) ) ;
#3375 = CARTESIAN_POINT ( 'NONE',  ( -6.928174593052006891, 3.679464286953074037, 7.778174593052038510 ) ) ;
#3376 = VECTOR ( 'NONE', #1601, 1000.000000000000000 ) ;
#3377 = DIRECTION ( 'NONE',  ( -0.000000000000000000, -1.000000000000000000, -0.000000000000000000 ) ) ;
#3378 = EDGE_CURVE ( 'NONE', #4542, #6238, #6568, .T. ) ;
#3379 = VERTEX_POINT ( 'NONE', #6529 ) ;
#3380 = DIRECTION ( 'NONE',  ( 1.844642064250089897E-16, 0.000000000000000000, 1.000000000000000000 ) ) ;
#3381 = CARTESIAN_POINT ( 'NONE',  ( 7.778174593052059826, 3.339285715524502596, -8.628174593051985752 ) ) ;
#3382 = CARTESIAN_POINT ( 'NONE',  ( -6.946197363176924711, 4.005240943372584184, -7.601889664021554083 ) ) ;
#3383 = CARTESIAN_POINT ( 'NONE',  ( -7.778174593052006536, 5.947321428571428648, 6.796679135429674723 ) ) ;
#3384 = CARTESIAN_POINT ( 'NONE',  ( -7.778174593052010977, 4.218080357762252319, -6.513196993811314783 ) ) ;
#3385 = AXIS2_PLACEMENT_3D ( 'NONE', #4332, #3698, #7529 ) ;
#3386 = CARTESIAN_POINT ( 'NONE',  ( -8.480771833618396371, 3.836258419104852102, 8.256574285171415895 ) ) ;
#3387 = FACE_BOUND ( 'NONE', #3891, .T. ) ;
#3388 = CARTESIAN_POINT ( 'NONE',  ( 8.325925961132416120, 5.106324405381299059, -6.829441393621446643 ) ) ;
#3389 = CARTESIAN_POINT ( 'NONE',  ( 5.510910596163088569E-16, 1.499999999999999556, 4.500000000000000000 ) ) ;
#3390 = EDGE_CURVE ( 'NONE', #100, #6592, #4383, .T. ) ;
#3391 = CARTESIAN_POINT ( 'NONE',  ( -8.325925961132364606, 5.484300595857489746, 8.726907792482577975 ) ) ;
#3392 = CARTESIAN_POINT ( 'NONE',  ( -7.778174593052011865, 4.700000000000000178, -7.778174593052033181 ) ) ;
#3393 = DIRECTION ( 'NONE',  ( -0.000000000000000000, -1.000000000000000000, -0.000000000000000000 ) ) ;
#3394 = CARTESIAN_POINT ( 'NONE',  ( 8.542855396022348557, 4.440501613058744468, 8.153643164678840094 ) ) ;
#3395 = CARTESIAN_POINT ( 'NONE',  ( 6.928174354422385939, 3.341005857821468528, -7.755841818486696404 ) ) ;
#3396 =( GEOMETRIC_REPRESENTATION_CONTEXT ( 3 ) GLOBAL_UNCERTAINTY_ASSIGNED_CONTEXT ( ( #1912 ) ) GLOBAL_UNIT_ASSIGNED_CONTEXT ( ( #7974, #7707, #7214 ) ) REPRESENTATION_CONTEXT ( 'NONE', 'WORKASPACE' ) );
#3397 = CYLINDRICAL_SURFACE ( 'NONE', #4677, 0.8500000000000000888 ) ;
#3398 = CARTESIAN_POINT ( 'NONE',  ( -7.230423224971654683, 5.314211310143203804, -8.726907792482570869 ) ) ;
#3399 = AXIS2_PLACEMENT_3D ( 'NONE', #2200, #881, #7951 ) ;
#3400 = CARTESIAN_POINT ( 'NONE',  ( 8.325925961132314868, 4.199181548238442474, 8.726907792482629489 ) ) ;
#3401 = EDGE_CURVE ( 'NONE', #4003, #535, #4921, .T. ) ;
#3402 = CARTESIAN_POINT ( 'NONE',  ( 6.683426347833807846, 3.199999999999954436, -7.737523338124681516 ) ) ;
#3403 =( NAMED_UNIT ( * ) SI_UNIT ( $, .STERADIAN. ) SOLID_ANGLE_UNIT ( ) );
#3404 = CARTESIAN_POINT ( 'NONE',  ( 6.985842028833327610, 3.766581217811617144, -8.086028469014390652 ) ) ;
#3405 = CARTESIAN_POINT ( 'NONE',  ( 7.353174593051956975, 3.717261904761905100, 7.042052999835315852 ) ) ;
#3406 = EDGE_LOOP ( 'NONE', ( #2651, #7733, #1348 ) ) ;
#3407 = EDGE_LOOP ( 'NONE', ( #5793, #1988, #3871, #6379 ) ) ;
#3408 = CARTESIAN_POINT ( 'NONE',  ( 8.873677329212670273, 5.238616072047966199, 7.778174593052089136 ) ) ;
#3409 = CARTESIAN_POINT ( 'NONE',  ( 1.653273178848926867E-15, 2.500000000000000000, 13.50000000000000000 ) ) ;
#3410 = CARTESIAN_POINT ( 'NONE',  ( 8.627157752348928454, 4.023456897266885157, 7.729245754634404442 ) ) ;
#3411 = CARTESIAN_POINT ( 'NONE',  ( -8.584335622702397472, 4.677228915360037043, 7.507909890540070741 ) ) ;
#3412 = CARTESIAN_POINT ( 'NONE',  ( -7.778174593052010977, 3.792857144095931332, -8.759670050674396080 ) ) ;
#3413 = CARTESIAN_POINT ( 'NONE',  ( -7.397886035984190478, 5.867749753863167328, 8.543377364784845440 ) ) ;
#3414 = CARTESIAN_POINT ( 'NONE',  ( -7.353174593052007602, 3.150297620286407252, 8.514296186268810018 ) ) ;
#3415 = CARTESIAN_POINT ( 'NONE',  ( 8.374010947579899167, 4.531182791692705436, -8.384377550875042218 ) ) ;
#3416 = EDGE_LOOP ( 'NONE', ( #6910, #3242 ) ) ;
#3417 = CARTESIAN_POINT ( 'NONE',  ( 7.778174593052059826, 5.040178571428571175, -8.759670050674348118 ) ) ;
#3418 = CARTESIAN_POINT ( 'NONE',  ( -6.985844315413581640, 3.539794948720402790, 8.086034358653726883 ) ) ;
#3419 = CARTESIAN_POINT ( 'NONE',  ( 8.325925961132314868, 5.163020833952727706, 8.726907792482629489 ) ) ;
#3420 = CARTESIAN_POINT ( 'NONE',  ( -6.928174593052007779, 5.418154761904762751, 7.287426864240858393 ) ) ;
#3421 = CARTESIAN_POINT ( 'NONE',  ( -8.325925961132368158, 3.273139881571775600, -6.829441393621494605 ) ) ;
#3422 = EDGE_CURVE ( 'NONE', #6329, #7388, #3042, .T. ) ;
#3423 = CARTESIAN_POINT ( 'NONE',  ( 8.542855396022472902, 3.986930184487678996, -7.402706021425272453 ) ) ;
#3424 = CARTESIAN_POINT ( 'NONE',  ( -7.367361075967820305, 4.700000000000000178, -6.762616372605502413 ) ) ;
#3425 = CARTESIAN_POINT ( 'NONE',  ( 8.325925961132417896, 4.803943453000346864, -8.726907792482524684 ) ) ;
#3426 =( BOUNDED_CURVE ( )  B_SPLINE_CURVE ( 2, ( #6295, #1075, #7605, #443, #2395, #4947, #7516, #1760, #4317 ),
 .UNSPECIFIED., .F., .F. ) 
 B_SPLINE_CURVE_WITH_KNOTS ( ( 3, 2, 2, 2, 3 ),
 ( 0.001333840655342779374, 0.001778292290959078339, 0.002667195562192322452, 0.003556098833425566565, 0.004000550455451399104 ),
 .UNSPECIFIED. ) 
 CURVE ( )  GEOMETRIC_REPRESENTATION_ITEM ( )  RATIONAL_B_SPLINE_CURVE ( ( 0.9330127018922194093, 0.9330127018922680371, 1.000000000000000000, 0.8660254037844387076, 1.000000000000000000, 0.8660254037844387076, 1.000000000000000000, 0.9330127039406093115, 0.9330127018922194093 ) ) 
 REPRESENTATION_ITEM ( '' )  );
#3427 = EDGE_CURVE ( 'NONE', #4623, #3100, #2378, .T. ) ;
#3428 = FACE_OUTER_BOUND ( 'NONE', #4824, .T. ) ;
#3429 = CARTESIAN_POINT ( 'NONE',  ( -8.325925961132364606, 5.937872024428918039, 8.726907792482577975 ) ) ;
#3430 = CARTESIAN_POINT ( 'NONE',  ( -7.737774412541130964, 4.363411758451312572, -6.929003756866538133 ) ) ;
#3431 = DIRECTION ( 'NONE',  ( -0.000000000000000000, -1.000000000000000000, -0.000000000000000000 ) ) ;
#3432 = CARTESIAN_POINT ( 'NONE',  ( 8.374010947579794362, 4.531182791692708101, 7.171971635229026809 ) ) ;
#3433 = CARTESIAN_POINT ( 'NONE',  ( 7.285300625177435485, 3.408028768236237127, -7.085108930070756372 ) ) ;
#3434 = CARTESIAN_POINT ( 'NONE',  ( 0.000000000000000000, 2.500000000000000000, 0.000000000000000000 ) ) ;
#3435 = CARTESIAN_POINT ( 'NONE',  ( -8.203174593052011687, 6.136309523809523547, -7.042052999835261673 ) ) ;
#3436 = CARTESIAN_POINT ( 'NONE',  ( 8.873677329212670273, 3.915699405381299680, 7.145685793431728605 ) ) ;
#3437 = CARTESIAN_POINT ( 'NONE',  ( 6.682671856891351680, 3.651116072047968508, -7.778174593051986108 ) ) ;
#3438 = EDGE_CURVE ( 'NONE', #4537, #1039, #1519, .T. ) ;
#3439 = CARTESIAN_POINT ( 'NONE',  ( 7.013490880995585819, 3.760145062505286351, -8.153637095030536130 ) ) ;
#3440 = CARTESIAN_POINT ( 'NONE',  ( 8.873677329212670273, 3.915699405381299680, 7.145685793431728605 ) ) ;
#3441 = ORIENTED_EDGE ( 'NONE', *, *, #4005, .F. ) ;
#3442 = EDGE_LOOP ( 'NONE', ( #7811, #623, #5303 ) ) ;
#3443 = CARTESIAN_POINT ( 'NONE',  ( 8.325925961132314868, 5.314211310143203804, 6.829441393621549672 ) ) ;
#3444 = CARTESIAN_POINT ( 'NONE',  ( -8.227553970749390544, 4.172703884276423913, -8.500184807446647284 ) ) ;
#3445 = CARTESIAN_POINT ( 'NONE',  ( 8.415722017637886410, 3.966942538578010602, 8.341057019569005249 ) ) ;
#3446 = CARTESIAN_POINT ( 'NONE',  ( -8.610157375767544252, 4.685600406573076526, 7.601915972259530641 ) ) ;
#3447 = CARTESIAN_POINT ( 'NONE',  ( 7.778174593052059826, 3.700000000000000178, -6.528174593051986108 ) ) ;
#3448 = CARTESIAN_POINT ( 'NONE',  ( 7.778174593051956798, 3.991294643476538617, 6.513196993811375179 ) ) ;
#3449 = CARTESIAN_POINT ( 'NONE',  ( -7.393643809945428025, 3.000920785876321162, 6.752376210435333093 ) ) ;
#3450 = CARTESIAN_POINT ( 'NONE',  ( 8.480763395680416039, 4.516616891825145252, -8.256586676687671655 ) ) ;
#3451 = VECTOR ( 'NONE', #918, 1000.000000000000000 ) ;
#3452 = VERTEX_POINT ( 'NONE', #4116 ) ;
#3453 = VERTEX_POINT ( 'NONE', #2701 ) ;
#3454 = CARTESIAN_POINT ( 'NONE',  ( 8.203174593052059649, 5.909523809523809845, -8.514296186268758504 ) ) ;
#3455 = AXIS2_PLACEMENT_3D ( 'NONE', #54, #1415, #3175 ) ;
#3456 = AXIS2_PLACEMENT_3D ( 'NONE', #1127, #5541, #2308 ) ;
#3457 = CARTESIAN_POINT ( 'NONE',  ( -7.667555439984153232, 3.669626307815441635, 6.928174593052037089 ) ) ;
#3458 = DIRECTION ( 'NONE',  ( -0.000000000000000000, -1.000000000000000000, -0.000000000000000000 ) ) ;
#3459 = CARTESIAN_POINT ( 'NONE',  ( -7.774721030651075004, 3.199999999999997957, 8.792264125741739988 ) ) ;
#3460 = CARTESIAN_POINT ( 'NONE',  ( 7.162532737408741745, 3.394943438712994865, 8.364931189375672815 ) ) ;
#3461 = CARTESIAN_POINT ( 'NONE',  ( -8.628174593052010621, 4.359821429810216920, -7.778174593052033181 ) ) ;
#3462 = CARTESIAN_POINT ( 'NONE',  ( -8.472247314329784729, 3.837588335456060928, 8.268912862814874032 ) ) ;
#3463 = DIRECTION ( 'NONE',  ( 0.000000000000000000, 1.000000000000000000, 0.000000000000000000 ) ) ;
#3464 = CARTESIAN_POINT ( 'NONE',  ( 8.873677329212773301, 4.728348214905108371, -7.778174593051986108 ) ) ;
#3465 = DIRECTION ( 'NONE',  ( -0.000000000000000000, -1.000000000000000000, -0.000000000000000000 ) ) ;
#3466 = CARTESIAN_POINT ( 'NONE',  ( -7.877956229309235781, 5.968784205128081943, 8.985543237739465283 ) ) ;
#3467 = CARTESIAN_POINT ( 'NONE',  ( -7.056301585081692807, 4.513546039037239943, -8.227850119682820207 ) ) ;
#3468 = CARTESIAN_POINT ( 'NONE',  ( 0.000000000000000000, 3.700000000000000178, 0.000000000000000000 ) ) ;
#3469 = CARTESIAN_POINT ( 'NONE',  ( 8.477341090022788350, 4.517153388469808739, 7.294774803167016763 ) ) ;
#3470 = CARTESIAN_POINT ( 'NONE',  ( 8.572527594031473190E-16, 1.000000000000000000, -7.000000000000000000 ) ) ;
#3471 = CARTESIAN_POINT ( 'NONE',  ( 0.000000000000000000, 1.500000000000000000, 0.000000000000000000 ) ) ;
#3472 = CARTESIAN_POINT ( 'NONE',  ( -7.353174593052012931, 5.304761904761904567, -7.042052999835261673 ) ) ;
#3473 = EDGE_CURVE ( 'NONE', #8223, #2549, #168, .T. ) ;
#3474 = CARTESIAN_POINT ( 'NONE',  ( 8.152812815402072033, 3.646141598573447773, -8.543161750860955195 ) ) ;
#3475 = CARTESIAN_POINT ( 'NONE',  ( 6.682671856891243323, 3.197544643476537551, 7.778174593052089136 ) ) ;
#3476 = CARTESIAN_POINT ( 'NONE',  ( 7.778174593052059826, 4.218080357762255872, -6.513196993811273039 ) ) ;
#3477 = CARTESIAN_POINT ( 'NONE',  ( 7.104540465730602605, 3.745154822542861250, -8.297328115602850218 ) ) ;
#3478 = CARTESIAN_POINT ( 'NONE',  ( 6.928174593051956265, 3.830654761904761951, 8.268922321863271918 ) ) ;
#3479 = ADVANCED_FACE ( 'NONE', ( #243 ), #2740, .F. ) ;
#3480 = ORIENTED_EDGE ( 'NONE', *, *, #2641, .T. ) ;
#3481 = VERTEX_POINT ( 'NONE', #5936 ) ;
#3482 = CARTESIAN_POINT ( 'NONE',  ( 8.076524471985838005, 6.200641060661486570, 8.574093778484968453 ) ) ;
#3483 = CARTESIAN_POINT ( 'NONE',  ( -8.090390084904710122, 4.160941845655696802, -8.568951642348013209 ) ) ;
#3484 = CARTESIAN_POINT ( 'NONE',  ( 8.516050070681496109, 3.981933545617201808, 8.203912961329898224 ) ) ;
#3485 = CARTESIAN_POINT ( 'NONE',  ( -7.353174593052012931, 3.755059525048312086, -8.514296186268804689 ) ) ;
#3486 = CARTESIAN_POINT ( 'NONE',  ( 6.682671856891247764, 3.651116072047968508, 7.778174593052089136 ) ) ;
#3487 = CARTESIAN_POINT ( 'NONE',  ( -8.203174593052008134, 2.923511906000693106, 7.042052999835266114 ) ) ;
#3488 = EDGE_CURVE ( 'NONE', #2262, #6463, #1491, .T. ) ;
#3489 = CARTESIAN_POINT ( 'NONE',  ( 7.778174593051956798, 4.700000000000000178, 7.778174593052089136 ) ) ;
#3490 = VERTEX_POINT ( 'NONE', #8064 ) ;
#3491 = ORIENTED_EDGE ( 'NONE', *, *, #7360, .F. ) ;
#3492 = CARTESIAN_POINT ( 'NONE',  ( 6.682671856891347240, 5.956770833952727884, -7.145685793431626465 ) ) ;
#3493 = CARTESIAN_POINT ( 'NONE',  ( 7.778174606981004047, 4.700000000000001066, 6.928174593052088603 ) ) ;
#3494 = CARTESIAN_POINT ( 'NONE',  ( 8.325925961132314868, 5.767782738714632984, 6.829441393621549672 ) ) ;
#3495 = CARTESIAN_POINT ( 'NONE',  ( -7.098171776202545580, 3.200000000000012168, 8.386315119753790626 ) ) ;
#3496 = CARTESIAN_POINT ( 'NONE',  ( 6.997868319592019049, 3.368383903999180085, 8.115614329834537344 ) ) ;
#3497 = CARTESIAN_POINT ( 'NONE',  ( -7.737774412563059201, 3.909840329878265575, 8.627345429238440389 ) ) ;
#3498 = CARTESIAN_POINT ( 'NONE',  ( 8.117484402333758453, 3.936337415787876104, -6.998822872443263066 ) ) ;
#3499 = CARTESIAN_POINT ( 'NONE',  ( -7.778174593052007424, 4.700000000000000178, 7.778174593052038510 ) ) ;
#3500 = CARTESIAN_POINT ( 'NONE',  ( 6.682671856891347240, 5.900074405381299236, -7.145685793431626465 ) ) ;
#3501 = DIRECTION ( 'NONE',  ( 0.000000000000000000, 0.000000000000000000, 1.000000000000000000 ) ) ;
#3502 = CARTESIAN_POINT ( 'NONE',  ( -8.325925961132364606, 3.726711310143204336, 8.726907792482577975 ) ) ;
#3503 = CIRCLE ( 'NONE', #5513, 7.000000000000000000 ) ;
#3504 = CARTESIAN_POINT ( 'NONE',  ( -7.669560994352337069, 4.369472364275011067, -6.934931053157028735 ) ) ;
#3505 = EDGE_CURVE ( 'NONE', #7765, #245, #1792, .T. ) ;
#3506 = CARTESIAN_POINT ( 'NONE',  ( 7.084101871767213510, 3.837588335455081268, 8.268912862805002817 ) ) ;
#3507 = CARTESIAN_POINT ( 'NONE',  ( 8.201898014689533056, 4.548712415362195394, 7.039244548179841132 ) ) ;
#3508 = CARTESIAN_POINT ( 'NONE',  ( 7.087594937195255795, 3.294081863510355923, -8.274564617514412745 ) ) ;
#3509 = AXIS2_PLACEMENT_3D ( 'NONE', #1041, #3606, #6172 ) ;
#3510 = CARTESIAN_POINT ( 'NONE',  ( 7.778174593051956798, 4.700000000000000178, 7.778174593052089136 ) ) ;
#3511 = AXIS2_PLACEMENT_3D ( 'NONE', #5794, #7732, #6420 ) ;
#3512 = CARTESIAN_POINT ( 'NONE',  ( -6.928174593052007779, 3.981845238095238493, 8.268922321863218627 ) ) ;
#3513 = CARTESIAN_POINT ( 'NONE',  ( 8.341274074938858973, 3.627600691134963640, -8.415162546892634765 ) ) ;
#3514 = CARTESIAN_POINT ( 'NONE',  ( 7.230423224971601392, 3.273139881571775600, 8.726907792482629489 ) ) ;
#3515 =( BOUNDED_SURFACE ( )  B_SPLINE_SURFACE ( 1, 2, ( 
 ( #5321, #5359, #5287, #6699, #7929, #6624, #225, #2798, #3984, #6551, #5400, #2180, #790, #942, #4734, #4769, #4143, #3436, #4691, #864, #7290, #1541, #3362, #7972, #5920, #7855, #4101, #4023, #4654, #2836, #149, #6588, #1503, #6659, #3514, #903, #3475, #6033, #264, #2101, #2219 ),
 ( #7330, #1463, #2684, #5245, #7813, #825, #2065, #4616, #3400, #5961, #189, #7894, #2142, #1158, #4261, #3717, #6111, #2917, #7550, #2382, #1619, #3632, #4937, #2961, #432, #4219, #7458, #2295, #3549, #5572, #7503, #6200, #1111, #1020, #6741, #1064, #5616, #978, #8180, #5438, #1665 ) ),
 .UNSPECIFIED., .F., .F., .F. ) 
 B_SPLINE_SURFACE_WITH_KNOTS ( ( 2, 2 ),
 ( 3, 2, 2, 2, 2, 2, 2, 2, 2, 2, 2, 2, 2, 2, 2, 2, 2, 2, 2, 2, 3 ),
 ( 0.000000000000000000, 1.000000000000000000 ),
 ( 0.000000000000000000, 0.04166666666666666435, 0.08333333333333332871, 0.1250000000000000000, 0.1666666666666666574, 0.2083333333333333426, 0.2500000000000000000, 0.2916666666666666852, 0.3333333333333333148, 0.3750000000000000000, 0.4166666666666666852, 0.4583333333333333148, 0.5000000000000000000, 0.5416666666666666297, 0.5833333333333333703, 0.6250000000000000000, 0.6666666666666666297, 0.7083333333333333703, 0.7500000000000000000, 0.7916666666666666297, 0.8265940270781430010 ),
 .UNSPECIFIED. ) 
 GEOMETRIC_REPRESENTATION_ITEM ( )  RATIONAL_B_SPLINE_SURFACE ( (
 ( 1.000000000000000000, 0.8660254037844387076, 1.000000000000000000, 0.8660254037844387076, 1.000000000000000000, 0.8660254037844387076, 1.000000000000000000, 0.8660254037844387076, 1.000000000000000000, 0.8660254037844387076, 1.000000000000000000, 0.8660254037844387076, 1.000000000000000000, 0.8660254037844387076, 1.000000000000000000, 0.8660254037844387076, 1.000000000000000000, 0.8660254037844387076, 1.000000000000000000, 0.8660254037844387076, 1.000000000000000000, 0.8660254037844387076, 1.000000000000000000, 0.8660254037844387076, 1.000000000000000000, 0.8660254037844387076, 1.000000000000000000, 0.8660254037844387076, 1.000000000000000000, 0.8660254037844387076, 1.000000000000000000, 0.8660254037844387076, 1.000000000000000000, 0.8660254037844387076, 1.000000000000000000, 0.8660254037844387076, 1.000000000000000000, 0.8660254037844387076, 1.000000000000000000, 0.8876949038079299248, 0.9636707950116654153),
 ( 1.000000000000000000, 0.8660254037844387076, 1.000000000000000000, 0.8660254037844387076, 1.000000000000000000, 0.8660254037844387076, 1.000000000000000000, 0.8660254037844387076, 1.000000000000000000, 0.8660254037844387076, 1.000000000000000000, 0.8660254037844387076, 1.000000000000000000, 0.8660254037844387076, 1.000000000000000000, 0.8660254037844387076, 1.000000000000000000, 0.8660254037844387076, 1.000000000000000000, 0.8660254037844387076, 1.000000000000000000, 0.8660254037844387076, 1.000000000000000000, 0.8660254037844387076, 1.000000000000000000, 0.8660254037844387076, 1.000000000000000000, 0.8660254037844387076, 1.000000000000000000, 0.8660254037844387076, 1.000000000000000000, 0.8660254037844387076, 1.000000000000000000, 0.8660254037844387076, 1.000000000000000000, 0.8660254037844387076, 1.000000000000000000, 0.8660254037844387076, 1.000000000000000000, 0.8876949038079299248, 0.9636707950116654153) ) ) 
 REPRESENTATION_ITEM ( '' )  SURFACE ( )  );
#3516 = CARTESIAN_POINT ( 'NONE',  ( 8.873677329212769749, 3.915699405381301901, -8.410663392672342198 ) ) ;
#3517 = CARTESIAN_POINT ( 'NONE',  ( 8.873677329212670273, 4.766145833952728950, 7.145685793431730382 ) ) ;
#3518 = CARTESIAN_POINT ( 'NONE',  ( 7.230423224971601392, 4.180282738714632629, 8.726907792482629489 ) ) ;
#3519 = CARTESIAN_POINT ( 'NONE',  ( -8.403610545913918983, 4.700000000000000178, 8.525456087499291513 ) ) ;
#3520 = VERTEX_POINT ( 'NONE', #4322 ) ;
#3521 = ORIENTED_EDGE ( 'NONE', *, *, #180, .F. ) ;
#3522 = DIRECTION ( 'NONE',  ( 0.000000000000000000, 0.000000000000000000, -1.000000000000000000 ) ) ;
#3523 = CARTESIAN_POINT ( 'NONE',  ( 8.558478225355621305, 4.048741640836000855, 7.440728733809959472 ) ) ;
#3524 = CARTESIAN_POINT ( 'NONE',  ( -8.117502057091094514, 4.616695995183799361, 6.998830559331105761 ) ) ;
#3525 = CARTESIAN_POINT ( 'NONE',  ( -8.203174593052011687, 3.830654763143550134, -8.514296186268804689 ) ) ;
#3526 = CARTESIAN_POINT ( 'NONE',  ( -8.203174593052008134, 5.796130953619740289, 8.514296186268811795 ) ) ;
#3527 = PLANE ( 'NONE',  #345 ) ;
#3528 = CARTESIAN_POINT ( 'NONE',  ( 8.537475603976774963, 3.199999999999999734, -7.315740539412677101 ) ) ;
#3529 = ORIENTED_EDGE ( 'NONE', *, *, #2149, .F. ) ;
#3530 = ORIENTED_EDGE ( 'NONE', *, *, #4464, .F. ) ;
#3531 = CARTESIAN_POINT ( 'NONE',  ( 8.873677329212773301, 5.692187500619394491, -7.778174593051986108 ) ) ;
#3532 = CARTESIAN_POINT ( 'NONE',  ( 8.725656322819222765, 4.700000000000000178, 7.414797591732507520 ) ) ;
#3533 = CARTESIAN_POINT ( 'NONE',  ( 8.873677329212670273, 5.276413691095585001, 7.145685793431730382 ) ) ;
#3534 = CARTESIAN_POINT ( 'NONE',  ( -8.873677329212721787, 5.918973214905108193, 7.778174593052038510 ) ) ;
#3535 = CARTESIAN_POINT ( 'NONE',  ( -3.827158357936825446E-14, 2.500000000000000000, 12.10000000000000142 ) ) ;
#3536 = CARTESIAN_POINT ( 'NONE',  ( -7.087600249757868731, 3.974438202453647762, 8.274572035694108152 ) ) ;
#3537 = CARTESIAN_POINT ( 'NONE',  ( -8.570507157280257360, 3.766581217813622207, 7.470320717113828834 ) ) ;
#3538 = CARTESIAN_POINT ( 'NONE',  ( 6.683426347833702152, 3.199999999999953992, 7.818825847979385735 ) ) ;
#3539 = DIRECTION ( 'NONE',  ( -0.000000000000000000, -1.000000000000000000, -0.000000000000000000 ) ) ;
#3540 = DIRECTION ( 'NONE',  ( 0.000000000000000000, 0.000000000000000000, 1.000000000000000000 ) ) ;
#3541 = CARTESIAN_POINT ( 'NONE',  ( -8.325925961132364606, 3.121949405381299503, 6.829441393621498158 ) ) ;
#3542 = CARTESIAN_POINT ( 'NONE',  ( -7.105266710978958677, 4.521100618483766986, -8.297587729869945861 ) ) ;
#3543 = CARTESIAN_POINT ( 'NONE',  ( 0.000000000000000000, 1.500000000000000000, 0.000000000000000000 ) ) ;
#3544 = CARTESIAN_POINT ( 'NONE',  ( 7.778174593052059826, 3.764508929190823139, -6.513196993811266822 ) ) ;
#3545 = CARTESIAN_POINT ( 'NONE',  ( -8.622623877917375168, 3.347259128562882768, -7.677816149730392503 ) ) ;
#3546 = CARTESIAN_POINT ( 'NONE',  ( 8.457209413417974275, 4.699999999999999289, -6.871117229316181074 ) ) ;
#3547 = CARTESIAN_POINT ( 'NONE',  ( -7.778174593052006536, 3.452678571428571708, 8.759670050674403186 ) ) ;
#3548 = CARTESIAN_POINT ( 'NONE',  ( -7.778174593052011865, 4.700000000000000178, -8.628174593052033714 ) ) ;
#3549 = CARTESIAN_POINT ( 'NONE',  ( 8.325925961132314868, 3.443229167286061543, 6.829441393621548784 ) ) ;
#3550 = CARTESIAN_POINT ( 'NONE',  ( 7.353174593051957864, 4.737797620286407607, 7.042052999835314964 ) ) ;
#3551 = CARTESIAN_POINT ( 'NONE',  ( 8.628174593051957331, 3.981845238095238493, 8.268922321863270142 ) ) ;
#3552 = CARTESIAN_POINT ( 'NONE',  ( 6.928174593052061070, 4.322023810762598117, -8.268922321863167113 ) ) ;
#3553 =( BOUNDED_CURVE ( )  B_SPLINE_CURVE ( 2, ( #8191, #6833, #6881, #7468, #1073, #1124, #7602, #2430, #3644 ),
 .UNSPECIFIED., .F., .F. ) 
 B_SPLINE_CURVE_WITH_KNOTS ( ( 3, 2, 2, 2, 3 ),
 ( 0.3780574136310113076, 0.4032612412064119356, 0.4536688963572134692, 0.5040765515080150028, 0.5292809571961520909 ),
 .UNSPECIFIED. ) 
 CURVE ( )  GEOMETRIC_REPRESENTATION_ITEM ( )  RATIONAL_B_SPLINE_CURVE ( ( 0.9330127018922194093, 0.9330127018922195203, 1.000000000000000000, 0.8660254037844387076, 1.000000000000000000, 0.8660254037844387076, 1.000000000000000000, 0.9330111653712247488, 0.9330127019274632172 ) ) 
 REPRESENTATION_ITEM ( '' )  );
#3554 = VERTEX_POINT ( 'NONE', #487 ) ;
#3555 = EDGE_LOOP ( 'NONE', ( #4868, #283, #1865, #4398 ) ) ;
#3556 = EDGE_CURVE ( 'NONE', #2232, #7853, #4604, .T. ) ;
#3557 = CARTESIAN_POINT ( 'NONE',  ( 7.230423224971704421, 4.936235119667014004, -8.726907792482524684 ) ) ;
#3558 = CARTESIAN_POINT ( 'NONE',  ( -8.542861939020058415, 4.667288638879602658, 7.402719419682726176 ) ) ;
#3559 = DIRECTION ( 'NONE',  ( 0.000000000000000000, 0.000000000000000000, 1.000000000000000000 ) ) ;
#3560 = CARTESIAN_POINT ( 'NONE',  ( 7.230423224971602281, 4.180282738714635293, 8.726907792482625936 ) ) ;
#3561 = LINE ( 'NONE', #4193, #6000 ) ;
#3562 = CARTESIAN_POINT ( 'NONE',  ( 8.483223083814900534, 4.516227226970031872, -8.252947996615400683 ) ) ;
#3563 = ORIENTED_EDGE ( 'NONE', *, *, #497, .T. ) ;
#3564 = ORIENTED_EDGE ( 'NONE', *, *, #4715, .T. ) ;
#3565 = CARTESIAN_POINT ( 'NONE',  ( 7.778174593052059826, 4.671651786333679723, -6.513196993811266822 ) ) ;
#3566 = CARTESIAN_POINT ( 'NONE',  ( 7.408280159345928872, 4.700000000000000178, -6.837226135073198208 ) ) ;
#3567 = CARTESIAN_POINT ( 'NONE',  ( -7.251861847500084224, 3.631464615435332721, 7.109717684778087410 ) ) ;
#3568 = CARTESIAN_POINT ( 'NONE',  ( 6.682671856891243323, 5.011830357762251609, 7.778174593052089136 ) ) ;
#3569 = CARTESIAN_POINT ( 'NONE',  ( -7.230423224971650242, 5.314211310143203804, 6.829441393621499046 ) ) ;
#3570 = CARTESIAN_POINT ( 'NONE',  ( 7.667534833673379069, 3.442838798517947385, 8.628171667298177638 ) ) ;
#3571 = CARTESIAN_POINT ( 'NONE',  ( 8.425927430606533713E-14, 3.700000000000000178, 8.999999999999854339 ) ) ;
#3572 = CARTESIAN_POINT ( 'NONE',  ( -8.415728998034005315, 3.740157755187003108, 7.215300097132064217 ) ) ;
#3573 = CARTESIAN_POINT ( 'NONE',  ( -7.778174593052004759, 4.133035714285713702, 6.928174593052037977 ) ) ;
#3574 = CARTESIAN_POINT ( 'NONE',  ( 8.628174593052060359, 4.548809525048312707, -7.287426864240803326 ) ) ;
#3575 = LINE ( 'NONE', #4337, #5212 ) ;
#3576 = CIRCLE ( 'NONE', #772, 4.300000000000008704 ) ;
#3577 = CARTESIAN_POINT ( 'NONE',  ( -8.325925961132364606, 3.273139881571775600, 8.726907792482577975 ) ) ;
#3578 = EDGE_CURVE ( 'NONE', #2602, #5852, #7607, .T. ) ;
#3579 = CARTESIAN_POINT ( 'NONE',  ( -7.465967966709836645, 4.387726779652144415, -6.987393949914819657 ) ) ;
#3580 = CARTESIAN_POINT ( 'NONE',  ( 7.175071666557361283, 3.850018809139809317, 8.377184346382749780 ) ) ;
#3581 = CARTESIAN_POINT ( 'NONE',  ( 6.928174593051956265, 3.414880953619740644, 7.287426864240906355 ) ) ;
#3582 = CARTESIAN_POINT ( 'NONE',  ( 7.778174593052059826, 4.218080357762252319, -6.513196993811266822 ) ) ;
#3583 = CARTESIAN_POINT ( 'NONE',  ( -8.610152502510798556, 3.324884084284419394, -7.954456227524447698 ) ) ;
#3584 = EDGE_CURVE ( 'NONE', #8333, #1923, #7310, .T. ) ;
#3585 = DIRECTION ( 'NONE',  ( -0.000000000000000000, -1.000000000000000000, -0.000000000000000000 ) ) ;
#3586 = VECTOR ( 'NONE', #6562, 1000.000000000000000 ) ;
#3587 = CARTESIAN_POINT ( 'NONE',  ( -8.628174593052007069, 3.339285714285714857, 7.778174593052038510 ) ) ;
#3588 = CARTESIAN_POINT ( 'NONE',  ( 2.000000000000115019, 4.700000000000000178, -10.99999999999999467 ) ) ;
#3589 = CARTESIAN_POINT ( 'NONE',  ( -7.162538296687640305, 4.075301273257309731, -8.364936922691226684 ) ) ;
#3590 = CARTESIAN_POINT ( 'NONE',  ( -6.928174593052012220, 4.511011904761904390, -8.268922321863215075 ) ) ;
#3591 = AXIS2_PLACEMENT_3D ( 'NONE', #1539, #5991, #4059 ) ;
#3592 = CARTESIAN_POINT ( 'NONE',  ( 8.628174593051957331, 5.077976191714978604, 7.287426864240907243 ) ) ;
#3593 = CARTESIAN_POINT ( 'NONE',  ( 7.353174593052060892, 4.322023809523809490, -7.042052999835212823 ) ) ;
#3594 = CARTESIAN_POINT ( 'NONE',  ( -7.778185041395166976, 3.566070500581231428, 8.628174592987821967 ) ) ;
#3595 = VERTEX_POINT ( 'NONE', #1173 ) ;
#3596 = ORIENTED_EDGE ( 'NONE', *, *, #607, .F. ) ;
#3597 = DIRECTION ( 'NONE',  ( -0.000000000000000000, -1.000000000000000000, -0.000000000000000000 ) ) ;
#3598 = CARTESIAN_POINT ( 'NONE',  ( 7.230423224971703533, 4.633854167286061809, -6.829441393621446643 ) ) ;
#3599 = DIRECTION ( 'NONE',  ( -0.000000000000000000, -1.000000000000000000, -0.000000000000000000 ) ) ;
#3600 = CARTESIAN_POINT ( 'NONE',  ( 6.123233995736765296E-16, 5.400000000000001243, -4.999999999999999112 ) ) ;
#3601 = FACE_OUTER_BOUND ( 'NONE', #1363, .T. ) ;
#3602 = CARTESIAN_POINT ( 'NONE',  ( 7.616377984591784056, 3.200000000000001510, -6.755936882724235204 ) ) ;
#3603 = ORIENTED_EDGE ( 'NONE', *, *, #3723, .T. ) ;
#3604 = ORIENTED_EDGE ( 'NONE', *, *, #2878, .T. ) ;
#3605 = CARTESIAN_POINT ( 'NONE',  ( 8.873677329212773301, 4.785044643476537019, -7.778174593051986108 ) ) ;
#3606 = DIRECTION ( 'NONE',  ( 0.000000000000000000, 1.000000000000000000, 0.000000000000000000 ) ) ;
#3607 = CARTESIAN_POINT ( 'NONE',  ( -7.778174593052010977, 4.926785715524502507, -6.796679135429670282 ) ) ;
#3608 = CARTESIAN_POINT ( 'NONE',  ( -7.721373419799300919, 3.457725422190869757, 8.626341472171260349 ) ) ;
#3609 = CARTESIAN_POINT ( 'NONE',  ( -7.778174593052010977, 4.671651786333679723, -6.513196993811314783 ) ) ;
#3610 = CARTESIAN_POINT ( 'NONE',  ( -8.873677329212721787, 5.049627976809870411, 8.410663392672399041 ) ) ;
#3611 = CARTESIAN_POINT ( 'NONE',  ( 8.325925961132314868, 4.199181548238442474, 8.726907792482629489 ) ) ;
#3612 = CARTESIAN_POINT ( 'NONE',  ( -8.112810950023634504, 3.709173186507632280, 6.996815903676260717 ) ) ;
#3613 = CARTESIAN_POINT ( 'NONE',  ( 6.688706059851950769, 3.200000000000000178, 7.961009784919613530 ) ) ;
#3614 = EDGE_CURVE ( 'NONE', #351, #5040, #8131, .T. ) ;
#3615 = CARTESIAN_POINT ( 'NONE',  ( -7.367361075967815864, 4.700000000000000178, 8.793732813498570167 ) ) ;
#3616 = CARTESIAN_POINT ( 'NONE',  ( 6.928174593051957153, 3.452678572667359447, 7.778174593052089136 ) ) ;
#3617 = CARTESIAN_POINT ( 'NONE',  ( -6.682671856891293061, 4.331473214905108726, 7.778174593052038510 ) ) ;
#3618 = CARTESIAN_POINT ( 'NONE',  ( -7.230423224971654683, 3.348735119667013649, -6.829441393621495493 ) ) ;
#3619 = EDGE_CURVE ( 'NONE', #5243, #2292, #6499, .T. ) ;
#3620 = CARTESIAN_POINT ( 'NONE',  ( 7.095763246549400272, 3.839360057810209614, 8.285159026831435014 ) ) ;
#3621 = CARTESIAN_POINT ( 'NONE',  ( 7.678370999577722955, 3.034342311269904613, 6.570818625369809318 ) ) ;
#3622 = CARTESIAN_POINT ( 'NONE',  ( 8.873677329212773301, 4.293675595857489924, -7.145685793431626465 ) ) ;
#3623 = CARTESIAN_POINT ( 'NONE',  ( -8.451090607903299912, 3.387170871120551929, -7.258771984549320599 ) ) ;
#3624 = CARTESIAN_POINT ( 'NONE',  ( -8.872922838270266510, 3.199999999999953992, -7.737523338124739247 ) ) ;
#3625 = AXIS2_PLACEMENT_3D ( 'NONE', #914, #354, #2772 ) ;
#3626 = CARTESIAN_POINT ( 'NONE',  ( -8.628174593052007069, 4.284226190476190688, 8.268922321863222180 ) ) ;
#3627 = EDGE_LOOP ( 'NONE', ( #1838, #5568, #4447, #7901 ) ) ;
#3628 = COLOUR_RGB ( '',1.000000000000000000, 1.000000000000000000, 1.000000000000000000 ) ;
#3629 = CARTESIAN_POINT ( 'NONE',  ( 7.789900147022784438, 3.453721103017633354, -6.928250432681670290 ) ) ;
#3630 = CARTESIAN_POINT ( 'NONE',  ( 8.203174593051956620, 5.758333333333332860, 8.514296186268863309 ) ) ;
#3631 = EDGE_CURVE ( 'NONE', #1027, #4899, #6885, .T. ) ;
#3632 = CARTESIAN_POINT ( 'NONE',  ( 7.778174593051957686, 3.707812500619394491, 9.043152192292808422 ) ) ;
#3633 = CYLINDRICAL_SURFACE ( 'NONE', #2708, 13.50000000000009770 ) ;
#3634 = CARTESIAN_POINT ( 'NONE',  ( 7.778174593051957686, 5.522098214905109437, 9.043152192292808422 ) ) ;
#3635 = CARTESIAN_POINT ( 'NONE',  ( 8.873677329212670273, 3.424330357762251698, 7.778174593052089136 ) ) ;
#3636 = AXIS2_PLACEMENT_3D ( 'NONE', #6165, #6293, #1125 ) ;
#3637 = DIRECTION ( 'NONE',  ( 0.000000000000000000, 0.000000000000000000, 1.000000000000000000 ) ) ;
#3638 = VERTEX_POINT ( 'NONE', #3778 ) ;
#3639 = EDGE_LOOP ( 'NONE', ( #2199, #2273, #4391, #5757, #561, #1171, #1987, #756, #6877, #869, #2082 ) ) ;
#3640 = EDGE_CURVE ( 'NONE', #7936, #2346, #696, .T. ) ;
#3641 = AXIS2_PLACEMENT_3D ( 'NONE', #5186, #4600, #7160 ) ;
#3642 = CARTESIAN_POINT ( 'NONE',  ( -7.095771549087583452, 4.519718431719301321, 7.271178998693837769 ) ) ;
#3643 = CARTESIAN_POINT ( 'NONE',  ( 1.152188841818234133E-13, 1.500000000000000000, -12.09999999999999787 ) ) ;
#3644 = CARTESIAN_POINT ( 'NONE',  ( 7.778164144709262651, 3.566070500581264291, -6.928174593116203539 ) ) ;
#3645 = DIRECTION ( 'NONE',  ( 1.224646799147351482E-16, 0.000000000000000000, -1.000000000000000000 ) ) ;
#3646 = CARTESIAN_POINT ( 'NONE',  ( 7.778174593051956798, 4.700000000000000178, 7.778174593052089136 ) ) ;
#3647 = FACE_OUTER_BOUND ( 'NONE', #5376, .T. ) ;
#3648 = AXIS2_PLACEMENT_3D ( 'NONE', #6686, #3972, #1529 ) ;
#3649 = CARTESIAN_POINT ( 'NONE',  ( 8.516050070681574269, 4.435504974187564287, -7.352436224774130835 ) ) ;
#3650 = ORIENTED_EDGE ( 'NONE', *, *, #5429, .F. ) ;
#3651 = ORIENTED_EDGE ( 'NONE', *, *, #7497, .T. ) ;
#3652 = CARTESIAN_POINT ( 'NONE',  ( -8.422019096055926468, 3.844804263502195507, -7.223049557236765672 ) ) ;
#3653 = CARTESIAN_POINT ( 'NONE',  ( 7.558354301061034342, 4.700000000000004619, -6.771205625720464027 ) ) ;
#3654 = CARTESIAN_POINT ( 'NONE',  ( -6.928174593052012220, 5.077976191714978604, -8.268922321863215075 ) ) ;
#3655 = CIRCLE ( 'NONE', #4733, 1.100000000000000311 ) ;
#3656 = CYLINDRICAL_SURFACE ( 'NONE', #899, 7.000000000000000000 ) ;
#3657 = CARTESIAN_POINT ( 'NONE',  ( 8.873677329212670273, 5.635491072047965844, 7.778174593052089136 ) ) ;
#3658 = CARTESIAN_POINT ( 'NONE',  ( 6.965065845407525380, 4.225664182822715276, 7.530015571874624669 ) ) ;
#3659 = CARTESIAN_POINT ( 'NONE',  ( 7.438849756839981175, 3.255981495661457004, 6.998829415396910392 ) ) ;
#3660 = FACE_OUTER_BOUND ( 'NONE', #6419, .T. ) ;
#3661 = CARTESIAN_POINT ( 'NONE',  ( 0.000000000000000000, 0.2999999999999956035, 0.000000000000000000 ) ) ;
#3662 = DIRECTION ( 'NONE',  ( -0.000000000000000000, -1.000000000000000000, -0.000000000000000000 ) ) ;
#3663 = CARTESIAN_POINT ( 'NONE',  ( 7.778174593052059826, 4.926785715524502507, -6.796679135429623209 ) ) ;
#3664 = CARTESIAN_POINT ( 'NONE',  ( 7.550417779485503189, 3.359541398523759881, 6.928174593052087715 ) ) ;
#3665 = CARTESIAN_POINT ( 'NONE',  ( -8.603759038251363123, 4.683143529623610135, -7.982687184852286677 ) ) ;
#3666 = EDGE_CURVE ( 'NONE', #1407, #2682, #7782, .T. ) ;
#3667 = CARTESIAN_POINT ( 'NONE',  ( -7.877978186487495371, 3.091038739838659843, -8.985530560756684437 ) ) ;
#3668 = CARTESIAN_POINT ( 'NONE',  ( 6.937242627301313469, 3.803025182565447526, 7.905044026248357447 ) ) ;
#3669 = FACE_OUTER_BOUND ( 'NONE', #3867, .T. ) ;
#3670 = DIRECTION ( 'NONE',  ( 0.000000000000000000, 0.000000000000000000, -1.000000000000000000 ) ) ;
#3671 = CARTESIAN_POINT ( 'NONE',  ( -8.325925961132364606, 3.575520833952730460, -8.726907792482567316 ) ) ;
#3672 = CARTESIAN_POINT ( 'NONE',  ( -8.873677329212725340, 5.956770833952727884, -7.145685793431673538 ) ) ;
#3673 = ORIENTED_EDGE ( 'NONE', *, *, #3619, .F. ) ;
#3674 = FACE_OUTER_BOUND ( 'NONE', #984, .T. ) ;
#3675 = MANIFOLD_SOLID_BREP ( 'ÕπÃ®-¿≠…Ï4', #4008 ) ;
#3676 = CARTESIAN_POINT ( 'NONE',  ( -8.622623877911848922, 3.347259128566617559, 7.878533036422449953 ) ) ;
#3677 = CARTESIAN_POINT ( 'NONE',  ( -8.325925961132364606, 4.577157738714633162, 8.726907792482577975 ) ) ;
#3678 = CARTESIAN_POINT ( 'NONE',  ( 7.678376467601380817, 5.968783067290215349, 8.985533717699295764 ) ) ;
#3679 = DIRECTION ( 'NONE',  ( 0.000000000000000000, -0.7071067811865495711, -0.7071067811865454633 ) ) ;
#3680 =( BOUNDED_CURVE ( )  B_SPLINE_CURVE ( 2, ( #7067, #5258, #7109, #4587, #5175 ),
 .UNSPECIFIED., .F., .F. ) 
 B_SPLINE_CURVE_WITH_KNOTS ( ( 3, 2, 3 ),
 ( 0.000000000000000000, 0.05040767777690183943, 0.09391603028572814704 ),
 .UNSPECIFIED. ) 
 CURVE ( )  GEOMETRIC_REPRESENTATION_ITEM ( )  RATIONAL_B_SPLINE_CURVE ( ( 1.000000000000000000, 0.8660254037844387076, 1.000000000000000000, 0.8843625769635172773, 0.9683452906431516682 ) ) 
 REPRESENTATION_ITEM ( '' )  );
#3681 = CARTESIAN_POINT ( 'NONE',  ( 8.425927430606533713E-14, 4.700000000000000178, 10.99999999999985434 ) ) ;
#3682 = ORIENTED_EDGE ( 'NONE', *, *, #3768, .T. ) ;
#3683 = ORIENTED_EDGE ( 'NONE', *, *, #4134, .F. ) ;
#3684 = EDGE_CURVE ( 'NONE', #1944, #6531, #4895, .T. ) ;
#3685 = DIRECTION ( 'NONE',  ( 0.000000000000000000, 0.000000000000000000, 1.000000000000000000 ) ) ;
#3686 = CARTESIAN_POINT ( 'NONE',  ( -8.325925961132361053, 3.726711310143207001, 8.726907792482574422 ) ) ;
#3687 = FACE_OUTER_BOUND ( 'NONE', #5826, .T. ) ;
#3688 = DIRECTION ( 'NONE',  ( 0.000000000000000000, 0.000000000000000000, 1.000000000000000000 ) ) ;
#3689 = CARTESIAN_POINT ( 'NONE',  ( 8.604095356851294341, 4.490311245427974107, -7.986512551831272511 ) ) ;
#3690 = ORIENTED_EDGE ( 'NONE', *, *, #4298, .F. ) ;
#3691 = EDGE_LOOP ( 'NONE', ( #8276, #7760 ) ) ;
#3692 = CARTESIAN_POINT ( 'NONE',  ( -8.341283107691483067, 3.854385445215112505, -7.141194633209043907 ) ) ;
#3693 = CARTESIAN_POINT ( 'NONE',  ( 7.778174606981106187, 4.700000000000001066, -8.628174593051983976 ) ) ;
#3694 = CARTESIAN_POINT ( 'NONE',  ( -8.325925961132368158, 5.030729167286061454, -6.829441393621494605 ) ) ;
#3695 = CARTESIAN_POINT ( 'NONE',  ( -7.500074284171110328, 3.477500858268743222, 8.583356699089449648 ) ) ;
#3696 = CARTESIAN_POINT ( 'NONE',  ( -8.325925961132368158, 5.087425595857490102, -6.829441393621494605 ) ) ;
#3697 = CARTESIAN_POINT ( 'NONE',  ( 7.123392489981953624, 4.296896375648678656, 8.320521832881023983 ) ) ;
#3698 = DIRECTION ( 'NONE',  ( -0.000000000000000000, -1.000000000000000000, -0.000000000000000000 ) ) ;
#3699 = DIRECTION ( 'NONE',  ( 0.000000000000000000, 0.000000000000000000, 1.000000000000000000 ) ) ;
#3700 = CARTESIAN_POINT ( 'NONE',  ( 2.000000000000083933, 3.700000000000000178, 10.99999999999985434 ) ) ;
#3701 = CIRCLE ( 'NONE', #7321, 13.50000000000009770 ) ;
#3702 = CARTESIAN_POINT ( 'NONE',  ( 6.928174593052061070, 4.851190477429264902, -7.287426864240805102 ) ) ;
#3703 = CARTESIAN_POINT ( 'NONE',  ( 7.778164144709109884, 3.566070500581259850, 8.628174592987873481 ) ) ;
#3704 = ORIENTED_EDGE ( 'NONE', *, *, #5849, .F. ) ;
#3705 = CARTESIAN_POINT ( 'NONE',  ( 0.000000000000000000, 0.000000000000000000, 6.700000000000001066 ) ) ;
#3706 = CARTESIAN_POINT ( 'NONE',  ( -7.230423224971654683, 4.199181548238442474, -6.829441393621495493 ) ) ;
#3707 = CARTESIAN_POINT ( 'NONE',  ( 7.104540465730380561, 3.745154822542991813, 7.259021070501378681 ) ) ;
#3708 = CARTESIAN_POINT ( 'NONE',  ( 6.928174593051956265, 3.490476191714978693, 8.268922321863271918 ) ) ;
#3709 = CARTESIAN_POINT ( 'NONE',  ( 8.117484402333539961, 4.389908844359366569, 8.557526313660863693 ) ) ;
#3710 = DIRECTION ( 'NONE',  ( -0.000000000000000000, -1.000000000000000000, -0.000000000000000000 ) ) ;
#3711 = AXIS2_PLACEMENT_3D ( 'NONE', #2619, #6394, #1862 ) ;
#3712 = CARTESIAN_POINT ( 'NONE',  ( -8.325925961132364606, 3.726711310143207001, -6.829441393621498158 ) ) ;
#3713 = CARTESIAN_POINT ( 'NONE',  ( -6.682671856891293061, 3.424330357762251698, 7.778174593052038510 ) ) ;
#3714 = ORIENTED_EDGE ( 'NONE', *, *, #3438, .F. ) ;
#3715 = CARTESIAN_POINT ( 'NONE',  ( 7.942799523181980348, 3.467318975107066326, -6.943414173548855040 ) ) ;
#3716 = CARTESIAN_POINT ( 'NONE',  ( 5.510910596163088569E-16, 6.000000000000000000, 4.500000000000000000 ) ) ;
#3717 = CARTESIAN_POINT ( 'NONE',  ( 7.778174593051957686, 3.934598214905108637, 6.513196993811369850 ) ) ;
#3718 = AXIS2_PLACEMENT_3D ( 'NONE', #481, #4227, #3685 ) ;
#3719 = SURFACE_STYLE_USAGE ( .BOTH. , #4894 ) ;
#3720 = CARTESIAN_POINT ( 'NONE',  ( 6.928174593051956265, 5.682738096476882994, 7.287426864240906355 ) ) ;
#3721 = CARTESIAN_POINT ( 'NONE',  ( 8.628174593052060359, 4.057440476190476097, -8.268922321863168889 ) ) ;
#3722 = AXIS2_PLACEMENT_3D ( 'NONE', #7282, #2210, #3501 ) ;
#3723 = EDGE_CURVE ( 'NONE', #8134, #2439, #6484, .T. ) ;
#3724 = CARTESIAN_POINT ( 'NONE',  ( -7.778174593052010977, 3.339285715524503040, 6.928174593052039754 ) ) ;
#3725 = ADVANCED_FACE ( 'NONE', ( #1905 ), #5095, .F. ) ;
#3726 = ORIENTED_EDGE ( 'NONE', *, *, #3889, .T. ) ;
#3727 = ORIENTED_EDGE ( 'NONE', *, *, #5290, .T. ) ;
#3728 = DIRECTION ( 'NONE',  ( 0.000000000000000000, 0.000000000000000000, -1.000000000000000000 ) ) ;
#3729 = CARTESIAN_POINT ( 'NONE',  ( 8.325925961132416120, 5.163020833952727706, -6.829441393621446643 ) ) ;
#3730 = CARTESIAN_POINT ( 'NONE',  ( -8.271048560926839599, 4.315171625379591092, 8.471240256033119920 ) ) ;
#3731 = CARTESIAN_POINT ( 'NONE',  ( 5.265981236333629317E-16, 0.000000000000000000, 4.300000000000008704 ) ) ;
#3732 = ORIENTED_EDGE ( 'NONE', *, *, #5479, .F. ) ;
#3733 = CARTESIAN_POINT ( 'NONE',  ( 5.755839955992558669E-16, 5.800000000000000711, -4.699999999999999289 ) ) ;
#3734 =( BOUNDED_SURFACE ( )  B_SPLINE_SURFACE ( 1, 2, ( 
 ( #2613, #6521, #759, #3333, #5895, #7023, #1267, #3827, #6387, #5765, #8336, #2573, #1437, #117, #911, #5330, #6594, #2074, #7296, #159, #7825, #2150, #2804, #2338, #7865, #6630, #7902, #6039, #3630, #5255, #7222, #1705, #4260, #834, #273, #196, #4700, #5525, #7259, #6668, #3482 ),
 ( #2769, #1511, #4069, #4742, #2960, #870, #8093, #4031, #2111, #4109, #6003, #4892, #5366, #7457, #1549, #2733, #4663, #7939, #3408, #6824, #3443, #5295, #5967, #1471, #234, #1063, #2692, #4625, #2189, #7183, #3993, #6561, #798, #3369, #5927, #4350, #7679, #6322, #3084, #5701, #1199 ) ),
 .UNSPECIFIED., .F., .F., .F. ) 
 B_SPLINE_SURFACE_WITH_KNOTS ( ( 2, 2 ),
 ( 3, 2, 2, 2, 2, 2, 2, 2, 2, 2, 2, 2, 2, 2, 2, 2, 2, 2, 2, 2, 3 ),
 ( 0.000000000000000000, 1.000000000000000000 ),
 ( 0.000000000000000000, 0.04166666666666666435, 0.08333333333333332871, 0.1250000000000000000, 0.1666666666666666574, 0.2083333333333333426, 0.2500000000000000000, 0.2916666666666666852, 0.3333333333333333148, 0.3750000000000000000, 0.4166666666666666852, 0.4583333333333333148, 0.5000000000000000000, 0.5416666666666666297, 0.5833333333333333703, 0.6250000000000000000, 0.6666666666666666297, 0.7083333333333333703, 0.7500000000000000000, 0.7916666666666666297, 0.8265936560513300613 ),
 .UNSPECIFIED. ) 
 GEOMETRIC_REPRESENTATION_ITEM ( )  RATIONAL_B_SPLINE_SURFACE ( (
 ( 1.000000000000000000, 0.8660254037844387076, 1.000000000000000000, 0.8660254037844387076, 1.000000000000000000, 0.8660254037844387076, 1.000000000000000000, 0.8660254037844387076, 1.000000000000000000, 0.8660254037844387076, 1.000000000000000000, 0.8660254037844387076, 1.000000000000000000, 0.8660254037844387076, 1.000000000000000000, 0.8660254037844387076, 1.000000000000000000, 0.8660254037844387076, 1.000000000000000000, 0.8660254037844387076, 1.000000000000000000, 0.8660254037844387076, 1.000000000000000000, 0.8660254037844387076, 1.000000000000000000, 0.8660254037844387076, 1.000000000000000000, 0.8660254037844387076, 1.000000000000000000, 0.8660254037844387076, 1.000000000000000000, 0.8660254037844387076, 1.000000000000000000, 0.8660254037844387076, 1.000000000000000000, 0.8660254037844387076, 1.000000000000000000, 0.8660254037844387076, 1.000000000000000000, 0.8876960968039486755, 0.9636691808775652568),
 ( 1.000000000000000000, 0.8660254037844387076, 1.000000000000000000, 0.8660254037844387076, 1.000000000000000000, 0.8660254037844387076, 1.000000000000000000, 0.8660254037844387076, 1.000000000000000000, 0.8660254037844387076, 1.000000000000000000, 0.8660254037844387076, 1.000000000000000000, 0.8660254037844387076, 1.000000000000000000, 0.8660254037844387076, 1.000000000000000000, 0.8660254037844387076, 1.000000000000000000, 0.8660254037844387076, 1.000000000000000000, 0.8660254037844387076, 1.000000000000000000, 0.8660254037844387076, 1.000000000000000000, 0.8660254037844387076, 1.000000000000000000, 0.8660254037844387076, 1.000000000000000000, 0.8660254037844387076, 1.000000000000000000, 0.8660254037844387076, 1.000000000000000000, 0.8660254037844387076, 1.000000000000000000, 0.8660254037844387076, 1.000000000000000000, 0.8660254037844387076, 1.000000000000000000, 0.8876960968039486755, 0.9636691808775652568) ) ) 
 REPRESENTATION_ITEM ( '' )  SURFACE ( )  );
#3735 = CARTESIAN_POINT ( 'NONE',  ( 7.778174593051958574, 4.586607142857143771, 6.928174593052088603 ) ) ;
#3736 = ADVANCED_FACE ( 'NONE', ( #6265 ), #1273, .T. ) ;
#3737 = ORIENTED_EDGE ( 'NONE', *, *, #7315, .T. ) ;
#3738 = ORIENTED_EDGE ( 'NONE', *, *, #1090, .T. ) ;
#3739 = CARTESIAN_POINT ( 'NONE',  ( -7.873038513820366902, 3.687901062981548073, -8.628174593052037267 ) ) ;
#3740 = CARTESIAN_POINT ( 'NONE',  ( -7.778174593051655705, 4.473214286953105301, 8.628174593052039043 ) ) ;
#3741 = CARTESIAN_POINT ( 'NONE',  ( -8.628174593052010621, 5.304761906000692306, -7.287426864240853064 ) ) ;
#3742 = CARTESIAN_POINT ( 'NONE',  ( -7.406347506209948861, 3.485451648103008448, 8.542745525018739627 ) ) ;
#3743 = CARTESIAN_POINT ( 'NONE',  ( 7.678392956794726665, 6.025480633699511479, 8.985543237739513245 ) ) ;
#3744 = CARTESIAN_POINT ( 'NONE',  ( 7.073121243655096535, 4.289440740796567120, 8.252940781249421320 ) ) ;
#3745 = LINE ( 'NONE', #1225, #7387 ) ;
#3746 = CARTESIAN_POINT ( 'NONE',  ( 9.797174393178825657E-16, 1.000000000000000000, -8.000000000000000000 ) ) ;
#3747 = DIRECTION ( 'NONE',  ( -0.000000000000000000, -1.000000000000000000, -0.000000000000000000 ) ) ;
#3748 = CARTESIAN_POINT ( 'NONE',  ( 8.628174593052060359, 5.002380953619740112, -7.287426864240803326 ) ) ;
#3749 = CARTESIAN_POINT ( 'NONE',  ( 7.778174593052059826, 4.700000000000000178, -7.778174593051986108 ) ) ;
#3750 = ORIENTED_EDGE ( 'NONE', *, *, #2436, .T. ) ;
#3751 = CARTESIAN_POINT ( 'NONE',  ( 6.928174593051957153, 4.359821429810216920, 7.778174593052089136 ) ) ;
#3752 = CARTESIAN_POINT ( 'NONE',  ( -6.682671856891298390, 3.877901786333680434, -7.778174593052033181 ) ) ;
#3753 = CARTESIAN_POINT ( 'NONE',  ( 0.000000000000000000, 5.200000000000000178, 0.000000000000000000 ) ) ;
#3754 = CARTESIAN_POINT ( 'NONE',  ( 11.00000000000001243, 4.700000000000000178, -2.000000000000228706 ) ) ;
#3755 = CARTESIAN_POINT ( 'NONE',  ( 7.678370999578008060, 3.034342311269892178, -8.985530560734369843 ) ) ;
#3756 = CARTESIAN_POINT ( 'NONE',  ( 8.325925961132417896, 4.199181548238442474, -6.829441393621446643 ) ) ;
#3757 = CARTESIAN_POINT ( 'NONE',  ( -8.873677329212720011, 3.688913691095587755, -7.145685793431677091 ) ) ;
#3758 = CARTESIAN_POINT ( 'NONE',  ( -6.682671856891293061, 4.785044643476537019, 7.778174593052038510 ) ) ;
#3759 = VERTEX_POINT ( 'NONE', #3746 ) ;
#3760 = EDGE_CURVE ( 'NONE', #1627, #7693, #7209, .T. ) ;
#3761 = CARTESIAN_POINT ( 'NONE',  ( 7.778164144709860395, 4.019641929152755644, 8.628174592987873481 ) ) ;
#3762 = DIRECTION ( 'NONE',  ( 0.000000000000000000, 0.000000000000000000, 1.000000000000000000 ) ) ;
#3763 = CARTESIAN_POINT ( 'NONE',  ( -7.230423224971654683, 3.802306548238441941, -6.829441393621495493 ) ) ;
#3764 = LINE ( 'NONE', #2637, #945 ) ;
#3765 = CARTESIAN_POINT ( 'NONE',  ( 7.230423224971601392, 3.273139881571775600, 8.726907792482629489 ) ) ;
#3766 = AXIS2_PLACEMENT_3D ( 'NONE', #7393, #3458, #7437 ) ;
#3767 = CARTESIAN_POINT ( 'NONE',  ( -7.550417779485553815, 3.319030032525245755, 6.928174593052038865 ) ) ;
#3768 = EDGE_CURVE ( 'NONE', #7693, #3019, #1926, .T. ) ;
#3769 = ORIENTED_EDGE ( 'NONE', *, *, #3130, .T. ) ;
#3770 = EDGE_LOOP ( 'NONE', ( #3914, #6629, #957, #3151 ) ) ;
#3771 = CARTESIAN_POINT ( 'NONE',  ( -7.040299115422447684, 4.435504974186909699, 8.203912961329814735 ) ) ;
#3772 = CARTESIAN_POINT ( 'NONE',  ( 6.928174593052061070, 4.700000000000000178, -7.778174593051986108 ) ) ;
#3773 = EDGE_CURVE ( 'NONE', #2472, #1944, #6785, .T. ) ;
#3774 = CARTESIAN_POINT ( 'NONE',  ( -8.304497449821278465, 4.311820723663391419, 8.446623506110849888 ) ) ;
#3775 = CARTESIAN_POINT ( 'NONE',  ( 7.040291449017382241, 4.662292042363787914, -8.203899609985375818 ) ) ;
#3776 = EDGE_LOOP ( 'NONE', ( #5445, #2014 ) ) ;
#3777 = CARTESIAN_POINT ( 'NONE',  ( 8.873677329212664944, 3.386532738714635116, 8.410663392672447003 ) ) ;
#3778 = CARTESIAN_POINT ( 'NONE',  ( 0.000000000000000000, 5.400000000000001243, -4.500000000000000000 ) ) ;
#3779 = CIRCLE ( 'NONE', #1763, 1.249999999999999334 ) ;
#3780 = CONICAL_SURFACE ( 'NONE', #3926, 4.300000000000008704, 0.7853981633974453924 ) ;
#3781 = VERTEX_POINT ( 'NONE', #1730 ) ;
#3782 = EDGE_LOOP ( 'NONE', ( #6320, #2843, #550 ) ) ;
#3783 = CARTESIAN_POINT ( 'NONE',  ( -8.627157786783509863, 3.796671116427966286, -7.729246598852075323 ) ) ;
#3784 = CARTESIAN_POINT ( 'NONE',  ( -6.682671856891297502, 4.312574405381298881, -8.410663392672393712 ) ) ;
#3785 = CARTESIAN_POINT ( 'NONE',  ( -8.604096236016431476, 4.263525202690592764, -7.569840399780520812 ) ) ;
#3786 = CARTESIAN_POINT ( 'NONE',  ( -7.581391819287347289, 3.470199092117885797, 8.605559655384027451 ) ) ;
#3787 = CARTESIAN_POINT ( 'NONE',  ( -7.230423224971655571, 4.709449405381298526, -6.829441393621494605 ) ) ;
#3788 = CARTESIAN_POINT ( 'NONE',  ( 6.980149332137452589, 4.221565028001156961, 7.485393814637991028 ) ) ;
#3789 = CARTESIAN_POINT ( 'NONE',  ( -7.778174593052004759, 3.792857144095930888, 6.928174593052037977 ) ) ;
#3790 = CARTESIAN_POINT ( 'NONE',  ( -7.778174579122964616, 4.700000000000001066, 6.928174593052038865 ) ) ;
#3791 = COLOUR_RGB ( '',1.000000000000000000, 1.000000000000000000, 1.000000000000000000 ) ;
#3792 = CARTESIAN_POINT ( 'NONE',  ( -8.873677329212721787, 4.501562500619394669, 7.778174593052038510 ) ) ;
#3793 = CARTESIAN_POINT ( 'NONE',  ( 8.619106235781909930, 3.576239656063401107, 7.651302903770127450 ) ) ;
#3794 = CARTESIAN_POINT ( 'NONE',  ( 6.928174593052061070, 3.036904763143550401, -7.287426864240803326 ) ) ;
#3795 = AXIS2_PLACEMENT_3D ( 'NONE', #1983, #1349, #6555 ) ;
#3796 = ORIENTED_EDGE ( 'NONE', *, *, #1420, .F. ) ;
#3797 = CARTESIAN_POINT ( 'NONE',  ( -8.227557302304303377, 4.626275625777237721, -8.500182742560474125 ) ) ;
#3798 = CIRCLE ( 'NONE', #7832, 1.249999999999999334 ) ;
#3799 = CARTESIAN_POINT ( 'NONE',  ( -8.325925961132368158, 3.121949405381299503, -8.726907792482570869 ) ) ;
#3800 = CARTESIAN_POINT ( 'NONE',  ( -8.110483771515268003, 3.199999999999998401, -8.673292551117071980 ) ) ;
#3801 = ADVANCED_FACE ( 'NONE', ( #3660 ), #8184, .F. ) ;
#3802 = CARTESIAN_POINT ( 'NONE',  ( 8.381273594911105462, 4.076804994218421463, -8.377188266218622559 ) ) ;
#3803 = CARTESIAN_POINT ( 'NONE',  ( 6.682671856891347240, 3.632217262524156443, -7.145685793431625576 ) ) ;
#3804 = CARTESIAN_POINT ( 'NONE',  ( -8.337801021851571903, 3.276790899935900114, -8.420265364941782238 ) ) ;
#3805 = CARTESIAN_POINT ( 'NONE',  ( -7.500074284114174539, 3.477500858273266271, -6.972992487034288978 ) ) ;
#3806 = CARTESIAN_POINT ( 'NONE',  ( 7.040295322090175389, 4.208719936845089826, -8.203906258965163900 ) ) ;
#3807 = CARTESIAN_POINT ( 'NONE',  ( -7.778174593052006536, 3.537723214905108549, 6.513196993811319224 ) ) ;
#3808 = ORIENTED_EDGE ( 'NONE', *, *, #1962, .F. ) ;
#3809 = CARTESIAN_POINT ( 'NONE',  ( -6.972020730586429238, 3.543298386994761628, -7.507888654915796600 ) ) ;
#3810 = CARTESIAN_POINT ( 'NONE',  ( -8.374019005254796255, 3.397253328245753767, 8.384369630804719975 ) ) ;
#3811 = CARTESIAN_POINT ( 'NONE',  ( -6.928174593052012220, 3.528273809523809312, -7.287426864240853064 ) ) ;
#3812 = DIRECTION ( 'NONE',  ( 0.000000000000000000, 0.000000000000000000, -1.000000000000000000 ) ) ;
#3813 = CARTESIAN_POINT ( 'NONE',  ( 8.325925961132417896, 3.348735119667013649, -6.829441393621446643 ) ) ;
#3814 = CARTESIAN_POINT ( 'NONE',  ( -8.873677329212725340, 4.558258929190823316, -7.778174593052033181 ) ) ;
#3815 = VERTEX_POINT ( 'NONE', #2774 ) ;
#3816 = ORIENTED_EDGE ( 'NONE', *, *, #1894, .T. ) ;
#3817 = CARTESIAN_POINT ( 'NONE',  ( -6.980151383873552717, 4.448350220747862238, 8.070960968676565983 ) ) ;
#3818 = CARTESIAN_POINT ( 'NONE',  ( -8.603753563887954314, 4.229570151609077122, 7.573640233918839115 ) ) ;
#3819 = CARTESIAN_POINT ( 'NONE',  ( 7.105258578186290919, 3.840742299690140804, -7.258771984568090474 ) ) ;
#3820 = ORIENTED_EDGE ( 'NONE', *, *, #4000, .T. ) ;
#3821 = CARTESIAN_POINT ( 'NONE',  ( -7.015191551879150111, 4.052404133426863453, 7.403262525222369383 ) ) ;
#3822 = CARTESIAN_POINT ( 'NONE',  ( 8.005931413083013481, 4.679744317664826347, 6.928174596783986949 ) ) ;
#3823 = ADVANCED_FACE ( 'NONE', ( #4780 ), #4865, .F. ) ;
#3824 = ORIENTED_EDGE ( 'NONE', *, *, #5784, .T. ) ;
#3825 = EDGE_LOOP ( 'NONE', ( #4934, #5086, #6967, #3603 ) ) ;
#3826 = CARTESIAN_POINT ( 'NONE',  ( -8.152827122678839800, 3.872925990768037341, -7.013194509852711533 ) ) ;
#3827 = CARTESIAN_POINT ( 'NONE',  ( 8.628174593051957331, 4.964583333333334458, 7.287426864240907243 ) ) ;
#3828 = CARTESIAN_POINT ( 'NONE',  ( -8.576199853964290298, 4.221565028000632935, -8.070955371472159356 ) ) ;
#3829 = EDGE_CURVE ( 'NONE', #6049, #351, #2918, .T. ) ;
#3830 = CARTESIAN_POINT ( 'NONE',  ( -6.682671856891293061, 3.859002976809871033, 7.145685793431678867 ) ) ;
#3831 = CARTESIAN_POINT ( 'NONE',  ( -7.778174593052010977, 5.068526786333681144, -6.513196993811314783 ) ) ;
#3832 = CARTESIAN_POINT ( 'NONE',  ( 7.188516739852831350, 4.305078908143150862, 8.390403739645885040 ) ) ;
#3833 = CARTESIAN_POINT ( 'NONE',  ( -6.682671856891298390, 3.329836310143203804, -7.145685793431673538 ) ) ;
#3834 = CARTESIAN_POINT ( 'NONE',  ( -6.764932602212124557, 4.700000000000001066, 7.567256094476438655 ) ) ;
#3835 = DIRECTION ( 'NONE',  ( 0.000000000000000000, 1.000000000000000000, 0.000000000000000000 ) ) ;
#3836 = CARTESIAN_POINT ( 'NONE',  ( 8.472238909788350369, 3.610803911135472610, 7.287424440346399024 ) ) ;
#3837 = EDGE_CURVE ( 'NONE', #5534, #5162, #4854, .T. ) ;
#3838 = DIRECTION ( 'NONE',  ( -0.000000000000000000, -1.000000000000000000, -0.000000000000000000 ) ) ;
#3839 = ORIENTED_EDGE ( 'NONE', *, *, #860, .F. ) ;
#3840 = CARTESIAN_POINT ( 'NONE',  ( -6.682671856891293061, 3.367633929190823494, 7.778174593052038510 ) ) ;
#3841 =( BOUNDED_SURFACE ( )  B_SPLINE_SURFACE ( 1, 2, ( 
 ( #1107, #7368, #467, #8133, #7328, #1580, #4933, #4141, #6696, #7454, #6070, #3626, #5567, #4846, #939, #2335, #6778, #1703, #6196, #3512, #303, #2253, #2873, #5523, #5436, #8008, #4806, #6738, #6109, #7499, #1662, #4217, #1017, #3547, #4258, #976, #3587, #341, #8047, #5477, #8090, #2293, #6154 ),
 ( #382, #2958, #428, #1060, #3000, #6821, #4890, #7041, #698, #8265, #1288, #3851, #6410, #6454, #1828, #7585, #6281, #7635, #5832, #3276, #2418, #1969, #2501, #5108, #2462, #4976, #7676, #3807, #5740, #8310, #3713, #4431, #6996, #649, #4390, #4347, #7546, #3132, #1335, #3177, #1243, #602, #5698 ) ),
 .UNSPECIFIED., .F., .F., .T. ) 
 B_SPLINE_SURFACE_WITH_KNOTS ( ( 2, 2 ),
 ( 3, 2, 2, 2, 2, 2, 2, 2, 2, 2, 2, 2, 2, 2, 2, 2, 2, 2, 2, 2, 2, 3 ),
 ( 0.000000000000000000, 1.000000000000000000 ),
 ( 0.000000000000000000, 0.04166666666666666435, 0.08333333333333332871, 0.1250000000000000000, 0.1666666666666666574, 0.2083333333333333426, 0.2500000000000000000, 0.2916666666666666852, 0.3333333333333333148, 0.3750000000000000000, 0.4166666666666666852, 0.4583333333333333148, 0.5000000000000000000, 0.5416666666666666297, 0.5833333333333333703, 0.6250000000000000000, 0.6666666666666666297, 0.7083333333333333703, 0.7500000000000000000, 0.7916666666666666297, 0.8265930293009882135, 0.8348589595939981400 ),
 .UNSPECIFIED. ) 
 GEOMETRIC_REPRESENTATION_ITEM ( )  RATIONAL_B_SPLINE_SURFACE ( (
 ( 1.000000000000000000, 0.8660254037844387076, 1.000000000000000000, 0.8660254037844387076, 1.000000000000000000, 0.8660254037844387076, 1.000000000000000000, 0.8660254037844387076, 1.000000000000000000, 0.8660254037844387076, 1.000000000000000000, 0.8660254037844387076, 1.000000000000000000, 0.8660254037844387076, 1.000000000000000000, 0.8660254037844387076, 1.000000000000000000, 0.8660254037844387076, 1.000000000000000000, 0.8660254037844387076, 1.000000000000000000, 0.8660254037844387076, 1.000000000000000000, 0.8660254037844387076, 1.000000000000000000, 0.8660254037844387076, 1.000000000000000000, 0.8660254037844387076, 1.000000000000000000, 0.8660254037844387076, 1.000000000000000000, 0.8660254037844387076, 1.000000000000000000, 0.8660254037844387076, 1.000000000000000000, 0.8660254037844387076, 1.000000000000000000, 0.8660254037844387076, 1.000000000000000000, 0.8876981120509241929, 0.9636664543272099870, 0.9636664543272099870, 0.9636664543272099870),
 ( 1.000000000000000000, 0.8660254037844387076, 1.000000000000000000, 0.8660254037844387076, 1.000000000000000000, 0.8660254037844387076, 1.000000000000000000, 0.8660254037844387076, 1.000000000000000000, 0.8660254037844387076, 1.000000000000000000, 0.8660254037844387076, 1.000000000000000000, 0.8660254037844387076, 1.000000000000000000, 0.8660254037844387076, 1.000000000000000000, 0.8660254037844387076, 1.000000000000000000, 0.8660254037844387076, 1.000000000000000000, 0.8660254037844387076, 1.000000000000000000, 0.8660254037844387076, 1.000000000000000000, 0.8660254037844387076, 1.000000000000000000, 0.8660254037844387076, 1.000000000000000000, 0.8660254037844387076, 1.000000000000000000, 0.8660254037844387076, 1.000000000000000000, 0.8660254037844387076, 1.000000000000000000, 0.8660254037844387076, 1.000000000000000000, 0.8660254037844387076, 1.000000000000000000, 0.8876981120509241929, 0.9636664543272099870, 0.9636664543272099870, 0.9636664543272099870) ) ) 
 REPRESENTATION_ITEM ( '' )  SURFACE ( )  );
#3842 = DIRECTION ( 'NONE',  ( 0.000000000000000000, 1.000000000000000000, 0.000000000000000000 ) ) ;
#3843 = DIRECTION ( 'NONE',  ( 0.000000000000000000, 0.000000000000000000, 1.000000000000000000 ) ) ;
#3844 = CARTESIAN_POINT ( 'NONE',  ( 8.374010947579954234, 4.077611363121270927, -8.384377550874992480 ) ) ;
#3845 = ORIENTED_EDGE ( 'NONE', *, *, #2546, .F. ) ;
#3846 = CARTESIAN_POINT ( 'NONE',  ( 7.678370999578008060, 3.091038739841321270, -8.985530560734369843 ) ) ;
#3847 = CARTESIAN_POINT ( 'NONE',  ( -8.468754248908691551, 3.294081863510858632, -8.274564617514633014 ) ) ;
#3848 = CARTESIAN_POINT ( 'NONE',  ( 2.000000000000115019, 4.700000000000000178, -10.99999999999999467 ) ) ;
#3849 = CARTESIAN_POINT ( 'NONE',  ( 7.446667889723483036, 4.162491830421198635, -8.560866229980920394 ) ) ;
#3850 = EDGE_CURVE ( 'NONE', #8016, #1548, #8262, .T. ) ;
#3851 = CARTESIAN_POINT ( 'NONE',  ( -8.873677329212721787, 4.142485119667013826, 8.410663392672399041 ) ) ;
#3852 = ORIENTED_EDGE ( 'NONE', *, *, #6509, .F. ) ;
#3853 = CARTESIAN_POINT ( 'NONE',  ( 8.203174593051956620, 4.208630953619740822, 7.042052999835315852 ) ) ;
#3854 = LINE ( 'NONE', #5953, #5452 ) ;
#3855 = CARTESIAN_POINT ( 'NONE',  ( -6.682671856891298390, 3.840104167286061188, -7.145685793431673538 ) ) ;
#3856 = ADVANCED_FACE ( 'NONE', ( #4994 ), #1033, .F. ) ;
#3857 = CARTESIAN_POINT ( 'NONE',  ( 8.572040082992513632, 3.200000000000000178, 8.081946849654700671 ) ) ;
#3858 = CARTESIAN_POINT ( 'NONE',  ( 8.325925961132417896, 3.802306548238441941, -6.829441393621446643 ) ) ;
#3859 = ORIENTED_EDGE ( 'NONE', *, *, #2847, .T. ) ;
#3860 = CARTESIAN_POINT ( 'NONE',  ( -6.928174593052006891, 3.225892858381645301, 7.778174593052038510 ) ) ;
#3861 = VERTEX_POINT ( 'NONE', #4405 ) ;
#3862 = ORIENTED_EDGE ( 'NONE', *, *, #3163, .T. ) ;
#3863 = CONICAL_SURFACE ( 'NONE', #2904, 7.000000000000000000, 0.7853981633974541632 ) ;
#3864 = CARTESIAN_POINT ( 'NONE',  ( 7.230423224971703533, 5.937872024428918039, -6.829441393621446643 ) ) ;
#3865 = CARTESIAN_POINT ( 'NONE',  ( -8.873677329212721787, 4.501562500619394669, 7.778174593052038510 ) ) ;
#3866 = CARTESIAN_POINT ( 'NONE',  ( -8.203174593052008134, 3.528273810762597940, 8.514296186268811795 ) ) ;
#3867 = EDGE_LOOP ( 'NONE', ( #7566, #6353 ) ) ;
#3868 = DIRECTION ( 'NONE',  ( 0.000000000000000000, 1.000000000000000000, 0.000000000000000000 ) ) ;
#3869 = CARTESIAN_POINT ( 'NONE',  ( -6.965067280181420628, 3.998878042125211252, 8.026338334997738855 ) ) ;
#3870 = CARTESIAN_POINT ( 'NONE',  ( 7.087590866124411804, 4.654796762737746896, 7.281790218624147215 ) ) ;
#3871 = ORIENTED_EDGE ( 'NONE', *, *, #528, .T. ) ;
#3872 = EDGE_LOOP ( 'NONE', ( #5689, #8067, #1626, #5578 ) ) ;
#3873 = CARTESIAN_POINT ( 'NONE',  ( 8.381273594909242064, 3.623233565647201448, -8.377188266220475299 ) ) ;
#3874 = CARTESIAN_POINT ( 'NONE',  ( -1.999999999999884315, 4.700000000000000178, -11.00000000000000888 ) ) ;
#3875 = CARTESIAN_POINT ( 'NONE',  ( -8.451808720373177763, 4.198726251114137220, -8.297328115603283649 ) ) ;
#3876 = CARTESIAN_POINT ( 'NONE',  ( -7.230423224971650242, 4.350372024428918571, 6.829441393621498158 ) ) ;
#3877 = CARTESIAN_POINT ( 'NONE',  ( -7.778174593052010977, 5.748883929190823139, -9.043152192292751579 ) ) ;
#3878 = LINE ( 'NONE', #3254, #6476 ) ;
#3879 = CARTESIAN_POINT ( 'NONE',  ( -8.325925961132368158, 3.065252976809870855, -8.726907792482570869 ) ) ;
#3880 = CARTESIAN_POINT ( 'NONE',  ( -6.682671856891293061, 4.728348214905108371, 7.778174593052038510 ) ) ;
#3881 = DIRECTION ( 'NONE',  ( 0.000000000000000000, 0.000000000000000000, -1.000000000000000000 ) ) ;
#3882 = CARTESIAN_POINT ( 'NONE',  ( 8.584328455513272615, 3.543298386993751770, 8.048460531200705148 ) ) ;
#3883 = CARTESIAN_POINT ( 'NONE',  ( 7.353174593052060004, 2.923511906000693106, -8.514296186268758504 ) ) ;
#3884 = ORIENTED_EDGE ( 'NONE', *, *, #4500, .F. ) ;
#3885 = CARTESIAN_POINT ( 'NONE',  ( 6.837440772300620750, 3.200000000000000622, -7.199315123193173349 ) ) ;
#3886 = CARTESIAN_POINT ( 'NONE',  ( -7.230423224971654683, 3.745610119667013738, -6.829441393621495493 ) ) ;
#3887 = CARTESIAN_POINT ( 'NONE',  ( -7.015191551878745102, 4.052404133426895427, -8.153086660880859426 ) ) ;
#3888 = CARTESIAN_POINT ( 'NONE',  ( -6.928174593052007779, 4.888988095238095966, 8.268922321863222180 ) ) ;
#3889 = EDGE_CURVE ( 'NONE', #4710, #5213, #5393, .T. ) ;
#3890 = CARTESIAN_POINT ( 'NONE',  ( 8.477341090017343816, 4.063581959899150498, -8.261574382945106265 ) ) ;
#3891 = EDGE_LOOP ( 'NONE', ( #8017, #2071 ) ) ;
#3892 = CARTESIAN_POINT ( 'NONE',  ( 8.873677329212773301, 3.329836310143203804, -7.145685793431626465 ) ) ;
#3893 = CARTESIAN_POINT ( 'NONE',  ( 6.928174593052061070, 3.944047620286407874, -7.287426864240803326 ) ) ;
#3894 = CARTESIAN_POINT ( 'NONE',  ( 7.188516739852903292, 4.305078908143134875, -7.165945446458216850 ) ) ;
#3895 = CARTESIAN_POINT ( 'NONE',  ( -8.325925961132364606, 4.633854167286061809, 8.726907792482577975 ) ) ;
#3896 = ORIENTED_EDGE ( 'NONE', *, *, #3378, .T. ) ;
#3897 = CARTESIAN_POINT ( 'NONE',  ( -7.056301585082102257, 3.606403181894812793, -8.227850119683461472 ) ) ;
#3898 = CARTESIAN_POINT ( 'NONE',  ( -7.251861847499786684, 4.538607472578145341, -8.446631501325745361 ) ) ;
#3899 = B_SPLINE_CURVE_WITH_KNOTS ( 'NONE', 1,
 ( #7804, #2327 ),
 .UNSPECIFIED., .F., .F.,
 ( 2, 2 ),
 ( 0.000000000000000000, 1.000000000000000000 ),
 .UNSPECIFIED. ) ;
#3900 = CARTESIAN_POINT ( 'NONE',  ( -6.768413634096680731, 4.700000000284660473, -7.353311025885792773 ) ) ;
#3901 = CARTESIAN_POINT ( 'NONE',  ( 8.325925961132416120, 3.499925595857490190, -8.726907792482524684 ) ) ;
#3902 = VERTEX_POINT ( 'NONE', #2520 ) ;
#3903 = CARTESIAN_POINT ( 'NONE',  ( -7.778185041394142019, 4.019641929152752091, 8.628174592987823743 ) ) ;
#3904 = ORIENTED_EDGE ( 'NONE', *, *, #6813, .F. ) ;
#3905 = CARTESIAN_POINT ( 'NONE',  ( -7.015191551879319753, 4.505975561997724199, 7.403262525222022106 ) ) ;
#3906 = CARTESIAN_POINT ( 'NONE',  ( 8.873677329212773301, 5.219717262524156354, -8.410663392672345751 ) ) ;
#3907 = CARTESIAN_POINT ( 'NONE',  ( -8.541160604381548893, 4.279189249424934616, 8.153080607126865331 ) ) ;
#3908 = CARTESIAN_POINT ( 'NONE',  ( 7.078999668696068781, 3.836794931553917820, -7.294786991821674782 ) ) ;
#3909 = ORIENTED_EDGE ( 'NONE', *, *, #797, .T. ) ;
#3910 = CARTESIAN_POINT ( 'NONE',  ( -7.778174593052011865, 4.700000000000000178, -7.778174593052033181 ) ) ;
#3911 = CARTESIAN_POINT ( 'NONE',  ( 7.443535641249891199, 4.616316253621024046, 6.996817014950949876 ) ) ;
#3912 = EDGE_CURVE ( 'NONE', #1218, #4497, #1700, .T. ) ;
#3913 = ORIENTED_EDGE ( 'NONE', *, *, #2497, .F. ) ;
#3914 = ORIENTED_EDGE ( 'NONE', *, *, #6190, .T. ) ;
#3915 = VECTOR ( 'NONE', #1860, 1000.000000000000000 ) ;
#3916 = CARTESIAN_POINT ( 'NONE',  ( 8.432949008325623552, 3.616540292345087337, -8.320531083678053719 ) ) ;
#3917 = CARTESIAN_POINT ( 'NONE',  ( -7.230423224971655571, 3.443229167286061543, -8.726907792482570869 ) ) ;
#3918 = CARTESIAN_POINT ( 'NONE',  ( -7.397886035984196695, 5.867749753863165552, -7.012971821319224475 ) ) ;
#3919 = CARTESIAN_POINT ( 'NONE',  ( 8.271037495353990465, 4.088387010838281377, 7.085101042229949186 ) ) ;
#3920 = CARTESIAN_POINT ( 'NONE',  ( -8.873677329212725340, 5.956770833952727884, -7.145685793431673538 ) ) ;
#3921 = FACE_OUTER_BOUND ( 'NONE', #2512, .T. ) ;
#3922 = CARTESIAN_POINT ( 'NONE',  ( -7.353174593052007602, 4.662202382191169114, 7.042052999835266114 ) ) ;
#3923 = CYLINDRICAL_SURFACE ( 'NONE', #7472, 0.8499999999999992006 ) ;
#3924 = CIRCLE ( 'NONE', #6194, 1.100000000000000977 ) ;
#3925 = CARTESIAN_POINT ( 'NONE',  ( 8.558478225356999758, 3.595170212264152898, 7.440728733813338991 ) ) ;
#3926 = AXIS2_PLACEMENT_3D ( 'NONE', #6372, #611, #5749 ) ;
#3927 = CARTESIAN_POINT ( 'NONE',  ( 7.353174593052060892, 3.528273810762597940, -7.042052999835212823 ) ) ;
#3928 = ORIENTED_EDGE ( 'NONE', *, *, #7988, .F. ) ;
#3929 = CARTESIAN_POINT ( 'NONE',  ( 8.203174593052059649, 5.455952380952380665, -8.514296186268758504 ) ) ;
#3930 = CARTESIAN_POINT ( 'NONE',  ( -7.778174593052010977, 3.934598214905108637, -9.043152192292751579 ) ) ;
#3931 = CARTESIAN_POINT ( 'NONE',  ( 0.000000000000000000, 4.700000000000000178, 0.000000000000000000 ) ) ;
#3932 = CARTESIAN_POINT ( 'NONE',  ( -6.928174593052006891, 5.833928571428571352, 7.778174593052038510 ) ) ;
#3933 = DIRECTION ( 'NONE',  ( -0.000000000000000000, -1.000000000000000000, -0.000000000000000000 ) ) ;
#3934 = CARTESIAN_POINT ( 'NONE',  ( -8.451808720373236383, 3.291583393972866922, -8.297328115603194831 ) ) ;
#3935 = DIRECTION ( 'NONE',  ( 0.000000000000000000, 0.000000000000000000, -1.000000000000000000 ) ) ;
#3936 = CIRCLE ( 'NONE', #838, 1.249999999999999334 ) ;
#3937 = CARTESIAN_POINT ( 'NONE',  ( 6.931666230741873491, 4.238955742726604470, -7.872902722230372241 ) ) ;
#3938 = CARTESIAN_POINT ( 'NONE',  ( -7.230423224971650242, 4.803943453000346864, 6.829441393621499046 ) ) ;
#3939 = EDGE_CURVE ( 'NONE', #5670, #3453, #6901, .T. ) ;
#3940 = ORIENTED_EDGE ( 'NONE', *, *, #1625, .F. ) ;
#3941 = CARTESIAN_POINT ( 'NONE',  ( -7.443553381405227043, 3.482386246678347064, -6.996809417423954791 ) ) ;
#3942 = CARTESIAN_POINT ( 'NONE',  ( -8.628174115647153641, 3.335843328983667977, 7.733481802309575492 ) ) ;
#3943 = FACE_OUTER_BOUND ( 'NONE', #1038, .T. ) ;
#3944 = CARTESIAN_POINT ( 'NONE',  ( 8.628174593051957331, 3.263690477429264103, 7.287426864240906355 ) ) ;
#3945 = CARTESIAN_POINT ( 'NONE',  ( 8.373854784163958342, 3.043046835712072795, -8.724827492832657683 ) ) ;
#3946 = EDGE_LOOP ( 'NONE', ( #1324, #1069 ) ) ;
#3947 = CARTESIAN_POINT ( 'NONE',  ( -7.778174593052010977, 5.578794643476537196, -6.513196993811314783 ) ) ;
#3948 = CARTESIAN_POINT ( 'NONE',  ( -7.003078730772929639, 4.503452054400471916, 7.428991855793236176 ) ) ;
#3949 = CARTESIAN_POINT ( 'NONE',  ( 7.778174593052059826, 5.295312500619395735, -9.043152192292705394 ) ) ;
#3950 = CARTESIAN_POINT ( 'NONE',  ( -8.337801021851422689, 4.183933757079253191, 7.136083821162164220 ) ) ;
#3951 = CARTESIAN_POINT ( 'NONE',  ( 0.000000000000000000, 5.500000000000000000, 0.000000000000000000 ) ) ;
#3952 = CARTESIAN_POINT ( 'NONE',  ( 7.778174593052059826, 4.700000000000000178, -8.628174593051983976 ) ) ;
#3953 = EDGE_CURVE ( 'NONE', #2439, #8134, #959, .T. ) ;
#3954 = ORIENTED_EDGE ( 'NONE', *, *, #2333, .F. ) ;
#3955 = ORIENTED_EDGE ( 'NONE', *, *, #2149, .T. ) ;
#3956 = LINE ( 'NONE', #3249, #7408 ) ;
#3957 = FACE_OUTER_BOUND ( 'NONE', #3406, .T. ) ;
#3958 = CARTESIAN_POINT ( 'NONE',  ( -8.432956696128727003, 4.296896375647935251, -7.235827353231272241 ) ) ;
#3959 = CARTESIAN_POINT ( 'NONE',  ( 8.367824203204056843, 4.078294098919942101, 7.165937506839445525 ) ) ;
#3960 = CARTESIAN_POINT ( 'NONE',  ( -7.230423224971655571, 5.163020833952727706, -6.829441393621494605 ) ) ;
#3961 = CARTESIAN_POINT ( 'NONE',  ( 7.778174593052059826, 3.200000000000000178, -7.778174593051986108 ) ) ;
#3962 = CARTESIAN_POINT ( 'NONE',  ( -8.873677329212721787, 5.900074405381299236, 8.410663392672399041 ) ) ;
#3963 = CARTESIAN_POINT ( 'NONE',  ( -7.353174593052007602, 4.208630953619740822, 7.042052999835266114 ) ) ;
#3964 = CARTESIAN_POINT ( 'NONE',  ( 8.624682838037893262, 3.558598463356384300, 7.872904419962415190 ) ) ;
#3965 = CARTESIAN_POINT ( 'NONE',  ( 8.203174593052059649, 3.301488096476883793, -8.514296186268758504 ) ) ;
#3966 = ORIENTED_EDGE ( 'NONE', *, *, #7710, .T. ) ;
#3967 = CARTESIAN_POINT ( 'NONE',  ( 8.203174593052059649, 4.851190476190476275, -7.042052999835213711 ) ) ;
#3968 = CARTESIAN_POINT ( 'NONE',  ( -7.230423224971654683, 3.292038691095585001, -6.829441393621495493 ) ) ;
#3969 = CARTESIAN_POINT ( 'NONE',  ( -7.581391819276165123, 3.923770520690338159, -6.950789530722706111 ) ) ;
#3970 = DIRECTION ( 'NONE',  ( 0.000000000000000000, 1.000000000000000000, 0.000000000000000000 ) ) ;
#3971 = CARTESIAN_POINT ( 'NONE',  ( 8.628174115639117403, 4.016200413550409465, -7.733481045521201303 ) ) ;
#3972 = DIRECTION ( 'NONE',  ( -1.844642064250089897E-16, 0.000000000000000000, -1.000000000000000000 ) ) ;
#3973 = CARTESIAN_POINT ( 'NONE',  ( -7.689523286630106647, 3.460554802402657337, -6.932541895989726477 ) ) ;
#3974 = AXIS2_PLACEMENT_3D ( 'NONE', #6578, #6649, #889 ) ;
#3975 = CARTESIAN_POINT ( 'NONE',  ( 7.180180642279108127, 4.304157769812443135, -7.174102234934984779 ) ) ;
#3976 = ADVANCED_FACE ( 'NONE', ( #6836 ), #5036, .T. ) ;
#3977 = CARTESIAN_POINT ( 'NONE',  ( -8.873677329212721787, 5.956770833952727884, 8.410663392672399041 ) ) ;
#3978 = CARTESIAN_POINT ( 'NONE',  ( -8.395792808387222195, 3.283988180636944421, 7.193547947340968030 ) ) ;
#3979 = CARTESIAN_POINT ( 'NONE',  ( -8.537572511526517971, 3.200000000000001954, 7.108461359661379042 ) ) ;
#3980 = CARTESIAN_POINT ( 'NONE',  ( 8.483223083814793952, 4.516227226970022990, 7.303401189488662126 ) ) ;
#3981 = CARTESIAN_POINT ( 'NONE',  ( 6.682671856891347240, 4.520461310143204514, -8.410663392672345751 ) ) ;
#3982 = VERTEX_POINT ( 'NONE', #3733 ) ;
#3983 = CARTESIAN_POINT ( 'NONE',  ( -7.230423224971654683, 5.767782738714632984, -8.726907792482570869 ) ) ;
#3984 = CARTESIAN_POINT ( 'NONE',  ( 8.325925961132314868, 4.255877976809871122, 8.726907792482629489 ) ) ;
#3985 = CARTESIAN_POINT ( 'NONE',  ( 0.000000000000000000, 5.200000000000000178, -6.500000000000000888 ) ) ;
#3986 = CARTESIAN_POINT ( 'NONE',  ( -8.584330172977473694, 4.223656002430807632, 7.507893813026041308 ) ) ;
#3987 = CARTESIAN_POINT ( 'NONE',  ( 0.000000000000000000, 6.000000000000000000, 0.000000000000000000 ) ) ;
#3988 = DIRECTION ( 'NONE',  ( -0.000000000000000000, -1.000000000000000000, -0.000000000000000000 ) ) ;
#3989 = EDGE_CURVE ( 'NONE', #5833, #391, #1515, .T. ) ;
#3990 = CIRCLE ( 'NONE', #4783, 4.699999999999999289 ) ;
#3991 = ORIENTED_EDGE ( 'NONE', *, *, #6153, .T. ) ;
#3992 = ORIENTED_EDGE ( 'NONE', *, *, #5625, .F. ) ;
#3993 = CARTESIAN_POINT ( 'NONE',  ( 8.873677329212670273, 5.692187500619394491, 7.778174593052089136 ) ) ;
#3994 = CARTESIAN_POINT ( 'NONE',  ( -8.628174593052010621, 3.944047620286407874, -7.287426864240851287 ) ) ;
#3995 = CARTESIAN_POINT ( 'NONE',  ( 8.056274901956314238, 3.931072286842220098, 8.583356699081395647 ) ) ;
#3996 = CARTESIAN_POINT ( 'NONE',  ( -7.230423224971655571, 5.106324405381299059, -6.829441393621494605 ) ) ;
#3997 = CARTESIAN_POINT ( 'NONE',  ( -6.928174593052012220, 4.133035715524502329, -7.778174593052033181 ) ) ;
#3998 = CARTESIAN_POINT ( 'NONE',  ( -6.928174593052007779, 4.548809525048312707, 8.268922321863222180 ) ) ;
#3999 = CARTESIAN_POINT ( 'NONE',  ( -7.778174593052006536, 3.792857144095931332, 6.796679135429674723 ) ) ;
#4000 = EDGE_CURVE ( 'NONE', #6049, #311, #5994, .T. ) ;
#4001 = DIRECTION ( 'NONE',  ( 0.000000000000000000, 1.000000000000000000, 0.000000000000000000 ) ) ;
#4002 = CIRCLE ( 'NONE', #905, 1.100000000000000533 ) ;
#4003 = VERTEX_POINT ( 'NONE', #2477 ) ;
#4004 = CARTESIAN_POINT ( 'NONE',  ( 2.000000000000084377, 3.700000000000000178, 10.99999999999985434 ) ) ;
#4005 = EDGE_CURVE ( 'NONE', #8281, #7693, #3426, .T. ) ;
#4006 = CARTESIAN_POINT ( 'NONE',  ( -1.999999999999884315, 4.700000000000000178, -11.00000000000000888 ) ) ;
#4007 = CARTESIAN_POINT ( 'NONE',  ( -7.465967966709567527, 3.934155351080912411, -6.987393949914926239 ) ) ;
#4008 = CLOSED_SHELL ( 'NONE', ( #755, #4632, #1037, #6646, #7545, #7872, #242, #4651, #1566, #5958, #941, #3139, #7977, #3350 ) ) ;
#4009 = CARTESIAN_POINT ( 'NONE',  ( -6.928174593052007779, 5.871726190476191043, 7.287426864240858393 ) ) ;
#4010 = CARTESIAN_POINT ( 'NONE',  ( -6.682671856891298390, 4.293675595857489924, -7.145685793431673538 ) ) ;
#4011 = CARTESIAN_POINT ( 'NONE',  ( -8.619106558789050965, 3.803025182573089413, 7.905044026338425844 ) ) ;
#4012 = DIRECTION ( 'NONE',  ( 0.000000000000000000, 0.000000000000000000, 1.000000000000000000 ) ) ;
#4013 = CARTESIAN_POINT ( 'NONE',  ( 7.778174593052059826, 5.295312500619395735, -9.043152192292705394 ) ) ;
#4014 = EDGE_CURVE ( 'NONE', #5785, #245, #6883, .T. ) ;
#4015 = CARTESIAN_POINT ( 'NONE',  ( -8.325925961132364606, 5.333110119667013649, 6.829441393621498158 ) ) ;
#4016 = CARTESIAN_POINT ( 'NONE',  ( -7.778174593052002095, 3.225892857142856673, 6.928174593052037977 ) ) ;
#4017 = CARTESIAN_POINT ( 'NONE',  ( 7.778152113398282275, 3.906248000761004313, 8.628174592754833228 ) ) ;
#4018 = CARTESIAN_POINT ( 'NONE',  ( 8.591281905933316310, 4.452449470699772149, 8.026338334962781929 ) ) ;
#4019 = CARTESIAN_POINT ( 'NONE',  ( 7.034325412915163334, 3.375831580428256373, -7.365130848023951238 ) ) ;
#4020 = CARTESIAN_POINT ( 'NONE',  ( 8.675723903208224286, 4.699999999999989519, -7.086620846612194491 ) ) ;
#4021 = EDGE_CURVE ( 'NONE', #7008, #5144, #164, .T. ) ;
#4022 = CARTESIAN_POINT ( 'NONE',  ( -7.778174593052010977, 5.125223214905109792, -6.513196993811314783 ) ) ;
#4023 = CARTESIAN_POINT ( 'NONE',  ( 7.778174593051957686, 3.537723214905108549, 6.513196993811369850 ) ) ;
#4024 = CARTESIAN_POINT ( 'NONE',  ( 7.778174593052059826, 3.991294643476539505, -9.043152192292701841 ) ) ;
#4025 = FILL_AREA_STYLE ('',( #7859 ) ) ;
#4026 = CARTESIAN_POINT ( 'NONE',  ( 7.328795215354176662, 3.719132455704925011, -8.500184807446286683 ) ) ;
#4027 = CARTESIAN_POINT ( 'NONE',  ( 8.203174593051956620, 4.095238095238095788, 7.042052999835315852 ) ) ;
#4028 = ADVANCED_FACE ( 'NONE', ( #7016 ), #4448, .F. ) ;
#4029 = ORIENTED_EDGE ( 'NONE', *, *, #2296, .T. ) ;
#4030 = EDGE_LOOP ( 'NONE', ( #5099, #2980, #2513, #157 ) ) ;
#4031 = CARTESIAN_POINT ( 'NONE',  ( 8.873677329212670273, 4.822842262524156709, 7.145685793431730382 ) ) ;
#4032 = CARTESIAN_POINT ( 'NONE',  ( -7.778174593052010977, 3.792857144095930888, -8.628174593052033714 ) ) ;
#4033 = CARTESIAN_POINT ( 'NONE',  ( 8.622623681997882983, 4.027616416194828020, 7.677814380930163551 ) ) ;
#4034 = CARTESIAN_POINT ( 'NONE',  ( -8.873677329212721787, 4.596056548238442119, 8.410663392672399041 ) ) ;
#4035 = CARTESIAN_POINT ( 'NONE',  ( -8.628174593052010621, 3.414880953619740644, -8.268922321863215075 ) ) ;
#4036 = CARTESIAN_POINT ( 'NONE',  ( -6.928174593052006891, 5.040178572667359802, 7.778174593052038510 ) ) ;
#4037 = CARTESIAN_POINT ( 'NONE',  ( -8.628174593052007069, 3.414880953619740644, 7.287426864240856617 ) ) ;
#4038 = AXIS2_PLACEMENT_3D ( 'NONE', #2515, #5077, #1255 ) ;
#4039 = CARTESIAN_POINT ( 'NONE',  ( 7.779880537664213946, 3.452830290008290781, 8.628174638465864632 ) ) ;
#4040 = ORIENTED_EDGE ( 'NONE', *, *, #7241, .T. ) ;
#4041 = CARTESIAN_POINT ( 'NONE',  ( 7.778174593052059826, 4.813392857142857473, -6.796679135429623209 ) ) ;
#4042 = CARTESIAN_POINT ( 'NONE',  ( -6.965067280175229136, 3.545306613555457620, 8.026338334977619837 ) ) ;
#4043 = CARTESIAN_POINT ( 'NONE',  ( 7.778174593051957686, 4.898437500619394314, 6.513196993811369850 ) ) ;
#4044 = CARTESIAN_POINT ( 'NONE',  ( -8.628174593052007069, 5.115773809523808779, 7.287426864240856617 ) ) ;
#4045 = CARTESIAN_POINT ( 'NONE',  ( -6.682671856891298390, 4.331473214905108726, -7.778174593052033181 ) ) ;
#4046 = AXIS2_PLACEMENT_3D ( 'NONE', #7424, #1032, #2975 ) ;
#4047 = CARTESIAN_POINT ( 'NONE',  ( 7.818574773564278324, 3.909840329880047261, -6.929003756866548791 ) ) ;
#4048 = VECTOR ( 'NONE', #3009, 1000.000000000000000 ) ;
#4049 = FACE_BOUND ( 'NONE', #3691, .T. ) ;
#4050 = CARTESIAN_POINT ( 'NONE',  ( 6.928174593051957153, 4.359821429810216920, 7.778174593052089136 ) ) ;
#4051 = DIRECTION ( 'NONE',  ( 0.000000000000000000, 0.000000000000000000, 1.000000000000000000 ) ) ;
#4052 = CARTESIAN_POINT ( 'NONE',  ( -7.778174593052006536, 5.352008929190823494, 6.513196993811319224 ) ) ;
#4053 = EDGE_CURVE ( 'NONE', #4537, #845, #6336, .T. ) ;
#4054 = CARTESIAN_POINT ( 'NONE',  ( -6.980151383864897419, 4.448350220749798467, -7.485388217450937631 ) ) ;
#4055 = CARTESIAN_POINT ( 'NONE',  ( 0.000000000000000000, 1.500000000000000000, 0.000000000000000000 ) ) ;
#4056 = CARTESIAN_POINT ( 'NONE',  ( 7.778174593051956798, 3.254241072047965311, 9.043152192292806646 ) ) ;
#4057 =( BOUNDED_CURVE ( )  B_SPLINE_CURVE ( 2, ( #4927, #933, #7449, #1697, #5516, #6148, #6103 ),
 .UNSPECIFIED., .F., .F. ) 
 B_SPLINE_CURVE_WITH_KNOTS ( ( 3, 2, 2, 3 ),
 ( 0.5624999999999998890, 0.5833333333333333703, 0.6250000000000000000, 0.6396727680113220016 ),
 .UNSPECIFIED. ) 
 CURVE ( )  GEOMETRIC_REPRESENTATION_ITEM ( )  RATIONAL_B_SPLINE_CURVE ( ( 0.9330127018922192983, 0.9330127018922189652, 1.000000000000000000, 0.8660254037844387076, 1.000000000000000000, 0.9528213239276446256, 0.9388702527716563662 ) ) 
 REPRESENTATION_ITEM ( '' )  );
#4058 = CARTESIAN_POINT ( 'NONE',  ( 7.175071666566409156, 3.396447380569337149, -7.179164839712461443 ) ) ;
#4059 = DIRECTION ( 'NONE',  ( 0.000000000000000000, 0.000000000000000000, 1.000000000000000000 ) ) ;
#4060 = CARTESIAN_POINT ( 'NONE',  ( -8.628174593052010621, 5.644940476190475565, -7.287426864240853064 ) ) ;
#4061 = AXIS2_PLACEMENT_3D ( 'NONE', #6252, #5671, #6214 ) ;
#4062 = DIRECTION ( 'NONE',  ( 0.000000000000000000, 0.000000000000000000, 1.000000000000000000 ) ) ;
#4063 = CARTESIAN_POINT ( 'NONE',  ( 7.778174593052059826, 3.310937500619397511, -6.513196993811273039 ) ) ;
#4064 = SHAPE_DEFINITION_REPRESENTATION ( #2490, #8046 ) ;
#4065 = CARTESIAN_POINT ( 'NONE',  ( 6.933725308187749015, 3.800830557135600696, -7.677816149721075512 ) ) ;
#4066 = CARTESIAN_POINT ( 'NONE',  ( 6.928174593051956265, 3.377083333333333659, 8.268922321863271918 ) ) ;
#4067 = EDGE_LOOP ( 'NONE', ( #7910, #4498, #719, #128 ) ) ;
#4068 = ORIENTED_EDGE ( 'NONE', *, *, #2337, .T. ) ;
#4069 = CARTESIAN_POINT ( 'NONE',  ( 7.230423224971600504, 4.633854167286061809, 8.726907792482629489 ) ) ;
#4070 = PRESENTATION_STYLE_ASSIGNMENT (( #1512 ) ) ;
#4071 = CARTESIAN_POINT ( 'NONE',  ( 8.610151822928136411, 4.005240943372887052, 7.954459522077420353 ) ) ;
#4072 = CARTESIAN_POINT ( 'NONE',  ( -7.947877746007346644, 4.601696090675159390, 6.943394238687285558 ) ) ;
#4073 = CYLINDRICAL_SURFACE ( 'NONE', #2966, 0.8500000000000000888 ) ;
#4074 = CARTESIAN_POINT ( 'NONE',  ( -7.315962214469572622, 5.875035695972660399, 8.512666520238683532 ) ) ;
#4075 = CARTESIAN_POINT ( 'NONE',  ( -8.873677329212721787, 3.632217262524156443, 8.410663392672399041 ) ) ;
#4076 = EDGE_CURVE ( 'NONE', #8333, #5029, #3292, .T. ) ;
#4077 = CARTESIAN_POINT ( 'NONE',  ( 8.367824203204110134, 4.531865527491378387, -8.390411679264680345 ) ) ;
#4078 = ORIENTED_EDGE ( 'NONE', *, *, #8099, .T. ) ;
#4079 = EDGE_LOOP ( 'NONE', ( #757, #3564, #571, #1424, #6918 ) ) ;
#4080 = CARTESIAN_POINT ( 'NONE',  ( 6.928174593052061070, 6.060714285714285943, -7.778174593051986108 ) ) ;
#4081 = CARTESIAN_POINT ( 'NONE',  ( -7.056301585082064065, 3.606403181894811460, 7.328499066420663510 ) ) ;
#4082 = CARTESIAN_POINT ( 'NONE',  ( 7.778174593051957686, 5.125223214905109792, 9.043152192292808422 ) ) ;
#4083 = CARTESIAN_POINT ( 'NONE',  ( 1.152188841818234133E-13, 1.500000000000000000, -10.99999999999999822 ) ) ;
#4084 = CARTESIAN_POINT ( 'NONE',  ( 7.013490880995627563, 3.306573633934895895, 7.402712091073246015 ) ) ;
#4085 = CARTESIAN_POINT ( 'NONE',  ( 6.682671856891243323, 4.501562500619394669, 7.778174593052089136 ) ) ;
#4086 = CARTESIAN_POINT ( 'NONE',  ( 8.468748936346081280, 3.974438202454293911, -7.281777150409753929 ) ) ;
#4087 = CYLINDRICAL_SURFACE ( 'NONE', #5672, 0.8500000000000000888 ) ;
#4088 = EDGE_CURVE ( 'NONE', #6255, #868, #3243, .T. ) ;
#4089 = CARTESIAN_POINT ( 'NONE',  ( 7.550417779485550263, 4.452958603954055405, 8.628174593052566621 ) ) ;
#4090 = CARTESIAN_POINT ( 'NONE',  ( -11.00000000000000000, 1.500000000000000000, -7.681258945454893382E-14 ) ) ;
#4091 = CARTESIAN_POINT ( 'NONE',  ( -8.325925961132364606, 5.389806548238442296, 6.829441393621498158 ) ) ;
#4092 = CYLINDRICAL_SURFACE ( 'NONE', #8294, 8.000000000000000000 ) ;
#4093 = LINE ( 'NONE', #744, #4452 ) ;
#4094 = CARTESIAN_POINT ( 'NONE',  ( 6.682671856891243323, 3.632217262524156443, 8.410663392672448779 ) ) ;
#4095 = CARTESIAN_POINT ( 'NONE',  ( 6.929191399323190836, 3.343099687860977109, -7.729246598798265921 ) ) ;
#4096 = EDGE_CURVE ( 'NONE', #6477, #7051, #1643, .T. ) ;
#4097 = DIRECTION ( 'NONE',  ( -0.000000000000000000, -1.000000000000000000, -0.000000000000000000 ) ) ;
#4098 = CARTESIAN_POINT ( 'NONE',  ( -7.778174593052010977, 5.720535714285714057, -6.796679135429670282 ) ) ;
#4099 = CARTESIAN_POINT ( 'NONE',  ( 8.567091583650105591, 3.538979686003469460, -7.461693644197116448 ) ) ;
#4100 = ADVANCED_FACE ( 'NONE', ( #4579 ), #6206, .T. ) ;
#4101 = CARTESIAN_POINT ( 'NONE',  ( 7.230423224971600504, 3.575520833952728239, 6.829441393621548784 ) ) ;
#4102 =( BOUNDED_SURFACE ( )  B_SPLINE_SURFACE ( 1, 2, ( 
 ( #3234, #3140, #2509, #1341, #5073, #4439, #1252, #23, #3285, #5842, #7248, #2722, #5960, #789, #5286, #2759, #3472, #6623, #148, #3322, #223, #5993, #2179, #6549, #188, #4060, #2683, #4098, #1462, #6657, #3361, #5883, #4615, #1502, #7928, #2797, #108, #5319, #3435, #862, #5919 ),
 ( #7893, #7854, #824, #2100, #5358, #7970, #2141, #2217, #7173, #4732, #7134, #4653, #5244, #4690, #7289, #4022, #1540, #7211, #901, #6587, #3398, #6030, #262, #2834, #5397, #7812, #1385, #3947, #6512, #748, #2062, #1425, #3983, #1744, #7411, #4300, #4177, #3672, #1616, #2915, #2377 ) ),
 .UNSPECIFIED., .F., .F., .T. ) 
 B_SPLINE_SURFACE_WITH_KNOTS ( ( 2, 2 ),
 ( 3, 2, 2, 2, 2, 2, 2, 2, 2, 2, 2, 2, 2, 2, 2, 2, 2, 2, 2, 2, 3 ),
 ( 0.000000000000000000, 1.000000000000000000 ),
 ( 0.000000000000000000, 0.04166666666666666435, 0.08333333333333332871, 0.1250000000000000000, 0.1666666666666666574, 0.2083333333333333426, 0.2500000000000000000, 0.2916666666666666852, 0.3333333333333333148, 0.3750000000000000000, 0.4166666666666666852, 0.4583333333333333148, 0.5000000000000000000, 0.5416666666666666297, 0.5833333333333333703, 0.6250000000000000000, 0.6666666666666666297, 0.7083333333333333703, 0.7500000000000000000, 0.7916666666666666297, 0.8265936560513300613 ),
 .UNSPECIFIED. ) 
 GEOMETRIC_REPRESENTATION_ITEM ( )  RATIONAL_B_SPLINE_SURFACE ( (
 ( 1.000000000000000000, 0.8660254037844387076, 1.000000000000000000, 0.8660254037844387076, 1.000000000000000000, 0.8660254037844387076, 1.000000000000000000, 0.8660254037844387076, 1.000000000000000000, 0.8660254037844387076, 1.000000000000000000, 0.8660254037844387076, 1.000000000000000000, 0.8660254037844387076, 1.000000000000000000, 0.8660254037844387076, 1.000000000000000000, 0.8660254037844387076, 1.000000000000000000, 0.8660254037844387076, 1.000000000000000000, 0.8660254037844387076, 1.000000000000000000, 0.8660254037844387076, 1.000000000000000000, 0.8660254037844387076, 1.000000000000000000, 0.8660254037844387076, 1.000000000000000000, 0.8660254037844387076, 1.000000000000000000, 0.8660254037844387076, 1.000000000000000000, 0.8660254037844387076, 1.000000000000000000, 0.8660254037844387076, 1.000000000000000000, 0.8660254037844387076, 1.000000000000000000, 0.8876960968039486755, 0.9636691808775652568),
 ( 1.000000000000000000, 0.8660254037844387076, 1.000000000000000000, 0.8660254037844387076, 1.000000000000000000, 0.8660254037844387076, 1.000000000000000000, 0.8660254037844387076, 1.000000000000000000, 0.8660254037844387076, 1.000000000000000000, 0.8660254037844387076, 1.000000000000000000, 0.8660254037844387076, 1.000000000000000000, 0.8660254037844387076, 1.000000000000000000, 0.8660254037844387076, 1.000000000000000000, 0.8660254037844387076, 1.000000000000000000, 0.8660254037844387076, 1.000000000000000000, 0.8660254037844387076, 1.000000000000000000, 0.8660254037844387076, 1.000000000000000000, 0.8660254037844387076, 1.000000000000000000, 0.8660254037844387076, 1.000000000000000000, 0.8660254037844387076, 1.000000000000000000, 0.8660254037844387076, 1.000000000000000000, 0.8660254037844387076, 1.000000000000000000, 0.8660254037844387076, 1.000000000000000000, 0.8876960968039486755, 0.9636691808775652568) ) ) 
 REPRESENTATION_ITEM ( '' )  SURFACE ( )  );
#4103 = CARTESIAN_POINT ( 'NONE',  ( 6.682671856891351680, 4.142485119667016491, -7.145685793431628241 ) ) ;
#4104 = CARTESIAN_POINT ( 'NONE',  ( 7.260899282394443155, 3.725755540132645649, -8.454849221025746431 ) ) ;
#4105 = AXIS2_PLACEMENT_3D ( 'NONE', #4665, #1473, #6005 ) ;
#4106 = CARTESIAN_POINT ( 'NONE',  ( 6.682671856891243323, 4.558258929190823316, 7.778174593052089136 ) ) ;
#4107 = ORIENTED_EDGE ( 'NONE', *, *, #1154, .T. ) ;
#4108 = VERTEX_POINT ( 'NONE', #6517 ) ;
#4109 = CARTESIAN_POINT ( 'NONE',  ( 7.778174593051957686, 4.898437500619394314, 6.513196993811369850 ) ) ;
#4110 = CARTESIAN_POINT ( 'NONE',  ( 7.778164144709109884, 3.566070500581259850, 8.628174592987873481 ) ) ;
#4111 = CARTESIAN_POINT ( 'NONE',  ( 8.295439663622445892, 3.952540175162361891, 8.454857122944087422 ) ) ;
#4112 = CARTESIAN_POINT ( 'NONE',  ( -8.395796775794648781, 4.644702980692717809, 7.193552127938749763 ) ) ;
#4113 = DIRECTION ( 'NONE',  ( 1.000000000000000000, 0.000000000000000000, -3.689284128500220223E-16 ) ) ;
#4114 = DIRECTION ( 'NONE',  ( 0.000000000000000000, 0.000000000000000000, -1.000000000000000000 ) ) ;
#4115 = CARTESIAN_POINT ( 'NONE',  ( -8.628174593052007069, 4.359821429810216920, 7.778174593052038510 ) ) ;
#4116 = CARTESIAN_POINT ( 'NONE',  ( 0.000000000000000000, 1.000000000000000000, 7.000000000000000000 ) ) ;
#4117 = ADVANCED_FACE ( 'NONE', ( #2688 ), #70, .T. ) ;
#4118 = VERTEX_POINT ( 'NONE', #1432 ) ;
#4119 = ORIENTED_EDGE ( 'NONE', *, *, #6878, .T. ) ;
#4120 = CARTESIAN_POINT ( 'NONE',  ( 7.778174593052059826, 5.720535714285714057, -6.796679135429623209 ) ) ;
#4121 =( GEOMETRIC_REPRESENTATION_CONTEXT ( 3 ) GLOBAL_UNCERTAINTY_ASSIGNED_CONTEXT ( ( #1234 ) ) GLOBAL_UNIT_ASSIGNED_CONTEXT ( ( #2103, #5481, #6914 ) ) REPRESENTATION_CONTEXT ( 'NONE', 'WORKASPACE' ) );
#4122 = DIRECTION ( 'NONE',  ( -0.000000000000000000, -1.000000000000000000, -0.000000000000000000 ) ) ;
#4123 = CARTESIAN_POINT ( 'NONE',  ( 6.682671856891243323, 5.049627976809870411, 8.410663392672448779 ) ) ;
#4124 = CARTESIAN_POINT ( 'NONE',  ( -7.778174593052006536, 5.578794643476537196, 9.043152192292756908 ) ) ;
#4125 = CARTESIAN_POINT ( 'NONE',  ( -8.873677329212725340, 3.235342262524156354, -7.145685793431673538 ) ) ;
#4126 = CARTESIAN_POINT ( 'NONE',  ( -7.613549663045465543, 3.920890403669074598, 8.612935012578468275 ) ) ;
#4127 = CARTESIAN_POINT ( 'NONE',  ( 7.789900147018615328, 3.907292531588757001, -6.928250432681617887 ) ) ;
#4128 = CARTESIAN_POINT ( 'NONE',  ( -8.148069026758140154, 4.699999999999998401, -6.837226135073248834 ) ) ;
#4129 = CARTESIAN_POINT ( 'NONE',  ( 6.682671856891347240, 4.955133929190822961, -7.778174593051986108 ) ) ;
#4130 = CARTESIAN_POINT ( 'NONE',  ( 7.926742023886979460, 3.199999999999999289, -8.653415684510830985 ) ) ;
#4131 = CARTESIAN_POINT ( 'NONE',  ( -8.325925961132364606, 4.029092262524156531, 6.829441393621498158 ) ) ;
#4132 = VECTOR ( 'NONE', #3465, 1000.000000000000000 ) ;
#4133 = B_SPLINE_CURVE_WITH_KNOTS ( 'NONE', 1,
 ( #6270, #5511 ),
 .UNSPECIFIED., .F., .F.,
 ( 2, 2 ),
 ( 0.000000000000000000, 1.000000000000000000 ),
 .UNSPECIFIED. ) ;
#4134 = EDGE_CURVE ( 'NONE', #919, #8223, #3936, .T. ) ;
#4135 = CARTESIAN_POINT ( 'NONE',  ( -7.406347506210198439, 4.392594505245984493, -7.013603661085214824 ) ) ;
#4136 = CARTESIAN_POINT ( 'NONE',  ( 7.184800379065855225, 3.851097764605641238, 8.386787794951001018 ) ) ;
#4137 = CARTESIAN_POINT ( 'NONE',  ( 8.325925961132314868, 3.292038691095585001, 8.726907792482629489 ) ) ;
#4138 = CARTESIAN_POINT ( 'NONE',  ( 7.084101871770221770, 3.384016906884035780, -7.287436323294932627 ) ) ;
#4139 = CARTESIAN_POINT ( 'NONE',  ( 0.000000000000000000, 3.700000000000000178, -7.000000000000000000 ) ) ;
#4140 = ADVANCED_FACE ( 'NONE', ( #4494, #3196 ), #6473, .T. ) ;
#4141 = CARTESIAN_POINT ( 'NONE',  ( -6.928174593052007779, 4.435416666666665897, 8.268922321863218627 ) ) ;
#4142 = CARTESIAN_POINT ( 'NONE',  ( 8.422011845983858436, 3.618019522964328605, -8.333308011212389843 ) ) ;
#4143 = CARTESIAN_POINT ( 'NONE',  ( 8.325925961132314868, 3.953497024428918483, 6.829441393621548784 ) ) ;
#4144 = DIRECTION ( 'NONE',  ( 0.000000000000000000, 0.000000000000000000, -1.000000000000000000 ) ) ;
#4145 = CARTESIAN_POINT ( 'NONE',  ( 7.449296870684698924, 3.708708876236569640, -8.561972872836767223 ) ) ;
#4146 = CARTESIAN_POINT ( 'NONE',  ( 8.873677329212670273, 4.331473214905108726, 7.778174593052089136 ) ) ;
#4147 =( BOUNDED_CURVE ( )  B_SPLINE_CURVE ( 2, ( #6121, #4034, #7905, #6598, #837 ),
 .UNSPECIFIED., .F., .T. ) 
 B_SPLINE_CURVE_WITH_KNOTS ( ( 3, 2, 3 ),
 ( 0.000000000000000000, 0.05040767777690181167, 0.09391603028572811929 ),
 .UNSPECIFIED. ) 
 CURVE ( )  GEOMETRIC_REPRESENTATION_ITEM ( )  RATIONAL_B_SPLINE_CURVE ( ( 1.000000000000000000, 0.8660254037844387076, 1.000000000000000000, 0.8843625769635171663, 0.9683452906431517793 ) ) 
 REPRESENTATION_ITEM ( '' )  );
#4148 = VERTEX_POINT ( 'NONE', #31 ) ;
#4149 = VERTEX_POINT ( 'NONE', #2069 ) ;
#4150 = CARTESIAN_POINT ( 'NONE',  ( -8.112810950023051859, 4.162744615079138732, -8.559533282428061440 ) ) ;
#4151 = CARTESIAN_POINT ( 'NONE',  ( 8.117484402333653648, 3.936337415787842353, 8.557526313660815731 ) ) ;
#4152 = CARTESIAN_POINT ( 'NONE',  ( -8.873677329212716458, 4.520461310143208067, 7.145685793431682420 ) ) ;
#4153 = CARTESIAN_POINT ( 'NONE',  ( -7.778174593052011865, 4.700000000000000178, -7.778174593052033181 ) ) ;
#4154 = CARTESIAN_POINT ( 'NONE',  ( -8.628174593052007069, 5.720535715524501796, 7.778174593052038510 ) ) ;
#4155 = FACE_OUTER_BOUND ( 'NONE', #8188, .T. ) ;
#4156 = CARTESIAN_POINT ( 'NONE',  ( 8.451802869458839851, 4.425511119161340545, -7.259013452457897309 ) ) ;
#4157 = ORIENTED_EDGE ( 'NONE', *, *, #2944, .F. ) ;
#4158 = EDGE_LOOP ( 'NONE', ( #3167, #4366 ) ) ;
#4159 = CARTESIAN_POINT ( 'NONE',  ( 6.682671856891347240, 5.427604167286060211, -8.410663392672345751 ) ) ;
#4160 = CARTESIAN_POINT ( 'NONE',  ( -7.003078730773000693, 3.596309197257939072, 7.428991855793084298 ) ) ;
#4161 = FACE_BOUND ( 'NONE', #1940, .T. ) ;
#4162 = CARTESIAN_POINT ( 'NONE',  ( 0.000000000000000000, 4.700000000000000178, 0.000000000000000000 ) ) ;
#4163 = CARTESIAN_POINT ( 'NONE',  ( 7.095763246553604908, 3.385788629239316894, 8.285159026837165541 ) ) ;
#4164 = CARTESIAN_POINT ( 'NONE',  ( 7.230423224971600504, 3.518824405381299592, 6.829441393621548784 ) ) ;
#4165 = CARTESIAN_POINT ( 'NONE',  ( -8.542858305108540051, 3.760145062506324187, 7.402712091073618161 ) ) ;
#4166 = CARTESIAN_POINT ( 'NONE',  ( 9.797174393178825657E-16, 1.500000000000000000, -8.000000000000000000 ) ) ;
#4167 = CARTESIAN_POINT ( 'NONE',  ( 8.873677329212773301, 4.690550595857490457, -7.145685793431626465 ) ) ;
#4168 = CARTESIAN_POINT ( 'NONE',  ( 7.018776674577535069, 3.200000000000000178, -8.447887826442633141 ) ) ;
#4169 = CARTESIAN_POINT ( 'NONE',  ( -8.873677329212721787, 3.197544643476537551, 7.778174593052038510 ) ) ;
#4170 = CARTESIAN_POINT ( 'NONE',  ( -7.104546316645168780, 4.425511119161418705, -7.259013452458033200 ) ) ;
#4171 = AXIS2_PLACEMENT_3D ( 'NONE', #5802, #6474, #2478 ) ;
#4172 = CYLINDRICAL_SURFACE ( 'NONE', #4313, 1.100000000000000533 ) ;
#4173 = LINE ( 'NONE', #3077, #4592 ) ;
#4174 = CARTESIAN_POINT ( 'NONE',  ( 6.952252950074116811, 3.356382345542262335, -7.569840399834071754 ) ) ;
#4175 = CIRCLE ( 'NONE', #552, 7.000000000000000000 ) ;
#4176 = DIRECTION ( 'NONE',  ( -0.000000000000000000, -1.000000000000000000, -0.000000000000000000 ) ) ;
#4177 = CARTESIAN_POINT ( 'NONE',  ( -8.873677329212725340, 5.918973214905108193, -7.778174593052033181 ) ) ;
#4178 = CARTESIAN_POINT ( 'NONE',  ( 8.107047512739324446, 3.481922778275126085, -6.994374298012441926 ) ) ;
#4179 = DIRECTION ( 'NONE',  ( -0.000000000000000000, -1.000000000000000000, -0.000000000000000000 ) ) ;
#4180 = CARTESIAN_POINT ( 'NONE',  ( -8.628174593052010621, 4.700000000000000178, -7.778174593052033181 ) ) ;
#4181 = CARTESIAN_POINT ( 'NONE',  ( 7.230423224971600504, 5.030729167286061454, 8.726907792482629489 ) ) ;
#4182 = CARTESIAN_POINT ( 'NONE',  ( 7.778174593051957686, 3.452678571428571708, 8.759670050674452924 ) ) ;
#4183 = CIRCLE ( 'NONE', #3795, 7.000000000000000000 ) ;
#4184 = AXIS2_PLACEMENT_3D ( 'NONE', #3345, #6570, #5304 ) ;
#4185 = CARTESIAN_POINT ( 'NONE',  ( -7.444909605631090166, 4.700000000000001954, 8.815533390850422535 ) ) ;
#4186 = ORIENTED_EDGE ( 'NONE', *, *, #6370, .T. ) ;
#4187 = ORIENTED_EDGE ( 'NONE', *, *, #6681, .T. ) ;
#4188 = CARTESIAN_POINT ( 'NONE',  ( 1.153535953297296195E-13, 2.500000000000000000, -9.899999999999996803 ) ) ;
#4189 = CARTESIAN_POINT ( 'NONE',  ( 8.325925961132417896, 4.803943453000346864, -8.726907792482524684 ) ) ;
#4190 = CARTESIAN_POINT ( 'NONE',  ( -8.628174593052010621, 4.696559164642133410, 7.733500293992102925 ) ) ;
#4191 = CARTESIAN_POINT ( 'NONE',  ( -6.928174593052012220, 3.717261906000692839, -8.268922321863215075 ) ) ;
#4192 = DIRECTION ( 'NONE',  ( -0.000000000000000000, -1.000000000000000000, -0.000000000000000000 ) ) ;
#4193 = CARTESIAN_POINT ( 'NONE',  ( 8.572527594031473190E-16, 1.500000000000000000, 7.000000000000000000 ) ) ;
#4194 = CARTESIAN_POINT ( 'NONE',  ( 8.627157752351710229, 4.477028325834290889, -7.827103431414881740 ) ) ;
#4195 = ADVANCED_FACE ( 'NONE', ( #2607 ), #7820, .F. ) ;
#4196 = EDGE_LOOP ( 'NONE', ( #5966, #5444, #6491, #1521 ) ) ;
#4197 = ORIENTED_EDGE ( 'NONE', *, *, #7771, .F. ) ;
#4198 = CARTESIAN_POINT ( 'NONE',  ( 8.325925961132416120, 4.709449405381298526, -6.829441393621446643 ) ) ;
#4199 = CARTESIAN_POINT ( 'NONE',  ( -7.778174593052011865, 3.200000000000000178, -9.028174593052032293 ) ) ;
#4200 = EDGE_CURVE ( 'NONE', #3452, #1176, #4183, .T. ) ;
#4201 = DIRECTION ( 'NONE',  ( 0.000000000000000000, 0.000000000000000000, -1.000000000000000000 ) ) ;
#4202 = CARTESIAN_POINT ( 'NONE',  ( 6.682671856891243323, 5.465401786333680789, 7.778174593052089136 ) ) ;
#4203 = CARTESIAN_POINT ( 'NONE',  ( -8.873677329212721787, 4.974032738714632806, 7.145685793431678867 ) ) ;
#4204 = CARTESIAN_POINT ( 'NONE',  ( 7.034325412914949283, 3.375831580428199086, 8.191218338079929495 ) ) ;
#4205 = CARTESIAN_POINT ( 'NONE',  ( -7.104546316645050652, 3.971939690590063243, 8.297335733645891054 ) ) ;
#4206 = DIRECTION ( 'NONE',  ( -0.000000000000000000, -1.000000000000000000, -0.000000000000000000 ) ) ;
#4207 = CARTESIAN_POINT ( 'NONE',  ( -7.084110276322538091, 4.064375339707848589, 7.287424440336492282 ) ) ;
#4208 = CARTESIAN_POINT ( 'NONE',  ( 6.928174593052061070, 5.229166667905455590, -8.268922321863168889 ) ) ;
#4209 = CARTESIAN_POINT ( 'NONE',  ( 7.778174593052059826, 4.161383929190823672, -6.513196993811266822 ) ) ;
#4210 = CARTESIAN_POINT ( 'NONE',  ( -7.778174593052006536, 4.444866072047966021, 6.513196993811319224 ) ) ;
#4211 = CARTESIAN_POINT ( 'NONE',  ( -7.363845645383952920, 4.396248658746538140, -7.035120857197244781 ) ) ;
#4212 = DIRECTION ( 'NONE',  ( -0.000000000000000000, -1.000000000000000000, -0.000000000000000000 ) ) ;
#4213 = CARTESIAN_POINT ( 'NONE',  ( 8.325925961132314868, 3.292038691095585001, 8.726907792482629489 ) ) ;
#4214 = CARTESIAN_POINT ( 'NONE',  ( 8.325925961132416120, 3.499925595857490190, -8.726907792482524684 ) ) ;
#4215 = CARTESIAN_POINT ( 'NONE',  ( -8.627157786781527449, 3.343099687859806934, -7.729246598811507774 ) ) ;
#4216 = DIRECTION ( 'NONE',  ( 0.000000000000000000, 1.000000000000000000, 0.000000000000000000 ) ) ;
#4217 = CARTESIAN_POINT ( 'NONE',  ( -6.928174593052007779, 3.528273809523809312, 8.268922321863218627 ) ) ;
#4218 = DIRECTION ( 'NONE',  ( 0.000000000000000000, 1.000000000000000000, 0.000000000000000000 ) ) ;
#4219 = CARTESIAN_POINT ( 'NONE',  ( 6.682671856891243323, 3.556622024428918838, 7.145685793431728605 ) ) ;
#4220 = CARTESIAN_POINT ( 'NONE',  ( -8.203174593052011687, 4.624404761904761685, -8.514296186268804689 ) ) ;
#4221 = CARTESIAN_POINT ( 'NONE',  ( 7.353174593051956975, 5.342559525048311997, 8.514296186268863309 ) ) ;
#4222 = CARTESIAN_POINT ( 'NONE',  ( 7.353174593052060004, 4.170833333333333393, -8.514296186268758504 ) ) ;
#4223 = CARTESIAN_POINT ( 'NONE',  ( -7.367361075967815864, 4.700000000000000178, 8.793732813498570167 ) ) ;
#4224 = ORIENTED_EDGE ( 'NONE', *, *, #651, .T. ) ;
#4225 = ORIENTED_EDGE ( 'NONE', *, *, #180, .T. ) ;
#4226 = CARTESIAN_POINT ( 'NONE',  ( -7.182338238524167195, 4.531182791692706324, 7.171971635228979736 ) ) ;
#4227 = DIRECTION ( 'NONE',  ( 0.000000000000000000, 1.000000000000000000, 0.000000000000000000 ) ) ;
#4228 = EDGE_CURVE ( 'NONE', #7051, #233, #5250, .T. ) ;
#4229 = CARTESIAN_POINT ( 'NONE',  ( -7.778174593052006536, 3.764508929190826692, 9.043152192292751579 ) ) ;
#4230 = CARTESIAN_POINT ( 'NONE',  ( -7.778174593052012753, 3.339285715524503040, -8.628174593052031938 ) ) ;
#4231 = CARTESIAN_POINT ( 'NONE',  ( -8.873677329212721787, 4.558258929190823316, 7.778174593052038510 ) ) ;
#4232 = FACE_BOUND ( 'NONE', #1558, .T. ) ;
#4233 = CARTESIAN_POINT ( 'NONE',  ( 8.619106235799781857, 4.483382513196575658, -7.905046282216193987 ) ) ;
#4234 = VERTEX_POINT ( 'NONE', #793 ) ;
#4235 = EDGE_LOOP ( 'NONE', ( #6340, #3530, #8101, #6128, #6282, #1896, #1884, #86, #5455 ) ) ;
#4236 = CARTESIAN_POINT ( 'NONE',  ( 7.353174593052060892, 5.531547619047619158, -8.514296186268758504 ) ) ;
#4237 = CARTESIAN_POINT ( 'NONE',  ( -1.999999999999914957, 4.700000000000000178, 10.99999999999985434 ) ) ;
#4238 = CARTESIAN_POINT ( 'NONE',  ( -6.682671856891298390, 5.597693453000347041, -7.145685793431673538 ) ) ;
#4239 = CARTESIAN_POINT ( 'NONE',  ( -7.446683113930244069, 3.482133460157961213, 8.560872678036231420 ) ) ;
#4240 = CARTESIAN_POINT ( 'NONE',  ( 8.873677329212670273, 4.690550595857490457, 8.410663392672448779 ) ) ;
#4241 = ADVANCED_FACE ( 'NONE', ( #2730 ), #4265, .T. ) ;
#4242 = CARTESIAN_POINT ( 'NONE',  ( -7.939971201512288523, 3.200000000000002398, 8.800412303379792078 ) ) ;
#4243 = CARTESIAN_POINT ( 'NONE',  ( 7.778174593052059826, 3.200000000000000178, -7.778174593051986108 ) ) ;
#4244 = CARTESIAN_POINT ( 'NONE',  ( -1.999999999999927613, 4.700000000000000178, 13.35102992281861489 ) ) ;
#4245 = FACE_OUTER_BOUND ( 'NONE', #7609, .T. ) ;
#4246 = CARTESIAN_POINT ( 'NONE',  ( -7.180182473038335900, 4.077372256713175602, 7.174100422725425474 ) ) ;
#4247 = CARTESIAN_POINT ( 'NONE',  ( -6.768413634096674514, 4.700000000284660473, 8.203038160218275365 ) ) ;
#4248 = CARTESIAN_POINT ( 'NONE',  ( -8.628174593052007069, 4.700000000000000178, 7.778174593052038510 ) ) ;
#4249 = EDGE_CURVE ( 'NONE', #5162, #2633, #4983, .T. ) ;
#4250 = CARTESIAN_POINT ( 'NONE',  ( -7.778174593052006536, 3.537723214905108549, 6.513196993811319224 ) ) ;
#4251 = CARTESIAN_POINT ( 'NONE',  ( -6.682671856891298390, 3.840104167286061188, -7.145685793431673538 ) ) ;
#4252 = CARTESIAN_POINT ( 'NONE',  ( 6.683426347833702152, 3.199999999999953992, 7.818825847979385735 ) ) ;
#4253 = CARTESIAN_POINT ( 'NONE',  ( 7.353174593051957864, 3.074702382191169203, 8.514296186268863309 ) ) ;
#4254 = CARTESIAN_POINT ( 'NONE',  ( 7.230423224971703533, 4.482663691095584824, -8.726907792482524684 ) ) ;
#4255 = CARTESIAN_POINT ( 'NONE',  ( -8.541160604381289545, 3.372046392281945248, -7.403268578976666348 ) ) ;
#4256 = ADVANCED_FACE ( 'NONE', ( #7461 ), #4320, .F. ) ;
#4257 = CARTESIAN_POINT ( 'NONE',  ( -7.778174593052011865, 4.444866072047968686, -9.043152192292746250 ) ) ;
#4258 = CARTESIAN_POINT ( 'NONE',  ( -8.203174593052008134, 3.414880952380952461, 8.514296186268811795 ) ) ;
#4259 = CARTESIAN_POINT ( 'NONE',  ( 7.974957366881678666, 3.470199092122896900, -6.950789530735445254 ) ) ;
#4260 = CARTESIAN_POINT ( 'NONE',  ( 8.203174593051956620, 5.909523809523809845, 7.042052999835315852 ) ) ;
#4261 = CARTESIAN_POINT ( 'NONE',  ( 7.230423224971600504, 3.972395833952728328, 6.829441393621548784 ) ) ;
#4262 = CARTESIAN_POINT ( 'NONE',  ( 0.000000000000000000, 5.400000000000001243, 0.000000000000000000 ) ) ;
#4263 = CARTESIAN_POINT ( 'NONE',  ( 8.628174593051957331, 5.531547620286406897, 7.287426864240907243 ) ) ;
#4264 = LINE ( 'NONE', #1834, #7149 ) ;
#4265 =( BOUNDED_SURFACE ( )  B_SPLINE_SURFACE ( 1, 2, ( 
 ( #619, #5758, #2565, #7694, #1941, #7057, #4812, #2185, #7373, #7254, #6744, #4697, #5999, #5441, #2840, #5964, #4027, #7293, #1622, #3551, #4658, #1507, #268, #3478, #2222, #6591, #3405, #6703, #6036, #2877, #4738, #5404, #2765, #4182, #7976, #4066, #6664, #4773, #193, #981, #1546, #6113, #6627 ),
 ( #4106, #908, #7335, #867, #1587, #2106, #4146, #830, #2801, #944, #3518, #6075, #7216, #309, #8013, #5362, #2259, #3440, #348, #230, #2922, #5325, #7861, #1468, #7934, #7898, #2145, #6916, #1202, #1115, #3635, #6205, #5027, #567, #3765, #6325, #7595, #5575, #8185, #5530, #5483, #2424, #6873 ) ),
 .UNSPECIFIED., .F., .F., .F. ) 
 B_SPLINE_SURFACE_WITH_KNOTS ( ( 2, 2 ),
 ( 3, 2, 2, 2, 2, 2, 2, 2, 2, 2, 2, 2, 2, 2, 2, 2, 2, 2, 2, 2, 2, 3 ),
 ( 0.000000000000000000, 1.000000000000000000 ),
 ( 0.000000000000000000, 0.04166666666666666435, 0.08333333333333332871, 0.1250000000000000000, 0.1666666666666666574, 0.2083333333333333426, 0.2500000000000000000, 0.2916666666666666852, 0.3333333333333333148, 0.3750000000000000000, 0.4166666666666666852, 0.4583333333333333148, 0.5000000000000000000, 0.5416666666666666297, 0.5833333333333333703, 0.6250000000000000000, 0.6666666666666666297, 0.7083333333333333703, 0.7500000000000000000, 0.7916666666666666297, 0.8265930293009882135, 0.8348589595939981400 ),
 .UNSPECIFIED. ) 
 GEOMETRIC_REPRESENTATION_ITEM ( )  RATIONAL_B_SPLINE_SURFACE ( (
 ( 1.000000000000000000, 0.8660254037844387076, 1.000000000000000000, 0.8660254037844387076, 1.000000000000000000, 0.8660254037844387076, 1.000000000000000000, 0.8660254037844387076, 1.000000000000000000, 0.8660254037844387076, 1.000000000000000000, 0.8660254037844387076, 1.000000000000000000, 0.8660254037844387076, 1.000000000000000000, 0.8660254037844387076, 1.000000000000000000, 0.8660254037844387076, 1.000000000000000000, 0.8660254037844387076, 1.000000000000000000, 0.8660254037844387076, 1.000000000000000000, 0.8660254037844387076, 1.000000000000000000, 0.8660254037844387076, 1.000000000000000000, 0.8660254037844387076, 1.000000000000000000, 0.8660254037844387076, 1.000000000000000000, 0.8660254037844387076, 1.000000000000000000, 0.8660254037844387076, 1.000000000000000000, 0.8660254037844387076, 1.000000000000000000, 0.8660254037844387076, 1.000000000000000000, 0.8876981120509241929, 0.9636664543272099870, 0.9636664543272099870, 0.9636664543272099870),
 ( 1.000000000000000000, 0.8660254037844387076, 1.000000000000000000, 0.8660254037844387076, 1.000000000000000000, 0.8660254037844387076, 1.000000000000000000, 0.8660254037844387076, 1.000000000000000000, 0.8660254037844387076, 1.000000000000000000, 0.8660254037844387076, 1.000000000000000000, 0.8660254037844387076, 1.000000000000000000, 0.8660254037844387076, 1.000000000000000000, 0.8660254037844387076, 1.000000000000000000, 0.8660254037844387076, 1.000000000000000000, 0.8660254037844387076, 1.000000000000000000, 0.8660254037844387076, 1.000000000000000000, 0.8660254037844387076, 1.000000000000000000, 0.8660254037844387076, 1.000000000000000000, 0.8660254037844387076, 1.000000000000000000, 0.8660254037844387076, 1.000000000000000000, 0.8660254037844387076, 1.000000000000000000, 0.8660254037844387076, 1.000000000000000000, 0.8660254037844387076, 1.000000000000000000, 0.8876981120509241929, 0.9636664543272099870, 0.9636664543272099870, 0.9636664543272099870) ) ) 
 REPRESENTATION_ITEM ( '' )  SURFACE ( )  );
#4266 = CARTESIAN_POINT ( 'NONE',  ( 7.778174593051956798, 4.614955357762251964, 9.043152192292806646 ) ) ;
#4267 = ORIENTED_EDGE ( 'NONE', *, *, #3837, .F. ) ;
#4268 = ORIENTED_EDGE ( 'NONE', *, *, #6800, .T. ) ;
#4269 = CARTESIAN_POINT ( 'NONE',  ( -7.134337340042853803, 4.525162380097839332, 7.223041174981356782 ) ) ;
#4270 = CARTESIAN_POINT ( 'NONE',  ( 8.325925961132416120, 4.652752976809870766, -6.829441393621446643 ) ) ;
#4271 = CARTESIAN_POINT ( 'NONE',  ( -7.778174593052006536, 3.537723214905112101, 6.513196993811323665 ) ) ;
#4272 = CARTESIAN_POINT ( 'NONE',  ( 7.160552410309421134, 4.644702980693012684, -8.362797058165275743 ) ) ;
#4273 = CARTESIAN_POINT ( 'NONE',  ( -8.203174593052011687, 4.284226191714978427, -8.514296186268804689 ) ) ;
#4274 = CARTESIAN_POINT ( 'NONE',  ( 8.572527594031473190E-16, 3.700000000000000178, 7.000000000000000000 ) ) ;
#4275 = CARTESIAN_POINT ( 'NONE',  ( 7.866825899495827557, 4.367697659547034483, -6.932541895991848335 ) ) ;
#4276 = ORIENTED_EDGE ( 'NONE', *, *, #2255, .F. ) ;
#4277 = ORIENTED_EDGE ( 'NONE', *, *, #6475, .T. ) ;
#4278 = CARTESIAN_POINT ( 'NONE',  ( -8.192516622044442087, 3.715892688025144164, -8.521221004974592006 ) ) ;
#4279 = DIRECTION ( 'NONE',  ( -0.000000000000000000, -1.000000000000000000, -0.000000000000000000 ) ) ;
#4280 = CARTESIAN_POINT ( 'NONE',  ( -6.928174593052012220, 4.624404763143550312, -8.268922321863215075 ) ) ;
#4281 = DIRECTION ( 'NONE',  ( -0.000000000000000000, -1.000000000000000000, -0.000000000000000000 ) ) ;
#4282 = CARTESIAN_POINT ( 'NONE',  ( 8.873677329212670273, 5.597693453000347041, 8.410663392672448779 ) ) ;
#4283 = CARTESIAN_POINT ( 'NONE',  ( 6.931666230752310476, 4.238955742719411113, 7.683446463779524116 ) ) ;
#4284 = CARTESIAN_POINT ( 'NONE',  ( 0.000000000000000000, 5.200000000000000178, 0.000000000000000000 ) ) ;
#4285 = CARTESIAN_POINT ( 'NONE',  ( -7.027121140353183470, 4.700000000000000178, 7.159976044176464605 ) ) ;
#4286 = CARTESIAN_POINT ( 'NONE',  ( 2.000000000000084821, 3.700000000000000178, 13.35102992281855450 ) ) ;
#4287 = CARTESIAN_POINT ( 'NONE',  ( -7.778174593052011865, 4.700000000000000178, -6.928174593052033536 ) ) ;
#4288 = CARTESIAN_POINT ( 'NONE',  ( 8.152812815401976110, 3.646141598573447773, 7.013187435243122714 ) ) ;
#4289 = CARTESIAN_POINT ( 'NONE',  ( 8.873677329212773301, 3.405431548238441852, -8.410663392672345751 ) ) ;
#4290 = CARTESIAN_POINT ( 'NONE',  ( -6.682671856891293061, 3.877901786333680434, 7.778174593052038510 ) ) ;
#4291 = CARTESIAN_POINT ( 'NONE',  ( -6.682671856891298390, 4.236979167286060388, -7.145685793431673538 ) ) ;
#4292 = CARTESIAN_POINT ( 'NONE',  ( 7.087594937194930722, 3.747653292080862730, 7.281784568589970696 ) ) ;
#4293 = CARTESIAN_POINT ( 'NONE',  ( 6.928174593051956265, 4.322023810762598117, 7.287426864240906355 ) ) ;
#4294 = CARTESIAN_POINT ( 'NONE',  ( 8.873677329212773301, 4.369270833952727529, -8.410663392672345751 ) ) ;
#4295 = CARTESIAN_POINT ( 'NONE',  ( 1.152188841818234133E-13, 4.700000000000000178, -11.00000000000000178 ) ) ;
#4296 = CARTESIAN_POINT ( 'NONE',  ( 0.000000000000000000, 2.500000000000000000, 0.000000000000000000 ) ) ;
#4297 = CIRCLE ( 'NONE', #4038, 4.000000000000000000 ) ;
#4298 = EDGE_CURVE ( 'NONE', #1931, #731, #4264, .T. ) ;
#4299 = STYLED_ITEM ( 'NONE', ( #2919 ), #6596 ) ;
#4300 = CARTESIAN_POINT ( 'NONE',  ( -8.873677329212725340, 5.881175595857490279, -8.410663392672393712 ) ) ;
#4301 = VERTEX_POINT ( 'NONE', #435 ) ;
#4302 = CARTESIAN_POINT ( 'NONE',  ( 7.778152113398300926, 3.452676572189577797, 8.628174592754833228 ) ) ;
#4303 = CARTESIAN_POINT ( 'NONE',  ( -8.477349517399304091, 3.383223502983697006, 8.261562194294949535 ) ) ;
#4304 = DIRECTION ( 'NONE',  ( 0.000000000000000000, 1.000000000000000000, 0.000000000000000000 ) ) ;
#4305 = FACE_OUTER_BOUND ( 'NONE', #3639, .T. ) ;
#4306 = CARTESIAN_POINT ( 'NONE',  ( 6.928174593051956265, 4.397619048857835722, 8.268922321863270142 ) ) ;
#4307 = CARTESIAN_POINT ( 'NONE',  ( 8.628174593052058583, 3.566071428571429003, -7.778174593051986108 ) ) ;
#4308 = VECTOR ( 'NONE', #3357, 1000.000000000000000 ) ;
#4309 = AXIS2_PLACEMENT_3D ( 'NONE', #3681, #6160, #389 ) ;
#4310 = CARTESIAN_POINT ( 'NONE',  ( 8.188988110136149245, 4.700000000000000178, 8.793732813498621681 ) ) ;
#4311 = ORIENTED_EDGE ( 'NONE', *, *, #4076, .F. ) ;
#4312 = ORIENTED_EDGE ( 'NONE', *, *, #771, .T. ) ;
#4313 = AXIS2_PLACEMENT_3D ( 'NONE', #5561, #4212, #6815 ) ;
#4314 = CARTESIAN_POINT ( 'NONE',  ( 8.873677329212773301, 5.654389881571775689, -7.145685793431626465 ) ) ;
#4315 = DIRECTION ( 'NONE',  ( 0.000000000000000000, 0.000000000000000000, -1.000000000000000000 ) ) ;
#4316 = CARTESIAN_POINT ( 'NONE',  ( 11.00000000000001243, 4.700000000000000178, 1.999999999999770628 ) ) ;
#4317 = CARTESIAN_POINT ( 'NONE',  ( -7.778174579122963728, 4.700000000000001066, 6.928174593052038865 ) ) ;
#4318 = CARTESIAN_POINT ( 'NONE',  ( 0.000000000000000000, 6.000000000000000000, 0.000000000000000000 ) ) ;
#4319 = B_SPLINE_CURVE_WITH_KNOTS ( 'NONE', 3,
 ( #2685, #7777, #8325, #7601, #1979, #5844, #6424, #4575, #4534, #5079, #8278, #3144 ),
 .UNSPECIFIED., .F., .F.,
 ( 4, 2, 2, 2, 2, 4 ),
 ( 0.000000000000000000, 0.0002408373564892634950, 0.0004816747129785269900, 0.0009633494259570535463, 0.001445024138935580103, 0.001926698851914106659 ),
 .UNSPECIFIED. ) ;
#4320 = TOROIDAL_SURFACE ( 'NONE', #286, 4.999999999999999112, 0.5000000000000000000 ) ;
#4321 =( BOUNDED_CURVE ( )  B_SPLINE_CURVE ( 2, ( #655, #7681, #8317, #3944, #3231, #1382, #5790 ),
 .UNSPECIFIED., .F., .F. ) 
 B_SPLINE_CURVE_WITH_KNOTS ( ( 3, 2, 2, 3 ),
 ( 0.5625000000000000000, 0.5833333333333333703, 0.6250000000000000000, 0.6396727680113218906 ),
 .UNSPECIFIED. ) 
 CURVE ( )  GEOMETRIC_REPRESENTATION_ITEM ( )  RATIONAL_B_SPLINE_CURVE ( ( 0.9330127018922194093, 0.9330127018922194093, 1.000000000000000000, 0.8660254037844387076, 1.000000000000000000, 0.9528213239276450697, 0.9388702527716565882 ) ) 
 REPRESENTATION_ITEM ( '' )  );
#4322 = CARTESIAN_POINT ( 'NONE',  ( -7.487032860768539244, 3.200000000000000178, 6.979590538789130605 ) ) ;
#4323 = ORIENTED_EDGE ( 'NONE', *, *, #3953, .T. ) ;
#4324 = VERTEX_POINT ( 'NONE', #7553 ) ;
#4325 = CARTESIAN_POINT ( 'NONE',  ( -8.150015875141869870, 3.712238564499685367, -8.542738614225010352 ) ) ;
#4326 = CARTESIAN_POINT ( 'NONE',  ( -3.827158357936825446E-14, 2.500000000000000000, 12.10000000000000142 ) ) ;
#4327 = CARTESIAN_POINT ( 'NONE',  ( -8.325925961132368158, 5.484300595857489746, -6.829441393621494605 ) ) ;
#4328 = VECTOR ( 'NONE', #7036, 1000.000000000000000 ) ;
#4329 = CARTESIAN_POINT ( 'NONE',  ( -7.737774412544055735, 3.456268901308265473, 8.627345429237657015 ) ) ;
#4330 = CARTESIAN_POINT ( 'NONE',  ( -8.873677329212725340, 4.974032738714632806, -8.410663392672393712 ) ) ;
#4331 = CARTESIAN_POINT ( 'NONE',  ( 7.251851736282713290, 4.311820723663455368, 8.446623506110915613 ) ) ;
#4332 = CARTESIAN_POINT ( 'NONE',  ( 0.000000000000000000, 1.500000000000000000, 0.000000000000000000 ) ) ;
#4333 = DIRECTION ( 'NONE',  ( -0.000000000000000000, -1.000000000000000000, -0.000000000000000000 ) ) ;
#4334 = CARTESIAN_POINT ( 'NONE',  ( -6.928174593052006891, 4.170833334572121132, 7.287426864240856617 ) ) ;
#4335 = CARTESIAN_POINT ( 'NONE',  ( 7.353174593052060004, 5.796130953619740289, -7.042052999835213711 ) ) ;
#4336 = ADVANCED_FACE ( 'NONE', ( #8052 ), #5143, .T. ) ;
#4337 = CARTESIAN_POINT ( 'NONE',  ( -7.778174593052011865, 4.700000000000000178, -6.928174593052033536 ) ) ;
#4338 = ORIENTED_EDGE ( 'NONE', *, *, #7467, .F. ) ;
#4339 = CARTESIAN_POINT ( 'NONE',  ( 0.000000000000000000, 1.000000000000000000, 0.000000000000000000 ) ) ;
#4340 = CARTESIAN_POINT ( 'NONE',  ( -6.682671856891298390, 3.424330357762251698, -7.778174593052033181 ) ) ;
#4341 = CARTESIAN_POINT ( 'NONE',  ( 6.968221796262115575, 3.815032455466249139, 8.043451370674265632 ) ) ;
#4342 = EDGE_CURVE ( 'NONE', #5763, #1931, #2567, .T. ) ;
#4343 = CARTESIAN_POINT ( 'NONE',  ( 7.353174593051957864, 3.528273810762597940, 8.514296186268863309 ) ) ;
#4344 = CARTESIAN_POINT ( 'NONE',  ( 6.682671856891347240, 4.066889881571776222, -8.410663392672345751 ) ) ;
#4345 = CARTESIAN_POINT ( 'NONE',  ( -8.374019005254835335, 3.397253328245772419, -7.171979555299381026 ) ) ;
#4346 = CARTESIAN_POINT ( 'NONE',  ( -7.230423224971657348, 3.802306548238445050, -6.829441393621499046 ) ) ;
#4347 = CARTESIAN_POINT ( 'NONE',  ( -8.873677329212721787, 3.235342262524156354, 8.410663392672399041 ) ) ;
#4348 = ORIENTED_EDGE ( 'NONE', *, *, #8193, .T. ) ;
#4349 = CARTESIAN_POINT ( 'NONE',  ( 0.000000000000000000, 4.700000000000000178, 0.000000000000000000 ) ) ;
#4350 = CARTESIAN_POINT ( 'NONE',  ( 6.682671856891243323, 5.881175595857490279, 7.145685793431728605 ) ) ;
#4351 = DIRECTION ( 'NONE',  ( 0.000000000000000000, 0.000000000000000000, 1.000000000000000000 ) ) ;
#4352 = EDGE_CURVE ( 'NONE', #1176, #4149, #3232, .T. ) ;
#4353 = CARTESIAN_POINT ( 'NONE',  ( 6.928174593051956265, 4.775595239334026409, 7.287426864240906355 ) ) ;
#4354 = CARTESIAN_POINT ( 'NONE',  ( 0.000000000000000000, 0.000000000000000000, -4.300000000000008704 ) ) ;
#4355 = DIRECTION ( 'NONE',  ( 0.000000000000000000, 1.000000000000000000, 0.000000000000000000 ) ) ;
#4356 = EDGE_LOOP ( 'NONE', ( #6296, #1289, #477, #4441 ) ) ;
#4357 = ORIENTED_EDGE ( 'NONE', *, *, #5514, .T. ) ;
#4358 = CARTESIAN_POINT ( 'NONE',  ( 8.162744201653115539, 6.058903323089687376, -6.752390765398204486 ) ) ;
#4359 = CARTESIAN_POINT ( 'NONE',  ( 8.069316325335522677, 3.200000000000000622, -8.576758647314894901 ) ) ;
#4360 = CARTESIAN_POINT ( 'NONE',  ( 6.928174593052061070, 4.696559164647079676, -7.822848892047687741 ) ) ;
#4361 = EDGE_LOOP ( 'NONE', ( #6757, #1446, #580, #4512 ) ) ;
#4362 = CARTESIAN_POINT ( 'NONE',  ( -8.005931406618463697, 4.266684255666617354, -8.628174593052033714 ) ) ;
#4363 = CARTESIAN_POINT ( 'NONE',  ( 7.608471440095332383, 4.601696090675277517, 6.943394238687596420 ) ) ;
#4364 = CIRCLE ( 'NONE', #5038, 2.000000000000000000 ) ;
#4365 = ORIENTED_EDGE ( 'NONE', *, *, #6266, .T. ) ;
#4366 = ORIENTED_EDGE ( 'NONE', *, *, #1962, .T. ) ;
#4367 = CARTESIAN_POINT ( 'NONE',  ( -8.056288490095635524, 3.704287797929314507, -8.583351619400019672 ) ) ;
#4368 = DIRECTION ( 'NONE',  ( 0.000000000000000000, 0.000000000000000000, 1.000000000000000000 ) ) ;
#4369 = CARTESIAN_POINT ( 'NONE',  ( -7.778174593052010977, 4.700000001238787917, -8.759670050674396080 ) ) ;
#4370 = CARTESIAN_POINT ( 'NONE',  ( -7.689523286663683344, 3.460554802400116703, 8.623807290117674995 ) ) ;
#4371 = CARTESIAN_POINT ( 'NONE',  ( 6.682671856891243323, 4.917336310143204159, 7.145685793431728605 ) ) ;
#4372 = CARTESIAN_POINT ( 'NONE',  ( 7.556960654692724155, 4.340421431454133838, 8.606305365373286165 ) ) ;
#4373 = CARTESIAN_POINT ( 'NONE',  ( -8.873677329212725340, 4.539360119667013471, -7.145685793431673538 ) ) ;
#4374 = CARTESIAN_POINT ( 'NONE',  ( -6.984309103111457695, 3.199999999999999734, -7.474402336449419870 ) ) ;
#4375 = CARTESIAN_POINT ( 'NONE',  ( -7.230423224971650242, 4.199181548238442474, 8.726907792482577975 ) ) ;
#4376 = CARTESIAN_POINT ( 'NONE',  ( 8.203174593052059649, 4.662202382191169114, -8.514296186268758504 ) ) ;
#4377 = EDGE_CURVE ( 'NONE', #1129, #2682, #7606, .T. ) ;
#4378 = CARTESIAN_POINT ( 'NONE',  ( 8.325925961132416120, 3.896800595857489835, -8.726907792482524684 ) ) ;
#4379 = ORIENTED_EDGE ( 'NONE', *, *, #6604, .F. ) ;
#4380 = CARTESIAN_POINT ( 'NONE',  ( -7.778174593052011865, 3.700000000000000178, -7.778174593052033181 ) ) ;
#4381 = CARTESIAN_POINT ( 'NONE',  ( -7.230423224971654683, 4.255877976809871122, -6.829441393621495493 ) ) ;
#4382 = CARTESIAN_POINT ( 'NONE',  ( 7.465959101196943060, 3.707370417084509207, 6.987397543757065677 ) ) ;
#4383 = CIRCLE ( 'NONE', #625, 2.000000000000000000 ) ;
#4384 = LINE ( 'NONE', #3754, #4328 ) ;
#4385 = CARTESIAN_POINT ( 'NONE',  ( 7.230423224971703533, 3.518824405381299592, -8.726907792482524684 ) ) ;
#4386 = CARTESIAN_POINT ( 'NONE',  ( 7.230423224971704421, 3.216443453000346953, -6.829441393621446643 ) ) ;
#4387 = ADVANCED_FACE ( 'NONE', ( #1741 ), #2955, .F. ) ;
#4388 = VECTOR ( 'NONE', #5414, 1000.000000000000000 ) ;
#4389 = CARTESIAN_POINT ( 'NONE',  ( -6.682671856891302831, 3.386532738714636004, -7.145685793431677091 ) ) ;
#4390 = CARTESIAN_POINT ( 'NONE',  ( -8.325925961132364606, 3.273139881571775600, 8.726907792482577975 ) ) ;
#4391 = ORIENTED_EDGE ( 'NONE', *, *, #4463, .F. ) ;
#4392 = CARTESIAN_POINT ( 'NONE',  ( -7.123400177763732799, 3.616540292343256358, -8.320531083660178240 ) ) ;
#4393 = FACE_OUTER_BOUND ( 'NONE', #3416, .T. ) ;
#4394 = CARTESIAN_POINT ( 'NONE',  ( -7.778174593052010977, 3.991294643476536841, -9.043152192292751579 ) ) ;
#4395 = CARTESIAN_POINT ( 'NONE',  ( 7.781628155452893658, 3.199999999999997513, 8.792264125741786174 ) ) ;
#4396 = CARTESIAN_POINT ( 'NONE',  ( 7.353174593052060004, 4.624404761904761685, -8.514296186268758504 ) ) ;
#4397 = AXIS2_PLACEMENT_3D ( 'NONE', #2092, #6615, #4644 ) ;
#4398 = ORIENTED_EDGE ( 'NONE', *, *, #7862, .F. ) ;
#4399 = ORIENTED_EDGE ( 'NONE', *, *, #5804, .T. ) ;
#4400 = CLOSED_SHELL ( 'NONE', ( #1000, #5085, #4256, #5761, #1617, #2461, #6834, #4853, #601, #5861, #1008, #5224, #6114, #7229, #4551, #3184, #1542, #6944, #4195, #4555, #3725, #1937, #5327, #4407, #4028, #5496, #5866, #6986, #6081, #7362, #8091, #7698, #5240, #6920, #3823, #7, #3479, #3856, #4847, #6100, #150, #7060, #2620, #1999, #8313, #5536, #717, #2841, #1388, #5570, #5412, #2720, #4485, #6713, #6745, #4140, #5733, #1413, #6467, #5389, #5594, #6557, #6970, #1024, #6395, #8200, #3270, #1841, #523, #1296, #419, #4449, #4510, #6619, #2654, #4387, #4953, #4117, #3976, #3736, #5586, #5937, #2286, #2251, #5363, #2271, #8141, #3801, #5957, #6662, #6853, #1445, #2188, #781, #7474, #4336, #766, #6342, #2536, #3215, #1203, #4241, #4919, #1423, #5697, #7318, #2752, #4100, #425, #5487, #2108 ) ) ;
#4401 = CARTESIAN_POINT ( 'NONE',  ( -7.778197072705899551, 4.359819429332413954, 8.628174592754783490 ) ) ;
#4402 = CARTESIAN_POINT ( 'NONE',  ( 0.000000000000000000, 2.500000000000000000, -4.500000000000000000 ) ) ;
#4403 = DIRECTION ( 'NONE',  ( 0.000000000000000000, 0.000000000000000000, 1.000000000000000000 ) ) ;
#4404 = ORIENTED_EDGE ( 'NONE', *, *, #5115, .T. ) ;
#4405 = CARTESIAN_POINT ( 'NONE',  ( -7.778185041395105692, 3.566070500581237201, -6.928174593116250612 ) ) ;
#4406 = CARTESIAN_POINT ( 'NONE',  ( 7.104536355328353814, 4.652298272054333772, 7.259026390945991558 ) ) ;
#4407 = ADVANCED_FACE ( 'NONE', ( #3039 ), #6151, .F. ) ;
#4408 = VERTEX_POINT ( 'NONE', #1057 ) ;
#4409 = ORIENTED_EDGE ( 'NONE', *, *, #47, .F. ) ;
#4410 = CARTESIAN_POINT ( 'NONE',  ( -7.778197072705663295, 3.906248000761006978, -6.928174593349289978 ) ) ;
#4411 = CARTESIAN_POINT ( 'NONE',  ( -7.778174593052011865, 3.707812500619394491, -6.513196993811314783 ) ) ;
#4412 = CARTESIAN_POINT ( 'NONE',  ( -7.288048528583304986, 6.009490824672343301, -6.791960792874319530 ) ) ;
#4413 = CARTESIAN_POINT ( 'NONE',  ( -7.104546316644920978, 3.518368262018864989, 8.297335733645724076 ) ) ;
#4414 = CARTESIAN_POINT ( 'NONE',  ( 6.682671856891243323, 5.918973214905108193, 7.778174593052089136 ) ) ;
#4415 = CARTESIAN_POINT ( 'NONE',  ( 7.095763246545887526, 4.292931486381111661, 8.285159026826656614 ) ) ;
#4416 = LINE ( 'NONE', #6806, #3915 ) ;
#4417 = CARTESIAN_POINT ( 'NONE',  ( -6.732382472618001046, 4.699999999999998401, 8.045895477040481580 ) ) ;
#4418 = CARTESIAN_POINT ( 'NONE',  ( -11.00000000000000000, 2.500000000000000000, -1.100000000000077360 ) ) ;
#4419 = CARTESIAN_POINT ( 'NONE',  ( 8.522020170847941500, 3.602617957100724411, 7.365124302497050301 ) ) ;
#4420 = CARTESIAN_POINT ( 'NONE',  ( 6.928174593052061070, 3.906250001238788627, -7.778174593051986108 ) ) ;
#4421 = ORIENTED_EDGE ( 'NONE', *, *, #2552, .T. ) ;
#4422 = CARTESIAN_POINT ( 'NONE',  ( -8.873677329212721787, 3.594419643476537196, 7.778174593052038510 ) ) ;
#4423 = UNCERTAINTY_MEASURE_WITH_UNIT (LENGTH_MEASURE( 1.000000000000000082E-05 ), #1183, 'distance_accuracy_value', 'NONE');
#4424 = CARTESIAN_POINT ( 'NONE',  ( -8.873677329212725340, 3.235342262524156354, -7.145685793431673538 ) ) ;
#4425 = CARTESIAN_POINT ( 'NONE',  ( 7.608472698846282078, 3.694553120878441010, 6.943393992780142021 ) ) ;
#4426 = CARTESIAN_POINT ( 'NONE',  ( 8.483223083814930732, 4.062655798398571605, -8.252947996615361603 ) ) ;
#4427 = CARTESIAN_POINT ( 'NONE',  ( 6.682671856891347240, 3.178645833952728150, -7.145685793431625576 ) ) ;
#4428 = CARTESIAN_POINT ( 'NONE',  ( 7.778174593052059826, 3.481026786333680345, -9.043152192292707170 ) ) ;
#4429 = CARTESIAN_POINT ( 'NONE',  ( 7.550417779485607106, 3.813112827095188617, -8.628174593051983976 ) ) ;
#4430 = CARTESIAN_POINT ( 'NONE',  ( 7.182330180849063161, 4.304396185388626783, -7.171979555299500930 ) ) ;
#4431 = CARTESIAN_POINT ( 'NONE',  ( -6.682671856891293061, 3.386532738714632895, 8.410663392672399041 ) ) ;
#4432 = ORIENTED_EDGE ( 'NONE', *, *, #2963, .T. ) ;
#4433 = CARTESIAN_POINT ( 'NONE',  ( -6.928174354418304759, 3.567791601252880085, -7.800507746015782118 ) ) ;
#4434 = CARTESIAN_POINT ( 'NONE',  ( -8.367832446250959677, 3.397936051000171265, 8.390403739646005832 ) ) ;
#4435 = CARTESIAN_POINT ( 'NONE',  ( -7.353174593052012042, 3.490476190476190510, -7.042052999835261673 ) ) ;
#4436 = DIRECTION ( 'NONE',  ( -0.000000000000000000, -1.000000000000000000, -0.000000000000000000 ) ) ;
#4437 = CARTESIAN_POINT ( 'NONE',  ( 7.778174593052059826, 4.444866072047966021, -9.043152192292705394 ) ) ;
#4438 = EDGE_CURVE ( 'NONE', #5435, #1310, #7496, .T. ) ;
#4439 = CARTESIAN_POINT ( 'NONE',  ( -6.928174593052012220, 4.888988095238095966, -7.287426864240853064 ) ) ;
#4440 = EDGE_LOOP ( 'NONE', ( #7419, #2471 ) ) ;
#4441 = ORIENTED_EDGE ( 'NONE', *, *, #2758, .F. ) ;
#4442 = B_SPLINE_CURVE_WITH_KNOTS ( 'NONE', 3,
 ( #5756, #3327, #5889, #112, #2687, #2605, #5249, #5799, #7819, #1889, #5166, #1981, #4536, #2068, #1347, #4446, #7014, #3819, #6378, #617, #3908, #3194, #8327, #6471, #712, #7933, #1545, #6626, #7253, #2144, #7897, #4065, #6074, #2800, #308, #4772, #1506, #5923, #8012, #5963, #7975, #3404, #5998, #3439, #2258, #229, #3477, #866, #2729, #1586, #4104, #4026, #5361, #2184, #4737, #5403, #943, #7292, #4145, #4696, #2764, #267, #6702, #6663 ),
 .UNSPECIFIED., .F., .F.,
 ( 4, 2, 2, 1, 1, 1, 1, 2, 2, 2, 2, 1, 1, 2, 2, 1, 2, 2, 2, 2, 2, 2, 2, 1, 2, 2, 2, 2, 2, 2, 1, 1, 1, 1, 2, 2, 2, 4 ),
 ( 0.5000042337161136885, 0.5625037045016226811, 0.5937534398943770109, 0.6093783075907541757, 0.6171907414389430357, 0.6210969583630376878, 0.6230500668250850138, 0.6240266210561085103, 0.6250031752871320068, 0.6406280429834997348, 0.6484404768316835987, 0.6523466937557755863, 0.6542998022178213580, 0.6552763564488442993, 0.6562529106798672407, 0.6718777783762361899, 0.6796902122244206090, 0.6875026460726050281, 0.7187523814653415943, 0.7343772491617099885, 0.7500021168580781605, 0.7812518522508142826, 0.7968767199471823437, 0.8046891537953666518, 0.8085953707194586393, 0.8125015876435505158, 0.8437513230362889693, 0.8593761907326580296, 0.8750010584290269788, 0.9062507938217649883, 0.9218756615181338265, 0.9296880953663184677, 0.9335943122904106772, 0.9355474207524568930, 0.9365239749834801675, 0.9375005292145035529, 0.9687502646072517765, 1.000000000000000000 ),
 .UNSPECIFIED. ) ;
#4443 = CARTESIAN_POINT ( 'NONE',  ( -6.928175070464950736, 4.469771842112094440, 7.822868140706221496 ) ) ;
#4444 = CARTESIAN_POINT ( 'NONE',  ( -11.00000000000000000, 4.700000000000000178, 1.999999999999922951 ) ) ;
#4445 = CARTESIAN_POINT ( 'NONE',  ( -8.128396614280088528, 4.164014332666696738, 7.003625988238527000 ) ) ;
#4446 = CARTESIAN_POINT ( 'NONE',  ( 7.134330090051242301, 3.844804263502562325, -7.223049557233124141 ) ) ;
#4447 = ORIENTED_EDGE ( 'NONE', *, *, #4672, .T. ) ;
#4448 = CYLINDRICAL_SURFACE ( 'NONE', #423, 0.8500000000000000888 ) ;
#4449 = ADVANCED_FACE ( 'NONE', ( #5018 ), #5609, .F. ) ;
#4450 = DIRECTION ( 'NONE',  ( 0.000000000000000000, 1.000000000000000000, 0.000000000000000000 ) ) ;
#4451 = CARTESIAN_POINT ( 'NONE',  ( -7.778174579122960175, 4.699999999999999289, -8.628174593052033714 ) ) ;
#4452 = VECTOR ( 'NONE', #7244, 1000.000000000000000 ) ;
#4453 = ORIENTED_EDGE ( 'NONE', *, *, #6203, .T. ) ;
#4454 = VERTEX_POINT ( 'NONE', #6861 ) ;
#4455 = CARTESIAN_POINT ( 'NONE',  ( -8.541160604381008881, 3.825617820853188356, -7.403268578976094361 ) ) ;
#4456 = CARTESIAN_POINT ( 'NONE',  ( -8.500051918783928073, 4.286759598266529636, -7.328506028339880629 ) ) ;
#4457 = CARTESIAN_POINT ( 'NONE',  ( -7.230423224971650242, 3.896800595857489835, 6.829441393621498158 ) ) ;
#4458 = CARTESIAN_POINT ( 'NONE',  ( -8.873677329212725340, 5.503199405381299592, -7.145685793431673538 ) ) ;
#4459 = CARTESIAN_POINT ( 'NONE',  ( 6.997868319585447416, 4.275526761140464593, 8.115614329818553685 ) ) ;
#4460 = CARTESIAN_POINT ( 'NONE',  ( -7.778174593052010977, 4.388169643476538262, -9.043152192292751579 ) ) ;
#4461 = PRESENTATION_STYLE_ASSIGNMENT (( #1138 ) ) ;
#4462 = LINE ( 'NONE', #7072, #8011 ) ;
#4463 = EDGE_CURVE ( 'NONE', #7701, #3815, #1195, .T. ) ;
#4464 = EDGE_CURVE ( 'NONE', #390, #7853, #1159, .T. ) ;
#4465 = CARTESIAN_POINT ( 'NONE',  ( 7.789900147021657340, 3.453721103017550309, 8.628098753422420941 ) ) ;
#4466 = CARTESIAN_POINT ( 'NONE',  ( 6.928174593052061070, 3.452678572667359447, -7.778174593051986108 ) ) ;
#4467 = EDGE_LOOP ( 'NONE', ( #3277, #437, #7655, #3913 ) ) ;
#4468 = CARTESIAN_POINT ( 'NONE',  ( -8.112813544854077463, 4.616316253620998289, -8.559532171153170665 ) ) ;
#4469 = CARTESIAN_POINT ( 'NONE',  ( -8.873677329212725340, 3.556622024428918838, -8.410663392672393712 ) ) ;
#4470 = CARTESIAN_POINT ( 'NONE',  ( 6.946196683625061041, 3.778455512844011377, 7.601892958429180780 ) ) ;
#4471 = CARTESIAN_POINT ( 'NONE',  ( 7.778174593052060715, 4.133035714285713702, -8.628174593051983976 ) ) ;
#4472 = ORIENTED_EDGE ( 'NONE', *, *, #852, .F. ) ;
#4473 = CARTESIAN_POINT ( 'NONE',  ( 8.873677329212773301, 3.783407738714632984, -7.145685793431626465 ) ) ;
#4474 = CARTESIAN_POINT ( 'NONE',  ( 8.325925961132417896, 3.745610119667013738, -6.829441393621446643 ) ) ;
#4475 = DIRECTION ( 'NONE',  ( 0.000000000000000000, 1.000000000000000000, 0.000000000000000000 ) ) ;
#4476 = CARTESIAN_POINT ( 'NONE',  ( 7.075577352481868587, 4.289829847675726171, -7.299774900938214905 ) ) ;
#4477 = FACE_OUTER_BOUND ( 'NONE', #3195, .T. ) ;
#4478 = EDGE_LOOP ( 'NONE', ( #1480, #6737, #5729, #7101, #5926 ) ) ;
#4479 = CARTESIAN_POINT ( 'NONE',  ( -6.929191433756409779, 3.569885468698099640, -7.827103431497555164 ) ) ;
#4480 = CARTESIAN_POINT ( 'NONE',  ( -8.422019095989888626, 3.391232834938742613, 8.333299628943889203 ) ) ;
#4481 = CARTESIAN_POINT ( 'NONE',  ( -7.230423224971654683, 3.348735119667013649, -6.829441393621495493 ) ) ;
#4482 = CARTESIAN_POINT ( 'NONE',  ( 8.325925961132314868, 3.896800595857489835, 6.829441393621548784 ) ) ;
#4483 = CARTESIAN_POINT ( 'NONE',  ( 7.230423224971703533, 4.482663691095584824, -8.726907792482524684 ) ) ;
#4484 = ORIENTED_EDGE ( 'NONE', *, *, #1484, .T. ) ;
#4485 = ADVANCED_FACE ( 'NONE', ( #5737 ), #8307, .T. ) ;
#4486 = DIRECTION ( 'NONE',  ( 0.000000000000000000, 1.000000000000000000, 0.000000000000000000 ) ) ;
#4487 = ORIENTED_EDGE ( 'NONE', *, *, #6266, .F. ) ;
#4488 = ORIENTED_EDGE ( 'NONE', *, *, #3488, .T. ) ;
#4489 = CARTESIAN_POINT ( 'NONE',  ( -7.776468648439987419, 4.359973147151120720, 8.628174638465818447 ) ) ;
#4490 = CARTESIAN_POINT ( 'NONE',  ( 6.682671856891347240, 5.900074405381299236, -7.145685793431626465 ) ) ;
#4491 = DIRECTION ( 'NONE',  ( 0.000000000000000000, 1.000000000000000000, 0.000000000000000000 ) ) ;
#4492 = DIRECTION ( 'NONE',  ( 0.000000000000000000, 0.000000000000000000, 1.000000000000000000 ) ) ;
#4493 = EDGE_LOOP ( 'NONE', ( #6197, #8144, #6518, #1639 ) ) ;
#4494 = FACE_BOUND ( 'NONE', #7389, .T. ) ;
#4495 = CARTESIAN_POINT ( 'NONE',  ( -6.931666348068943329, 4.012169891925791987, 7.872904419988033808 ) ) ;
#4496 = CARTESIAN_POINT ( 'NONE',  ( 7.778174593052306740, 4.473214286953105301, 8.628174593052088781 ) ) ;
#4497 = VERTEX_POINT ( 'NONE', #1489 ) ;
#4498 = ORIENTED_EDGE ( 'NONE', *, *, #71, .F. ) ;
#4499 = CARTESIAN_POINT ( 'NONE',  ( 8.576197802240308476, 3.541207363607050240, -7.485388217453955662 ) ) ;
#4500 = EDGE_CURVE ( 'NONE', #3316, #7231, #2815, .T. ) ;
#4501 = CARTESIAN_POINT ( 'NONE',  ( -6.682671856891297502, 3.329836310143204248, -7.145685793431673538 ) ) ;
#4502 = CARTESIAN_POINT ( 'NONE',  ( -8.381277519557551514, 4.303590237710015032, -7.179164839732221637 ) ) ;
#4503 = CARTESIAN_POINT ( 'NONE',  ( -8.873677329212721787, 4.501562500619394669, 7.778174593052038510 ) ) ;
#4504 = CARTESIAN_POINT ( 'NONE',  ( -7.230423224971654683, 5.711086310143204336, -8.726907792482570869 ) ) ;
#4505 = CARTESIAN_POINT ( 'NONE',  ( -7.778174593051655705, 4.473214286953105301, 8.628174593052039043 ) ) ;
#4506 = CARTESIAN_POINT ( 'NONE',  ( -8.628174593052010621, 3.944047620286406985, -7.287426864240852176 ) ) ;
#4507 = CARTESIAN_POINT ( 'NONE',  ( -8.325925961132364606, 5.484300595857489746, 8.726907792482577975 ) ) ;
#4508 = CARTESIAN_POINT ( 'NONE',  ( 7.693400521090342004, 4.665801945942866347, 8.994207859025468821 ) ) ;
#4509 = CARTESIAN_POINT ( 'NONE',  ( 8.627157752348200148, 3.569885468697089337, 7.729245754619671338 ) ) ;
#4510 = ADVANCED_FACE ( 'NONE', ( #928 ), #2208, .F. ) ;
#4511 = CARTESIAN_POINT ( 'NONE',  ( 6.928174593052061070, 3.414880953619740644, -8.268922321863168889 ) ) ;
#4512 = ORIENTED_EDGE ( 'NONE', *, *, #2991, .F. ) ;
#4513 = DIRECTION ( 'NONE',  ( 0.000000000000000000, 0.000000000000000000, 1.000000000000000000 ) ) ;
#4514 = CARTESIAN_POINT ( 'NONE',  ( -8.325925961132368158, 3.065252976809870855, -8.726907792482570869 ) ) ;
#4515 = CARTESIAN_POINT ( 'NONE',  ( -7.438864783770291034, 3.936337415787862337, -6.998822872443312804 ) ) ;
#4516 = CARTESIAN_POINT ( 'NONE',  ( -6.682671856891293061, 4.747247024428918216, 8.410663392672399041 ) ) ;
#4517 = CARTESIAN_POINT ( 'NONE',  ( 8.201898014689685823, 4.095140986790749338, -8.517104637924207466 ) ) ;
#4518 = CARTESIAN_POINT ( 'NONE',  ( 6.682671856891347240, 3.197544643476537551, -7.778174593051986108 ) ) ;
#4519 = CARTESIAN_POINT ( 'NONE',  ( -7.947876487289309289, 3.240981692309832241, -8.612955193317549885 ) ) ;
#4520 = CARTESIAN_POINT ( 'NONE',  ( -7.581391819228873175, 3.470199092122408846, -6.950789530733954003 ) ) ;
#4521 = CARTESIAN_POINT ( 'NONE',  ( 7.056297267320275068, 4.286759598266547400, -7.328506028339643485 ) ) ;
#4522 = CARTESIAN_POINT ( 'NONE',  ( -6.682671856891293061, 5.200818453000346508, 8.410663392672399041 ) ) ;
#4523 = ORIENTED_EDGE ( 'NONE', *, *, #1266, .F. ) ;
#4524 = CARTESIAN_POINT ( 'NONE',  ( 8.203174593051956620, 4.057440477429264725, 8.514296186268863309 ) ) ;
#4525 = CARTESIAN_POINT ( 'NONE',  ( 11.00000000000001243, 3.700000000000000178, -2.000000000000228706 ) ) ;
#4526 = CARTESIAN_POINT ( 'NONE',  ( 7.230423224971601392, 4.123586310143203981, 8.726907792482629489 ) ) ;
#4527 = CARTESIAN_POINT ( 'NONE',  ( 7.778174593052059826, 3.764508929190823139, -6.513196993811266822 ) ) ;
#4528 = EDGE_CURVE ( 'NONE', #671, #169, #3352, .T. ) ;
#4529 = ORIENTED_EDGE ( 'NONE', *, *, #3422, .F. ) ;
#4530 = CARTESIAN_POINT ( 'NONE',  ( -8.872922838270262957, 3.199999999999953992, 7.818825847979341326 ) ) ;
#4531 = ORIENTED_EDGE ( 'NONE', *, *, #7379, .T. ) ;
#4532 = AXIS2_PLACEMENT_3D ( 'NONE', #6240, #6955, #5571 ) ;
#4533 = CARTESIAN_POINT ( 'NONE',  ( -7.613549662905205295, 4.374461832250840843, 8.612935012551982794 ) ) ;
#4534 = CARTESIAN_POINT ( 'NONE',  ( -7.158511939673114277, 4.699999999999973532, -8.499379061075670094 ) ) ;
#4535 = CARTESIAN_POINT ( 'NONE',  ( 7.778174593052412433, 4.473214286953105301, -6.928174593051988239 ) ) ;
#4536 = CARTESIAN_POINT ( 'NONE',  ( 7.180180642278895853, 3.850586341240989974, -7.174102234935197053 ) ) ;
#4537 = VERTEX_POINT ( 'NONE', #6612 ) ;
#4538 = DIRECTION ( 'NONE',  ( -0.000000000000000000, -1.000000000000000000, -0.000000000000000000 ) ) ;
#4539 = CARTESIAN_POINT ( 'NONE',  ( 6.989252263959511602, 4.672909521323383331, 7.461706953550926613 ) ) ;
#4540 = AXIS2_PLACEMENT_3D ( 'NONE', #7803, #4605, #815 ) ;
#4541 = ORIENTED_EDGE ( 'NONE', *, *, #1657, .T. ) ;
#4542 = VERTEX_POINT ( 'NONE', #135 ) ;
#4543 = CARTESIAN_POINT ( 'NONE',  ( 6.682671856891347240, 4.558258929190823316, -7.778174593051986108 ) ) ;
#4544 = CARTESIAN_POINT ( 'NONE',  ( -7.230423224971654683, 3.292038691095585001, -6.829441393621495493 ) ) ;
#4545 = CARTESIAN_POINT ( 'NONE',  ( -8.341283107691710441, 4.307956873786597640, -7.141194633209242859 ) ) ;
#4546 = CARTESIAN_POINT ( 'NONE',  ( -6.682671856891293061, 3.405431548238441852, 7.145685793431678867 ) ) ;
#4547 = CARTESIAN_POINT ( 'NONE',  ( -8.873677329212725340, 5.918973214905108193, -7.778174593052033181 ) ) ;
#4548 = CARTESIAN_POINT ( 'NONE',  ( -6.682671856891298390, 3.367633929190823494, -7.778174593052033181 ) ) ;
#4549 = CARTESIAN_POINT ( 'NONE',  ( -8.873677329212721787, 5.824479167286061632, 7.145685793431678867 ) ) ;
#4550 = CARTESIAN_POINT ( 'NONE',  ( -8.325925961132364606, 4.425967262524156176, 6.829441393621498158 ) ) ;
#4551 = ADVANCED_FACE ( 'NONE', ( #888 ), #4087, .F. ) ;
#4552 = CARTESIAN_POINT ( 'NONE',  ( 8.628174115639030362, 3.562628984972399770, 7.822868140661428882 ) ) ;
#4553 = CARTESIAN_POINT ( 'NONE',  ( 6.928174593052061070, 4.359821429810216920, -7.778174593051986108 ) ) ;
#4554 =( BOUNDED_CURVE ( )  B_SPLINE_CURVE ( 2, ( #5246, #1429, #2726, #2220, #7930, #6625, #2182, #5322, #190 ),
 .UNSPECIFIED., .F., .F. ) 
 B_SPLINE_CURVE_WITH_KNOTS ( ( 3, 2, 2, 2, 3 ),
 ( 0.07561148272620243915, 0.1008153103016030533, 0.1512229654524045452, 0.2016306206032060511, 0.2268350262913383930 ),
 .UNSPECIFIED. ) 
 CURVE ( )  GEOMETRIC_REPRESENTATION_ITEM ( )  RATIONAL_B_SPLINE_CURVE ( ( 0.9330127018922194093, 0.9330127018922197424, 1.000000000000000000, 0.8660254037844387076, 1.000000000000000000, 0.8660254037844387076, 1.000000000000000000, 0.9330111653712375164, 0.9330127019274633282 ) ) 
 REPRESENTATION_ITEM ( '' )  );
#4555 = ADVANCED_FACE ( 'NONE', ( #4602 ), #7162, .F. ) ;
#4556 = VERTEX_POINT ( 'NONE', #6537 ) ;
#4557 = CARTESIAN_POINT ( 'NONE',  ( -7.353174593052012931, 3.755059525048312086, -8.514296186268804689 ) ) ;
#4558 = CARTESIAN_POINT ( 'NONE',  ( -7.393643809876907724, 3.000920785871592944, -8.803972975643050702 ) ) ;
#4559 = FACE_OUTER_BOUND ( 'NONE', #2099, .T. ) ;
#4560 = DIRECTION ( 'NONE',  ( 0.000000000000000000, 0.000000000000000000, -1.000000000000000000 ) ) ;
#4561 = CARTESIAN_POINT ( 'NONE',  ( 8.604095356828903363, 4.036739816863238239, -7.986512551920022851 ) ) ;
#4562 = CARTESIAN_POINT ( 'NONE',  ( 7.230423224971703533, 3.972395833952728328, -8.726907792482524684 ) ) ;
#4563 = CARTESIAN_POINT ( 'NONE',  ( 7.778174593052412433, 4.473214286953105301, -6.928174593051989127 ) ) ;
#4564 = CARTESIAN_POINT ( 'NONE',  ( 6.952252950087628669, 4.263525202690589211, -7.569840399780524365 ) ) ;
#4565 = CARTESIAN_POINT ( 'NONE',  ( -8.873677329212721787, 5.465401786333680789, 7.778174593052038510 ) ) ;
#4566 = EDGE_LOOP ( 'NONE', ( #6217, #3247, #5976, #5774 ) ) ;
#4567 = CARTESIAN_POINT ( 'NONE',  ( -7.285311690750325475, 3.634815582266914369, -8.471248143874417380 ) ) ;
#4568 = CARTESIAN_POINT ( 'NONE',  ( -8.610152502511640549, 3.324884084284779995, 7.601892958583613691 ) ) ;
#4569 = DIRECTION ( 'NONE',  ( -0.000000000000000000, -1.000000000000000000, -0.000000000000000000 ) ) ;
#4570 = CARTESIAN_POINT ( 'NONE',  ( 8.537475603976677263, 3.199999999999999734, 8.240608646691399031 ) ) ;
#4571 = CARTESIAN_POINT ( 'NONE',  ( 8.873677329212773301, 3.915699405381299680, -8.410663392672345751 ) ) ;
#4572 = ORIENTED_EDGE ( 'NONE', *, *, #3614, .T. ) ;
#4573 = CARTESIAN_POINT ( 'NONE',  ( 0.000000000000000000, 5.200000000000000178, 0.000000000000000000 ) ) ;
#4574 = CARTESIAN_POINT ( 'NONE',  ( -6.928174354418296765, 4.474934458397942016, 7.755841440057836600 ) ) ;
#4575 = CARTESIAN_POINT ( 'NONE',  ( -7.027121140353636441, 4.700000000000000178, -8.396373141927995221 ) ) ;
#4576 = CARTESIAN_POINT ( 'NONE',  ( -8.468754248908593851, 4.201224720652902533, 7.281784568589305451 ) ) ;
#4577 = CIRCLE ( 'NONE', #3625, 8.000000000000000000 ) ;
#4578 = DIRECTION ( 'NONE',  ( 0.000000000000000000, 0.000000000000000000, 1.000000000000000000 ) ) ;
#4579 = FACE_OUTER_BOUND ( 'NONE', #1853, .T. ) ;
#4580 = FILL_AREA_STYLE_COLOUR ( '', #3628 ) ;
#4581 = VERTEX_POINT ( 'NONE', #212 ) ;
#4582 = ORIENTED_EDGE ( 'NONE', *, *, #3614, .F. ) ;
#4583 = AXIS2_PLACEMENT_3D ( 'NONE', #4993, #483, #1170 ) ;
#4584 = CARTESIAN_POINT ( 'NONE',  ( 8.337792011834585182, 3.503575583810756289, -7.136075890291987633 ) ) ;
#4585 = DIRECTION ( 'NONE',  ( -1.000000000000000000, 0.000000000000000000, -3.320355715650161963E-15 ) ) ;
#4586 = CARTESIAN_POINT ( 'NONE',  ( -7.315962214469580616, 5.875035695972659511, -7.043682665865383719 ) ) ;
#4587 = CARTESIAN_POINT ( 'NONE',  ( 7.693400521090445920, 4.665801945942865459, -6.562141327078606423 ) ) ;
#4588 = CARTESIAN_POINT ( 'NONE',  ( -8.325925961132368158, 5.389806548238442296, -8.726907792482572646 ) ) ;
#4589 = CARTESIAN_POINT ( 'NONE',  ( -8.873677329212725340, 4.085788691095585179, -7.145685793431673538 ) ) ;
#4590 = CARTESIAN_POINT ( 'NONE',  ( -7.182462916082115179, 6.016776766781836372, 8.724807435311955572 ) ) ;
#4591 = CARTESIAN_POINT ( 'NONE',  ( -8.203174593052008134, 3.074702382191169203, 8.514296186268811795 ) ) ;
#4592 = VECTOR ( 'NONE', #1699, 1000.000000000000000 ) ;
#4593 = CARTESIAN_POINT ( 'NONE',  ( 8.295439663622575566, 3.498968746591626378, 8.454857122943995051 ) ) ;
#4594 = CARTESIAN_POINT ( 'NONE',  ( 6.682671856891347240, 3.178645833952728150, -7.145685793431625576 ) ) ;
#4595 = EDGE_LOOP ( 'NONE', ( #2463, #5364, #4187, #1680 ) ) ;
#4596 = CARTESIAN_POINT ( 'NONE',  ( 6.928174593052061070, 5.191369047619048160, -7.287426864240805102 ) ) ;
#4597 = UNCERTAINTY_MEASURE_WITH_UNIT (LENGTH_MEASURE( 1.000000000000000082E-05 ), #4861, 'distance_accuracy_value', 'NONE');
#4598 = CARTESIAN_POINT ( 'NONE',  ( 8.628174593052058583, 3.225892858381645301, -7.778174593051986108 ) ) ;
#4599 = CARTESIAN_POINT ( 'NONE',  ( -6.952596553994111694, 4.002784099492159520, -7.573636377386895546 ) ) ;
#4600 = DIRECTION ( 'NONE',  ( 0.000000000000000000, 1.000000000000000000, 0.000000000000000000 ) ) ;
#4601 = CARTESIAN_POINT ( 'NONE',  ( 8.376166713065680725, 4.077372256713181820, -8.382248763378658651 ) ) ;
#4602 = FACE_OUTER_BOUND ( 'NONE', #1670, .T. ) ;
#4603 =( BOUNDED_SURFACE ( )  B_SPLINE_SURFACE ( 1, 2, ( 
 ( #4929, #2909, #4254, #6817, #1056, #4294, #2415, #3622, #4971, #3582, #1659, #1784, #1103, #4344, #6906, #6277, #6735, #4842, #7406, #973, #378, #3544, #8086, #424, #2954, #6104, #338, #5473, #4214, #6774, #1013, #8, #5104, #1283, #5649, #8218, #4518, #6991, #3271, #3846, #3173 ),
 ( #5827, #5017, #5151, #52, #7719, #1239, #2458, #6404, #1965, #1918, #7082, #3220, #8261, #3128, #6315, #557, #2498, #645, #7582, #4473, #2543, #6948, #5736, #3803, #1871, #1825, #4385, #5058, #5779, #7630, #1331, #3892, #597, #7037, #5694, #4427, #6358, #1192, #8306, #3755, #2589 ) ),
 .UNSPECIFIED., .F., .F., .T. ) 
 B_SPLINE_SURFACE_WITH_KNOTS ( ( 2, 2 ),
 ( 3, 2, 2, 2, 2, 2, 2, 2, 2, 2, 2, 2, 2, 2, 2, 2, 2, 2, 2, 2, 3 ),
 ( 0.000000000000000000, 1.000000000000000000 ),
 ( 0.000000000000000000, 0.04166666666666666435, 0.08333333333333332871, 0.1250000000000000000, 0.1666666666666666574, 0.2083333333333333426, 0.2500000000000000000, 0.2916666666666666852, 0.3333333333333333148, 0.3750000000000000000, 0.4166666666666666852, 0.4583333333333333148, 0.5000000000000000000, 0.5416666666666666297, 0.5833333333333333703, 0.6250000000000000000, 0.6666666666666666297, 0.7083333333333333703, 0.7500000000000000000, 0.7916666666666666297, 0.8265940270781427790 ),
 .UNSPECIFIED. ) 
 GEOMETRIC_REPRESENTATION_ITEM ( )  RATIONAL_B_SPLINE_SURFACE ( (
 ( 1.000000000000000000, 0.8660254037844387076, 1.000000000000000000, 0.8660254037844387076, 1.000000000000000000, 0.8660254037844387076, 1.000000000000000000, 0.8660254037844387076, 1.000000000000000000, 0.8660254037844387076, 1.000000000000000000, 0.8660254037844387076, 1.000000000000000000, 0.8660254037844387076, 1.000000000000000000, 0.8660254037844387076, 1.000000000000000000, 0.8660254037844387076, 1.000000000000000000, 0.8660254037844387076, 1.000000000000000000, 0.8660254037844387076, 1.000000000000000000, 0.8660254037844387076, 1.000000000000000000, 0.8660254037844387076, 1.000000000000000000, 0.8660254037844387076, 1.000000000000000000, 0.8660254037844387076, 1.000000000000000000, 0.8660254037844387076, 1.000000000000000000, 0.8660254037844387076, 1.000000000000000000, 0.8660254037844387076, 1.000000000000000000, 0.8660254037844387076, 1.000000000000000000, 0.8876949038079305909, 0.9636707950116644161),
 ( 1.000000000000000000, 0.8660254037844387076, 1.000000000000000000, 0.8660254037844387076, 1.000000000000000000, 0.8660254037844387076, 1.000000000000000000, 0.8660254037844387076, 1.000000000000000000, 0.8660254037844387076, 1.000000000000000000, 0.8660254037844387076, 1.000000000000000000, 0.8660254037844387076, 1.000000000000000000, 0.8660254037844387076, 1.000000000000000000, 0.8660254037844387076, 1.000000000000000000, 0.8660254037844387076, 1.000000000000000000, 0.8660254037844387076, 1.000000000000000000, 0.8660254037844387076, 1.000000000000000000, 0.8660254037844387076, 1.000000000000000000, 0.8660254037844387076, 1.000000000000000000, 0.8660254037844387076, 1.000000000000000000, 0.8660254037844387076, 1.000000000000000000, 0.8660254037844387076, 1.000000000000000000, 0.8660254037844387076, 1.000000000000000000, 0.8660254037844387076, 1.000000000000000000, 0.8876949038079305909, 0.9636707950116644161) ) ) 
 REPRESENTATION_ITEM ( '' )  SURFACE ( )  );
#4604 = B_SPLINE_CURVE_WITH_KNOTS ( 'NONE', 3,
 ( #1678, #3528, #6087, #320, #4867, #7427, #3602, #2978, #7019, #5211 ),
 .UNSPECIFIED., .F., .F.,
 ( 4, 2, 2, 2, 4 ),
 ( 8.673617379884035472E-19, 0.0004802380483554747541, 0.0009604760967109486408, 0.001440714145066422473, 0.001920952193421896414 ),
 .UNSPECIFIED. ) ;
#4605 = DIRECTION ( 'NONE',  ( 0.000000000000000000, 1.000000000000000000, 0.000000000000000000 ) ) ;
#4606 = CARTESIAN_POINT ( 'NONE',  ( -7.778174593052006536, 5.748883929190823139, 6.513196993811319224 ) ) ;
#4607 = CARTESIAN_POINT ( 'NONE',  ( -7.438864783770203104, 3.482765987216483783, -6.998822872443352772 ) ) ;
#4608 = EDGE_CURVE ( 'NONE', #1351, #25, #1102, .T. ) ;
#4609 = DIRECTION ( 'NONE',  ( -0.000000000000000000, -1.000000000000000000, -0.000000000000000000 ) ) ;
#4610 = CIRCLE ( 'NONE', #6490, 8.000000000000000000 ) ;
#4611 = LINE ( 'NONE', #1381, #4308 ) ;
#4612 = CARTESIAN_POINT ( 'NONE',  ( 8.325925961132314868, 3.745610119667013738, 8.726907792482629489 ) ) ;
#4613 = CARTESIAN_POINT ( 'NONE',  ( 8.076512048417693990, 3.199360044235688871, -8.574098435342161650 ) ) ;
#4614 = EDGE_LOOP ( 'NONE', ( #3796, #650, #5021, #3189 ) ) ;
#4615 = CARTESIAN_POINT ( 'NONE',  ( -7.353174593052012042, 5.909523809523809845, -8.514296186268804689 ) ) ;
#4616 = CARTESIAN_POINT ( 'NONE',  ( 8.873677329212670273, 4.236979167286060388, 8.410663392672448779 ) ) ;
#4617 = CARTESIAN_POINT ( 'NONE',  ( 6.682671856891351680, 3.613318453000349706, -8.410663392672342198 ) ) ;
#4618 = CARTESIAN_POINT ( 'NONE',  ( -8.381277519523253616, 4.303590237713760480, 8.377184346405829984 ) ) ;
#4619 = CARTESIAN_POINT ( 'NONE',  ( 7.778174593052059826, 4.586607142857143771, -8.628174593051983976 ) ) ;
#4620 = CARTESIAN_POINT ( 'NONE',  ( -11.00000000000000000, 2.500000000000000000, 1.099999999999923705 ) ) ;
#4621 = EDGE_CURVE ( 'NONE', #4869, #2262, #5274, .T. ) ;
#4622 = EDGE_LOOP ( 'NONE', ( #115, #1119, #1145, #7042 ) ) ;
#4623 = VERTEX_POINT ( 'NONE', #5386 ) ;
#4624 = CARTESIAN_POINT ( 'NONE',  ( 8.477341090016771830, 3.610010531327805250, -8.261574382945926942 ) ) ;
#4625 = CARTESIAN_POINT ( 'NONE',  ( 7.778174593051957686, 5.578794643476537196, 9.043152192292808422 ) ) ;
#4626 = CARTESIAN_POINT ( 'NONE',  ( -8.374019005254965009, 4.304396185388598361, -7.171979555299513365 ) ) ;
#4627 = CARTESIAN_POINT ( 'NONE',  ( 8.376166713065650526, 4.077372256713171161, 7.174100422725496529 ) ) ;
#4628 = CARTESIAN_POINT ( 'NONE',  ( -6.682671856891298390, 5.654389881571775689, -7.145685793431673538 ) ) ;
#4629 = CARTESIAN_POINT ( 'NONE',  ( -8.628174593052010621, 4.322023810762598117, -8.268922321863215075 ) ) ;
#4630 = CARTESIAN_POINT ( 'NONE',  ( -7.778174593052006536, 4.841741072047965666, 6.513196993811319224 ) ) ;
#4631 = CARTESIAN_POINT ( 'NONE',  ( -8.628174593052007069, 3.490476191714978693, 8.268922321863222180 ) ) ;
#4632 = ADVANCED_FACE ( 'NONE', ( #7881 ), #5310, .F. ) ;
#4633 = CARTESIAN_POINT ( 'NONE',  ( -8.628174593052010621, 4.700000000000000178, -7.778174593052033181 ) ) ;
#4634 = VERTEX_POINT ( 'NONE', #6577 ) ;
#4635 = CARTESIAN_POINT ( 'NONE',  ( 7.353174593052060004, 4.775595238095238670, -7.042052999835213711 ) ) ;
#4636 = CARTESIAN_POINT ( 'NONE',  ( -7.778174593052007424, 4.700000000000000178, 6.928174593052038865 ) ) ;
#4637 = CARTESIAN_POINT ( 'NONE',  ( -6.937242950320292145, 4.029811084632954454, -7.905046282322271800 ) ) ;
#4638 = DIRECTION ( 'NONE',  ( 0.000000000000000000, 0.000000000000000000, 1.000000000000000000 ) ) ;
#4639 = CARTESIAN_POINT ( 'NONE',  ( -8.628174593052010621, 4.208630952380952195, -8.268922321863215075 ) ) ;
#4640 = CARTESIAN_POINT ( 'NONE',  ( 7.942799523136104156, 3.920890403675100000, -6.943414173540192635 ) ) ;
#4641 = DIRECTION ( 'NONE',  ( -0.000000000000000000, -1.000000000000000000, -0.000000000000000000 ) ) ;
#4642 = CARTESIAN_POINT ( 'NONE',  ( 7.230423224971703533, 5.030729167286061454, -6.829441393621446643 ) ) ;
#4643 = VECTOR ( 'NONE', #7346, 1000.000000000000000 ) ;
#4644 = DIRECTION ( 'NONE',  ( -1.844642064250089897E-16, 0.000000000000000000, -1.000000000000000000 ) ) ;
#4645 = AXIS2_PLACEMENT_3D ( 'NONE', #4349, #2874, #1663 ) ;
#4646 = CARTESIAN_POINT ( 'NONE',  ( -8.325925961132364606, 4.577157738714633162, 8.726907792482577975 ) ) ;
#4647 = CARTESIAN_POINT ( 'NONE',  ( -8.090390084926601943, 3.253798988514953194, 6.987397543765222707 ) ) ;
#4648 = LINE ( 'NONE', #7807, #2585 ) ;
#4649 = CARTESIAN_POINT ( 'NONE',  ( 8.271037495353930069, 4.541958439409723880, 7.085101042229911883 ) ) ;
#4650 = CARTESIAN_POINT ( 'NONE',  ( 6.946196683609189293, 3.324884084278261653, -7.954456227599515650 ) ) ;
#4651 = ADVANCED_FACE ( 'NONE', ( #813, #5349, #3387, #4049, #5946, #7238 ), #851, .F. ) ;
#4652 = ORIENTED_EDGE ( 'NONE', *, *, #7771, .T. ) ;
#4653 = CARTESIAN_POINT ( 'NONE',  ( -8.873677329212725340, 4.974032738714632806, -8.410663392672393712 ) ) ;
#4654 = CARTESIAN_POINT ( 'NONE',  ( 8.325925961132314868, 3.499925595857490190, 6.829441393621548784 ) ) ;
#4655 = CARTESIAN_POINT ( 'NONE',  ( 8.325925961132416120, 3.802306548238444606, -6.829441393621450196 ) ) ;
#4656 = CARTESIAN_POINT ( 'NONE',  ( 7.778174606981106187, 4.700000000000001066, -8.628174593051983976 ) ) ;
#4657 = CARTESIAN_POINT ( 'NONE',  ( 8.325925961132314868, 4.803943453000346864, 6.829441393621549672 ) ) ;
#4658 = CARTESIAN_POINT ( 'NONE',  ( 8.203174593051956620, 3.944047619047619690, 8.514296186268863309 ) ) ;
#4659 = VECTOR ( 'NONE', #5153, 1000.000000000000000 ) ;
#4660 = AXIS2_PLACEMENT_3D ( 'NONE', #3392, #4609, #5914 ) ;
#4661 = ORIENTED_EDGE ( 'NONE', *, *, #3556, .F. ) ;
#4662 = EDGE_LOOP ( 'NONE', ( #6297, #6289, #6839, #592 ) ) ;
#4663 = CARTESIAN_POINT ( 'NONE',  ( 8.325925961132314868, 5.163020833952727706, 8.726907792482629489 ) ) ;
#4664 = LINE ( 'NONE', #3409, #4932 ) ;
#4665 = CARTESIAN_POINT ( 'NONE',  ( 0.000000000000000000, 2.500000000000000000, 0.000000000000000000 ) ) ;
#4666 = CARTESIAN_POINT ( 'NONE',  ( -8.516057737086628165, 4.662292042362855327, 7.352449576118559094 ) ) ;
#4667 = CARTESIAN_POINT ( 'NONE',  ( -6.928174593052012220, 3.225892858381645301, -7.778174593052033181 ) ) ;
#4668 = CARTESIAN_POINT ( 'NONE',  ( -8.325925961132364606, 4.879538691095585357, 6.829441393621498158 ) ) ;
#4669 = CARTESIAN_POINT ( 'NONE',  ( -7.353174593052007602, 3.603869048857835544, 8.514296186268810018 ) ) ;
#4670 = CARTESIAN_POINT ( 'NONE',  ( 8.341274074939171612, 4.534743548277776704, -8.415162546892348772 ) ) ;
#4671 = CIRCLE ( 'NONE', #227, 7.000000000000000000 ) ;
#4672 = EDGE_CURVE ( 'NONE', #7836, #5162, #2822, .T. ) ;
#4673 = ORIENTED_EDGE ( 'NONE', *, *, #7413, .F. ) ;
#4674 = CARTESIAN_POINT ( 'NONE',  ( 8.572527594031473190E-16, 0.2999999999999956035, 7.000000000000000000 ) ) ;
#4675 = DIRECTION ( 'NONE',  ( 0.000000000000000000, 0.000000000000000000, -1.000000000000000000 ) ) ;
#4676 = CARTESIAN_POINT ( 'NONE',  ( -7.776468648439752052, 3.906401718579730620, -6.928174547638256797 ) ) ;
#4677 = AXIS2_PLACEMENT_3D ( 'NONE', #4731, #187, #4689 ) ;
#4678 = CARTESIAN_POINT ( 'NONE',  ( -8.628174593052007069, 6.098511904761905633, 8.268922321863218627 ) ) ;
#4679 = CARTESIAN_POINT ( 'NONE',  ( -7.397911891072326718, 3.192073975384159379, -8.543390259132277009 ) ) ;
#4680 = CARTESIAN_POINT ( 'NONE',  ( -7.888814352430417287, 3.896410227087995448, 8.628171667298149217 ) ) ;
#4681 = CARTESIAN_POINT ( 'NONE',  ( -11.00000000000000000, 2.500000000000000000, -7.681258945454893382E-14 ) ) ;
#4682 = FACE_OUTER_BOUND ( 'NONE', #6706, .T. ) ;
#4683 = CARTESIAN_POINT ( 'NONE',  ( -8.873677329212725340, 4.558258929190823316, -7.778174593052033181 ) ) ;
#4684 = CARTESIAN_POINT ( 'NONE',  ( -6.682671856891293061, 5.729985119667015070, 7.145685793431679755 ) ) ;
#4685 = CARTESIAN_POINT ( 'NONE',  ( -7.947876487289352809, 3.240981692309836681, 6.943393992786533353 ) ) ;
#4686 = DIRECTION ( 'NONE',  ( 0.000000000000000000, 0.000000000000000000, 1.000000000000000000 ) ) ;
#4687 = CARTESIAN_POINT ( 'NONE',  ( 8.873677329212670273, 3.329836310143204248, 8.410663392672448779 ) ) ;
#4688 = CARTESIAN_POINT ( 'NONE',  ( 7.500060695983505887, 3.250716369360200808, -8.583351619391361709 ) ) ;
#4689 = DIRECTION ( 'NONE',  ( 0.000000000000000000, 0.000000000000000000, -1.000000000000000000 ) ) ;
#4690 = CARTESIAN_POINT ( 'NONE',  ( -8.873677329212725340, 5.049627976809870411, -7.145685793431673538 ) ) ;
#4691 = CARTESIAN_POINT ( 'NONE',  ( 8.873677329212670273, 3.877901786333680434, 7.778174593052089136 ) ) ;
#4692 =( BOUNDED_CURVE ( )  B_SPLINE_CURVE ( 2, ( #310, #982, #4813, #4266, #476, #1624, #3050 ),
 .UNSPECIFIED., .F., .T. ) 
 B_SPLINE_CURVE_WITH_KNOTS ( ( 3, 2, 2, 3 ),
 ( 0.000000000000000000, 0.05040756247199198320, 0.1008151249439839664, 0.1319209134612541190 ),
 .UNSPECIFIED. ) 
 CURVE ( )  GEOMETRIC_REPRESENTATION_ITEM ( )  RATIONAL_B_SPLINE_CURVE ( ( 1.000000000000000000, 0.8660254037844387076, 1.000000000000000000, 0.8660254037844387076, 1.000000000000000000, 0.9173261857507305495, 0.9366860369215150861 ) ) 
 REPRESENTATION_ITEM ( '' )  );
#4693 = CARTESIAN_POINT ( 'NONE',  ( 6.682671856891351680, 4.066889881571777998, -8.410663392672342198 ) ) ;
#4694 = EDGE_CURVE ( 'NONE', #6238, #4860, #5679, .T. ) ;
#4695 = PRODUCT_CONTEXT ( 'NONE', #2176, 'mechanical' ) ;
#4696 = CARTESIAN_POINT ( 'NONE',  ( 7.465959101198608394, 3.707370417084359104, -8.568951642347663267 ) ) ;
#4697 = CARTESIAN_POINT ( 'NONE',  ( 6.928174593051956265, 4.284226190476190688, 8.268922321863271918 ) ) ;
#4698 = EDGE_LOOP ( 'NONE', ( #7127, #2072, #4661, #6705 ) ) ;
#4699 = ORIENTED_EDGE ( 'NONE', *, *, #7621, .F. ) ;
#4700 = CARTESIAN_POINT ( 'NONE',  ( 6.928174593051957153, 6.060714285714285943, 7.778174593052089136 ) ) ;
#4701 = SURFACE_SIDE_STYLE ('',( #2151 ) ) ;
#4702 = CARTESIAN_POINT ( 'NONE',  ( 8.628174115639014374, 4.016200413551806570, 7.822868140564723127 ) ) ;
#4703 = EDGE_CURVE ( 'NONE', #4234, #1548, #3235, .T. ) ;
#4704 = CARTESIAN_POINT ( 'NONE',  ( -8.628174593052007069, 4.700000000000000178, 7.778174593052038510 ) ) ;
#4705 = DIRECTION ( 'NONE',  ( 0.000000000000000000, -0.000000000000000000, 1.000000000000000000 ) ) ;
#4706 = CARTESIAN_POINT ( 'NONE',  ( 6.682671856891243323, 4.558258929190823316, 7.778174593052089136 ) ) ;
#4707 = CARTESIAN_POINT ( 'NONE',  ( -8.628174593052007069, 3.944047620286406985, 8.268922321863222180 ) ) ;
#4708 = DIRECTION ( 'NONE',  ( 0.000000000000000000, 0.000000000000000000, 1.000000000000000000 ) ) ;
#4709 = STYLED_ITEM ( 'NONE', ( #4461 ), #3675 ) ;
#4710 = VERTEX_POINT ( 'NONE', #4166 ) ;
#4711 = EDGE_LOOP ( 'NONE', ( #5716, #8026, #4529, #6432 ) ) ;
#4712 = CARTESIAN_POINT ( 'NONE',  ( -7.778174593052010977, 4.586607142857143771, -8.628174593052033714 ) ) ;
#4713 = DIRECTION ( 'NONE',  ( -0.000000000000000000, -1.000000000000000000, -0.000000000000000000 ) ) ;
#4714 = CARTESIAN_POINT ( 'NONE',  ( 7.778174593051957686, 5.352008929190823494, 6.513196993811369850 ) ) ;
#4715 = EDGE_CURVE ( 'NONE', #351, #603, #1005, .T. ) ;
#4716 = CARTESIAN_POINT ( 'NONE',  ( -8.533539853830319544, 3.200000000000000622, 8.571616189985878265 ) ) ;
#4717 = CARTESIAN_POINT ( 'NONE',  ( 7.363832564059901387, 3.262321259452231725, 7.035128181129322478 ) ) ;
#4718 = CARTESIAN_POINT ( 'NONE',  ( 8.873677329212670273, 3.859002976809870589, 7.145685793431728605 ) ) ;
#4719 =( GEOMETRIC_REPRESENTATION_CONTEXT ( 3 ) GLOBAL_UNCERTAINTY_ASSIGNED_CONTEXT ( ( #8300 ) ) GLOBAL_UNIT_ASSIGNED_CONTEXT ( ( #5439, #1707, #6742 ) ) REPRESENTATION_CONTEXT ( 'NONE', 'WORKASPACE' ) );
#4720 = CARTESIAN_POINT ( 'NONE',  ( -8.477349517402460677, 3.836794931554699861, 8.261562194290371863 ) ) ;
#4721 = CARTESIAN_POINT ( 'NONE',  ( -7.763555016124536579, 4.700000000000008171, -6.726988934091620465 ) ) ;
#4722 = CARTESIAN_POINT ( 'NONE',  ( 7.230423224971703533, 5.484300595857489746, -6.829441393621446643 ) ) ;
#4723 = CARTESIAN_POINT ( 'NONE',  ( -1.999999999999914957, 4.700000000000000178, 10.99999999999985434 ) ) ;
#4724 = AXIS2_PLACEMENT_3D ( 'NONE', #4875, #6176, #327 ) ;
#4725 = CARTESIAN_POINT ( 'NONE',  ( -7.778174593052006536, 5.522098214905109437, 9.043152192292756908 ) ) ;
#4726 = FACE_OUTER_BOUND ( 'NONE', #4662, .T. ) ;
#4727 = CARTESIAN_POINT ( 'NONE',  ( 0.000000000000000000, 5.800000000000000711, 0.000000000000000000 ) ) ;
#4728 = AXIS2_PLACEMENT_3D ( 'NONE', #2544, #5105, #6021 ) ;
#4729 = CARTESIAN_POINT ( 'NONE',  ( 8.522020170847957488, 4.509760814243460203, 7.365124302497078723 ) ) ;
#4730 = CARTESIAN_POINT ( 'NONE',  ( 7.003076162538552474, 3.369522927417580416, -7.428997566474438763 ) ) ;
#4731 = CARTESIAN_POINT ( 'NONE',  ( 7.778174593051956798, 4.700000000000000178, 7.778174593052089136 ) ) ;
#4732 = CARTESIAN_POINT ( 'NONE',  ( -7.778174593052010977, 4.898437500619394314, -9.043152192292751579 ) ) ;
#4733 = AXIS2_PLACEMENT_3D ( 'NONE', #1412, #94, #644 ) ;
#4734 = CARTESIAN_POINT ( 'NONE',  ( 7.230423224971600504, 4.029092262524156531, 6.829441393621548784 ) ) ;
#4735 = CARTESIAN_POINT ( 'NONE',  ( 6.682671856891351680, 4.104687500619397689, -7.778174593051986108 ) ) ;
#4736 = CARTESIAN_POINT ( 'NONE',  ( 7.778174593052306740, 4.473214286953105301, 8.628174593052088781 ) ) ;
#4737 = CARTESIAN_POINT ( 'NONE',  ( 7.427952571823413841, 3.710442904095530903, -8.552723197865237381 ) ) ;
#4738 = CARTESIAN_POINT ( 'NONE',  ( 8.628174593051957331, 3.566071428571429003, 7.778174593052089136 ) ) ;
#4739 = EDGE_CURVE ( 'NONE', #3982, #438, #968, .T. ) ;
#4740 = ORIENTED_EDGE ( 'NONE', *, *, #7217, .F. ) ;
#4741 = VERTEX_POINT ( 'NONE', #7357 ) ;
#4742 = CARTESIAN_POINT ( 'NONE',  ( 7.778174593051957686, 4.671651786333679723, 9.043152192292808422 ) ) ;
#4743 = CARTESIAN_POINT ( 'NONE',  ( -8.150015875141322752, 4.165809993071063033, -8.542738614225278582 ) ) ;
#4744 = CARTESIAN_POINT ( 'NONE',  ( 8.522020170848252363, 4.056189385672396952, 7.365124302497610742 ) ) ;
#4745 = CARTESIAN_POINT ( 'NONE',  ( -8.570511593913604287, 4.673725149346783070, 7.470332110076130405 ) ) ;
#4746 = CARTESIAN_POINT ( 'NONE',  ( 0.000000000000000000, 1.000000000000000000, 0.000000000000000000 ) ) ;
#4747 = CARTESIAN_POINT ( 'NONE',  ( -8.628174593052007069, 5.682738096476882994, 7.287426864240856617 ) ) ;
#4748 = CARTESIAN_POINT ( 'NONE',  ( -6.928174593052007779, 3.188095239334026054, 8.268922321863218627 ) ) ;
#4749 = CARTESIAN_POINT ( 'NONE',  ( 8.359075473184521599, 4.532822970378378891, -8.398769325071523184 ) ) ;
#4750 = ORIENTED_EDGE ( 'NONE', *, *, #6306, .F. ) ;
#4751 = EDGE_LOOP ( 'NONE', ( #1217, #7741, #2556, #8322 ) ) ;
#4752 = CARTESIAN_POINT ( 'NONE',  ( 7.700732877893075923, 6.167219819450147078, -6.841390130523168800 ) ) ;
#4753 = CARTESIAN_POINT ( 'NONE',  ( -6.952596554024477626, 3.549212670910474987, 7.982712808836445184 ) ) ;
#4754 = CARTESIAN_POINT ( 'NONE',  ( 8.873677329212670273, 5.654389881571775689, 8.410663392672448779 ) ) ;
#4755 = CARTESIAN_POINT ( 'NONE',  ( 0.000000000000000000, 1.000000000000000000, 0.000000000000000000 ) ) ;
#4756 = CARTESIAN_POINT ( 'NONE',  ( 1.999999999999768852, 3.700000000000000178, -13.35102992281882095 ) ) ;
#4757 = CARTESIAN_POINT ( 'NONE',  ( 8.873677329212670273, 3.783407738714632984, 8.410663392672448779 ) ) ;
#4758 = CARTESIAN_POINT ( 'NONE',  ( 7.778152113398395073, 3.906248000761005201, -6.928174593349243793 ) ) ;
#4759 = CARTESIAN_POINT ( 'NONE',  ( 0.000000000000000000, 1.500000000000000000, 0.000000000000000000 ) ) ;
#4760 = CARTESIAN_POINT ( 'NONE',  ( 6.682671856891347240, 4.917336310143204159, -8.410663392672345751 ) ) ;
#4761 = CYLINDRICAL_SURFACE ( 'NONE', #7340, 1.249999999999999334 ) ;
#4762 = CARTESIAN_POINT ( 'NONE',  ( -8.873677329212721787, 4.047991072047966377, 7.778174593052038510 ) ) ;
#4763 = CARTESIAN_POINT ( 'NONE',  ( -6.952253829251723971, 4.490311245427640152, -7.986512551827122941 ) ) ;
#4764 = CARTESIAN_POINT ( 'NONE',  ( 7.778174593052060715, 4.133035714285713702, -8.628174593051983976 ) ) ;
#4765 = CARTESIAN_POINT ( 'NONE',  ( 8.624682838041154653, 4.465741320501932066, 7.872904419933252740 ) ) ;
#4766 = CARTESIAN_POINT ( 'NONE',  ( 6.968221796274541191, 3.361461026897496041, -7.512897815399849577 ) ) ;
#4767 = CARTESIAN_POINT ( 'NONE',  ( -11.00000000000000000, 4.700000000000000178, -2.000000000000076383 ) ) ;
#4768 = DIRECTION ( 'NONE',  ( -0.000000000000000000, -1.000000000000000000, -0.000000000000000000 ) ) ;
#4769 = CARTESIAN_POINT ( 'NONE',  ( 7.778174593051957686, 3.991294643476536841, 6.513196993811369850 ) ) ;
#4770 = EDGE_CURVE ( 'NONE', #2232, #1520, #6874, .T. ) ;
#4771 = CARTESIAN_POINT ( 'NONE',  ( -7.778174593052011865, 3.200000000000000178, -7.778174593052033181 ) ) ;
#4772 = CARTESIAN_POINT ( 'NONE',  ( 6.931666230745236135, 3.785384314153657836, -7.872902722260405106 ) ) ;
#4773 = CARTESIAN_POINT ( 'NONE',  ( 6.928174593051956265, 3.301488095238095610, 7.287426864240906355 ) ) ;
#4774 = EDGE_LOOP ( 'NONE', ( #2741, #4487 ) ) ;
#4775 = ORIENTED_EDGE ( 'NONE', *, *, #6184, .F. ) ;
#4776 = CARTESIAN_POINT ( 'NONE',  ( 7.778174593051956798, 3.200000000000000178, 9.028174593052089136 ) ) ;
#4777 = CARTESIAN_POINT ( 'NONE',  ( 8.451802869458777678, 3.971939690590890581, 8.297335733646120204 ) ) ;
#4778 = CARTESIAN_POINT ( 'NONE',  ( -8.873677329212716458, 4.066889881571777998, 7.145685793431682420 ) ) ;
#4779 = DIRECTION ( 'NONE',  ( 0.000000000000000000, 0.000000000000000000, -1.000000000000000000 ) ) ;
#4780 = FACE_OUTER_BOUND ( 'NONE', #4977, .T. ) ;
#4781 = LINE ( 'NONE', #7471, #4388 ) ;
#4782 = CIRCLE ( 'NONE', #1836, 4.500000000000000000 ) ;
#4783 = AXIS2_PLACEMENT_3D ( 'NONE', #4318, #1076, #6124 ) ;
#4784 = CARTESIAN_POINT ( 'NONE',  ( 7.784046574054193535, 3.453200737074866300, 8.628159349877888573 ) ) ;
#4785 = ORIENTED_EDGE ( 'NONE', *, *, #2242, .F. ) ;
#4786 = ORIENTED_EDGE ( 'NONE', *, *, #4200, .T. ) ;
#4787 = CARTESIAN_POINT ( 'NONE',  ( 6.682671856891347240, 5.503199405381299592, -7.145685793431626465 ) ) ;
#4788 = VECTOR ( 'NONE', #1389, 1000.000000000000000 ) ;
#4789 = CARTESIAN_POINT ( 'NONE',  ( -7.095771549116278720, 3.612575574580273674, 7.271178998654744596 ) ) ;
#4790 = FACE_OUTER_BOUND ( 'NONE', #4909, .T. ) ;
#4791 = DIRECTION ( 'NONE',  ( 0.000000000000000000, 1.000000000000000000, 0.000000000000000000 ) ) ;
#4792 = CARTESIAN_POINT ( 'NONE',  ( 7.087594937195258460, 3.294081863510862629, 7.281784568589517725 ) ) ;
#4793 = CARTESIAN_POINT ( 'NONE',  ( 7.778174593051957686, 3.934598214905108637, 6.513196993811369850 ) ) ;
#4794 = CARTESIAN_POINT ( 'NONE',  ( -8.622623877910644552, 3.800830557139480703, 7.878533036433037040 ) ) ;
#4795 = CARTESIAN_POINT ( 'NONE',  ( 6.837440772300508840, 3.199999999999998401, 8.357034062910894789 ) ) ;
#4796 = CARTESIAN_POINT ( 'NONE',  ( 6.682671856891347240, 4.539360119667013471, -7.145685793431626465 ) ) ;
#4797 = EDGE_CURVE ( 'NONE', #1957, #3759, #4610, .T. ) ;
#4798 = PLANE ( 'NONE',  #4397 ) ;
#4799 = CARTESIAN_POINT ( 'NONE',  ( -7.230423224971650242, 3.348735119667013649, 8.726907792482577975 ) ) ;
#4800 = VECTOR ( 'NONE', #1614, 1000.000000000000000 ) ;
#4801 = CARTESIAN_POINT ( 'NONE',  ( -7.438864783770412714, 4.389908844359394990, -6.998822872443265730 ) ) ;
#4802 = CARTESIAN_POINT ( 'NONE',  ( 7.034325412915340081, 3.829403008999574975, 8.191218338080634709 ) ) ;
#4803 = CARTESIAN_POINT ( 'NONE',  ( 8.150001679893755124, 4.392594505245892123, 8.542745525018913710 ) ) ;
#4804 = CARTESIAN_POINT ( 'NONE',  ( 7.040295322090003083, 3.301577079702356698, -8.203906258964863696 ) ) ;
#4805 = CARTESIAN_POINT ( 'NONE',  ( 11.00000000000000000, 2.500000000000000000, 1.100000000000000977 ) ) ;
#4806 = CARTESIAN_POINT ( 'NONE',  ( -8.203174593052008134, 3.717261904761905100, 7.042052999835266114 ) ) ;
#4807 =( BOUNDED_CURVE ( )  B_SPLINE_CURVE ( 2, ( #4503, #7705, #5134, #1314, #3876, #1439, #8338, #2657, #2034, #1901, #1992, #2694, #1949, #7746, #8288, #2529, #4457, #3830, #1356, #5091, #119, #7659, #7025, #6523, #1269, #584, #6389, #6345, #5856, #4546, #5218, #1400, #761, #628, #723, #6436, #3205 ),
 .UNSPECIFIED., .F., .T. ) 
 B_SPLINE_CURVE_WITH_KNOTS ( ( 3, 2, 2, 2, 2, 2, 2, 2, 2, 2, 2, 2, 2, 2, 2, 2, 2, 2, 3 ),
 ( 0.000000000000000000, 0.04166666666666666435, 0.08333333333333332871, 0.1250000000000000000, 0.1666666666666666574, 0.2083333333333333426, 0.2500000000000000000, 0.2916666666666666852, 0.3333333333333333148, 0.3750000000000000000, 0.4166666666666666852, 0.4583333333333333148, 0.5000000000000000000, 0.5416666666666666297, 0.5833333333333333703, 0.6250000000000000000, 0.6666666666666666297, 0.7083333333333333703, 0.7179568241603142553 ),
 .UNSPECIFIED. ) 
 CURVE ( )  GEOMETRIC_REPRESENTATION_ITEM ( )  RATIONAL_B_SPLINE_CURVE ( ( 1.000000000000000000, 0.8660254037844387076, 1.000000000000000000, 0.8660254037844387076, 1.000000000000000000, 0.8660254037844387076, 1.000000000000000000, 0.8660254037844387076, 1.000000000000000000, 0.8660254037844387076, 1.000000000000000000, 0.8660254037844387076, 1.000000000000000000, 0.8660254037844387076, 1.000000000000000000, 0.8660254037844387076, 1.000000000000000000, 0.8660254037844387076, 1.000000000000000000, 0.8660254037844387076, 1.000000000000000000, 0.8660254037844387076, 1.000000000000000000, 0.8660254037844387076, 1.000000000000000000, 0.8660254037844387076, 1.000000000000000000, 0.8660254037844387076, 1.000000000000000000, 0.8660254037844387076, 1.000000000000000000, 0.8660254037844387076, 1.000000000000000000, 0.8660254037844387076, 1.000000000000000000, 0.9690567208545057820, 0.9524069951336535667 ) ) 
 REPRESENTATION_ITEM ( '' )  );
#4808 = PLANE ( 'NONE',  #4856 ) ;
#4809 = CARTESIAN_POINT ( 'NONE',  ( -7.184808510799909342, 4.077884376124664811, -8.386795723052658857 ) ) ;
#4810 = CYLINDRICAL_SURFACE ( 'NONE', #6318, 1.100000000000000977 ) ;
#4811 = FACE_OUTER_BOUND ( 'NONE', #1934, .T. ) ;
#4812 = CARTESIAN_POINT ( 'NONE',  ( 8.628174593051957331, 4.473214285714286476, 7.778174593052089136 ) ) ;
#4813 = CARTESIAN_POINT ( 'NONE',  ( 7.230423224971600504, 4.577157738714633162, 8.726907792482629489 ) ) ;
#4814 = ORIENTED_EDGE ( 'NONE', *, *, #7931, .T. ) ;
#4815 = ORIENTED_EDGE ( 'NONE', *, *, #7954, .F. ) ;
#4816 = DIRECTION ( 'NONE',  ( 0.000000000000000000, 1.000000000000000000, 0.000000000000000000 ) ) ;
#4817 = CARTESIAN_POINT ( 'NONE',  ( 8.227541843426939394, 3.945917027193571514, 8.500192372724971079 ) ) ;
#4818 = CARTESIAN_POINT ( 'NONE',  ( -8.567096922144459725, 4.672909521323389548, 7.461706953550891974 ) ) ;
#4819 = CARTESIAN_POINT ( 'NONE',  ( -7.479817359562964008, 2.859179715067143412, -8.574091021595105389 ) ) ;
#4820 = CARTESIAN_POINT ( 'NONE',  ( 7.230423224971602281, 3.726711310143207001, 8.726907792482625936 ) ) ;
#4821 = CARTESIAN_POINT ( 'NONE',  ( 0.000000000000000000, 4.700000000000000178, 0.000000000000000000 ) ) ;
#4822 = CARTESIAN_POINT ( 'NONE',  ( 8.117484402333600357, 4.389908844359399431, -6.998822872443190235 ) ) ;
#4823 = ORIENTED_EDGE ( 'NONE', *, *, #4298, .T. ) ;
#4824 = EDGE_LOOP ( 'NONE', ( #7220, #7339, #2147, #576 ) ) ;
#4825 = CARTESIAN_POINT ( 'NONE',  ( 7.778174593052059826, 5.352008929190823494, -9.043152192292705394 ) ) ;
#4826 = CARTESIAN_POINT ( 'NONE',  ( 6.938369620997092646, 4.700000000000001954, -7.460412162100370281 ) ) ;
#4827 = CARTESIAN_POINT ( 'NONE',  ( -6.928174354418304759, 3.567791601253381018, 7.755841440081630012 ) ) ;
#4828 = CARTESIAN_POINT ( 'NONE',  ( 8.325925961132314868, 5.314211310143203804, 6.829441393621549672 ) ) ;
#4829 = CARTESIAN_POINT ( 'NONE',  ( -8.873677329212721787, 5.881175595857490279, 7.145685793431678867 ) ) ;
#4830 = CARTESIAN_POINT ( 'NONE',  ( -8.325925961132368158, 3.121949405381299503, -8.726907792482570869 ) ) ;
#4831 = CARTESIAN_POINT ( 'NONE',  ( -7.766449039092196749, 3.907292531588245410, 8.628098753422497325 ) ) ;
#4832 = DIRECTION ( 'NONE',  ( 0.000000000000000000, 0.000000000000000000, 1.000000000000000000 ) ) ;
#4833 = CIRCLE ( 'NONE', #1070, 0.5000000000000004441 ) ;
#4834 = CARTESIAN_POINT ( 'NONE',  ( -7.003078730772832827, 4.049880625829404224, 7.428991855793446675 ) ) ;
#4835 = CARTESIAN_POINT ( 'NONE',  ( 8.158463150119873220, 5.867749753863165552, -7.012971821319176513 ) ) ;
#4836 = CYLINDRICAL_SURFACE ( 'NONE', #2252, 1.100000000000000311 ) ;
#4837 = CARTESIAN_POINT ( 'NONE',  ( -6.682671856891293061, 3.462127976809870500, 7.145685793431678867 ) ) ;
#4838 = AXIS2_PLACEMENT_3D ( 'NONE', #2267, #2773, #4779 ) ;
#4839 = CARTESIAN_POINT ( 'NONE',  ( -7.095771549086561159, 4.519718431719167206, -8.285170187408843034 ) ) ;
#4840 = CARTESIAN_POINT ( 'NONE',  ( 7.018776674577436481, 3.200000000000001954, 7.108461359661435885 ) ) ;
#4841 = CARTESIAN_POINT ( 'NONE',  ( 6.682671856891243323, 3.103050595857490102, 7.145685793431728605 ) ) ;
#4842 = CARTESIAN_POINT ( 'NONE',  ( 8.873677329212773301, 3.915699405381299680, -8.410663392672345751 ) ) ;
#4843 = CARTESIAN_POINT ( 'NONE',  ( -8.393816448691422849, 3.394943438713430961, -7.191417996724458028 ) ) ;
#4844 = AXIS2_PLACEMENT_3D ( 'NONE', #209, #6495, #6535 ) ;
#4845 = DIRECTION ( 'NONE',  ( 0.000000000000000000, 1.000000000000000000, 0.000000000000000000 ) ) ;
#4846 = CARTESIAN_POINT ( 'NONE',  ( -8.628174593052007069, 4.208630952380952195, 7.287426864240856617 ) ) ;
#4847 = ADVANCED_FACE ( 'NONE', ( #6852 ), #5509, .F. ) ;
#4848 = CARTESIAN_POINT ( 'NONE',  ( 8.128381864060855833, 3.483655973774923975, -7.003619317136796418 ) ) ;
#4849 = CARTESIAN_POINT ( 'NONE',  ( -7.778174593052007424, 4.700000000000000178, 8.628174593052039043 ) ) ;
#4850 = CARTESIAN_POINT ( 'NONE',  ( -8.628174593052010621, 4.662202380952381375, -8.268922321863215075 ) ) ;
#4851 = CARTESIAN_POINT ( 'NONE',  ( 6.928174593051956265, 5.758333334572121487, 8.268922321863270142 ) ) ;
#4852 = CARTESIAN_POINT ( 'NONE',  ( 8.628174593052060359, 4.511011904761904390, -8.268922321863168889 ) ) ;
#4853 = ADVANCED_FACE ( 'NONE', ( #2241 ), #456, .T. ) ;
#4854 = CIRCLE ( 'NONE', #2451, 4.000000000000000000 ) ;
#4855 =( BOUNDED_CURVE ( )  B_SPLINE_CURVE ( 2, ( #3789, #1773, #6348, #8292, #6177, #411, #2987, #5006, #4916 ),
 .UNSPECIFIED., .F., .F. ) 
 B_SPLINE_CURVE_WITH_KNOTS ( ( 3, 2, 2, 2, 3 ),
 ( 0.3780574136310113631, 0.4032612412064119911, 0.4536688963572135247, 0.5040765515080150028, 0.5292809571961720749 ),
 .UNSPECIFIED. ) 
 CURVE ( )  GEOMETRIC_REPRESENTATION_ITEM ( )  RATIONAL_B_SPLINE_CURVE ( ( 0.9330127018922192983, 0.9330127018922196314, 1.000000000000000000, 0.8660254037844387076, 1.000000000000000000, 0.8660254037844387076, 1.000000000000000000, 0.9330111653711719022, 0.9330127019274632172 ) ) 
 REPRESENTATION_ITEM ( '' )  );
#4856 = AXIS2_PLACEMENT_3D ( 'NONE', #3588, #6779, #1062 ) ;
#4857 = CYLINDRICAL_SURFACE ( 'NONE', #4309, 2.000000000000000000 ) ;
#4858 = EDGE_CURVE ( 'NONE', #4118, #1120, #206, .T. ) ;
#4859 = ORIENTED_EDGE ( 'NONE', *, *, #3505, .T. ) ;
#4860 = VERTEX_POINT ( 'NONE', #4244 ) ;
#4861 =( LENGTH_UNIT ( ) NAMED_UNIT ( * ) SI_UNIT ( .MILLI., .METRE. ) );
#4862 = CARTESIAN_POINT ( 'NONE',  ( 7.230423224971704421, 5.389806548238442296, -8.726907792482524684 ) ) ;
#4863 = DIRECTION ( 'NONE',  ( 0.000000000000000000, 1.000000000000000000, 0.000000000000000000 ) ) ;
#4864 = CYLINDRICAL_SURFACE ( 'NONE', #4046, 0.8500000000000000888 ) ;
#4865 = CYLINDRICAL_SURFACE ( 'NONE', #1386, 0.8499999999999992006 ) ;
#4866 = CARTESIAN_POINT ( 'NONE',  ( 4.898587196589412829E-16, 0.3000000000000103140, 4.000000000000000000 ) ) ;
#4867 = CARTESIAN_POINT ( 'NONE',  ( 8.088940731185278565, 3.199999999999997513, -6.856448635071832776 ) ) ;
#4868 = ORIENTED_EDGE ( 'NONE', *, *, #2952, .F. ) ;
#4869 = VERTEX_POINT ( 'NONE', #6807 ) ;
#4870 = CARTESIAN_POINT ( 'NONE',  ( 8.628174593052060359, 5.796130952380953438, -7.287426864240803326 ) ) ;
#4871 = CARTESIAN_POINT ( 'NONE',  ( -8.628174593052007069, 4.359821429810216920, 7.778174593052038510 ) ) ;
#4872 = CARTESIAN_POINT ( 'NONE',  ( -7.230423224971655571, 5.106324405381299059, -6.829441393621494605 ) ) ;
#4873 = CARTESIAN_POINT ( 'NONE',  ( 6.917513257182884345, 4.700000000000000178, 7.858092638306866107 ) ) ;
#4874 = CARTESIAN_POINT ( 'NONE',  ( 6.682671856891243323, 4.974032738714632806, 7.145685793431728605 ) ) ;
#4875 = CARTESIAN_POINT ( 'NONE',  ( -7.778174593052007424, 3.200000000000000178, 7.778174593052038510 ) ) ;
#4876 = CARTESIAN_POINT ( 'NONE',  ( 7.078999668698611636, 3.383223502982846576, 8.261562194286234728 ) ) ;
#4877 = CARTESIAN_POINT ( 'NONE',  ( -7.013493790081525070, 3.986930184487254003, 8.153643164678603839 ) ) ;
#4878 = EDGE_CURVE ( 'NONE', #321, #6049, #6729, .T. ) ;
#4879 = CARTESIAN_POINT ( 'NONE',  ( -6.928174593052006891, 4.095238096476883527, 8.268922321863220404 ) ) ;
#4880 = CARTESIAN_POINT ( 'NONE',  ( -7.403536370701729652, 4.099713027144809452, 7.013187435243194656 ) ) ;
#4881 = CARTESIAN_POINT ( 'NONE',  ( -7.099139772686092975, 4.699999999999999289, 8.685231956787847096 ) ) ;
#4882 = CARTESIAN_POINT ( 'NONE',  ( 7.230423224971703533, 3.518824405381299592, -8.726907792482524684 ) ) ;
#4883 = CARTESIAN_POINT ( 'NONE',  ( -6.682671856891293061, 3.424330357762251698, 7.778174593052038510 ) ) ;
#4884 = CARTESIAN_POINT ( 'NONE',  ( -6.989257602454089557, 4.446122543146340256, -7.461693644196856212 ) ) ;
#4885 = DIRECTION ( 'NONE',  ( -0.000000000000000000, -1.000000000000000000, -0.000000000000000000 ) ) ;
#4886 = CARTESIAN_POINT ( 'NONE',  ( 8.628174593051957331, 3.225892858381645301, 7.778174593052089136 ) ) ;
#4887 = CARTESIAN_POINT ( 'NONE',  ( 7.798623390368344843, 4.361639280227762150, 8.627963091206677149 ) ) ;
#4888 = CARTESIAN_POINT ( 'NONE',  ( -8.381277519537309928, 3.396447380569380670, -7.179164839712161239 ) ) ;
#4889 = CARTESIAN_POINT ( 'NONE',  ( 7.285300625177215217, 4.315171625379587539, -7.085108930070910915 ) ) ;
#4890 = CARTESIAN_POINT ( 'NONE',  ( -6.682671856891293061, 4.331473214905108726, 7.778174593052038510 ) ) ;
#4891 = CARTESIAN_POINT ( 'NONE',  ( 8.112795804698867741, 3.482386246678351061, -6.996809417423920152 ) ) ;
#4892 = CARTESIAN_POINT ( 'NONE',  ( 6.682671856891243323, 4.974032738714632806, 7.145685793431728605 ) ) ;
#4893 = CARTESIAN_POINT ( 'NONE',  ( -7.095771549129494815, 4.066147003153460560, -8.285170187467327807 ) ) ;
#4894 = SURFACE_SIDE_STYLE ('',( #7415 ) ) ;
#4895 = B_SPLINE_CURVE_WITH_KNOTS ( 'NONE', 3,
 ( #6896, #1814, #4961, #5048, #8120, #6349 ),
 .UNSPECIFIED., .F., .F.,
 ( 4, 2, 4 ),
 ( 0.000000000000000000, 0.0004262722180929033296, 0.0008525444361858066592 ),
 .UNSPECIFIED. ) ;
#4896 = CARTESIAN_POINT ( 'NONE',  ( 8.325925961132314868, 5.559895833952727351, 8.726907792482629489 ) ) ;
#4897 = CARTESIAN_POINT ( 'NONE',  ( 6.928174593052061070, 3.792857142857143149, -7.778174593051986108 ) ) ;
#4898 = CARTESIAN_POINT ( 'NONE',  ( 7.778174593052059826, 4.246428572667359624, -8.628174593051985752 ) ) ;
#4899 = VERTEX_POINT ( 'NONE', #412 ) ;
#4900 = VERTEX_POINT ( 'NONE', #3571 ) ;
#4901 = CARTESIAN_POINT ( 'NONE',  ( -7.188524982899959781, 4.531865527491377499, 7.165937506839343385 ) ) ;
#4902 = CARTESIAN_POINT ( 'NONE',  ( 6.682671856891347240, 4.539360119667013471, -7.145685793431626465 ) ) ;
#4903 = FACE_OUTER_BOUND ( 'NONE', #6941, .T. ) ;
#4904 = CARTESIAN_POINT ( 'NONE',  ( -8.636590624157074458, 3.199999999999999734, 8.473510705849324864 ) ) ;
#4905 = CARTESIAN_POINT ( 'NONE',  ( 6.683426347833702152, 3.199999999999953992, 7.818825847979385735 ) ) ;
#4906 = CARTESIAN_POINT ( 'NONE',  ( 0.000000000000000000, 5.800000000000000711, 4.699999999999999289 ) ) ;
#4907 =( BOUNDED_CURVE ( )  B_SPLINE_CURVE ( 2, ( #6808, #414, #6226, #4334, #501, #4879, #3029, #2988, #7442 ),
 .UNSPECIFIED., .F., .F. ) 
 B_SPLINE_CURVE_WITH_KNOTS ( ( 3, 2, 2, 2, 3 ),
 ( 0.07561148272620207833, 0.1008153103016030117, 0.1512229654524045175, 0.2016306206032059678, 0.2268350262913063631 ),
 .UNSPECIFIED. ) 
 CURVE ( )  GEOMETRIC_REPRESENTATION_ITEM ( )  RATIONAL_B_SPLINE_CURVE ( ( 0.9330127018922194093, 0.9330127018922188542, 1.000000000000000000, 0.8660254037844387076, 1.000000000000000000, 0.8660254037844387076, 1.000000000000000000, 0.9330111653713224484, 0.9330127019274632172 ) ) 
 REPRESENTATION_ITEM ( '' )  );
#4908 = CARTESIAN_POINT ( 'NONE',  ( 7.834975766341719883, 4.364868279336423740, -6.930007713935167679 ) ) ;
#4909 = EDGE_LOOP ( 'NONE', ( #718, #3093 ) ) ;
#4910 = ORIENTED_EDGE ( 'NONE', *, *, #1742, .F. ) ;
#4911 = CARTESIAN_POINT ( 'NONE',  ( -8.516053864014203612, 3.755148508272607266, -8.203906258964682507 ) ) ;
#4912 = CARTESIAN_POINT ( 'NONE',  ( -6.928174593052012220, 4.586607144095930622, -7.778174593052033181 ) ) ;
#4913 = CARTESIAN_POINT ( 'NONE',  ( 6.917525045863652799, 4.700000000000003730, 7.937624936834624556 ) ) ;
#4914 = CARTESIAN_POINT ( 'NONE',  ( 6.682671856891243323, 5.370907738714631563, 7.145685793431728605 ) ) ;
#4915 = CARTESIAN_POINT ( 'NONE',  ( 6.937242627319038846, 4.256596611147416276, 7.905044026365822596 ) ) ;
#4916 = CARTESIAN_POINT ( 'NONE',  ( -7.778185041395166976, 3.566070500581231428, 8.628174592987821967 ) ) ;
#4917 = CARTESIAN_POINT ( 'NONE',  ( -6.745972393645195631, 4.700000000000000178, 8.125066671473785362 ) ) ;
#4918 = CARTESIAN_POINT ( 'NONE',  ( -8.117499429264405819, 3.709552924232931037, 6.998829415397041842 ) ) ;
#4919 = ADVANCED_FACE ( 'NONE', ( #6684 ), #6844, .T. ) ;
#4920 = CARTESIAN_POINT ( 'NONE',  ( 6.919758561946887099, 3.199999999999999289, 8.473510705849374602 ) ) ;
#4921 = CIRCLE ( 'NONE', #6120, 1.249999999999999334 ) ;
#4922 = CARTESIAN_POINT ( 'NONE',  ( 7.778174593051956798, 3.679464285714285854, 6.928174593052087715 ) ) ;
#4923 = CARTESIAN_POINT ( 'NONE',  ( 6.682671856891347240, 4.047991072047966377, -7.778174593051986108 ) ) ;
#4924 = AXIS2_PLACEMENT_3D ( 'NONE', #7397, #1651, #3881 ) ;
#4925 = CARTESIAN_POINT ( 'NONE',  ( -8.873677329212721787, 4.558258929190823316, 7.778174593052038510 ) ) ;
#4926 = CARTESIAN_POINT ( 'NONE',  ( -8.873677329212725340, 4.463764881571775867, -8.410663392672393712 ) ) ;
#4927 = CARTESIAN_POINT ( 'NONE',  ( -7.778174593052012753, 3.339285715524503040, -8.628174593052031938 ) ) ;
#4928 = CARTESIAN_POINT ( 'NONE',  ( 7.778174593051957686, 3.254241072047966199, 9.043152192292808422 ) ) ;
#4929 = CARTESIAN_POINT ( 'NONE',  ( 6.682671856891347240, 4.558258929190823316, -7.778174593051986108 ) ) ;
#4930 = DIRECTION ( 'NONE',  ( 0.000000000000000000, 0.000000000000000000, -1.000000000000000000 ) ) ;
#4931 = FACE_BOUND ( 'NONE', #1753, .T. ) ;
#4932 = VECTOR ( 'NONE', #2226, 1000.000000000000000 ) ;
#4933 = CARTESIAN_POINT ( 'NONE',  ( -6.928174593052006891, 4.473214285714286476, 7.778174593052038510 ) ) ;
#4934 = ORIENTED_EDGE ( 'NONE', *, *, #5475, .F. ) ;
#4935 = CARTESIAN_POINT ( 'NONE',  ( 7.784046574054852563, 3.453200737074912041, -6.928189836226190224 ) ) ;
#4936 = CARTESIAN_POINT ( 'NONE',  ( -8.472247314324196310, 3.384016906885380038, 8.268912862822835663 ) ) ;
#4937 = CARTESIAN_POINT ( 'NONE',  ( 7.230423224971601392, 3.670014881571775689, 8.726907792482629489 ) ) ;
#4938 = LINE ( 'NONE', #5528, #779 ) ;
#4939 = CARTESIAN_POINT ( 'NONE',  ( 8.203174593051956620, 5.115773810762597407, 7.042052999835315852 ) ) ;
#4940 = CARTESIAN_POINT ( 'NONE',  ( 8.628174593052060359, 3.603869047619047361, -8.268922321863168889 ) ) ;
#4941 = EDGE_LOOP ( 'NONE', ( #1026, #2813 ) ) ;
#4942 = ORIENTED_EDGE ( 'NONE', *, *, #5146, .T. ) ;
#4943 = FACE_OUTER_BOUND ( 'NONE', #7464, .T. ) ;
#4944 = CARTESIAN_POINT ( 'NONE',  ( 7.230423224971703533, 5.087425595857490102, -6.829441393621446643 ) ) ;
#4945 = CARTESIAN_POINT ( 'NONE',  ( -8.850448147664453202, 3.236945193719066527, 8.424074766892340804 ) ) ;
#4946 = CARTESIAN_POINT ( 'NONE',  ( -8.628174593052010621, 3.414880953619740644, -8.268922321863215075 ) ) ;
#4947 = CARTESIAN_POINT ( 'NONE',  ( -6.928174593051627639, 4.624404763143770580, 7.287426864240637236 ) ) ;
#4948 = DIRECTION ( 'NONE',  ( -0.000000000000000000, -1.000000000000000000, -0.000000000000000000 ) ) ;
#4949 = CARTESIAN_POINT ( 'NONE',  ( 8.468748936346026213, 4.428009631024913517, -7.281777150409676658 ) ) ;
#4950 = VERTEX_POINT ( 'NONE', #3076 ) ;
#4951 = VERTEX_POINT ( 'NONE', #8128 ) ;
#4952 = CARTESIAN_POINT ( 'NONE',  ( -8.591283340720888617, 3.772092754258706382, -8.026333614150040319 ) ) ;
#4953 = ADVANCED_FACE ( 'NONE', ( #3669, #2456 ), #6234, .F. ) ;
#4954 = CARTESIAN_POINT ( 'NONE',  ( 7.152738640190150043, 4.700000000000000178, -7.030893098604739322 ) ) ;
#4955 = CARTESIAN_POINT ( 'NONE',  ( -7.778174593052010977, 5.607142858381645389, -8.759670050674396080 ) ) ;
#4956 = EDGE_CURVE ( 'NONE', #6477, #5938, #4384, .T. ) ;
#4957 = CARTESIAN_POINT ( 'NONE',  ( 6.928174593052061070, 3.490476191714978693, -7.287426864240803326 ) ) ;
#4958 = CARTESIAN_POINT ( 'NONE',  ( -6.682671856891298390, 4.785044643476537019, -7.778174593052033181 ) ) ;
#4959 = CARTESIAN_POINT ( 'NONE',  ( 7.160556377716879695, 4.191131037779272539, 7.193547947340879212 ) ) ;
#4960 = CARTESIAN_POINT ( 'NONE',  ( 7.406333310962490479, 3.258667135927376890, 7.013610571878917455 ) ) ;
#4961 = CARTESIAN_POINT ( 'NONE',  ( -8.718908413803447388, 3.200000000000000178, -7.199315123193214205 ) ) ;
#4962 = CARTESIAN_POINT ( 'NONE',  ( -8.516053864014230257, 3.755148508274275265, 7.352442927139447804 ) ) ;
#4963 = CARTESIAN_POINT ( 'NONE',  ( -7.667555439984069743, 4.123197736386798873, 6.928174593052037977 ) ) ;
#4964 = CARTESIAN_POINT ( 'NONE',  ( 7.353174593052060892, 5.191369048857835899, -8.514296186268758504 ) ) ;
#4965 = CARTESIAN_POINT ( 'NONE',  ( 8.873677329212773301, 3.821205357762251786, -7.778174593051986108 ) ) ;
#4966 = CARTESIAN_POINT ( 'NONE',  ( -8.873677329212721787, 3.632217262524156443, 8.410663392672399041 ) ) ;
#4967 = EDGE_CURVE ( 'NONE', #7713, #2602, #7727, .T. ) ;
#4968 = CARTESIAN_POINT ( 'NONE',  ( -8.873677329212725340, 4.104687500619395024, -7.778174593052033181 ) ) ;
#4969 = CARTESIAN_POINT ( 'NONE',  ( 7.683310672280195597, 3.687901062981851386, 6.928174593052090380 ) ) ;
#4970 = CARTESIAN_POINT ( 'NONE',  ( 8.873677329212670273, 3.367633929190823494, 7.778174593052089136 ) ) ;
#4971 = CARTESIAN_POINT ( 'NONE',  ( 8.325925961132417896, 4.255877976809871122, -6.829441393621446643 ) ) ;
#4972 = CARTESIAN_POINT ( 'NONE',  ( -8.422019096029503160, 3.391232834933897600, -7.223049557206113747 ) ) ;
#4973 = EDGE_CURVE ( 'NONE', #245, #7765, #7835, .T. ) ;
#4974 = CARTESIAN_POINT ( 'NONE',  ( -8.873677329212720011, 3.613318453000350150, -8.410663392672390160 ) ) ;
#4975 = VECTOR ( 'NONE', #2115, 1000.000000000000000 ) ;
#4976 = CARTESIAN_POINT ( 'NONE',  ( -8.873677329212721787, 3.613318453000347485, 7.145685793431678867 ) ) ;
#4977 = EDGE_LOOP ( 'NONE', ( #5130, #2854, #2564, #7979 ) ) ;
#4978 = CARTESIAN_POINT ( 'NONE',  ( 8.090381219428559589, 3.480583922512149986, -6.987393949929137094 ) ) ;
#4979 = DIRECTION ( 'NONE',  ( 0.000000000000000000, 0.000000000000000000, 1.000000000000000000 ) ) ;
#4980 = CARTESIAN_POINT ( 'NONE',  ( 0.000000000000000000, 6.000000000000000000, 4.500000000000000888 ) ) ;
#4981 = CARTESIAN_POINT ( 'NONE',  ( 6.682671856891347240, 4.558258929190823316, -7.778174593051986108 ) ) ;
#4982 = CARTESIAN_POINT ( 'NONE',  ( 8.203174593051956620, 4.964583334572121309, 8.514296186268863309 ) ) ;
#4983 = LINE ( 'NONE', #4354, #6201 ) ;
#4984 = VECTOR ( 'NONE', #7671, 1000.000000000000000 ) ;
#4985 = CIRCLE ( 'NONE', #1501, 6.500000000000000888 ) ;
#4986 = CARTESIAN_POINT ( 'NONE',  ( -6.984309103111451478, 3.200000000000000622, 8.081946849654649156 ) ) ;
#4987 = VERTEX_POINT ( 'NONE', #6402 ) ;
#4988 = VERTEX_POINT ( 'NONE', #1238 ) ;
#4989 = CARTESIAN_POINT ( 'NONE',  ( -7.556978813037575904, 4.567208745935658065, 6.950038720180493179 ) ) ;
#4990 = CARTESIAN_POINT ( 'NONE',  ( 6.682671856891347240, 5.503199405381299592, -7.145685793431626465 ) ) ;
#4991 = CARTESIAN_POINT ( 'NONE',  ( -8.152827122679109806, 4.326497419341293948, 8.543154676251226931 ) ) ;
#4992 = EDGE_CURVE ( 'NONE', #4899, #1027, #3655, .T. ) ;
#4993 = CARTESIAN_POINT ( 'NONE',  ( -7.778174593052007424, 3.700000000000000178, 7.778174593052038510 ) ) ;
#4994 = FACE_OUTER_BOUND ( 'NONE', #4595, .T. ) ;
#4995 = CARTESIAN_POINT ( 'NONE',  ( 7.778174593052059826, 3.200000000000000178, -7.778174593051986108 ) ) ;
#4996 = VECTOR ( 'NONE', #4538, 1000.000000000000000 ) ;
#4997 = CARTESIAN_POINT ( 'NONE',  ( 8.588125904815605338, 4.495390036144193857, -8.043456210725612010 ) ) ;
#4998 = ORIENTED_EDGE ( 'NONE', *, *, #4342, .T. ) ;
#4999 = EDGE_LOOP ( 'NONE', ( #4815, #2767, #1798, #4357 ) ) ;
#5000 = CARTESIAN_POINT ( 'NONE',  ( -8.117499429264391608, 3.709552924233155746, -8.557519770707033402 ) ) ;
#5001 = CYLINDRICAL_SURFACE ( 'NONE', #697, 4.500000000000000000 ) ;
#5002 = CARTESIAN_POINT ( 'NONE',  ( -7.353174593052012042, 4.662202382191169114, -8.514296186268804689 ) ) ;
#5003 = CARTESIAN_POINT ( 'NONE',  ( -7.669560994359670758, 3.462329507131667761, 8.621418132947967550 ) ) ;
#5004 = CARTESIAN_POINT ( 'NONE',  ( 7.230423224971601392, 5.786681548238442829, 6.829441393621548784 ) ) ;
#5005 = CARTESIAN_POINT ( 'NONE',  ( 7.260899282394805532, 4.179326968704024203, 7.101499965077969989 ) ) ;
#5006 = CARTESIAN_POINT ( 'NONE',  ( -7.550422628586458629, 3.586326681551900819, 8.628177392681751101 ) ) ;
#5007 = CARTESIAN_POINT ( 'NONE',  ( -8.404230197437380312, 3.200000000000000622, -6.887110044430043487 ) ) ;
#5008 = CARTESIAN_POINT ( 'NONE',  ( 0.000000000000000000, 1.500000000000000000, 8.000000000000000000 ) ) ;
#5009 = CARTESIAN_POINT ( 'NONE',  ( 11.00000000000000000, 1.500000000000000000, 0.000000000000000000 ) ) ;
#5010 = CARTESIAN_POINT ( 'NONE',  ( 7.230423224971704421, 3.670014881571775689, -6.829441393621446643 ) ) ;
#5011 = ORIENTED_EDGE ( 'NONE', *, *, #371, .T. ) ;
#5012 = CARTESIAN_POINT ( 'NONE',  ( -6.682671856891293061, 3.405431548238441852, 7.145685793431678867 ) ) ;
#5013 =( BOUNDED_CURVE ( )  B_SPLINE_CURVE ( 2, ( #197, #1438, #2112, #3994, #5408, #5446, #1472, #160, #4032 ),
 .UNSPECIFIED., .F., .F. ) 
 B_SPLINE_CURVE_WITH_KNOTS ( ( 3, 2, 2, 2, 3 ),
 ( 0.2268350262913383930, 0.2520382757540075569, 0.3024459309048090350, 0.3528535860556105686, 0.3780574136310113076 ),
 .UNSPECIFIED. ) 
 CURVE ( )  GEOMETRIC_REPRESENTATION_ITEM ( )  RATIONAL_B_SPLINE_CURVE ( ( 0.9330127019274633282, 0.9330142384132011912, 1.000000000000000000, 0.8660254037844387076, 1.000000000000000000, 0.8660254037844387076, 1.000000000000000000, 0.9330127018922194093, 0.9330127018922194093 ) ) 
 REPRESENTATION_ITEM ( '' )  );
#5014 = DIRECTION ( 'NONE',  ( -0.000000000000000000, -1.000000000000000000, -0.000000000000000000 ) ) ;
#5015 = CARTESIAN_POINT ( 'NONE',  ( 7.040295322089719754, 3.755148508272862173, 7.352442927139521522 ) ) ;
#5016 = CARTESIAN_POINT ( 'NONE',  ( 0.000000000000000000, 2.500000000000000000, 0.000000000000000000 ) ) ;
#5017 = CARTESIAN_POINT ( 'NONE',  ( 6.682671856891347240, 4.463764881571775867, -8.410663392672345751 ) ) ;
#5018 = FACE_OUTER_BOUND ( 'NONE', #536, .T. ) ;
#5019 = CARTESIAN_POINT ( 'NONE',  ( -8.325925961132364606, 4.482663691095587488, -8.726907792482567316 ) ) ;
#5020 = CARTESIAN_POINT ( 'NONE',  ( -7.230423224971650242, 4.860639881571775511, 6.829441393621499046 ) ) ;
#5021 = ORIENTED_EDGE ( 'NONE', *, *, #4228, .T. ) ;
#5022 = CARTESIAN_POINT ( 'NONE',  ( -6.952596554019978115, 3.549212670911838341, -7.573636377285311028 ) ) ;
#5023 = CARTESIAN_POINT ( 'NONE',  ( -8.627157786779990900, 3.343099687862183700, 7.827102587323778948 ) ) ;
#5024 = CARTESIAN_POINT ( 'NONE',  ( -7.218557174269631282, 3.957147012381951434, -7.136075890291911250 ) ) ;
#5025 = CARTESIAN_POINT ( 'NONE',  ( -7.353174593052012931, 3.641666666666667052, -8.514296186268804689 ) ) ;
#5026 = CARTESIAN_POINT ( 'NONE',  ( 6.928174593051956265, 5.304761906000692306, 8.268922321863270142 ) ) ;
#5027 = CARTESIAN_POINT ( 'NONE',  ( 8.325925961132314868, 3.348735119667013649, 8.726907792482629489 ) ) ;
#5028 = CARTESIAN_POINT ( 'NONE',  ( 0.000000000000000000, 3.700000000000000178, 0.000000000000000000 ) ) ;
#5029 = VERTEX_POINT ( 'NONE', #690 ) ;
#5030 = ORIENTED_EDGE ( 'NONE', *, *, #1420, .T. ) ;
#5031 = CARTESIAN_POINT ( 'NONE',  ( -7.737774412520909806, 4.363411758452745204, 8.627345429236699559 ) ) ;
#5032 = CARTESIAN_POINT ( 'NONE',  ( 6.682671856891347240, 4.596056548238441231, -7.145685793431626465 ) ) ;
#5033 = DIRECTION ( 'NONE',  ( 0.000000000000000000, 0.000000000000000000, -1.000000000000000000 ) ) ;
#5034 = FACE_OUTER_BOUND ( 'NONE', #2159, .T. ) ;
#5035 = ORIENTED_EDGE ( 'NONE', *, *, #5788, .T. ) ;
#5036 = CYLINDRICAL_SURFACE ( 'NONE', #5276, 1.249999999999999334 ) ;
#5037 = CARTESIAN_POINT ( 'NONE',  ( 6.972013563400507152, 4.677228915360289285, 7.507909890543197129 ) ) ;
#5038 = AXIS2_PLACEMENT_3D ( 'NONE', #7089, #1971, #7587 ) ;
#5039 = VERTEX_POINT ( 'NONE', #5825 ) ;
#5040 = VERTEX_POINT ( 'NONE', #5 ) ;
#5041 = CARTESIAN_POINT ( 'NONE',  ( -8.500051918783654514, 3.833188169695145753, -7.328506028339452527 ) ) ;
#5042 = CARTESIAN_POINT ( 'NONE',  ( -6.682671856891298390, 4.274776786333680967, -7.778174593052033181 ) ) ;
#5043 = CARTESIAN_POINT ( 'NONE',  ( -8.873677329212725340, 5.370907738714631563, -8.410663392672393712 ) ) ;
#5044 = CARTESIAN_POINT ( 'NONE',  ( -7.757725795751190923, 3.454496423083759815, 8.627963091206945379 ) ) ;
#5045 = CARTESIAN_POINT ( 'NONE',  ( 6.682671856891243323, 4.992931548238441763, 8.410663392672448779 ) ) ;
#5046 = CARTESIAN_POINT ( 'NONE',  ( 7.218548164252535315, 4.183933757079764781, 7.136083821162221064 ) ) ;
#5047 = DIRECTION ( 'NONE',  ( 3.689284128500214800E-16, 0.000000000000000000, 1.000000000000000000 ) ) ;
#5048 = CARTESIAN_POINT ( 'NONE',  ( -8.834932626443546155, 3.200000000000000178, -7.456738959972430081 ) ) ;
#5049 = CARTESIAN_POINT ( 'NONE',  ( -8.325925961132364606, 3.972395833952728328, 6.829441393621498158 ) ) ;
#5050 = CARTESIAN_POINT ( 'NONE',  ( 8.460577636994564443, 3.612575574579357074, 7.271178998664168169 ) ) ;
#5051 = CARTESIAN_POINT ( 'NONE',  ( 8.628174593052060359, 4.095238096476882639, -7.287426864240805102 ) ) ;
#5052 = VERTEX_POINT ( 'NONE', #1870 ) ;
#5053 = CARTESIAN_POINT ( 'NONE',  ( -8.584335622708794133, 4.677228915361551387, -8.048439295545444239 ) ) ;
#5054 = EDGE_CURVE ( 'NONE', #4899, #6329, #3268, .T. ) ;
#5055 = CARTESIAN_POINT ( 'NONE',  ( -8.873677329212725340, 4.142485119667013826, -7.145685793431673538 ) ) ;
#5056 = CARTESIAN_POINT ( 'NONE',  ( 6.952595622230185235, 3.775998723033307414, 7.573640233863224047 ) ) ;
#5057 = CARTESIAN_POINT ( 'NONE',  ( 8.603752632104992415, 4.002784099490515501, -7.573636377367332528 ) ) ;
#5058 = CARTESIAN_POINT ( 'NONE',  ( 7.778174593052059826, 3.481026786333680789, -9.043152192292705394 ) ) ;
#5059 = EDGE_CURVE ( 'NONE', #7950, #6830, #1433, .T. ) ;
#5060 = CARTESIAN_POINT ( 'NONE',  ( 8.873677329212773301, 3.859002976809871033, -8.410663392672343974 ) ) ;
#5061 = CIRCLE ( 'NONE', #3455, 13.50000000000009770 ) ;
#5062 = VECTOR ( 'NONE', #5629, 1000.000000000000000 ) ;
#5063 = CARTESIAN_POINT ( 'NONE',  ( -7.230423224971658236, 4.407068453000349884, -8.726907792482567316 ) ) ;
#5064 = DIRECTION ( 'NONE',  ( 0.000000000000000000, 1.000000000000000000, 0.000000000000000000 ) ) ;
#5065 = ORIENTED_EDGE ( 'NONE', *, *, #3989, .F. ) ;
#5066 = DIRECTION ( 'NONE',  ( -0.000000000000000000, -1.000000000000000000, -0.000000000000000000 ) ) ;
#5067 = CARTESIAN_POINT ( 'NONE',  ( -7.999388531410982495, 3.433278574309325037, 8.606305365373307481 ) ) ;
#5068 = EDGE_CURVE ( 'NONE', #1120, #3902, #7850, .T. ) ;
#5069 = CARTESIAN_POINT ( 'NONE',  ( -8.873677329212725340, 3.651116072047965844, -7.778174593052033181 ) ) ;
#5070 = CARTESIAN_POINT ( 'NONE',  ( 8.572040082992513632, 3.200000000000000178, 8.081946849654700671 ) ) ;
#5071 = CARTESIAN_POINT ( 'NONE',  ( 7.550417779485503189, 3.813112827095188617, 6.928174593052087715 ) ) ;
#5072 = CIRCLE ( 'NONE', #2790, 4.000000000000000000 ) ;
#5073 = CARTESIAN_POINT ( 'NONE',  ( -7.353174593052012931, 4.851190476190476275, -7.042052999835261673 ) ) ;
#5074 = ORIENTED_EDGE ( 'NONE', *, *, #515, .F. ) ;
#5075 = VERTEX_POINT ( 'NONE', #4286 ) ;
#5076 = AXIS2_PLACEMENT_3D ( 'NONE', #1579, #4845, #2796 ) ;
#5077 = DIRECTION ( 'NONE',  ( 0.000000000000000000, 1.000000000000000000, 0.000000000000000000 ) ) ;
#5078 = EDGE_CURVE ( 'NONE', #5162, #5534, #5819, .T. ) ;
#5079 = CARTESIAN_POINT ( 'NONE',  ( -7.452254034016047690, 4.699999999999976197, -8.629561018945514306 ) ) ;
#5080 = CARTESIAN_POINT ( 'NONE',  ( -8.558480866515518315, 4.275526761141291487, 8.115614329825813655 ) ) ;
#5081 = FACE_OUTER_BOUND ( 'NONE', #2419, .T. ) ;
#5082 = ORIENTED_EDGE ( 'NONE', *, *, #2859, .F. ) ;
#5083 = CARTESIAN_POINT ( 'NONE',  ( 8.005926557518060704, 4.039898110123369968, -6.928171793422536417 ) ) ;
#5084 = CARTESIAN_POINT ( 'NONE',  ( 7.427949868056840543, 4.617585984066554516, 7.003627209901353901 ) ) ;
#5085 = ADVANCED_FACE ( 'NONE', ( #4245 ), #7961, .T. ) ;
#5086 = ORIENTED_EDGE ( 'NONE', *, *, #2776, .F. ) ;
#5087 = ORIENTED_EDGE ( 'NONE', *, *, #6789, .T. ) ;
#5088 = CARTESIAN_POINT ( 'NONE',  ( -8.295449903709632977, 3.725755540132763333, -8.454849221025796169 ) ) ;
#5089 = CARTESIAN_POINT ( 'NONE',  ( -6.682671856891297502, 3.859002976809871033, -8.410663392672393712 ) ) ;
#5090 = CARTESIAN_POINT ( 'NONE',  ( -8.367832446251121326, 4.305078908143028293, -7.165945446458225732 ) ) ;
#5091 = CARTESIAN_POINT ( 'NONE',  ( -6.682671856891293061, 3.783407738714632984, 8.410663392672399041 ) ) ;
#5092 = CARTESIAN_POINT ( 'NONE',  ( 8.325925961132314868, 5.559895833952727351, 8.726907792482629489 ) ) ;
#5093 = CARTESIAN_POINT ( 'NONE',  ( -7.778174593052011865, 3.700000000000000178, -6.528174593052034069 ) ) ;
#5094 = CARTESIAN_POINT ( 'NONE',  ( 7.608472698814683355, 3.240981692309830908, 6.943393992786568880 ) ) ;
#5095 = CYLINDRICAL_SURFACE ( 'NONE', #1778, 0.8500000000000000888 ) ;
#5096 = CARTESIAN_POINT ( 'NONE',  ( 6.928174593051667607, 4.397619048858063096, -7.287426864240576840 ) ) ;
#5097 = CARTESIAN_POINT ( 'NONE',  ( 7.798623390360412522, 3.454496423084323808, 8.627963091206840573 ) ) ;
#5098 = CARTESIAN_POINT ( 'NONE',  ( 6.682671856891347240, 3.140848214905109348, -7.778174593051986108 ) ) ;
#5099 = ORIENTED_EDGE ( 'NONE', *, *, #2889, .T. ) ;
#5100 = CARTESIAN_POINT ( 'NONE',  ( -8.576204757529705347, 4.675137702642094162, -8.070942032913226427 ) ) ;
#5101 = CARTESIAN_POINT ( 'NONE',  ( -7.778174593052010977, 3.481026786333680789, -9.043152192292751579 ) ) ;
#5102 = CARTESIAN_POINT ( 'NONE',  ( -7.790978945040250458, 3.199999999999997957, -8.689224008031155577 ) ) ;
#5103 = CARTESIAN_POINT ( 'NONE',  ( 8.570504870697021715, 3.993366377293320557, -7.470314827466904894 ) ) ;
#5104 = CARTESIAN_POINT ( 'NONE',  ( 8.325925961132417896, 3.348735119667013649, -6.829441393621446643 ) ) ;
#5105 = DIRECTION ( 'NONE',  ( -0.000000000000000000, -1.000000000000000000, -0.000000000000000000 ) ) ;
#5106 = DIRECTION ( 'NONE',  ( 0.000000000000000000, 0.000000000000000000, 1.000000000000000000 ) ) ;
#5107 = CARTESIAN_POINT ( 'NONE',  ( 7.104540465730913468, 4.198726251115149743, -8.297328115603255227 ) ) ;
#5108 = CARTESIAN_POINT ( 'NONE',  ( -8.873677329212721787, 3.688913691095585534, 8.410663392672399041 ) ) ;
#5109 = EDGE_LOOP ( 'NONE', ( #3683, #1254 ) ) ;
#5110 = CARTESIAN_POINT ( 'NONE',  ( -7.140627168465907282, 3.513371110006334508, -7.215292166535320462 ) ) ;
#5111 = CARTESIAN_POINT ( 'NONE',  ( -7.778197072705590465, 3.452676572189584014, 8.628174592754783490 ) ) ;
#5112 = CARTESIAN_POINT ( 'NONE',  ( -8.873677329212725340, 3.688913691095585534, -7.145685793431673538 ) ) ;
#5113 = CARTESIAN_POINT ( 'NONE',  ( 8.158437295095719577, 3.192073975378469708, -8.543390259100329232 ) ) ;
#5114 = AXIS2_PLACEMENT_3D ( 'NONE', #1748, #4304, #4351 ) ;
#5115 = EDGE_CURVE ( 'NONE', #2020, #1876, #4907, .T. ) ;
#5116 = ORIENTED_EDGE ( 'NONE', *, *, #7792, .T. ) ;
#5117 = CARTESIAN_POINT ( 'NONE',  ( 6.928174593051957153, 4.700000000000000178, 7.778174593052089136 ) ) ;
#5118 = ORIENTED_EDGE ( 'NONE', *, *, #8332, .T. ) ;
#5119 = ORIENTED_EDGE ( 'NONE', *, *, #1090, .F. ) ;
#5120 = CARTESIAN_POINT ( 'NONE',  ( -6.952253829253614015, 4.490311245428286746, 7.569836634269440090 ) ) ;
#5121 = CARTESIAN_POINT ( 'NONE',  ( 8.325925961132414344, 4.407068453000349884, -8.726907792482521131 ) ) ;
#5122 = CARTESIAN_POINT ( 'NONE',  ( -8.056288490115466772, 4.157859226502569783, 6.972997566710903428 ) ) ;
#5123 = CARTESIAN_POINT ( 'NONE',  ( 7.683309868996422765, 4.595043991565171737, -8.628174593051983976 ) ) ;
#5124 = ORIENTED_EDGE ( 'NONE', *, *, #2094, .F. ) ;
#5125 = DIRECTION ( 'NONE',  ( 0.000000000000000000, 0.000000000000000000, -1.000000000000000000 ) ) ;
#5126 = CARTESIAN_POINT ( 'NONE',  ( -6.980151383869102943, 3.994778792177278604, 8.070960968664522284 ) ) ;
#5127 = CARTESIAN_POINT ( 'NONE',  ( 7.363829435769737586, 4.623035823979683379, 7.035129910755863136 ) ) ;
#5128 = CIRCLE ( 'NONE', #272, 13.50000000000000000 ) ;
#5129 = ORIENTED_EDGE ( 'NONE', *, *, #894, .T. ) ;
#5130 = ORIENTED_EDGE ( 'NONE', *, *, #5975, .F. ) ;
#5131 = CARTESIAN_POINT ( 'NONE',  ( 8.374010947579574093, 3.624039934549889708, -8.384377550875367291 ) ) ;
#5132 = CARTESIAN_POINT ( 'NONE',  ( -8.873677329212725340, 4.501562500619394669, -7.778174593052033181 ) ) ;
#5133 = CARTESIAN_POINT ( 'NONE',  ( 11.00000000000000000, 2.500000000000000000, -1.100000000000000977 ) ) ;
#5134 = CARTESIAN_POINT ( 'NONE',  ( -8.325925961132364606, 4.425967262524156176, 6.829441393621498158 ) ) ;
#5135 = CARTESIAN_POINT ( 'NONE',  ( -8.325925961132368158, 5.540997024428917506, -6.829441393621494605 ) ) ;
#5136 = DIRECTION ( 'NONE',  ( -0.000000000000000000, -1.000000000000000000, -0.000000000000000000 ) ) ;
#5137 = CARTESIAN_POINT ( 'NONE',  ( -7.230423224971654683, 3.745610119667013738, -6.829441393621495493 ) ) ;
#5138 = CARTESIAN_POINT ( 'NONE',  ( -8.873677329212721787, 4.955133929190822961, 7.778174593052038510 ) ) ;
#5139 = DIRECTION ( 'NONE',  ( -0.000000000000000000, -1.000000000000000000, -0.000000000000000000 ) ) ;
#5140 = CARTESIAN_POINT ( 'NONE',  ( 8.588125904785307796, 3.588247179007806764, 7.512892975304903409 ) ) ;
#5141 = CARTESIAN_POINT ( 'NONE',  ( 7.353174593052060892, 3.074702382191169203, -7.042052999835212823 ) ) ;
#5142 = AXIS2_PLACEMENT_3D ( 'NONE', #5890, #5292, #1392 ) ;
#5143 =( BOUNDED_SURFACE ( )  B_SPLINE_SURFACE ( 1, 2, ( 
 ( #6287, #2299, #4396, #2965, #6958, #4852, #6827, #1023, #8229, #5619, #3593, #2469, #8097, #1794, #4222, #1162, #1066, #3721, #388, #521, #1668, #3090, #6159, #2342, #4897, #3008, #5660, #8139, #2386, #4940, #4307, #7508, #1750, #1930, #106, #1339, #2555, #2600, #7642, #6369, #4613, #5113, #3138 ),
 ( #746, #3981, #4483, #4437, #6461, #7770, #5791, #3283, #7047, #1974, #7682, #3320, #5704, #7729, #7809, #1295, #1881, #4571, #2019, #6508, #3858, #4527, #62, #7005, #2681, #7171, #8273, #6417, #3901, #7093, #5839, #1251, #3813, #7132, #704, #5880, #19, #2638, #609, #2060, #5200, #1383, #3945 ) ),
 .UNSPECIFIED., .F., .F., .F. ) 
 B_SPLINE_SURFACE_WITH_KNOTS ( ( 2, 2 ),
 ( 3, 2, 2, 2, 2, 2, 2, 2, 2, 2, 2, 2, 2, 2, 2, 2, 2, 2, 2, 2, 2, 3 ),
 ( 0.000000000000000000, 1.000000000000000000 ),
 ( 0.000000000000000000, 0.04166666666666666435, 0.08333333333333332871, 0.1250000000000000000, 0.1666666666666666574, 0.2083333333333333426, 0.2500000000000000000, 0.2916666666666666852, 0.3333333333333333148, 0.3750000000000000000, 0.4166666666666666852, 0.4583333333333333148, 0.5000000000000000000, 0.5416666666666666297, 0.5833333333333333703, 0.6250000000000000000, 0.6666666666666666297, 0.7083333333333333703, 0.7500000000000000000, 0.7916666666666666297, 0.8265930293043932675, 0.8348589595974371669 ),
 .UNSPECIFIED. ) 
 GEOMETRIC_REPRESENTATION_ITEM ( )  RATIONAL_B_SPLINE_SURFACE ( (
 ( 1.000000000000000000, 0.8660254037844387076, 1.000000000000000000, 0.8660254037844387076, 1.000000000000000000, 0.8660254037844387076, 1.000000000000000000, 0.8660254037844387076, 1.000000000000000000, 0.8660254037844387076, 1.000000000000000000, 0.8660254037844387076, 1.000000000000000000, 0.8660254037844387076, 1.000000000000000000, 0.8660254037844387076, 1.000000000000000000, 0.8660254037844387076, 1.000000000000000000, 0.8660254037844387076, 1.000000000000000000, 0.8660254037844387076, 1.000000000000000000, 0.8660254037844387076, 1.000000000000000000, 0.8660254037844387076, 1.000000000000000000, 0.8660254037844387076, 1.000000000000000000, 0.8660254037844387076, 1.000000000000000000, 0.8660254037844387076, 1.000000000000000000, 0.8660254037844387076, 1.000000000000000000, 0.8660254037844387076, 1.000000000000000000, 0.8660254037844387076, 1.000000000000000000, 0.8876981120399756175, 0.9636664543420225826, 0.9636664543420225826, 0.9636664543420225826),
 ( 1.000000000000000000, 0.8660254037844387076, 1.000000000000000000, 0.8660254037844387076, 1.000000000000000000, 0.8660254037844387076, 1.000000000000000000, 0.8660254037844387076, 1.000000000000000000, 0.8660254037844387076, 1.000000000000000000, 0.8660254037844387076, 1.000000000000000000, 0.8660254037844387076, 1.000000000000000000, 0.8660254037844387076, 1.000000000000000000, 0.8660254037844387076, 1.000000000000000000, 0.8660254037844387076, 1.000000000000000000, 0.8660254037844387076, 1.000000000000000000, 0.8660254037844387076, 1.000000000000000000, 0.8660254037844387076, 1.000000000000000000, 0.8660254037844387076, 1.000000000000000000, 0.8660254037844387076, 1.000000000000000000, 0.8660254037844387076, 1.000000000000000000, 0.8660254037844387076, 1.000000000000000000, 0.8660254037844387076, 1.000000000000000000, 0.8660254037844387076, 1.000000000000000000, 0.8876981120399756175, 0.9636664543420225826, 0.9636664543420225826, 0.9636664543420225826) ) ) 
 REPRESENTATION_ITEM ( '' )  SURFACE ( )  );
#5144 = VERTEX_POINT ( 'NONE', #5555 ) ;
#5145 = CARTESIAN_POINT ( 'NONE',  ( -8.610157375775520094, 4.685600406576035937, -7.954433213806916925 ) ) ;
#5146 = EDGE_CURVE ( 'NONE', #6089, #1310, #3280, .T. ) ;
#5147 = CARTESIAN_POINT ( 'NONE',  ( -7.778174593052010977, 3.254241072047966199, -6.513196993811314783 ) ) ;
#5148 = CARTESIAN_POINT ( 'NONE',  ( 6.928174354422294456, 3.794577286394825943, 7.800507367643485956 ) ) ;
#5149 = CARTESIAN_POINT ( 'NONE',  ( 7.353174593051956975, 4.284226191714978427, 7.042052999835315852 ) ) ;
#5150 = EDGE_LOOP ( 'NONE', ( #6510, #4365, #2969, #22 ) ) ;
#5151 = CARTESIAN_POINT ( 'NONE',  ( 7.230423224971703533, 4.425967262524156176, -8.726907792482524684 ) ) ;
#5152 = CARTESIAN_POINT ( 'NONE',  ( -8.295449903709306128, 3.272184111559645281, -8.454849221026039530 ) ) ;
#5153 = DIRECTION ( 'NONE',  ( -0.000000000000000000, -1.000000000000000000, -0.000000000000000000 ) ) ;
#5154 = CARTESIAN_POINT ( 'NONE',  ( -7.778174593051660146, 4.473214286953105301, -6.928174593052035313 ) ) ;
#5155 = CARTESIAN_POINT ( 'NONE',  ( -8.873677329212721787, 5.011830357762251609, 7.778174593052038510 ) ) ;
#5156 = ORIENTED_EDGE ( 'NONE', *, *, #488, .F. ) ;
#5157 = CARTESIAN_POINT ( 'NONE',  ( -7.084110276318973831, 3.610803911135933131, -8.268924745762493700 ) ) ;
#5158 = CARTESIAN_POINT ( 'NONE',  ( -7.354451171414442712, 4.548712415362194506, -8.517104637924282073 ) ) ;
#5159 = CARTESIAN_POINT ( 'NONE',  ( 8.325925961132314868, 4.199181548238442474, 8.726907792482629489 ) ) ;
#5160 = ORIENTED_EDGE ( 'NONE', *, *, #6229, .T. ) ;
#5161 = CARTESIAN_POINT ( 'NONE',  ( -6.984309103111451478, 3.200000000000001066, 8.081946849654649156 ) ) ;
#5162 = VERTEX_POINT ( 'NONE', #330 ) ;
#5163 = CARTESIAN_POINT ( 'NONE',  ( -7.075585790423626342, 4.516616891825142588, 7.299762509416391154 ) ) ;
#5164 = CARTESIAN_POINT ( 'NONE',  ( 8.325925961132416120, 5.106324405381299059, -6.829441393621446643 ) ) ;
#5165 = CARTESIAN_POINT ( 'NONE',  ( -8.610152502491908777, 4.232026941420180322, 7.601892958490495289 ) ) ;
#5166 = CARTESIAN_POINT ( 'NONE',  ( 7.184800379065964471, 3.851097764605639462, -7.169561391153073338 ) ) ;
#5167 = VERTEX_POINT ( 'NONE', #3700 ) ;
#5168 = DIRECTION ( 'NONE',  ( 0.000000000000000000, 0.000000000000000000, -1.000000000000000000 ) ) ;
#5169 = CARTESIAN_POINT ( 'NONE',  ( -7.550417773020948076, 4.679744317664834341, -8.628174589320142474 ) ) ;
#5170 = EDGE_LOOP ( 'NONE', ( #7700, #3726 ) ) ;
#5171 = ORIENTED_EDGE ( 'NONE', *, *, #6229, .F. ) ;
#5172 = CARTESIAN_POINT ( 'NONE',  ( 0.000000000000000000, 6.000000000000000000, 0.000000000000000000 ) ) ;
#5173 = DIRECTION ( 'NONE',  ( -3.320355715650161963E-15, 0.000000000000000000, 1.000000000000000000 ) ) ;
#5174 = CARTESIAN_POINT ( 'NONE',  ( -8.152827122679070726, 4.326497419339744077, -7.013194509852824332 ) ) ;
#5175 = CARTESIAN_POINT ( 'NONE',  ( 8.188988110136250498, 4.699999999999999289, -6.762616372605454451 ) ) ;
#5176 = CARTESIAN_POINT ( 'NONE',  ( -6.682671856891298390, 5.597693453000347041, -7.145685793431673538 ) ) ;
#5177 = CYLINDRICAL_SURFACE ( 'NONE', #3248, 1.249999999999999334 ) ;
#5178 = CARTESIAN_POINT ( 'NONE',  ( -7.230423224971650242, 4.652752976809870766, 8.726907792482577975 ) ) ;
#5179 = CARTESIAN_POINT ( 'NONE',  ( 8.227541843427054857, 3.492345598622834224, 8.500192372724901801 ) ) ;
#5180 = PRODUCT ( 'DP030', 'DP030', '', ( #4695 ) ) ;
#5181 = CARTESIAN_POINT ( 'NONE',  ( -7.778174593052010977, 4.614955357762251076, -6.513196993811314783 ) ) ;
#5182 = VERTEX_POINT ( 'NONE', #5599 ) ;
#5183 = CARTESIAN_POINT ( 'NONE',  ( -7.947877746014886391, 4.601696090675842399, -8.612954947415252249 ) ) ;
#5184 = DIRECTION ( 'NONE',  ( 0.000000000000000000, 0.000000000000000000, -1.000000000000000000 ) ) ;
#5185 = CARTESIAN_POINT ( 'NONE',  ( -6.931666348050478099, 4.012169891939491251, -7.683444766281095184 ) ) ;
#5186 = CARTESIAN_POINT ( 'NONE',  ( 0.000000000000000000, 1.500000000000000000, 0.000000000000000000 ) ) ;
#5187 = EDGE_CURVE ( 'NONE', #2311, #7784, #5641, .T. ) ;
#5188 = VECTOR ( 'NONE', #7816, 1000.000000000000000 ) ;
#5189 = CARTESIAN_POINT ( 'NONE',  ( 8.371540675304169454, 4.077884376124664811, -8.386795723052605567 ) ) ;
#5190 = CARTESIAN_POINT ( 'NONE',  ( 6.682671856891347240, 4.047991072047966377, -7.778174593051986108 ) ) ;
#5191 = CARTESIAN_POINT ( 'NONE',  ( 7.778164144709876382, 4.019641929152747650, -6.928174593116202651 ) ) ;
#5192 =( BOUNDED_CURVE ( )  B_SPLINE_CURVE ( 2, ( #4871, #6759, #1808, #2937, #3740 ),
 .UNSPECIFIED., .F., .F. ) 
 B_SPLINE_CURVE_WITH_KNOTS ( ( 3, 2, 3 ),
 ( 0.000000000000000000, 0.0008892271035616379190, 0.001333840655342779374 ),
 .UNSPECIFIED. ) 
 CURVE ( )  GEOMETRIC_REPRESENTATION_ITEM ( )  RATIONAL_B_SPLINE_CURVE ( ( 1.000000000000000000, 0.8660254037844387076, 1.000000000000000000, 0.9330127018921707815, 0.9330127018922194093 ) ) 
 REPRESENTATION_ITEM ( '' )  );
#5193 = CARTESIAN_POINT ( 'NONE',  ( 6.972019013142857879, 4.223656002426298350, -8.048455373125221968 ) ) ;
#5194 = CARTESIAN_POINT ( 'NONE',  ( -6.682671856891293061, 4.728348214905108371, 7.778174593052038510 ) ) ;
#5195 = EDGE_LOOP ( 'NONE', ( #3284, #404, #8187, #3940 ) ) ;
#5196 = CARTESIAN_POINT ( 'NONE',  ( -7.015191551879372156, 3.598832704855355669, -8.153086660882140180 ) ) ;
#5197 = CARTESIAN_POINT ( 'NONE',  ( -8.128396614280260835, 3.256871475523647863, 7.003625988238608713 ) ) ;
#5198 = DIRECTION ( 'NONE',  ( 0.000000000000000000, 0.000000000000000000, 1.000000000000000000 ) ) ;
#5199 = CARTESIAN_POINT ( 'NONE',  ( 7.022809332273642902, 3.200000000000000622, 8.571616189985928003 ) ) ;
#5200 = CARTESIAN_POINT ( 'NONE',  ( 8.162679885584150696, 3.057618973426511566, -8.803982530704265841 ) ) ;
#5201 = AXIS2_PLACEMENT_3D ( 'NONE', #8295, #6305, #3257 ) ;
#5202 = ORIENTED_EDGE ( 'NONE', *, *, #4878, .T. ) ;
#5203 = CYLINDRICAL_SURFACE ( 'NONE', #6327, 4.500000000000000000 ) ;
#5204 = CARTESIAN_POINT ( 'NONE',  ( -7.465967966664114108, 4.387726779655662490, 8.568955236170104683 ) ) ;
#5205 = CARTESIAN_POINT ( 'NONE',  ( 6.682671856891347240, 5.862276786333680434, -7.778174593051986108 ) ) ;
#5206 = CARTESIAN_POINT ( 'NONE',  ( -8.570507157278139942, 4.220152646384677020, 7.470320717108437591 ) ) ;
#5207 = AXIS2_PLACEMENT_3D ( 'NONE', #7341, #4816, #912 ) ;
#5208 = CYLINDRICAL_SURFACE ( 'NONE', #7935, 4.500000000000000000 ) ;
#5209 = VERTEX_POINT ( 'NONE', #2448 ) ;
#5210 = DIRECTION ( 'NONE',  ( 0.000000000000000000, 0.000000000000000000, 1.000000000000000000 ) ) ;
#5211 = CARTESIAN_POINT ( 'NONE',  ( 7.022809332273748595, 3.200000000000000622, -6.984732996118143689 ) ) ;
#5212 = VECTOR ( 'NONE', #6899, 1000.000000000000000 ) ;
#5213 = VERTEX_POINT ( 'NONE', #5008 ) ;
#5214 = EDGE_LOOP ( 'NONE', ( #6209, #1155, #2301, #7754 ) ) ;
#5215 = CARTESIAN_POINT ( 'NONE',  ( 8.542855396022616787, 3.533358755916137461, -7.402706021425566441 ) ) ;
#5216 = CARTESIAN_POINT ( 'NONE',  ( -8.873677329212725340, 4.010193453000346686, -8.410663392672393712 ) ) ;
#5217 = CARTESIAN_POINT ( 'NONE',  ( 0.000000000000000000, 5.500000000000000000, 0.000000000000000000 ) ) ;
#5218 = CARTESIAN_POINT ( 'NONE',  ( -6.682671856891293061, 3.367633929190823494, 7.778174593052038510 ) ) ;
#5219 = CARTESIAN_POINT ( 'NONE',  ( -7.230423224971654683, 5.314211310143203804, -8.726907792482570869 ) ) ;
#5220 = DIRECTION ( 'NONE',  ( 0.000000000000000000, 0.000000000000000000, -1.000000000000000000 ) ) ;
#5221 = CARTESIAN_POINT ( 'NONE',  ( -8.628174593052007069, 4.397619048857835722, 8.268922321863218627 ) ) ;
#5222 = CARTESIAN_POINT ( 'NONE',  ( -6.682671856891293061, 4.274776786333680967, 7.778174593052038510 ) ) ;
#5223 = CARTESIAN_POINT ( 'NONE',  ( 8.622623681995294831, 3.574044987625951908, 7.677814380907329372 ) ) ;
#5224 = ADVANCED_FACE ( 'NONE', ( #2899 ), #8035, .F. ) ;
#5225 = CARTESIAN_POINT ( 'NONE',  ( -6.682671856891298390, 4.690550595857490457, -7.145685793431673538 ) ) ;
#5226 = ORIENTED_EDGE ( 'NONE', *, *, #3723, .F. ) ;
#5227 = CARTESIAN_POINT ( 'NONE',  ( 8.628174593052058583, 4.926785714285713880, -7.778174593051986108 ) ) ;
#5228 = CARTESIAN_POINT ( 'NONE',  ( 8.203174593052059649, 3.301488096476883793, -8.514296186268758504 ) ) ;
#5229 = CARTESIAN_POINT ( 'NONE',  ( -6.929191433755420348, 4.023456897267412735, -7.827103431477409501 ) ) ;
#5230 = CARTESIAN_POINT ( 'NONE',  ( -7.353174593052007602, 4.851190476190476275, 8.514296186268811795 ) ) ;
#5231 = CARTESIAN_POINT ( 'NONE',  ( 7.550417779485503189, 4.266684255666617354, 6.928174593052088603 ) ) ;
#5232 = CARTESIAN_POINT ( 'NONE',  ( 8.325925961132417896, 3.292038691095585001, -6.829441393621446643 ) ) ;
#5233 = DIRECTION ( 'NONE',  ( 0.000000000000000000, 0.000000000000000000, 1.000000000000000000 ) ) ;
#5234 = DIRECTION ( 'NONE',  ( -0.000000000000000000, -1.000000000000000000, -0.000000000000000000 ) ) ;
#5235 = EDGE_CURVE ( 'NONE', #6117, #3010, #238, .T. ) ;
#5236 = CARTESIAN_POINT ( 'NONE',  ( -8.873677329212721787, 5.900074405381299236, 8.410663392672399041 ) ) ;
#5237 = CARTESIAN_POINT ( 'NONE',  ( -7.260909522481381551, 3.498968746591391010, -7.101492063160135260 ) ) ;
#5238 = CARTESIAN_POINT ( 'NONE',  ( -7.188524982899977545, 4.531865527491380163, -8.390411679264737188 ) ) ;
#5239 = CARTESIAN_POINT ( 'NONE',  ( 5.510910596163088569E-16, 4.700000000000000178, 4.500000000000000000 ) ) ;
#5240 = ADVANCED_FACE ( 'NONE', ( #7664 ), #3923, .F. ) ;
#5241 = CARTESIAN_POINT ( 'NONE',  ( 8.873677329212670273, 4.312574405381298881, 7.145685793431728605 ) ) ;
#5242 = CARTESIAN_POINT ( 'NONE',  ( 7.550412930401062539, 3.999386744126278703, 8.628171793431882008 ) ) ;
#5243 = VERTEX_POINT ( 'NONE', #7113 ) ;
#5244 = CARTESIAN_POINT ( 'NONE',  ( -8.873677329212725340, 5.011830357762251609, -7.778174593052033181 ) ) ;
#5245 = CARTESIAN_POINT ( 'NONE',  ( 7.778174593051957686, 4.388169643476538262, 6.513196993811369850 ) ) ;
#5246 = CARTESIAN_POINT ( 'NONE',  ( -7.778174593052009200, 4.246428572667358736, -8.628174593052033714 ) ) ;
#5247 = CARTESIAN_POINT ( 'NONE',  ( -8.090390084916524671, 4.160941845656836335, 6.987397543761010077 ) ) ;
#5248 = CONICAL_SURFACE ( 'NONE', #2957, 4.300000000000008704, 0.7853981633974453924 ) ;
#5249 = CARTESIAN_POINT ( 'NONE',  ( 7.251851736283047245, 3.858249295091105591, -7.109725679992979330 ) ) ;
#5250 = LINE ( 'NONE', #714, #1508 ) ;
#5251 = VERTEX_POINT ( 'NONE', #4418 ) ;
#5252 = ORIENTED_EDGE ( 'NONE', *, *, #3912, .F. ) ;
#5253 = CIRCLE ( 'NONE', #2177, 13.50000000000000000 ) ;
#5254 = CARTESIAN_POINT ( 'NONE',  ( 8.628174831685766932, 3.567791601252923162, -7.800507746016276833 ) ) ;
#5255 = CARTESIAN_POINT ( 'NONE',  ( 8.628174593051957331, 5.796130952380953438, 8.268922321863271918 ) ) ;
#5256 = CARTESIAN_POINT ( 'NONE',  ( -7.888814352430768118, 4.349981655660349666, -6.928177518805969548 ) ) ;
#5257 = EDGE_CURVE ( 'NONE', #6478, #6443, #6547, .T. ) ;
#5258 = CARTESIAN_POINT ( 'NONE',  ( 6.682671856891347240, 4.596056548238442119, -7.145685793431626465 ) ) ;
#5259 = CARTESIAN_POINT ( 'NONE',  ( -8.325925961132368158, 4.879538691095585357, -8.726907792482572646 ) ) ;
#5260 = CARTESIAN_POINT ( 'NONE',  ( -8.203174593052011687, 4.284226191714978427, -8.514296186268804689 ) ) ;
#5261 = CARTESIAN_POINT ( 'NONE',  ( -6.682671856891293061, 5.219717262524156354, 7.145685793431679755 ) ) ;
#5262 = CARTESIAN_POINT ( 'NONE',  ( -6.928174593052006891, 4.133035715524502329, 7.778174593052038510 ) ) ;
#5263 = VECTOR ( 'NONE', #2058, 1000.000000000000000 ) ;
#5264 = DIRECTION ( 'NONE',  ( 0.000000000000000000, 1.000000000000000000, 0.000000000000000000 ) ) ;
#5265 = VECTOR ( 'NONE', #6244, 1000.000000000000000 ) ;
#5266 = ORIENTED_EDGE ( 'NONE', *, *, #7856, .F. ) ;
#5267 = CARTESIAN_POINT ( 'NONE',  ( 6.928174593052061070, 5.115773809523808779, -8.268922321863168889 ) ) ;
#5268 = AXIS2_PLACEMENT_3D ( 'NONE', #4083, #6643, #6017 ) ;
#5269 = CARTESIAN_POINT ( 'NONE',  ( -7.778174593052010977, 4.161383929190823672, -6.513196993811314783 ) ) ;
#5270 = CARTESIAN_POINT ( 'NONE',  ( -7.449301673363840415, 3.935494206846624543, -6.994374298012869140 ) ) ;
#5271 = CARTESIAN_POINT ( 'NONE',  ( -7.230423224971655571, 4.407068453000347219, -8.726907792482570869 ) ) ;
#5272 = EDGE_CURVE ( 'NONE', #3100, #4623, #7618, .T. ) ;
#5273 = CARTESIAN_POINT ( 'NONE',  ( 8.415722017637998320, 3.966942538577858723, -7.215292166535083318 ) ) ;
#5274 = LINE ( 'NONE', #2786, #1783 ) ;
#5275 = CARTESIAN_POINT ( 'NONE',  ( 8.373886270021946743, 6.016776766781836372, -6.831541750792065493 ) ) ;
#5276 = AXIS2_PLACEMENT_3D ( 'NONE', #8239, #2351, #3056 ) ;
#5277 = CIRCLE ( 'NONE', #1644, 4.500000000000000000 ) ;
#5278 = DIRECTION ( 'NONE',  ( -3.689284128500214800E-16, 0.000000000000000000, -1.000000000000000000 ) ) ;
#5279 = CARTESIAN_POINT ( 'NONE',  ( -6.682671856891293061, 5.144122024428918749, 8.410663392672399041 ) ) ;
#5280 = CARTESIAN_POINT ( 'NONE',  ( -8.628174831681679535, 3.341005857819300484, 7.800507367590416408 ) ) ;
#5281 = VECTOR ( 'NONE', #2281, 1000.000000000000000 ) ;
#5282 = CYLINDRICAL_SURFACE ( 'NONE', #2714, 0.8499999999999992006 ) ;
#5283 = CARTESIAN_POINT ( 'NONE',  ( 8.152812815402212365, 4.553284455716251067, 7.013187435243235512 ) ) ;
#5284 = CARTESIAN_POINT ( 'NONE',  ( 7.180180642277818492, 3.397014912669442221, -7.174102234936264644 ) ) ;
#5285 = VERTEX_POINT ( 'NONE', #1954 ) ;
#5286 = CARTESIAN_POINT ( 'NONE',  ( -8.203174593052011687, 5.229166666666666963, -7.042052999835261673 ) ) ;
#5287 = CARTESIAN_POINT ( 'NONE',  ( 7.230423224971600504, 4.482663691095584824, 6.829441393621548784 ) ) ;
#5288 = CARTESIAN_POINT ( 'NONE',  ( 6.682671856891351680, 3.688913691095588199, -7.145685793431628241 ) ) ;
#5289 = CARTESIAN_POINT ( 'NONE',  ( -7.778174593052011865, 4.700000000000000178, -6.928174593052033536 ) ) ;
#5290 = EDGE_CURVE ( 'NONE', #6245, #7765, #4462, .T. ) ;
#5291 = CARTESIAN_POINT ( 'NONE',  ( 6.682671856891243323, 4.539360119667013471, 8.410663392672448779 ) ) ;
#5292 = DIRECTION ( 'NONE',  ( 0.000000000000000000, 1.000000000000000000, 0.000000000000000000 ) ) ;
#5293 = ORIENTED_EDGE ( 'NONE', *, *, #2506, .F. ) ;
#5294 = VERTEX_POINT ( 'NONE', #1320 ) ;
#5295 = CARTESIAN_POINT ( 'NONE',  ( 7.778174593051957686, 5.352008929190823494, 6.513196993811369850 ) ) ;
#5296 = CARTESIAN_POINT ( 'NONE',  ( -8.117499429263830280, 4.163124352804532080, -8.557519770707283868 ) ) ;
#5297 = CARTESIAN_POINT ( 'NONE',  ( -13.35102992281870016, 4.700000000000000178, 1.999999999999922951 ) ) ;
#5298 = CARTESIAN_POINT ( 'NONE',  ( -8.192519750334222195, 4.623035823979737557, 7.035129910755814286 ) ) ;
#5299 = CARTESIAN_POINT ( 'NONE',  ( -7.230423224971655571, 3.896800595857489835, -8.726907792482570869 ) ) ;
#5300 = CARTESIAN_POINT ( 'NONE',  ( -8.203174593052008134, 4.435416667905455412, 8.514296186268811795 ) ) ;
#5301 = CARTESIAN_POINT ( 'NONE',  ( -6.682671856891293061, 3.329836310143203804, 8.410663392672399041 ) ) ;
#5302 = CARTESIAN_POINT ( 'NONE',  ( 7.888793746119986849, 4.576769164958244041, -8.628174593051983976 ) ) ;
#5303 = ORIENTED_EDGE ( 'NONE', *, *, #7179, .T. ) ;
#5304 = DIRECTION ( 'NONE',  ( 0.000000000000000000, 0.000000000000000000, 1.000000000000000000 ) ) ;
#5305 = CARTESIAN_POINT ( 'NONE',  ( -7.180182473039391944, 3.623800828141868990, 7.174100422724378312 ) ) ;
#5306 = CARTESIAN_POINT ( 'NONE',  ( -7.427967322043328657, 3.937227402346256788, -7.003619317136794642 ) ) ;
#5307 = CARTESIAN_POINT ( 'NONE',  ( -7.353174593052007602, 5.758333333333332860, 8.514296186268811795 ) ) ;
#5308 = CARTESIAN_POINT ( 'NONE',  ( -7.778174593052010977, 4.133035714285714590, -8.759670050674396080 ) ) ;
#5309 = CARTESIAN_POINT ( 'NONE',  ( 8.109666072173679296, 3.935704888729360196, -6.995476508067732802 ) ) ;
#5310 = CYLINDRICAL_SURFACE ( 'NONE', #568, 1.100000000000000533 ) ;
#5311 = DIRECTION ( 'NONE',  ( 0.000000000000000000, 0.000000000000000000, -1.000000000000000000 ) ) ;
#5312 = CARTESIAN_POINT ( 'NONE',  ( -7.862948665013627547, 4.665801945942866347, -6.562141327078654385 ) ) ;
#5313 = CARTESIAN_POINT ( 'NONE',  ( -7.230423224971650242, 5.767782738714632984, 6.829441393621499046 ) ) ;
#5314 = CARTESIAN_POINT ( 'NONE',  ( -8.117499429263986599, 3.255981495661457004, 6.998829415396859766 ) ) ;
#5315 = DIRECTION ( 'NONE',  ( -0.000000000000000000, -1.000000000000000000, -0.000000000000000000 ) ) ;
#5316 = CARTESIAN_POINT ( 'NONE',  ( 7.230423224971601392, 3.670014881571775689, 8.726907792482629489 ) ) ;
#5317 = CARTESIAN_POINT ( 'NONE',  ( 7.465959101184167501, 3.253798988514309709, -8.568951642341611219 ) ) ;
#5318 = DIRECTION ( 'NONE',  ( 0.000000000000000000, 0.000000000000000000, -1.000000000000000000 ) ) ;
#5319 = CARTESIAN_POINT ( 'NONE',  ( -8.628174593052010621, 6.098511904761905633, -7.287426864240853064 ) ) ;
#5320 = EDGE_CURVE ( 'NONE', #8016, #1897, #8315, .T. ) ;
#5321 = CARTESIAN_POINT ( 'NONE',  ( 6.682671856891243323, 4.558258929190823316, 7.778174593052089136 ) ) ;
#5322 = CARTESIAN_POINT ( 'NONE',  ( -7.550422628586254348, 4.039898110123347763, -6.928171793422440494 ) ) ;
#5323 = CYLINDRICAL_SURFACE ( 'NONE', #7401, 0.8500000000000000888 ) ;
#5324 = CARTESIAN_POINT ( 'NONE',  ( 7.230423224971601392, 5.333110119667013649, 6.829441393621548784 ) ) ;
#5325 = CARTESIAN_POINT ( 'NONE',  ( 7.778174593051957686, 3.764508929190823139, 9.043152192292808422 ) ) ;
#5326 = AXIS2_PLACEMENT_3D ( 'NONE', #6582, #5877, #818 ) ;
#5327 = ADVANCED_FACE ( 'NONE', ( #1906 ), #545, .F. ) ;
#5328 = VERTEX_POINT ( 'NONE', #5860 ) ;
#5329 = ORIENTED_EDGE ( 'NONE', *, *, #8050, .F. ) ;
#5330 = CARTESIAN_POINT ( 'NONE',  ( 7.778174593051957686, 5.266964285714285765, 8.759670050674452924 ) ) ;
#5331 = CARTESIAN_POINT ( 'NONE',  ( 0.000000000000000000, 0.000000000000000000, 0.000000000000000000 ) ) ;
#5332 = CARTESIAN_POINT ( 'NONE',  ( 8.192503540720096566, 3.942677230174290504, 8.521228328906833127 ) ) ;
#5333 = CARTESIAN_POINT ( 'NONE',  ( -8.415733136233377820, 4.647301162404096964, 7.215304772320989102 ) ) ;
#5334 = CARTESIAN_POINT ( 'NONE',  ( -8.628174593052010621, 3.490476191714978693, -7.287426864240852176 ) ) ;
#5335 = CARTESIAN_POINT ( 'NONE',  ( 8.325925961132313091, 4.255877976809873786, 8.726907792482625936 ) ) ;
#5336 = CARTESIAN_POINT ( 'NONE',  ( -8.203174593052008134, 3.377083334572121842, 7.042052999835266114 ) ) ;
#5337 = EDGE_CURVE ( 'NONE', #4869, #6422, #2514, .T. ) ;
#5338 = DIRECTION ( 'NONE',  ( 0.000000000000000000, 0.000000000000000000, -1.000000000000000000 ) ) ;
#5339 = AXIS2_PLACEMENT_3D ( 'NONE', #3434, #6656, #900 ) ;
#5340 = VERTEX_POINT ( 'NONE', #2579 ) ;
#5341 = ORIENTED_EDGE ( 'NONE', *, *, #6179, .T. ) ;
#5342 = CARTESIAN_POINT ( 'NONE',  ( -8.107053121451748723, 4.615851797772039689, -8.561972534618242037 ) ) ;
#5343 = CARTESIAN_POINT ( 'NONE',  ( -7.087600249757738169, 3.520866773882470824, 8.274572035693928740 ) ) ;
#5344 = CARTESIAN_POINT ( 'NONE',  ( -8.005931406618463697, 4.266684255666617354, 6.928174593052039754 ) ) ;
#5345 = CARTESIAN_POINT ( 'NONE',  ( -7.353174593052007602, 5.304761904761904567, 8.514296186268811795 ) ) ;
#5346 = CARTESIAN_POINT ( 'NONE',  ( 7.040295322089989760, 3.301577079702863404, 7.352442927139051676 ) ) ;
#5347 = CARTESIAN_POINT ( 'NONE',  ( 6.682671856891243323, 4.047991072047966377, 7.778174593052089136 ) ) ;
#5348 = CARTESIAN_POINT ( 'NONE',  ( 8.192503540720206701, 3.942677230174510772, -7.035120857197246558 ) ) ;
#5349 = FACE_BOUND ( 'NONE', #2970, .T. ) ;
#5350 = CARTESIAN_POINT ( 'NONE',  ( 7.778174593052059826, 5.748883929190823139, -9.043152192292705394 ) ) ;
#5351 = DIRECTION ( 'NONE',  ( 0.000000000000000000, 0.000000000000000000, 1.000000000000000000 ) ) ;
#5352 = CARTESIAN_POINT ( 'NONE',  ( -8.325925961132364606, 5.843377976809871477, 6.829441393621498158 ) ) ;
#5353 = CARTESIAN_POINT ( 'NONE',  ( -7.776468648439931464, 4.359973147151141148, -6.928174547638256797 ) ) ;
#5354 = CARTESIAN_POINT ( 'NONE',  ( -8.806233025517078872, 3.199999999999999289, 7.506747583306976779 ) ) ;
#5355 = CARTESIAN_POINT ( 'NONE',  ( 8.541157634224875395, 4.505975561997955126, 7.403262525222544355 ) ) ;
#5356 = CARTESIAN_POINT ( 'NONE',  ( 7.134330090074087138, 3.391232834933833207, -7.223049557206625337 ) ) ;
#5357 = LINE ( 'NONE', #4767, #6280 ) ;
#5358 = CARTESIAN_POINT ( 'NONE',  ( -7.230423224971655571, 4.709449405381298526, -6.829441393621494605 ) ) ;
#5359 = CARTESIAN_POINT ( 'NONE',  ( 6.682671856891243323, 4.520461310143204514, 7.145685793431728605 ) ) ;
#5360 = CARTESIAN_POINT ( 'NONE',  ( 8.325925961132414344, 3.953497024428921147, -8.726907792482521131 ) ) ;
#5361 = CARTESIAN_POINT ( 'NONE',  ( 7.363832564059634045, 3.715892688025038026, -8.521221004974544044 ) ) ;
#5362 = CARTESIAN_POINT ( 'NONE',  ( 7.778174593051957686, 3.991294643476536841, 6.513196993811369850 ) ) ;
#5363 = ADVANCED_FACE ( 'NONE', ( #5816 ), #1104, .T. ) ;
#5364 = ORIENTED_EDGE ( 'NONE', *, *, #313, .T. ) ;
#5365 = EDGE_LOOP ( 'NONE', ( #7056, #1108, #3732, #5820 ) ) ;
#5366 = CARTESIAN_POINT ( 'NONE',  ( 6.682671856891243323, 5.011830357762251609, 7.778174593052089136 ) ) ;
#5367 = CARTESIAN_POINT ( 'NONE',  ( 11.00000000000000000, 1.500000000000000000, -1.100000000000000977 ) ) ;
#5368 = CARTESIAN_POINT ( 'NONE',  ( -8.468758319979457383, 4.654796762737670512, 7.281790218623964250 ) ) ;
#5369 = CARTESIAN_POINT ( 'NONE',  ( 7.778174593052059826, 4.700000000000000178, -7.778174593051986108 ) ) ;
#5370 = CARTESIAN_POINT ( 'NONE',  ( -8.203174593052008134, 5.644940477429264192, 7.042052999835265226 ) ) ;
#5371 = CARTESIAN_POINT ( 'NONE',  ( -7.353174593052007602, 3.301488096476883793, 7.042052999835266114 ) ) ;
#5372 = VECTOR ( 'NONE', #2725, 1000.000000000000000 ) ;
#5373 = CARTESIAN_POINT ( 'NONE',  ( -11.00000000000000000, 4.700000000000000178, 1.999999999999922951 ) ) ;
#5374 = CIRCLE ( 'NONE', #1756, 13.50000000000000000 ) ;
#5375 = PRESENTATION_LAYER_ASSIGNMENT (  '', '', ( #4709 ) ) ;
#5376 = EDGE_LOOP ( 'NONE', ( #1264, #6876, #1079, #5226 ) ) ;
#5377 = ORIENTED_EDGE ( 'NONE', *, *, #2795, .T. ) ;
#5378 = CARTESIAN_POINT ( 'NONE',  ( 8.628174593052060359, 5.871726190476191043, -8.268922321863165337 ) ) ;
#5379 = CARTESIAN_POINT ( 'NONE',  ( -6.937242950325018143, 3.576239656064882144, 7.651302903750432982 ) ) ;
#5380 = CARTESIAN_POINT ( 'NONE',  ( -8.254968702574759121, 3.200000000000002842, 8.739030225361945625 ) ) ;
#5381 = CARTESIAN_POINT ( 'NONE',  ( 7.328795215354429793, 3.265561027131923755, 7.056164378657564740 ) ) ;
#5382 = CARTESIAN_POINT ( 'NONE',  ( 7.230423224971600504, 3.972395833952728328, 6.829441393621548784 ) ) ;
#5383 = CIRCLE ( 'NONE', #705, 2.000000000000000000 ) ;
#5384 = CARTESIAN_POINT ( 'NONE',  ( -8.500051918783443128, 3.833188169695396663, 8.227843157764935356 ) ) ;
#5385 = VECTOR ( 'NONE', #1709, 1000.000000000000000 ) ;
#5386 = CARTESIAN_POINT ( 'NONE',  ( 5.510910596163088569E-16, 4.700000000000000178, 4.500000000000000000 ) ) ;
#5387 = CARTESIAN_POINT ( 'NONE',  ( 7.778174593052059826, 4.841741072047965666, -9.043152192292705394 ) ) ;
#5388 = DIRECTION ( 'NONE',  ( 0.000000000000000000, 1.000000000000000000, 0.000000000000000000 ) ) ;
#5389 = ADVANCED_FACE ( 'NONE', ( #123, #2698, #2080, #2931, #1034, #7517 ), #7345, .T. ) ;
#5390 = CARTESIAN_POINT ( 'NONE',  ( -8.325925961132364606, 4.123586310143203981, 8.726907792482577975 ) ) ;
#5391 = CARTESIAN_POINT ( 'NONE',  ( -7.140627168466085806, 4.420513967148862911, -7.215292166535115292 ) ) ;
#5392 = CARTESIAN_POINT ( 'NONE',  ( 7.078999668697422365, 3.836794931554118104, 8.261562194284509886 ) ) ;
#5393 = CIRCLE ( 'NONE', #3119, 8.000000000000000000 ) ;
#5394 = CARTESIAN_POINT ( 'NONE',  ( 8.627157752349907227, 4.477028325836995393, 7.729245754654449740 ) ) ;
#5395 = CARTESIAN_POINT ( 'NONE',  ( 7.162532737412136363, 3.394943438713363904, -7.191417996724949191 ) ) ;
#5396 = CARTESIAN_POINT ( 'NONE',  ( -8.873677329212725340, 4.558258929190823316, -7.778174593052033181 ) ) ;
#5397 = CARTESIAN_POINT ( 'NONE',  ( -8.873677329212725340, 5.465401786333680789, -7.778174593052033181 ) ) ;
#5398 =( BOUNDED_SURFACE ( )  B_SPLINE_SURFACE ( 1, 2, ( 
 ( #5899, #5858, #7150, #4460, #7028, #7830, #41, #3373, #2037, #7111, #1402, #4589, #1358, #1952, #81, #1272, #5299, #6526, #2737, #5931, #5137, #2078, #2659, #725, #763, #7748, #2617, #3255, #678, #1994, #4548, #3833, #1317, #3337, #121, #5769, #2696, #6565, #3879, #3300, #6392 ),
 ( #7708, #4629, #5260, #7188, #1441, #6485, #3997, #802, #165, #632, #3208, #4506, #6438, #7070, #3525, #3412, #3485, #4191, #1516, #915, #7226, #1476, #5971, #5334, #2850, #4035, #1634, #6710, #989, #7906, #4667, #8021, #200, #5449, #278, #2886, #5411, #6672, #6043, #7983, #4819 ) ),
 .UNSPECIFIED., .F., .F., .F. ) 
 B_SPLINE_SURFACE_WITH_KNOTS ( ( 2, 2 ),
 ( 3, 2, 2, 2, 2, 2, 2, 2, 2, 2, 2, 2, 2, 2, 2, 2, 2, 2, 2, 2, 3 ),
 ( 0.000000000000000000, 1.000000000000000000 ),
 ( 0.000000000000000000, 0.04166666666666666435, 0.08333333333333332871, 0.1250000000000000000, 0.1666666666666666574, 0.2083333333333333426, 0.2500000000000000000, 0.2916666666666666852, 0.3333333333333333148, 0.3750000000000000000, 0.4166666666666666852, 0.4583333333333333148, 0.5000000000000000000, 0.5416666666666666297, 0.5833333333333333703, 0.6250000000000000000, 0.6666666666666666297, 0.7083333333333333703, 0.7500000000000000000, 0.7916666666666666297, 0.8265940270781302335 ),
 .UNSPECIFIED. ) 
 GEOMETRIC_REPRESENTATION_ITEM ( )  RATIONAL_B_SPLINE_SURFACE ( (
 ( 1.000000000000000000, 0.8660254037844387076, 1.000000000000000000, 0.8660254037844387076, 1.000000000000000000, 0.8660254037844387076, 1.000000000000000000, 0.8660254037844387076, 1.000000000000000000, 0.8660254037844387076, 1.000000000000000000, 0.8660254037844387076, 1.000000000000000000, 0.8660254037844387076, 1.000000000000000000, 0.8660254037844387076, 1.000000000000000000, 0.8660254037844387076, 1.000000000000000000, 0.8660254037844387076, 1.000000000000000000, 0.8660254037844387076, 1.000000000000000000, 0.8660254037844387076, 1.000000000000000000, 0.8660254037844387076, 1.000000000000000000, 0.8660254037844387076, 1.000000000000000000, 0.8660254037844387076, 1.000000000000000000, 0.8660254037844387076, 1.000000000000000000, 0.8660254037844387076, 1.000000000000000000, 0.8660254037844387076, 1.000000000000000000, 0.8660254037844387076, 1.000000000000000000, 0.8876949038079710030, 0.9636707950116096821),
 ( 1.000000000000000000, 0.8660254037844387076, 1.000000000000000000, 0.8660254037844387076, 1.000000000000000000, 0.8660254037844387076, 1.000000000000000000, 0.8660254037844387076, 1.000000000000000000, 0.8660254037844387076, 1.000000000000000000, 0.8660254037844387076, 1.000000000000000000, 0.8660254037844387076, 1.000000000000000000, 0.8660254037844387076, 1.000000000000000000, 0.8660254037844387076, 1.000000000000000000, 0.8660254037844387076, 1.000000000000000000, 0.8660254037844387076, 1.000000000000000000, 0.8660254037844387076, 1.000000000000000000, 0.8660254037844387076, 1.000000000000000000, 0.8660254037844387076, 1.000000000000000000, 0.8660254037844387076, 1.000000000000000000, 0.8660254037844387076, 1.000000000000000000, 0.8660254037844387076, 1.000000000000000000, 0.8660254037844387076, 1.000000000000000000, 0.8660254037844387076, 1.000000000000000000, 0.8876949038079710030, 0.9636707950116096821) ) ) 
 REPRESENTATION_ITEM ( '' )  SURFACE ( )  );
#5399 = CARTESIAN_POINT ( 'NONE',  ( 7.778174593051956798, 4.246428572667359624, 6.928174593052088603 ) ) ;
#5400 = CARTESIAN_POINT ( 'NONE',  ( 7.230423224971601392, 4.180282738714632629, 8.726907792482629489 ) ) ;
#5401 = CARTESIAN_POINT ( 'NONE',  ( 8.873677329212769749, 3.386532738714635116, -7.145685793431629129 ) ) ;
#5402 = DIRECTION ( 'NONE',  ( -0.000000000000000000, -1.000000000000000000, -0.000000000000000000 ) ) ;
#5403 = CARTESIAN_POINT ( 'NONE',  ( 7.438849756839680083, 3.709552924233137983, -8.557519770706990769 ) ) ;
#5404 = CARTESIAN_POINT ( 'NONE',  ( 8.628174593051957331, 3.528273809523809312, 8.268922321863270142 ) ) ;
#5405 = ORIENTED_EDGE ( 'NONE', *, *, #7221, .T. ) ;
#5406 = ORIENTED_EDGE ( 'NONE', *, *, #1228, .F. ) ;
#5407 = EDGE_CURVE ( 'NONE', #3233, #6676, #4781, .T. ) ;
#5408 = CARTESIAN_POINT ( 'NONE',  ( -8.628174593052010621, 3.906250001238788627, -7.778174593052033181 ) ) ;
#5409 = CARTESIAN_POINT ( 'NONE',  ( 8.619106235785645609, 4.029811084632045848, 7.651302903794895194 ) ) ;
#5410 = CARTESIAN_POINT ( 'NONE',  ( -8.112813544854075687, 4.616316253621028487, 6.996817014950901026 ) ) ;
#5411 = CARTESIAN_POINT ( 'NONE',  ( -8.628174593052010621, 2.999107144095931154, -7.778174593052033181 ) ) ;
#5412 = ADVANCED_FACE ( 'NONE', ( #7426 ), #1761, .F. ) ;
#5413 = CARTESIAN_POINT ( 'NONE',  ( -8.628174593052406749, 4.397619048858063096, -7.287426864240625690 ) ) ;
#5414 = DIRECTION ( 'NONE',  ( -0.000000000000000000, -1.000000000000000000, -0.000000000000000000 ) ) ;
#5415 = CARTESIAN_POINT ( 'NONE',  ( 8.451082475123463666, 4.521100618483982814, -8.297587729872045514 ) ) ;
#5416 = ORIENTED_EDGE ( 'NONE', *, *, #4228, .F. ) ;
#5417 = ORIENTED_EDGE ( 'NONE', *, *, #7012, .T. ) ;
#5418 = CARTESIAN_POINT ( 'NONE',  ( 8.203174593052059649, 5.758333333333332860, -7.042052999835213711 ) ) ;
#5419 = CARTESIAN_POINT ( 'NONE',  ( 7.778174593052059826, 4.700000000000000178, -7.778174593051986108 ) ) ;
#5420 = CARTESIAN_POINT ( 'NONE',  ( 7.778174593052059826, 3.339285715524502596, -8.628174593051985752 ) ) ;
#5421 = CARTESIAN_POINT ( 'NONE',  ( -8.873677329212721787, 5.956770833952727884, 8.410663392672399041 ) ) ;
#5422 = CARTESIAN_POINT ( 'NONE',  ( 6.968221796266192314, 3.361461026895614435, 8.043451370684154611 ) ) ;
#5423 = CARTESIAN_POINT ( 'NONE',  ( -7.721373419825418694, 3.911296850760335175, 8.626341472172951441 ) ) ;
#5424 = CARTESIAN_POINT ( 'NONE',  ( -8.460585939541266143, 3.839360057812025495, 8.285159026849498787 ) ) ;
#5425 = CARTESIAN_POINT ( 'NONE',  ( -8.596827002427859910, 4.700000000000000178, -7.382091168284076410 ) ) ;
#5426 = CARTESIAN_POINT ( 'NONE',  ( 6.682671856891347240, 4.501562500619394669, -7.778174593051986108 ) ) ;
#5427 = CARTESIAN_POINT ( 'NONE',  ( -11.00000000000000000, 4.700000000000000178, -7.681258945454893382E-14 ) ) ;
#5428 = CARTESIAN_POINT ( 'NONE',  ( -6.682671856891293061, 3.859002976809870589, 7.145685793431678867 ) ) ;
#5429 = EDGE_CURVE ( 'NONE', #5144, #7008, #1319, .T. ) ;
#5430 = CARTESIAN_POINT ( 'NONE',  ( -6.952596554022588471, 4.456355528054320558, -7.573636377275059672 ) ) ;
#5431 = CARTESIAN_POINT ( 'NONE',  ( 0.000000000000000000, 2.500000000000000000, 0.000000000000000000 ) ) ;
#5432 = CARTESIAN_POINT ( 'NONE',  ( 8.371540675304000700, 4.531455804696098433, 7.169553463051407505 ) ) ;
#5433 = CARTESIAN_POINT ( 'NONE',  ( 7.015188581722790140, 3.372046392281947913, -7.403268578976607728 ) ) ;
#5434 = AXIS2_PLACEMENT_3D ( 'NONE', #1704, #2380, #7501 ) ;
#5435 = VERTEX_POINT ( 'NONE', #4274 ) ;
#5436 = CARTESIAN_POINT ( 'NONE',  ( -8.628174593052007069, 3.792857142857143149, 7.778174593052038510 ) ) ;
#5437 = LINE ( 'NONE', #3548, #326 ) ;
#5438 = CARTESIAN_POINT ( 'NONE',  ( 7.678370999577906808, 3.034342311269891734, 6.570818625369704513 ) ) ;
#5439 =( LENGTH_UNIT ( ) NAMED_UNIT ( * ) SI_UNIT ( .MILLI., .METRE. ) );
#5440 = CARTESIAN_POINT ( 'NONE',  ( 7.778174593051957686, 4.841741072047965666, 6.513196993811369850 ) ) ;
#5441 = CARTESIAN_POINT ( 'NONE',  ( 6.928174593051956265, 4.208630952380952195, 7.287426864240906355 ) ) ;
#5442 =( BOUNDED_SURFACE ( )  B_SPLINE_SURFACE ( 1, 2, ( 
 ( #3267, #1961, #2745, #1411, #5230, #3888, #810, #2007, #6448, #775, #7197, #4044, #1367, #133, #3349, #7878, #5345, #7080, #735, #3420, #7120, #5908, #2707, #5980, #7840, #1450, #7799, #688, #5307, #2087, #3932, #4009, #6573, #3383, #5943, #2127, #174, #4678, #5869, #3310, #7235 ),
 ( #1485, #5824, #6609, #2627, #2783, #4516, #848, #50, #2047, #1001, #7309, #4203, #1563, #3610, #2204, #6135, #2941, #6762, #7394, #7353, #3569, #6682, #8031, #366, #1602, #1525, #5504, #4124, #1687, #410, #884, #6721, #249, #8073, #1647, #4829, #3534, #5421, #5460, #2818, #2319 ) ),
 .UNSPECIFIED., .F., .F., .F. ) 
 B_SPLINE_SURFACE_WITH_KNOTS ( ( 2, 2 ),
 ( 3, 2, 2, 2, 2, 2, 2, 2, 2, 2, 2, 2, 2, 2, 2, 2, 2, 2, 2, 2, 3 ),
 ( 0.000000000000000000, 1.000000000000000000 ),
 ( 0.000000000000000000, 0.04166666666666666435, 0.08333333333333332871, 0.1250000000000000000, 0.1666666666666666574, 0.2083333333333333426, 0.2500000000000000000, 0.2916666666666666852, 0.3333333333333333148, 0.3750000000000000000, 0.4166666666666666852, 0.4583333333333333148, 0.5000000000000000000, 0.5416666666666666297, 0.5833333333333333703, 0.6250000000000000000, 0.6666666666666666297, 0.7083333333333333703, 0.7500000000000000000, 0.7916666666666666297, 0.8265936560513300613 ),
 .UNSPECIFIED. ) 
 GEOMETRIC_REPRESENTATION_ITEM ( )  RATIONAL_B_SPLINE_SURFACE ( (
 ( 1.000000000000000000, 0.8660254037844387076, 1.000000000000000000, 0.8660254037844387076, 1.000000000000000000, 0.8660254037844387076, 1.000000000000000000, 0.8660254037844387076, 1.000000000000000000, 0.8660254037844387076, 1.000000000000000000, 0.8660254037844387076, 1.000000000000000000, 0.8660254037844387076, 1.000000000000000000, 0.8660254037844387076, 1.000000000000000000, 0.8660254037844387076, 1.000000000000000000, 0.8660254037844387076, 1.000000000000000000, 0.8660254037844387076, 1.000000000000000000, 0.8660254037844387076, 1.000000000000000000, 0.8660254037844387076, 1.000000000000000000, 0.8660254037844387076, 1.000000000000000000, 0.8660254037844387076, 1.000000000000000000, 0.8660254037844387076, 1.000000000000000000, 0.8660254037844387076, 1.000000000000000000, 0.8660254037844387076, 1.000000000000000000, 0.8660254037844387076, 1.000000000000000000, 0.8876960968039486755, 0.9636691808775652568),
 ( 1.000000000000000000, 0.8660254037844387076, 1.000000000000000000, 0.8660254037844387076, 1.000000000000000000, 0.8660254037844387076, 1.000000000000000000, 0.8660254037844387076, 1.000000000000000000, 0.8660254037844387076, 1.000000000000000000, 0.8660254037844387076, 1.000000000000000000, 0.8660254037844387076, 1.000000000000000000, 0.8660254037844387076, 1.000000000000000000, 0.8660254037844387076, 1.000000000000000000, 0.8660254037844387076, 1.000000000000000000, 0.8660254037844387076, 1.000000000000000000, 0.8660254037844387076, 1.000000000000000000, 0.8660254037844387076, 1.000000000000000000, 0.8660254037844387076, 1.000000000000000000, 0.8660254037844387076, 1.000000000000000000, 0.8660254037844387076, 1.000000000000000000, 0.8660254037844387076, 1.000000000000000000, 0.8660254037844387076, 1.000000000000000000, 0.8660254037844387076, 1.000000000000000000, 0.8876960968039486755, 0.9636691808775652568) ) ) 
 REPRESENTATION_ITEM ( '' )  SURFACE ( )  );
#5443 = CARTESIAN_POINT ( 'NONE',  ( 7.778174606981004047, 4.700000000000001066, 6.928174593052088603 ) ) ;
#5444 = ORIENTED_EDGE ( 'NONE', *, *, #6692, .F. ) ;
#5445 = ORIENTED_EDGE ( 'NONE', *, *, #2776, .T. ) ;
#5446 = CARTESIAN_POINT ( 'NONE',  ( -8.628174593052010621, 3.868452382191168937, -8.268922321863215075 ) ) ;
#5447 = CARTESIAN_POINT ( 'NONE',  ( 8.480763395674973282, 4.063045463254468359, 7.299762509408530775 ) ) ;
#5448 = CARTESIAN_POINT ( 'NONE',  ( -8.227557302304303377, 4.626275625777592104, 7.056166443543601119 ) ) ;
#5449 = CARTESIAN_POINT ( 'NONE',  ( -7.778174593052010977, 3.112500001238788006, -6.796679135429670282 ) ) ;
#5450 = CARTESIAN_POINT ( 'NONE',  ( -7.855607906391122164, 5.827041996481038488, 8.714963906373821345 ) ) ;
#5451 = DIRECTION ( 'NONE',  ( 0.000000000000000000, 1.000000000000000000, 0.000000000000000000 ) ) ;
#5452 = VECTOR ( 'NONE', #6413, 1000.000000000000000 ) ;
#5453 = CARTESIAN_POINT ( 'NONE',  ( 8.591281905928868312, 4.452449470698610412, -7.530010851126489158 ) ) ;
#5454 = ORIENTED_EDGE ( 'NONE', *, *, #4005, .T. ) ;
#5455 = ORIENTED_EDGE ( 'NONE', *, *, #5975, .T. ) ;
#5456 = CARTESIAN_POINT ( 'NONE',  ( 8.873677329212773301, 4.822842262524156709, -8.410663392672345751 ) ) ;
#5457 = AXIS2_PLACEMENT_3D ( 'NONE', #5419, #4713, #4201 ) ;
#5458 = CARTESIAN_POINT ( 'NONE',  ( -6.968223281323686180, 3.588247179008796195, 7.512892975292595921 ) ) ;
#5459 = LINE ( 'NONE', #6608, #7251 ) ;
#5460 = CARTESIAN_POINT ( 'NONE',  ( -8.325925961132364606, 5.994568453000346686, 8.726907792482577975 ) ) ;
#5461 = CARTESIAN_POINT ( 'NONE',  ( -7.393669300606915407, 3.057618973432515652, -8.803982530736920609 ) ) ;
#5462 = CARTESIAN_POINT ( 'NONE',  ( -7.500074284237688182, 3.931072286834892626, 8.583356699112439259 ) ) ;
#5463 = CARTESIAN_POINT ( 'NONE',  ( -8.567093682592510362, 3.765765897384435235, 7.461698879133258799 ) ) ;
#5464 = AXIS2_PLACEMENT_3D ( 'NONE', #7223, #2805, #2734 ) ;
#5465 = CARTESIAN_POINT ( 'NONE',  ( -7.162538296672492422, 4.075301273255580448, 7.191412263428732743 ) ) ;
#5466 = EDGE_CURVE ( 'NONE', #438, #7104, #2888, .T. ) ;
#5467 = CARTESIAN_POINT ( 'NONE',  ( 8.628174593052058583, 5.040178572667359802, -7.778174593051986108 ) ) ;
#5468 = DIRECTION ( 'NONE',  ( -0.000000000000000000, -1.000000000000000000, -0.000000000000000000 ) ) ;
#5469 = CARTESIAN_POINT ( 'NONE',  ( -6.682671856891293061, 3.783407738714632984, 8.410663392672399041 ) ) ;
#5470 = CARTESIAN_POINT ( 'NONE',  ( -6.946197363203021169, 4.458812371933903229, -7.601889663898384164 ) ) ;
#5471 = CARTESIAN_POINT ( 'NONE',  ( 7.188516739853048954, 3.851507479571617321, 8.390403739646096426 ) ) ;
#5472 = CARTESIAN_POINT ( 'NONE',  ( 8.203174593051956620, 3.755059525048312086, 7.042052999835315852 ) ) ;
#5473 = CARTESIAN_POINT ( 'NONE',  ( 7.778174593052059826, 3.537723214905108549, -9.043152192292705394 ) ) ;
#5474 = CARTESIAN_POINT ( 'NONE',  ( -8.570507157283582700, 3.313009789242980396, -8.086028468981798056 ) ) ;
#5475 = EDGE_CURVE ( 'NONE', #5285, #2439, #3561, .T. ) ;
#5476 = CARTESIAN_POINT ( 'NONE',  ( 7.928285512561531689, 3.212542656318135847, -8.628174593051983976 ) ) ;
#5477 = CARTESIAN_POINT ( 'NONE',  ( -7.855623334010888748, 3.232780805393402623, 6.841394186870683569 ) ) ;
#5478 = CARTESIAN_POINT ( 'NONE',  ( -7.778174593052011865, 3.700000000000000178, -7.778174593052033181 ) ) ;
#5479 = EDGE_CURVE ( 'NONE', #7104, #4634, #3990, .T. ) ;
#5480 = CARTESIAN_POINT ( 'NONE',  ( -6.911316593405821607, 4.674772950831598273, 8.542671492847853543 ) ) ;
#5481 =( NAMED_UNIT ( * ) PLANE_ANGLE_UNIT ( ) SI_UNIT ( $, .RADIAN. ) );
#5482 = CARTESIAN_POINT ( 'NONE',  ( 7.778174593051957686, 5.153571429810217097, 6.796679135429724461 ) ) ;
#5483 = CARTESIAN_POINT ( 'NONE',  ( 8.162679885497055920, 3.057618973432515208, 6.752366655367200821 ) ) ;
#5484 = CARTESIAN_POINT ( 'NONE',  ( -7.778174593052011865, 4.700000000000000178, -7.778174593052033181 ) ) ;
#5485 = ORIENTED_EDGE ( 'NONE', *, *, #5068, .F. ) ;
#5486 = ORIENTED_EDGE ( 'NONE', *, *, #7217, .T. ) ;
#5487 = ADVANCED_FACE ( 'NONE', ( #3647 ), #3863, .T. ) ;
#5488 = CARTESIAN_POINT ( 'NONE',  ( -7.197273712919543875, 4.532822970378379779, 7.157579861032497881 ) ) ;
#5489 = CARTESIAN_POINT ( 'NONE',  ( 8.873677329212773301, 4.747247024428918216, -7.145685793431626465 ) ) ;
#5490 = CARTESIAN_POINT ( 'NONE',  ( -8.325925961132361053, 3.273139881571778265, 8.726907792482574422 ) ) ;
#5491 = CARTESIAN_POINT ( 'NONE',  ( 0.000000000000000000, 1.000000000000000000, 0.000000000000000000 ) ) ;
#5492 = CARTESIAN_POINT ( 'NONE',  ( -7.353174593052007602, 5.418154763143549602, 8.514296186268811795 ) ) ;
#5493 = FACE_OUTER_BOUND ( 'NONE', #4493, .T. ) ;
#5494 =( BOUNDED_CURVE ( )  B_SPLINE_CURVE ( 2, ( #1058, #8221, #465 ),
 .UNSPECIFIED., .F., .F. ) 
 B_SPLINE_CURVE_WITH_KNOTS ( ( 3, 3 ),
 ( 0.000000000000000000, 0.0002967786126534292736 ),
 .UNSPECIFIED. ) 
 CURVE ( )  GEOMETRIC_REPRESENTATION_ITEM ( )  RATIONAL_B_SPLINE_CURVE ( ( 0.9330127018922196314, 0.9330127018922202975, 0.9621114480028418736 ) ) 
 REPRESENTATION_ITEM ( '' )  );
#5495 = CARTESIAN_POINT ( 'NONE',  ( 7.778152113398151712, 4.359819429332412177, -6.928174593349242905 ) ) ;
#5496 = ADVANCED_FACE ( 'NONE', ( #5493 ), #357, .F. ) ;
#5497 = ORIENTED_EDGE ( 'NONE', *, *, #6107, .T. ) ;
#5498 = ORIENTED_EDGE ( 'NONE', *, *, #7326, .T. ) ;
#5499 = CARTESIAN_POINT ( 'NONE',  ( 6.682671856891347240, 5.881175595857490279, -8.410663392672345751 ) ) ;
#5500 = CARTESIAN_POINT ( 'NONE',  ( 8.111439580472961097, 4.700000000000001066, -6.740815795253596754 ) ) ;
#5501 = CARTESIAN_POINT ( 'NONE',  ( -7.778174593052010977, 5.380357144095931687, -6.796679135429670282 ) ) ;
#5502 = CARTESIAN_POINT ( 'NONE',  ( 6.959522183676112306, 4.700000000000001066, 8.174258017820051236 ) ) ;
#5503 = CYLINDRICAL_SURFACE ( 'NONE', #3766, 0.8500000000000000888 ) ;
#5504 = CARTESIAN_POINT ( 'NONE',  ( -8.325925961132364606, 5.540997024428917506, 8.726907792482577975 ) ) ;
#5505 = CARTESIAN_POINT ( 'NONE',  ( 7.175071666564048378, 3.396447380569090679, 8.377184346389375591 ) ) ;
#5506 = CARTESIAN_POINT ( 'NONE',  ( 8.873677329212670273, 4.274776786333680967, 7.778174593052089136 ) ) ;
#5507 = DIRECTION ( 'NONE',  ( 0.000000000000000000, 0.000000000000000000, 1.000000000000000000 ) ) ;
#5508 = AXIS2_PLACEMENT_3D ( 'NONE', #1122, #8234, #3012 ) ;
#5509 = CYLINDRICAL_SURFACE ( 'NONE', #2597, 0.8500000000000000888 ) ;
#5510 = CARTESIAN_POINT ( 'NONE',  ( 7.353174593052060892, 4.737797620286407607, -8.514296186268758504 ) ) ;
#5511 = CARTESIAN_POINT ( 'NONE',  ( 6.928174593052061070, 4.359821429810216920, -7.778174593051986108 ) ) ;
#5512 = CARTESIAN_POINT ( 'NONE',  ( -7.778174593052006536, 4.218080357762252319, 9.043152192292756908 ) ) ;
#5513 = AXIS2_PLACEMENT_3D ( 'NONE', #4746, #2194, #3559 ) ;
#5514 = EDGE_CURVE ( 'NONE', #7349, #1061, #2383, .T. ) ;
#5515 = CARTESIAN_POINT ( 'NONE',  ( -7.328807342677105652, 4.399488455765937722, -7.056156813379101500 ) ) ;
#5516 = CARTESIAN_POINT ( 'NONE',  ( -6.928174593052012220, 3.225892858381645301, -7.778174593052033181 ) ) ;
#5517 = CARTESIAN_POINT ( 'NONE',  ( 8.203174593051956620, 4.057440477429264725, 8.514296186268863309 ) ) ;
#5518 = CARTESIAN_POINT ( 'NONE',  ( 8.128381864060507667, 4.390798830917843176, 8.552729868967389848 ) ) ;
#5519 = EDGE_CURVE ( 'NONE', #311, #2121, #6712, .T. ) ;
#5520 = CARTESIAN_POINT ( 'NONE',  ( 7.683310672266038921, 3.234329634411640786, -8.628174593051983976 ) ) ;
#5521 = CIRCLE ( 'NONE', #826, 6.700000000000001066 ) ;
#5522 = CARTESIAN_POINT ( 'NONE',  ( -6.682671856891302831, 3.424330357762254806, -7.778174593052033181 ) ) ;
#5523 = CARTESIAN_POINT ( 'NONE',  ( -8.628174593052007069, 3.830654761904761951, 8.268922321863222180 ) ) ;
#5524 = CARTESIAN_POINT ( 'NONE',  ( 7.778174593052059826, 4.700000000000000178, -6.928174593051986463 ) ) ;
#5525 = CARTESIAN_POINT ( 'NONE',  ( 6.928174593051956265, 6.098511904761905633, 8.268922321863270142 ) ) ;
#5526 = CARTESIAN_POINT ( 'NONE',  ( -7.123400177790282228, 4.070111720917983789, -8.320531083692506158 ) ) ;
#5527 =( GEOMETRIC_REPRESENTATION_CONTEXT ( 3 ) GLOBAL_UNCERTAINTY_ASSIGNED_CONTEXT ( ( #8181 ) ) GLOBAL_UNIT_ASSIGNED_CONTEXT ( ( #1544, #828, #3403 ) ) REPRESENTATION_CONTEXT ( 'NONE', 'WORKASPACE' ) );
#5528 = CARTESIAN_POINT ( 'NONE',  ( -1.999999999999927613, 4.700000000000000178, 13.35102992281861489 ) ) ;
#5529 = CARTESIAN_POINT ( 'NONE',  ( 7.353174593051957864, 5.644940477429264192, 7.042052999835314964 ) ) ;
#5530 = CARTESIAN_POINT ( 'NONE',  ( 7.678356584072359325, 3.091039734584225318, 6.570826948165711556 ) ) ;
#5531 = VECTOR ( 'NONE', #5064, 1000.000000000000000 ) ;
#5532 = DIRECTION ( 'NONE',  ( 0.000000000000000000, 0.000000000000000000, -1.000000000000000000 ) ) ;
#5533 = EDGE_LOOP ( 'NONE', ( #1197, #2935 ) ) ;
#5534 = VERTEX_POINT ( 'NONE', #4866 ) ;
#5535 = CARTESIAN_POINT ( 'NONE',  ( -11.00000000000000000, 4.700000000000000178, -7.681258945454893382E-14 ) ) ;
#5536 = ADVANCED_FACE ( 'NONE', ( #6253, #1677 ), #8063, .F. ) ;
#5537 = CARTESIAN_POINT ( 'NONE',  ( 7.230423224971703533, 4.577157738714633162, -6.829441393621446643 ) ) ;
#5538 = CARTESIAN_POINT ( 'NONE',  ( -8.367832446251151524, 4.305078908143137539, 8.390403739645813985 ) ) ;
#5539 = CARTESIAN_POINT ( 'NONE',  ( -8.533539853830319544, 3.200000000000000622, 8.571616189985878265 ) ) ;
#5540 = CARTESIAN_POINT ( 'NONE',  ( 8.203174593052059649, 4.057440477429264725, -7.042052999835213711 ) ) ;
#5541 = DIRECTION ( 'NONE',  ( -0.000000000000000000, -1.000000000000000000, -0.000000000000000000 ) ) ;
#5542 = CARTESIAN_POINT ( 'NONE',  ( 8.624682838038676636, 4.465741320500191236, -7.683444766147716543 ) ) ;
#5543 = VERTEX_POINT ( 'NONE', #7985 ) ;
#5544 = B_SPLINE_CURVE_WITH_KNOTS ( 'NONE', 1,
 ( #5988, #2717 ),
 .UNSPECIFIED., .F., .F.,
 ( 2, 2 ),
 ( 0.000000000000000000, 1.000000000000000000 ),
 .UNSPECIFIED. ) ;
#5545 = ORIENTED_EDGE ( 'NONE', *, *, #4249, .T. ) ;
#5546 = CARTESIAN_POINT ( 'NONE',  ( 8.873677329212773301, 5.729985119667015070, -8.410663392672345751 ) ) ;
#5547 = DIRECTION ( 'NONE',  ( -0.000000000000000000, -1.000000000000000000, -0.000000000000000000 ) ) ;
#5548 = CARTESIAN_POINT ( 'NONE',  ( -6.928174593052012220, 5.455952382191170180, -7.287426864240853064 ) ) ;
#5549 = CARTESIAN_POINT ( 'NONE',  ( 7.550417779485606218, 3.359541398523759881, -8.628174593051983976 ) ) ;
#5550 = CARTESIAN_POINT ( 'NONE',  ( 6.682671856891243323, 5.881175595857490279, 7.145685793431728605 ) ) ;
#5551 = CARTESIAN_POINT ( 'NONE',  ( 7.175071666551887439, 4.303590237710555044, 8.377184346377323010 ) ) ;
#5552 =( BOUNDED_CURVE ( )  B_SPLINE_CURVE ( 2, ( #2779, #5865, #4557, #7796, #1364, #807, #2122, #2160, #205 ),
 .UNSPECIFIED., .F., .F. ) 
 B_SPLINE_CURVE_WITH_KNOTS ( ( 3, 2, 2, 2, 3 ),
 ( 0.3780574136310113076, 0.4032612412064120466, 0.4536688963572135247, 0.5040765515080150028, 0.5292809571961685222 ),
 .UNSPECIFIED. ) 
 CURVE ( )  GEOMETRIC_REPRESENTATION_ITEM ( )  RATIONAL_B_SPLINE_CURVE ( ( 0.9330127018922194093, 0.9330127018922194093, 1.000000000000000000, 0.8660254037844387076, 1.000000000000000000, 0.8660254037844387076, 1.000000000000000000, 0.9330111653711814501, 0.9330127019274633282 ) ) 
 REPRESENTATION_ITEM ( '' )  );
#5553 = CARTESIAN_POINT ( 'NONE',  ( 7.683310672258720331, 3.234329634412283827, 6.928174593052088603 ) ) ;
#5554 = CARTESIAN_POINT ( 'NONE',  ( 0.000000000000000000, 0.2999999999999956035, 0.000000000000000000 ) ) ;
#5555 = CARTESIAN_POINT ( 'NONE',  ( 7.778174593052059826, 3.700000000000000178, -9.028174593051986108 ) ) ;
#5556 = CARTESIAN_POINT ( 'NONE',  ( -6.952253829294414267, 4.036739816870182906, 7.569836634107692142 ) ) ;
#5557 = CARTESIAN_POINT ( 'NONE',  ( 8.628174593052058583, 4.586607144095930622, -7.778174593051986108 ) ) ;
#5558 = CARTESIAN_POINT ( 'NONE',  ( 8.325925961132416120, 3.443229167286061543, -8.726907792482524684 ) ) ;
#5559 = CARTESIAN_POINT ( 'NONE',  ( -7.778174593052006536, 3.310937500619394847, 9.043152192292756908 ) ) ;
#5560 = CARTESIAN_POINT ( 'NONE',  ( -8.873677329212725340, 4.501562500619394669, -7.778174593052033181 ) ) ;
#5561 = CARTESIAN_POINT ( 'NONE',  ( -11.00000000000000000, 2.500000000000000000, -7.681258945454893382E-14 ) ) ;
#5562 = CARTESIAN_POINT ( 'NONE',  ( 8.628174593051957331, 3.188095239334026054, 8.268922321863270142 ) ) ;
#5563 = CARTESIAN_POINT ( 'NONE',  ( 7.784046574056446843, 4.360343594217887642, 8.628159349877874362 ) ) ;
#5564 = CARTESIAN_POINT ( 'NONE',  ( -7.778174593052011865, 4.700000000000000178, -7.778174593052033181 ) ) ;
#5565 = ADVANCED_FACE ( 'NONE', ( #3601, #4232 ), #2230, .F. ) ;
#5566 = CARTESIAN_POINT ( 'NONE',  ( -8.850448147664458531, 3.236945193719066083, -7.132274419211734440 ) ) ;
#5567 = CARTESIAN_POINT ( 'NONE',  ( -8.628174593052007069, 4.246428571428571885, 7.778174593052038510 ) ) ;
#5568 = ORIENTED_EDGE ( 'NONE', *, *, #794, .T. ) ;
#5569 = DIRECTION ( 'NONE',  ( 0.000000000000000000, 1.000000000000000000, 0.000000000000000000 ) ) ;
#5570 = ADVANCED_FACE ( 'NONE', ( #4155, #954 ), #3527, .F. ) ;
#5571 = DIRECTION ( 'NONE',  ( 0.000000000000000000, -0.000000000000000000, 1.000000000000000000 ) ) ;
#5572 = CARTESIAN_POINT ( 'NONE',  ( 8.873677329212670273, 3.405431548238441852, 7.145685793431728605 ) ) ;
#5573 = FILL_AREA_STYLE_COLOUR ( '', #1623 ) ;
#5574 = CARTESIAN_POINT ( 'NONE',  ( 8.628174593051957331, 5.455952382191170180, 8.268922321863271918 ) ) ;
#5575 = CARTESIAN_POINT ( 'NONE',  ( 6.682671856891243323, 3.159747024428919193, 7.145685793431728605 ) ) ;
#5576 = EDGE_CURVE ( 'NONE', #1845, #769, #6754, .T. ) ;
#5577 = ORIENTED_EDGE ( 'NONE', *, *, #1465, .F. ) ;
#5578 = ORIENTED_EDGE ( 'NONE', *, *, #3238, .F. ) ;
#5579 = CARTESIAN_POINT ( 'NONE',  ( -3.840629472727446691E-14, 2.500000000000000000, 11.00000000000000000 ) ) ;
#5580 = CARTESIAN_POINT ( 'NONE',  ( 8.873677329212773301, 4.785044643476537019, -7.778174593051986108 ) ) ;
#5581 = CARTESIAN_POINT ( 'NONE',  ( -6.682671856891297502, 3.462127976809873164, 7.145685793431682420 ) ) ;
#5582 = CARTESIAN_POINT ( 'NONE',  ( -8.872922838270262957, 3.199999999999953992, 7.818825847979341326 ) ) ;
#5583 = CARTESIAN_POINT ( 'NONE',  ( 8.325925961132313091, 3.499925595857492855, 6.829441393621552336 ) ) ;
#5584 = DIRECTION ( 'NONE',  ( 0.000000000000000000, 0.000000000000000000, 1.000000000000000000 ) ) ;
#5585 = CARTESIAN_POINT ( 'NONE',  ( 7.798623390366615560, 4.361639280227613824, -6.928386094897362568 ) ) ;
#5586 = ADVANCED_FACE ( 'NONE', ( #8195 ), #7563, .T. ) ;
#5587 = EDGE_LOOP ( 'NONE', ( #75, #7610, #6210, #3059, #713 ) ) ;
#5588 = ORIENTED_EDGE ( 'NONE', *, *, #171, .T. ) ;
#5589 = CARTESIAN_POINT ( 'NONE',  ( -8.522023773188555751, 3.829403008999443969, -7.365130848023351717 ) ) ;
#5590 = DIRECTION ( 'NONE',  ( 0.000000000000000000, 0.000000000000000000, -1.000000000000000000 ) ) ;
#5591 = CARTESIAN_POINT ( 'NONE',  ( -7.353174593052012042, 5.569345239334026587, -8.514296186268804689 ) ) ;
#5592 = DIRECTION ( 'NONE',  ( 8.659560562354984627E-17, 0.7071067811865434649, -0.7071067811865516806 ) ) ;
#5593 = CARTESIAN_POINT ( 'NONE',  ( 8.873677329212670273, 5.181919643476537551, 7.778174593052089136 ) ) ;
#5594 = ADVANCED_FACE ( 'NONE', ( #6480 ), #1312, .F. ) ;
#5595 = CARTESIAN_POINT ( 'NONE',  ( 7.084101871765315472, 4.291159764026216905, 8.268912862802297425 ) ) ;
#5596 = DIRECTION ( 'NONE',  ( -0.000000000000000000, -1.000000000000000000, -0.000000000000000000 ) ) ;
#5597 = CARTESIAN_POINT ( 'NONE',  ( -6.722468090215394376, 4.699999999999998401, 7.885212939860431369 ) ) ;
#5598 = VECTOR ( 'NONE', #16, 1000.000000000000000 ) ;
#5599 = CARTESIAN_POINT ( 'NONE',  ( 7.778164144709109884, 3.566070500581259850, 8.628174592987875258 ) ) ;
#5600 = DIRECTION ( 'NONE',  ( 0.000000000000000000, 1.000000000000000000, 0.000000000000000000 ) ) ;
#5601 = CARTESIAN_POINT ( 'NONE',  ( 6.928174593052061070, 4.397619048857835722, -7.287426864240805102 ) ) ;
#5602 = CARTESIAN_POINT ( 'NONE',  ( 6.682671856891347240, 4.010193453000346686, -8.410663392672345751 ) ) ;
#5603 = CIRCLE ( 'NONE', #88, 4.699999999999999289 ) ;
#5604 = FACE_OUTER_BOUND ( 'NONE', #6246, .T. ) ;
#5605 = LINE ( 'NONE', #6232, #7331 ) ;
#5606 = CARTESIAN_POINT ( 'NONE',  ( -8.537572511526530405, 3.200000000000001954, -8.447887826442686432 ) ) ;
#5607 = CARTESIAN_POINT ( 'NONE',  ( 7.778174593051957686, 4.019642858381645922, 8.759670050674452924 ) ) ;
#5608 = CARTESIAN_POINT ( 'NONE',  ( 8.107047512738054351, 4.389065635417885858, 8.561974888092127145 ) ) ;
#5609 = CYLINDRICAL_SURFACE ( 'NONE', #24, 1.999999999999999556 ) ;
#5610 = CARTESIAN_POINT ( 'NONE',  ( 7.667534833673234296, 4.349981655661379953, -6.928177518805928692 ) ) ;
#5611 = VECTOR ( 'NONE', #3838, 1000.000000000000000 ) ;
#5612 = DIRECTION ( 'NONE',  ( 0.000000000000000000, 1.000000000000000000, 0.000000000000000000 ) ) ;
#5613 = ORIENTED_EDGE ( 'NONE', *, *, #7752, .F. ) ;
#5614 = FACE_OUTER_BOUND ( 'NONE', #5214, .T. ) ;
#5615 = LINE ( 'NONE', #2465, #7890 ) ;
#5616 = CARTESIAN_POINT ( 'NONE',  ( 6.682671856891243323, 3.140848214905109348, 7.778174593052089136 ) ) ;
#5617 = CARTESIAN_POINT ( 'NONE',  ( -7.778174593052010977, 4.586607142857142883, -8.759670050674396080 ) ) ;
#5618 = CARTESIAN_POINT ( 'NONE',  ( 8.873677329212670273, 5.635491072047965844, 7.778174593052089136 ) ) ;
#5619 = CARTESIAN_POINT ( 'NONE',  ( 7.778174593052059826, 4.359821428571429180, -6.796679135429623209 ) ) ;
#5620 = CARTESIAN_POINT ( 'NONE',  ( -8.638824140240313199, 4.700000000000001066, 7.937624936834573930 ) ) ;
#5621 = VERTEX_POINT ( 'NONE', #77 ) ;
#5622 = ORIENTED_EDGE ( 'NONE', *, *, #3631, .T. ) ;
#5623 = CARTESIAN_POINT ( 'NONE',  ( 8.325925961132416120, 4.652752976809870766, -6.829441393621446643 ) ) ;
#5624 = CARTESIAN_POINT ( 'NONE',  ( 8.325925961132416120, 4.709449405381298526, -6.829441393621446643 ) ) ;
#5625 = EDGE_CURVE ( 'NONE', #321, #1944, #7382, .T. ) ;
#5626 = CARTESIAN_POINT ( 'NONE',  ( -7.778174593052006536, 3.310937500619397511, 9.043152192292751579 ) ) ;
#5627 = CARTESIAN_POINT ( 'NONE',  ( 7.013487247083983966, 4.667288638880223495, -8.153629766421234493 ) ) ;
#5628 = CARTESIAN_POINT ( 'NONE',  ( 7.778164144709876382, 4.019641929152747650, -6.928174593116202651 ) ) ;
#5629 = DIRECTION ( 'NONE',  ( -0.000000000000000000, -1.000000000000000000, -0.000000000000000000 ) ) ;
#5630 = CARTESIAN_POINT ( 'NONE',  ( 8.337792011834324057, 4.410718440953958819, -7.136075890291760260 ) ) ;
#5631 = ORIENTED_EDGE ( 'NONE', *, *, #4352, .F. ) ;
#5632 = ORIENTED_EDGE ( 'NONE', *, *, #8213, .T. ) ;
#5633 = CARTESIAN_POINT ( 'NONE',  ( -8.542858305108515182, 3.760145062505211300, -8.153637095030509485 ) ) ;
#5634 = DIRECTION ( 'NONE',  ( 3.689284128500214800E-16, 0.000000000000000000, 1.000000000000000000 ) ) ;
#5635 = CARTESIAN_POINT ( 'NONE',  ( -7.353174593052012931, 4.511011906000692129, -7.042052999835261673 ) ) ;
#5636 = CARTESIAN_POINT ( 'NONE',  ( -7.427967322043190102, 3.483655973774982151, 8.552729868967215765 ) ) ;
#5637 = CARTESIAN_POINT ( 'NONE',  ( 7.778174593051957686, 5.522098214905109437, 9.043152192292808422 ) ) ;
#5638 = CARTESIAN_POINT ( 'NONE',  ( 7.465959101197691794, 4.160941845655847793, 6.987397543756764584 ) ) ;
#5639 = CARTESIAN_POINT ( 'NONE',  ( -1.999999999999914957, 3.700000000000000178, 10.99999999999985434 ) ) ;
#5640 = CARTESIAN_POINT ( 'NONE',  ( -7.617175199471141411, 4.700000000000000178, 6.903374101072222935 ) ) ;
#5641 = LINE ( 'NONE', #6897, #294 ) ;
#5642 = CARTESIAN_POINT ( 'NONE',  ( 8.076539328605258916, 5.860463811753673369, -6.982260976773015493 ) ) ;
#5643 = CARTESIAN_POINT ( 'NONE',  ( -7.778174593052002095, 3.225892857142856673, 6.928174593052037977 ) ) ;
#5644 = ORIENTED_EDGE ( 'NONE', *, *, #475, .T. ) ;
#5645 = DIRECTION ( 'NONE',  ( 0.000000000000000000, 1.000000000000000000, 0.000000000000000000 ) ) ;
#5646 = CARTESIAN_POINT ( 'NONE',  ( 0.000000000000000000, 1.000000000000000000, 0.000000000000000000 ) ) ;
#5647 = CARTESIAN_POINT ( 'NONE',  ( 6.985842028829368999, 3.766581217812521754, 7.470320717099479424 ) ) ;
#5648 = CARTESIAN_POINT ( 'NONE',  ( 8.203174593051956620, 4.208630953619740822, 7.042052999835315852 ) ) ;
#5649 = CARTESIAN_POINT ( 'NONE',  ( 7.230423224971704421, 3.273139881571775600, -6.829441393621446643 ) ) ;
#5650 = CARTESIAN_POINT ( 'NONE',  ( -8.483227942448749559, 3.382297883653722526, -7.303408404854518032 ) ) ;
#5651 = EDGE_CURVE ( 'NONE', #5040, #3316, #8152, .T. ) ;
#5652 = CARTESIAN_POINT ( 'NONE',  ( 0.000000000000000000, 4.700000000000000178, -4.500000000000000000 ) ) ;
#5653 = CARTESIAN_POINT ( 'NONE',  ( -6.682671856891293061, 4.822842262524156709, 7.145685793431679755 ) ) ;
#5654 = VERTEX_POINT ( 'NONE', #2031 ) ;
#5655 = CARTESIAN_POINT ( 'NONE',  ( -6.997870960745547819, 3.595170212263866016, -8.115620452287329201 ) ) ;
#5656 = PLANE ( 'NONE',  #4532 ) ;
#5657 = CARTESIAN_POINT ( 'NONE',  ( -7.087600249757918469, 3.974438202454427582, -7.281777150409898702 ) ) ;
#5658 = CARTESIAN_POINT ( 'NONE',  ( -7.479837137753876597, 3.199360044241692513, -8.574098435367510262 ) ) ;
#5659 = CARTESIAN_POINT ( 'NONE',  ( 8.076539328605155887, 5.860463811753673369, 8.574088209331058863 ) ) ;
#5660 = CARTESIAN_POINT ( 'NONE',  ( 7.353174593052060004, 3.717261904761905100, -8.514296186268758504 ) ) ;
#5661 = AXIS2_PLACEMENT_3D ( 'NONE', #3468, #4885, #2372 ) ;
#5662 = AXIS2_PLACEMENT_3D ( 'NONE', #3041, #5612, #6864 ) ;
#5663 = DIRECTION ( 'NONE',  ( -0.000000000000000000, -1.000000000000000000, -0.000000000000000000 ) ) ;
#5664 = EDGE_LOOP ( 'NONE', ( #3928, #3060 ) ) ;
#5665 = EDGE_LOOP ( 'NONE', ( #2302, #2452, #3954, #2225 ) ) ;
#5666 = CARTESIAN_POINT ( 'NONE',  ( -7.215075111164891197, 4.534743548277777592, 7.141186639211679399 ) ) ;
#5667 = CARTESIAN_POINT ( 'NONE',  ( 7.230423224971704421, 5.843377976809871477, -8.726907792482524684 ) ) ;
#5668 = CARTESIAN_POINT ( 'NONE',  ( 7.960204194457796463E-16, 4.700000000000000178, 6.500000000000000888 ) ) ;
#5669 = CARTESIAN_POINT ( 'NONE',  ( 6.946191810316546977, 4.685600406580497257, -7.954433213750188081 ) ) ;
#5670 = VERTEX_POINT ( 'NONE', #6434 ) ;
#5671 = DIRECTION ( 'NONE',  ( -0.000000000000000000, 1.000000000000000000, -0.000000000000000000 ) ) ;
#5672 = AXIS2_PLACEMENT_3D ( 'NONE', #3499, #2710, #2050 ) ;
#5673 = CARTESIAN_POINT ( 'NONE',  ( -6.928174593051619645, 4.586607144096157107, -7.778174593052033181 ) ) ;
#5674 = ORIENTED_EDGE ( 'NONE', *, *, #8253, .F. ) ;
#5675 = ORIENTED_EDGE ( 'NONE', *, *, #4021, .F. ) ;
#5676 = CARTESIAN_POINT ( 'NONE',  ( -8.567093682592497927, 3.765765897384569794, -8.094650306970859077 ) ) ;
#5677 = CARTESIAN_POINT ( 'NONE',  ( 8.830260583452563594, 4.700000000000001066, -7.752698722552741728 ) ) ;
#5678 = CARTESIAN_POINT ( 'NONE',  ( -8.628174593052010621, 4.397619048857835722, -7.287426864240853064 ) ) ;
#5679 = CIRCLE ( 'NONE', #3127, 13.49999999999991651 ) ;
#5680 =( BOUNDED_SURFACE ( )  B_SPLINE_SURFACE ( 1, 2, ( 
 ( #2348, #5032, #3598, #6249, #5624, #5489, #5580, #6291, #6163, #3013, #3557, #6119, #8059, #7422, #4944, #353, #3729, #3053, #3097, #1673, #6750, #1800, #4862, #7559, #7513, #4990, #1757, #440, #8147, #4314, #6921, #8190, #395, #527, #5667, #6880, #2429, #2927, #6791, #1632, #4358 ),
 ( #2973, #4902, #5537, #1168, #4270, #8235, #6211, #2473, #4189, #8104, #7466, #1714, #1072, #1123, #1887, #1345, #5164, #6514, #751, #3906, #27, #3949, #2644, #7137, #2023, #6468, #5887, #7011, #1256, #66, #6964, #5709, #7098, #110, #2604, #710, #5205, #4490, #3864, #3324, #7735 ) ),
 .UNSPECIFIED., .F., .F., .T. ) 
 B_SPLINE_SURFACE_WITH_KNOTS ( ( 2, 2 ),
 ( 3, 2, 2, 2, 2, 2, 2, 2, 2, 2, 2, 2, 2, 2, 2, 2, 2, 2, 2, 2, 3 ),
 ( 0.000000000000000000, 1.000000000000000000 ),
 ( 0.000000000000000000, 0.04166666666666666435, 0.08333333333333332871, 0.1250000000000000000, 0.1666666666666666574, 0.2083333333333333426, 0.2500000000000000000, 0.2916666666666666852, 0.3333333333333333148, 0.3750000000000000000, 0.4166666666666666852, 0.4583333333333333148, 0.5000000000000000000, 0.5416666666666666297, 0.5833333333333333703, 0.6250000000000000000, 0.6666666666666666297, 0.7083333333333333703, 0.7500000000000000000, 0.7916666666666666297, 0.8265955468451378074 ),
 .UNSPECIFIED. ) 
 GEOMETRIC_REPRESENTATION_ITEM ( )  RATIONAL_B_SPLINE_SURFACE ( (
 ( 1.000000000000000000, 0.8660254037844387076, 1.000000000000000000, 0.8660254037844387076, 1.000000000000000000, 0.8660254037844387076, 1.000000000000000000, 0.8660254037844387076, 1.000000000000000000, 0.8660254037844387076, 1.000000000000000000, 0.8660254037844387076, 1.000000000000000000, 0.8660254037844387076, 1.000000000000000000, 0.8660254037844387076, 1.000000000000000000, 0.8660254037844387076, 1.000000000000000000, 0.8660254037844387076, 1.000000000000000000, 0.8660254037844387076, 1.000000000000000000, 0.8660254037844387076, 1.000000000000000000, 0.8660254037844387076, 1.000000000000000000, 0.8660254037844387076, 1.000000000000000000, 0.8660254037844387076, 1.000000000000000000, 0.8660254037844387076, 1.000000000000000000, 0.8660254037844387076, 1.000000000000000000, 0.8660254037844387076, 1.000000000000000000, 0.8660254037844387076, 1.000000000000000000, 0.8876900171638626436, 0.9636774071275455711),
 ( 1.000000000000000000, 0.8660254037844387076, 1.000000000000000000, 0.8660254037844387076, 1.000000000000000000, 0.8660254037844387076, 1.000000000000000000, 0.8660254037844387076, 1.000000000000000000, 0.8660254037844387076, 1.000000000000000000, 0.8660254037844387076, 1.000000000000000000, 0.8660254037844387076, 1.000000000000000000, 0.8660254037844387076, 1.000000000000000000, 0.8660254037844387076, 1.000000000000000000, 0.8660254037844387076, 1.000000000000000000, 0.8660254037844387076, 1.000000000000000000, 0.8660254037844387076, 1.000000000000000000, 0.8660254037844387076, 1.000000000000000000, 0.8660254037844387076, 1.000000000000000000, 0.8660254037844387076, 1.000000000000000000, 0.8660254037844387076, 1.000000000000000000, 0.8660254037844387076, 1.000000000000000000, 0.8660254037844387076, 1.000000000000000000, 0.8660254037844387076, 1.000000000000000000, 0.8876900171638626436, 0.9636774071275455711) ) ) 
 REPRESENTATION_ITEM ( '' )  SURFACE ( )  );
#5681 = CARTESIAN_POINT ( 'NONE',  ( 7.353174593052060892, 3.528273810762597940, -7.042052999835212823 ) ) ;
#5682 = CARTESIAN_POINT ( 'NONE',  ( 8.873677329212670273, 4.728348214905108371, 7.778174593052089136 ) ) ;
#5683 = CARTESIAN_POINT ( 'NONE',  ( 6.952595622259546637, 4.229570151594381322, 7.573640233747903849 ) ) ;
#5684 = CYLINDRICAL_SURFACE ( 'NONE', #3385, 7.000000000000000000 ) ;
#5685 = SURFACE_SIDE_STYLE ('',( #6937 ) ) ;
#5686 = CARTESIAN_POINT ( 'NONE',  ( -8.873677329212721787, 4.047991072047966377, 7.778174593052038510 ) ) ;
#5687 = CARTESIAN_POINT ( 'NONE',  ( 8.359075473184100602, 3.625680113235563162, 7.157579861032252744 ) ) ;
#5688 = CARTESIAN_POINT ( 'NONE',  ( 8.628174593052060359, 3.263690477429264103, -8.268922321863168889 ) ) ;
#5689 = ORIENTED_EDGE ( 'NONE', *, *, #1894, .F. ) ;
#5690 = CARTESIAN_POINT ( 'NONE',  ( -8.873677329212721787, 3.103050595857490102, 7.145685793431678867 ) ) ;
#5691 = CARTESIAN_POINT ( 'NONE',  ( -6.682671856891298390, 4.331473214905108726, -7.778174593052033181 ) ) ;
#5692 = CARTESIAN_POINT ( 'NONE',  ( 6.965065845382041765, 3.772092754258827618, 7.530015571957455300 ) ) ;
#5693 = DIRECTION ( 'NONE',  ( 0.000000000000000000, 0.000000000000000000, 1.000000000000000000 ) ) ;
#5694 = CARTESIAN_POINT ( 'NONE',  ( 7.230423224971704421, 3.216443453000346953, -6.829441393621446643 ) ) ;
#5695 = CARTESIAN_POINT ( 'NONE',  ( 7.778174593052059826, 4.388169643476537374, -9.043152192292707170 ) ) ;
#5696 = CARTESIAN_POINT ( 'NONE',  ( -6.682671856891302831, 3.877901786333683098, -7.778174593052033181 ) ) ;
#5697 = ADVANCED_FACE ( 'NONE', ( #3957 ), #3734, .F. ) ;
#5698 = CARTESIAN_POINT ( 'NONE',  ( -7.182494402018012813, 3.043046835717449383, 6.831521693221740854 ) ) ;
#5699 = ORIENTED_EDGE ( 'NONE', *, *, #2510, .F. ) ;
#5700 = CARTESIAN_POINT ( 'NONE',  ( -7.778174593052012753, 3.679464285714285854, -8.628174593052031938 ) ) ;
#5701 = CARTESIAN_POINT ( 'NONE',  ( 7.678365639111198071, 6.025478748640970217, 8.985527465867575003 ) ) ;
#5702 = CARTESIAN_POINT ( 'NONE',  ( -7.315986644390775950, 3.184787906526626244, -8.512682082897047309 ) ) ;
#5703 = CARTESIAN_POINT ( 'NONE',  ( 8.458177409901418642, 3.200000000000010392, 8.386315119753840364 ) ) ;
#5704 = CARTESIAN_POINT ( 'NONE',  ( 6.682671856891347240, 4.104687500619395024, -7.778174593051986108 ) ) ;
#5705 = CARTESIAN_POINT ( 'NONE',  ( -8.005936255702920334, 3.999386744126277371, 8.628171793431821612 ) ) ;
#5706 = ORIENTED_EDGE ( 'NONE', *, *, #3228, .F. ) ;
#5707 = ORIENTED_EDGE ( 'NONE', *, *, #4096, .F. ) ;
#5708 = CARTESIAN_POINT ( 'NONE',  ( -7.449301673365424925, 4.389065635417932043, 8.561974888091871350 ) ) ;
#5709 = CARTESIAN_POINT ( 'NONE',  ( 8.873677329212773301, 5.673288691095585534, -8.410663392672345751 ) ) ;
#5710 = CARTESIAN_POINT ( 'NONE',  ( -8.393816448670836650, 4.302086295858583043, 8.364931189401209721 ) ) ;
#5711 = CARTESIAN_POINT ( 'NONE',  ( -7.778174593052010977, 3.339285715524503040, 6.928174593052039754 ) ) ;
#5712 = EDGE_LOOP ( 'NONE', ( #2148, #3750, #2379, #3294 ) ) ;
#5713 = CARTESIAN_POINT ( 'NONE',  ( 8.873677329212666720, 3.424330357762254362, 7.778174593052089136 ) ) ;
#5714 = CARTESIAN_POINT ( 'NONE',  ( 7.260895597157729142, 4.632898780872396927, 7.101502745157711516 ) ) ;
#5715 = CIRCLE ( 'NONE', #5434, 7.000000000000000000 ) ;
#5716 = ORIENTED_EDGE ( 'NONE', *, *, #4992, .T. ) ;
#5717 = ORIENTED_EDGE ( 'NONE', *, *, #7438, .F. ) ;
#5718 = CARTESIAN_POINT ( 'NONE',  ( -7.888814352430562948, 3.896410227088739742, -6.928177518805943791 ) ) ;
#5719 = CARTESIAN_POINT ( 'NONE',  ( -8.325925961132368158, 3.972395833952728328, -8.726907792482570869 ) ) ;
#5720 = CARTESIAN_POINT ( 'NONE',  ( -8.628174593052010621, 5.682738096476882994, -8.268922321863215075 ) ) ;
#5721 = CARTESIAN_POINT ( 'NONE',  ( 8.873677329212670273, 4.766145833952728950, 7.145685793431730382 ) ) ;
#5722 = CARTESIAN_POINT ( 'NONE',  ( 7.608472698846910909, 4.148124549449755172, 6.943393992780020341 ) ) ;
#5723 = DIRECTION ( 'NONE',  ( -0.000000000000000000, -1.000000000000000000, -0.000000000000000000 ) ) ;
#5724 = CARTESIAN_POINT ( 'NONE',  ( -7.098171776202551797, 3.200000000000012612, -7.170034066350284618 ) ) ;
#5725 = CARTESIAN_POINT ( 'NONE',  ( 7.550417779485655956, 4.452958603954058070, -6.928174593051504182 ) ) ;
#5726 = CARTESIAN_POINT ( 'NONE',  ( 7.866825899470967443, 3.460554802402397989, 8.623807290114683610 ) ) ;
#5727 = CARTESIAN_POINT ( 'NONE',  ( 6.682671856891347240, 3.103050595857490102, -8.410663392672345751 ) ) ;
#5728 =( BOUNDED_CURVE ( )  B_SPLINE_CURVE ( 2, ( #6966, #8106, #2394, #8149, #1211, #4946, #7561, #442, #4230 ),
 .UNSPECIFIED., .F., .F. ) 
 B_SPLINE_CURVE_WITH_KNOTS ( ( 3, 2, 2, 2, 3 ),
 ( 0.5292809571961685222, 0.5544842066588164808, 0.6048918618096180699, 0.6552995169604195480, 0.6805033445358201760 ),
 .UNSPECIFIED. ) 
 CURVE ( )  GEOMETRIC_REPRESENTATION_ITEM ( )  RATIONAL_B_SPLINE_CURVE ( ( 0.9330127019274633282, 0.9330142384132573685, 1.000000000000000000, 0.8660254037844387076, 1.000000000000000000, 0.8660254037844387076, 1.000000000000000000, 0.9330127018922196314, 0.9330127018922192983 ) ) 
 REPRESENTATION_ITEM ( '' )  );
#5729 = ORIENTED_EDGE ( 'NONE', *, *, #335, .T. ) ;
#5730 = DIRECTION ( 'NONE',  ( 0.000000000000000000, 1.000000000000000000, 0.000000000000000000 ) ) ;
#5731 = CARTESIAN_POINT ( 'NONE',  ( -8.325925961132368158, 4.425967262524156176, -8.726907792482570869 ) ) ;
#5732 = CARTESIAN_POINT ( 'NONE',  ( -8.853249446580850446, 3.200000000000000178, -7.896637459977151607 ) ) ;
#5733 = ADVANCED_FACE ( 'NONE', ( #1246, #4393 ), #5656, .F. ) ;
#5734 = CARTESIAN_POINT ( 'NONE',  ( 8.584328455532951097, 3.996869815570213813, -7.507888654960205521 ) ) ;
#5735 = ORIENTED_EDGE ( 'NONE', *, *, #8253, .T. ) ;
#5736 = CARTESIAN_POINT ( 'NONE',  ( 7.230423224971704421, 3.670014881571775689, -6.829441393621446643 ) ) ;
#5737 = FACE_OUTER_BOUND ( 'NONE', #5805, .T. ) ;
#5738 = CARTESIAN_POINT ( 'NONE',  ( 7.550412930401126488, 3.999386744126276039, -6.928177392672217216 ) ) ;
#5739 = CARTESIAN_POINT ( 'NONE',  ( 6.980149332127494333, 4.221565028003365860, -8.070955371438852666 ) ) ;
#5740 = CARTESIAN_POINT ( 'NONE',  ( -7.230423224971650242, 3.499925595857490190, 6.829441393621498158 ) ) ;
#5741 = ORIENTED_EDGE ( 'NONE', *, *, #1691, .F. ) ;
#5742 = CARTESIAN_POINT ( 'NONE',  ( -7.104546316645000914, 3.518368262019065273, -7.259013452458251692 ) ) ;
#5743 = CARTESIAN_POINT ( 'NONE',  ( -8.376168543828045543, 3.397014912669239717, 8.382246951165980065 ) ) ;
#5744 = CARTESIAN_POINT ( 'NONE',  ( -8.628174593052010621, 3.830654761904761951, -7.287426864240852176 ) ) ;
#5745 = EDGE_CURVE ( 'NONE', #7050, #2633, #3576, .T. ) ;
#5746 = DIRECTION ( 'NONE',  ( -0.000000000000000000, -1.000000000000000000, -0.000000000000000000 ) ) ;
#5747 = CARTESIAN_POINT ( 'NONE',  ( 6.928174593051956265, 3.868452382191168937, 7.287426864240906355 ) ) ;
#5748 = ORIENTED_EDGE ( 'NONE', *, *, #8324, .F. ) ;
#5749 = DIRECTION ( 'NONE',  ( 0.000000000000000000, 0.000000000000000000, -1.000000000000000000 ) ) ;
#5750 = EDGE_CURVE ( 'NONE', #1923, #7936, #479, .T. ) ;
#5751 = ORIENTED_EDGE ( 'NONE', *, *, #3939, .F. ) ;
#5752 = ORIENTED_EDGE ( 'NONE', *, *, #6107, .F. ) ;
#5753 = CARTESIAN_POINT ( 'NONE',  ( -7.104546316645177662, 4.425511119160741025, 8.297335733646059808 ) ) ;
#5754 = PLANE ( 'NONE',  #97 ) ;
#5755 = CARTESIAN_POINT ( 'NONE',  ( -8.483227942448863246, 4.289440740796553797, 8.252940781249375135 ) ) ;
#5756 = CARTESIAN_POINT ( 'NONE',  ( 7.778152113398395073, 3.906248000761005201, -6.928174593349243793 ) ) ;
#5757 = ORIENTED_EDGE ( 'NONE', *, *, #2878, .F. ) ;
#5758 = CARTESIAN_POINT ( 'NONE',  ( 6.928174593051956265, 4.662202380952381375, 7.287426864240906355 ) ) ;
#5759 = CARTESIAN_POINT ( 'NONE',  ( -6.928175070464948959, 4.016200413542476255, 7.822868140678666649 ) ) ;
#5760 = CARTESIAN_POINT ( 'NONE',  ( 6.946191810335101025, 4.685600406573565913, 7.601915972265812727 ) ) ;
#5761 = ADVANCED_FACE ( 'NONE', ( #3004 ), #2780, .T. ) ;
#5762 = ORIENTED_EDGE ( 'NONE', *, *, #5475, .T. ) ;
#5763 = VERTEX_POINT ( 'NONE', #8268 ) ;
#5764 = CARTESIAN_POINT ( 'NONE',  ( -8.570507157274288801, 3.766581217812495108, -8.086028469005425379 ) ) ;
#5765 = CARTESIAN_POINT ( 'NONE',  ( 7.778174593051957686, 5.040178571428571175, 6.796679135429724461 ) ) ;
#5766 = CARTESIAN_POINT ( 'NONE',  ( -8.542858305108275374, 4.213716491076589854, -8.153637095031005089 ) ) ;
#5767 = DIRECTION ( 'NONE',  ( 0.000000000000000000, 0.000000000000000000, 1.000000000000000000 ) ) ;
#5768 = CARTESIAN_POINT ( 'NONE',  ( -6.682671856891298390, 5.692187500619394491, -7.778174593052033181 ) ) ;
#5769 = CARTESIAN_POINT ( 'NONE',  ( -8.873677329212725340, 3.178645833952728150, -7.145685793431673538 ) ) ;
#5770 = CARTESIAN_POINT ( 'NONE',  ( -8.628174593052007069, 4.359821429810216920, 7.778174593052038510 ) ) ;
#5771 = DIRECTION ( 'NONE',  ( 0.000000000000000000, 0.000000000000000000, -1.000000000000000000 ) ) ;
#5772 = CARTESIAN_POINT ( 'NONE',  ( 8.376166713063902591, 3.623800828141940933, 7.174100422723762804 ) ) ;
#5773 = CARTESIAN_POINT ( 'NONE',  ( 8.628174593052058583, 3.225892858381645301, -7.778174593051986108 ) ) ;
#5774 = ORIENTED_EDGE ( 'NONE', *, *, #6208, .T. ) ;
#5775 = CARTESIAN_POINT ( 'NONE',  ( 6.682671856891243323, 4.501562500619394669, 7.778174593052089136 ) ) ;
#5776 = CARTESIAN_POINT ( 'NONE',  ( -1.999999999999927613, 3.700000000000000178, 13.35102992281861489 ) ) ;
#5777 = CARTESIAN_POINT ( 'NONE',  ( 6.928175070456799922, 3.789414757546971213, 7.733481802204504874 ) ) ;
#5778 = CARTESIAN_POINT ( 'NONE',  ( 8.588125904792461185, 4.041818607577226885, -8.043456210781922522 ) ) ;
#5779 = CARTESIAN_POINT ( 'NONE',  ( 8.325925961132416120, 3.443229167286061543, -8.726907792482524684 ) ) ;
#5780 = CARTESIAN_POINT ( 'NONE',  ( 8.873677329212773301, 3.405431548238441852, -8.410663392672343974 ) ) ;
#5781 = DIRECTION ( 'NONE',  ( 0.000000000000000000, 1.000000000000000000, 0.000000000000000000 ) ) ;
#5782 =( BOUNDED_CURVE ( )  B_SPLINE_CURVE ( 2, ( #6976, #2403, #5681, #4957, #6301, #540, #6261, #5549, #3023 ),
 .UNSPECIFIED., .F., .F. ) 
 B_SPLINE_CURVE_WITH_KNOTS ( ( 3, 2, 2, 2, 3 ),
 ( 0.5292809571961520909, 0.5544842066588164808, 0.6048918618096179589, 0.6552995169604194370, 0.6805033445358202870 ),
 .UNSPECIFIED. ) 
 CURVE ( )  GEOMETRIC_REPRESENTATION_ITEM ( )  RATIONAL_B_SPLINE_CURVE ( ( 0.9330127019274632172, 0.9330142384132138478, 1.000000000000000000, 0.8660254037844387076, 1.000000000000000000, 0.8660254037844387076, 1.000000000000000000, 0.9330127018922194093, 0.9330127018922194093 ) ) 
 REPRESENTATION_ITEM ( '' )  );
#5783 = CARTESIAN_POINT ( 'NONE',  ( 7.427952571823980499, 4.164014332666649665, -8.552723197865496729 ) ) ;
#5784 = EDGE_CURVE ( 'NONE', #4988, #7008, #5615, .T. ) ;
#5785 = VERTEX_POINT ( 'NONE', #7549 ) ;
#5786 = CARTESIAN_POINT ( 'NONE',  ( -7.180182473039437241, 3.623800828141871655, -8.382248763379735124 ) ) ;
#5787 = CARTESIAN_POINT ( 'NONE',  ( -7.487032860768548126, 3.200000000000000178, -8.576758647314939310 ) ) ;
#5788 = EDGE_CURVE ( 'NONE', #879, #4623, #1878, .T. ) ;
#5789 = CARTESIAN_POINT ( 'NONE',  ( -7.778174593052010977, 3.310937500619394847, -6.513196993811314783 ) ) ;
#5790 = CARTESIAN_POINT ( 'NONE',  ( 8.572040082992513632, 3.200000000000000178, 8.081946849654700671 ) ) ;
#5791 = CARTESIAN_POINT ( 'NONE',  ( 8.873677329212773301, 4.331473214905108726, -7.778174593051986108 ) ) ;
#5792 = VECTOR ( 'NONE', #6553, 1000.000000000000000 ) ;
#5793 = ORIENTED_EDGE ( 'NONE', *, *, #4053, .F. ) ;
#5794 = CARTESIAN_POINT ( 'NONE',  ( 0.000000000000000000, 6.000000000000000000, 0.000000000000000000 ) ) ;
#5795 = ORIENTED_EDGE ( 'NONE', *, *, #6457, .F. ) ;
#5796 = CARTESIAN_POINT ( 'NONE',  ( -7.140627168466102681, 4.420513967148428591, 8.341057019568976827 ) ) ;
#5797 = CARTESIAN_POINT ( 'NONE',  ( 6.682671856891351680, 4.520461310143208067, -8.410663392672342198 ) ) ;
#5798 = CARTESIAN_POINT ( 'NONE',  ( -8.117499429263808963, 4.163124352804405071, 6.998829415396784270 ) ) ;
#5799 = CARTESIAN_POINT ( 'NONE',  ( 7.215066078412579742, 3.854385445215144479, -7.141194633209003051 ) ) ;
#5800 = ORIENTED_EDGE ( 'NONE', *, *, #1100, .T. ) ;
#5801 = DIRECTION ( 'NONE',  ( 0.000000000000000000, 0.000000000000000000, 1.000000000000000000 ) ) ;
#5802 = CARTESIAN_POINT ( 'NONE',  ( 1.152188841818234133E-13, 2.500000000000000000, -10.99999999999999822 ) ) ;
#5803 = CIRCLE ( 'NONE', #8076, 4.699999999999999289 ) ;
#5804 = EDGE_CURVE ( 'NONE', #769, #691, #305, .T. ) ;
#5805 = EDGE_LOOP ( 'NONE', ( #468, #7304, #7376, #6638 ) ) ;
#5806 = ORIENTED_EDGE ( 'NONE', *, *, #488, .T. ) ;
#5807 = CARTESIAN_POINT ( 'NONE',  ( 8.451082475075484268, 3.613957761347333264, -8.297587729934383205 ) ) ;
#5808 = CARTESIAN_POINT ( 'NONE',  ( -6.682671856891298390, 3.821205357762251786, -7.778174593052033181 ) ) ;
#5809 = CARTESIAN_POINT ( 'NONE',  ( -8.203174593052011687, 5.796130953619740289, -7.042052999835261673 ) ) ;
#5810 = CARTESIAN_POINT ( 'NONE',  ( 7.999370373066414963, 4.113637317364213786, 6.950038720180547358 ) ) ;
#5811 = CARTESIAN_POINT ( 'NONE',  ( -8.873677329212725340, 4.539360119667013471, -7.145685793431673538 ) ) ;
#5812 = VECTOR ( 'NONE', #7314, 1000.000000000000000 ) ;
#5813 = DIRECTION ( 'NONE',  ( 0.000000000000000000, 1.000000000000000000, 0.000000000000000000 ) ) ;
#5814 = CARTESIAN_POINT ( 'NONE',  ( -7.778174593052006536, 5.522098214905109437, 9.043152192292756908 ) ) ;
#5815 = STYLED_ITEM ( 'NONE', ( #906 ), #8046 ) ;
#5816 = FACE_OUTER_BOUND ( 'NONE', #8321, .T. ) ;
#5817 = CARTESIAN_POINT ( 'NONE',  ( 8.628174831685665680, 3.567791601253539113, 7.755841440079807469 ) ) ;
#5818 = CARTESIAN_POINT ( 'NONE',  ( 6.928174593052061070, 3.490476191714978693, -7.287426864240803326 ) ) ;
#5819 = CIRCLE ( 'NONE', #2849, 4.000000000000000000 ) ;
#5820 = ORIENTED_EDGE ( 'NONE', *, *, #5466, .F. ) ;
#5821 = CARTESIAN_POINT ( 'NONE',  ( 7.353174593052060004, 5.229166666666666963, -7.042052999835213711 ) ) ;
#5822 = CARTESIAN_POINT ( 'NONE',  ( 0.000000000000000000, 2.500000000000000000, 0.000000000000000000 ) ) ;
#5823 = CARTESIAN_POINT ( 'NONE',  ( -7.766449039085782324, 3.907292531588737017, -6.928250432681658744 ) ) ;
#5824 = CARTESIAN_POINT ( 'NONE',  ( -8.873677329212721787, 4.596056548238441231, 8.410663392672399041 ) ) ;
#5825 = CARTESIAN_POINT ( 'NONE',  ( 0.000000000000000000, 3.700000000000000178, -7.000000000000000000 ) ) ;
#5826 = EDGE_LOOP ( 'NONE', ( #107, #833, #3859, #2925 ) ) ;
#5827 = CARTESIAN_POINT ( 'NONE',  ( 6.682671856891347240, 4.501562500619394669, -7.778174593051986108 ) ) ;
#5828 = CARTESIAN_POINT ( 'NONE',  ( 7.778174593052059826, 4.161383929190823672, -6.513196993811267710 ) ) ;
#5829 = CARTESIAN_POINT ( 'NONE',  ( -3.840629472727446691E-14, 1.500000000000000000, 9.899999999999996803 ) ) ;
#5830 = AXIS2_PLACEMENT_3D ( 'NONE', #2397, #6796, #1762 ) ;
#5831 = CARTESIAN_POINT ( 'NONE',  ( 7.078999668694390124, 4.290366360125092093, -7.294786991824108391 ) ) ;
#5832 = CARTESIAN_POINT ( 'NONE',  ( -6.682671856891293061, 3.877901786333680434, 7.778174593052038510 ) ) ;
#5833 = VERTEX_POINT ( 'NONE', #7806 ) ;
#5834 = CARTESIAN_POINT ( 'NONE',  ( -7.215075111165210942, 3.627600691134962307, -8.415162546892673845 ) ) ;
#5835 = CARTESIAN_POINT ( 'NONE',  ( -8.603753563909487312, 3.322427294473058179, 7.573640234003414129 ) ) ;
#5836 = LINE ( 'NONE', #7169, #5263 ) ;
#5837 = CARTESIAN_POINT ( 'NONE',  ( 7.152118988666588351, 3.200000000000000178, 8.669239141674081495 ) ) ;
#5838 =( BOUNDED_CURVE ( )  B_SPLINE_CURVE ( 2, ( #6040, #7980, #3370, #871, #1550, #6004, #6669, #274, #4110 ),
 .UNSPECIFIED., .F., .F. ) 
 B_SPLINE_CURVE_WITH_KNOTS ( ( 3, 2, 2, 2, 3 ),
 ( 0.3780574136310111966, 0.4032612412064119356, 0.4536688963572134692, 0.5040765515080150028, 0.5292809571961547555 ),
 .UNSPECIFIED. ) 
 CURVE ( )  GEOMETRIC_REPRESENTATION_ITEM ( )  RATIONAL_B_SPLINE_CURVE ( ( 0.9330127018922194093, 0.9330127018922194093, 1.000000000000000000, 0.8660254037844387076, 1.000000000000000000, 0.8660254037844387076, 1.000000000000000000, 0.9330111653712178654, 0.9330127019274633282 ) ) 
 REPRESENTATION_ITEM ( '' )  );
#5839 = CARTESIAN_POINT ( 'NONE',  ( 8.873677329212773301, 3.424330357762251698, -7.778174593051986108 ) ) ;
#5840 = ORIENTED_EDGE ( 'NONE', *, *, #2118, .T. ) ;
#5841 = EDGE_CURVE ( 'NONE', #3815, #2677, #839, .T. ) ;
#5842 = CARTESIAN_POINT ( 'NONE',  ( -7.778174593052010977, 5.040178571428571175, -8.759670050674396080 ) ) ;
#5843 = CARTESIAN_POINT ( 'NONE',  ( -7.427967322043486753, 4.390798830918082096, 8.552729868967352544 ) ) ;
#5844 = CARTESIAN_POINT ( 'NONE',  ( -6.764932602212457624, 4.700000000000001066, -7.989093091628533649 ) ) ;
#5845 = CARTESIAN_POINT ( 'NONE',  ( -8.374019005254995207, 4.304396185388628560, 8.384369630804529905 ) ) ;
#5846 = CARTESIAN_POINT ( 'NONE',  ( 7.608471440077750891, 4.601696090676876238, -8.612954947412880813 ) ) ;
#5847 = ORIENTED_EDGE ( 'NONE', *, *, #4858, .F. ) ;
#5848 = DIRECTION ( 'NONE',  ( 0.000000000000000000, 1.000000000000000000, 0.000000000000000000 ) ) ;
#5849 = EDGE_CURVE ( 'NONE', #3147, #3554, #743, .T. ) ;
#5850 = CARTESIAN_POINT ( 'NONE',  ( 7.328791883799664397, 4.626275625777535261, 7.056166443543651745 ) ) ;
#5851 = ORIENTED_EDGE ( 'NONE', *, *, #296, .T. ) ;
#5852 = VERTEX_POINT ( 'NONE', #7767 ) ;
#5853 = CARTESIAN_POINT ( 'NONE',  ( 8.610151822903105767, 3.551669514791329973, -7.601889663908043104 ) ) ;
#5854 = CARTESIAN_POINT ( 'NONE',  ( -8.873677329212725340, 3.594419643476537196, -7.778174593052033181 ) ) ;
#5855 = CARTESIAN_POINT ( 'NONE',  ( -8.451090607920603404, 4.294313728261194285, -7.258771984571802172 ) ) ;
#5856 = CARTESIAN_POINT ( 'NONE',  ( -7.230423224971650242, 3.443229167286061543, 6.829441393621498158 ) ) ;
#5857 = CARTESIAN_POINT ( 'NONE',  ( -6.682671856891298390, 5.144122024428918749, -7.145685793431673538 ) ) ;
#5858 = CARTESIAN_POINT ( 'NONE',  ( -8.873677329212725340, 4.463764881571775867, -8.410663392672393712 ) ) ;
#5859 = CARTESIAN_POINT ( 'NONE',  ( -8.628174593052007069, 4.851190477429264902, 8.268922321863218627 ) ) ;
#5860 = CARTESIAN_POINT ( 'NONE',  ( 7.778174593052060715, 3.792857144095930888, -8.628174593051983976 ) ) ;
#5861 = ADVANCED_FACE ( 'NONE', ( #7243 ), #1457, .T. ) ;
#5862 = CARTESIAN_POINT ( 'NONE',  ( 8.271037495353651181, 3.634815582266914813, 7.085101042229707602 ) ) ;
#5863 = CARTESIAN_POINT ( 'NONE',  ( 7.778174593052059826, 3.792857144095931332, -8.759670050674348118 ) ) ;
#5864 = ORIENTED_EDGE ( 'NONE', *, *, #1913, .F. ) ;
#5865 = CARTESIAN_POINT ( 'NONE',  ( -7.550417779485557368, 3.772601461096673603, -8.628174593052031938 ) ) ;
#5866 = ADVANCED_FACE ( 'NONE', ( #183 ), #1380, .F. ) ;
#5867 = CARTESIAN_POINT ( 'NONE',  ( -8.873677329212725340, 4.047991072047966377, -7.778174593052033181 ) ) ;
#5868 = LINE ( 'NONE', #1410, #534 ) ;
#5869 = CARTESIAN_POINT ( 'NONE',  ( -8.203174593052008134, 6.136309523809523547, 8.514296186268811795 ) ) ;
#5870 = CARTESIAN_POINT ( 'NONE',  ( 8.622623681998257794, 4.027616416194638838, -7.878534805171494959 ) ) ;
#5871 = CARTESIAN_POINT ( 'NONE',  ( 7.230423224971703533, 3.518824405381299592, -8.726907792482524684 ) ) ;
#5872 = DIRECTION ( 'NONE',  ( 0.000000000000000000, 1.000000000000000000, 0.000000000000000000 ) ) ;
#5873 = CARTESIAN_POINT ( 'NONE',  ( 7.465959101185172919, 4.160941845657065485, -8.568951642342025110 ) ) ;
#5874 = CARTESIAN_POINT ( 'NONE',  ( -8.873677329212721787, 5.427604167286060211, 7.145685793431678867 ) ) ;
#5875 = ORIENTED_EDGE ( 'NONE', *, *, #2847, .F. ) ;
#5876 = CARTESIAN_POINT ( 'NONE',  ( -7.363845645383745087, 3.489105801603261447, -7.035120857197358468 ) ) ;
#5877 = DIRECTION ( 'NONE',  ( -0.000000000000000000, -1.000000000000000000, -0.000000000000000000 ) ) ;
#5878 = CARTESIAN_POINT ( 'NONE',  ( -7.790978945040240689, 3.199999999999999289, 6.867125178072918779 ) ) ;
#5879 = CARTESIAN_POINT ( 'NONE',  ( 6.682671856891243323, 4.501562500619394669, 7.778174593052089136 ) ) ;
#5880 = CARTESIAN_POINT ( 'NONE',  ( 6.682671856891347240, 3.235342262524156354, -7.145685793431625576 ) ) ;
#5881 = VERTEX_POINT ( 'NONE', #2016 ) ;
#5882 = EDGE_CURVE ( 'NONE', #6443, #1559, #3854, .T. ) ;
#5883 = CARTESIAN_POINT ( 'NONE',  ( -6.928174593052012220, 5.871726190476191043, -8.268922321863215075 ) ) ;
#5884 = AXIS2_PLACEMENT_3D ( 'NONE', #1915, #3842, #3216 ) ;
#5885 = CARTESIAN_POINT ( 'NONE',  ( -7.328807342677143843, 4.399488455766642936, 8.500192372724995948 ) ) ;
#5886 =( BOUNDED_CURVE ( )  B_SPLINE_CURVE ( 2, ( #6749, #526, #7421, #1755, #5623, #1629, #8189 ),
 .UNSPECIFIED., .F., .F. ) 
 B_SPLINE_CURVE_WITH_KNOTS ( ( 3, 2, 2, 3 ),
 ( 0.000000000000000000, 0.05040756247199199014, 0.1008151249439839803, 0.1319209134612541745 ),
 .UNSPECIFIED. ) 
 CURVE ( )  GEOMETRIC_REPRESENTATION_ITEM ( )  RATIONAL_B_SPLINE_CURVE ( ( 1.000000000000000000, 0.8660254037844387076, 1.000000000000000000, 0.8660254037844387076, 1.000000000000000000, 0.9173261857507304384, 0.9366860369215150861 ) ) 
 REPRESENTATION_ITEM ( '' )  );
#5887 = CARTESIAN_POINT ( 'NONE',  ( 7.230423224971703533, 5.484300595857489746, -6.829441393621446643 ) ) ;
#5888 = CARTESIAN_POINT ( 'NONE',  ( -8.460585939539729594, 4.292931486383563033, 8.285159026851601993 ) ) ;
#5889 = CARTESIAN_POINT ( 'NONE',  ( 7.556960654693050117, 3.886850002880870125, -6.950043820730727795 ) ) ;
#5890 = CARTESIAN_POINT ( 'NONE',  ( -11.00000000000000000, 3.700000000000000178, -7.681258945454893382E-14 ) ) ;
#5891 = EDGE_CURVE ( 'NONE', #4301, #603, #1532, .T. ) ;
#5892 = ORIENTED_EDGE ( 'NONE', *, *, #7685, .F. ) ;
#5893 = ORIENTED_EDGE ( 'NONE', *, *, #7731, .T. ) ;
#5894 = CARTESIAN_POINT ( 'NONE',  ( 8.624682838040676813, 3.558598463358237485, -7.683444766165607120 ) ) ;
#5895 = CARTESIAN_POINT ( 'NONE',  ( 8.203174593051956620, 4.851190476190476275, 8.514296186268863309 ) ) ;
#5896 = CARTESIAN_POINT ( 'NONE',  ( -8.483227942448863246, 4.289440740796573337, -7.303408404854685898 ) ) ;
#5897 = CARTESIAN_POINT ( 'NONE',  ( 8.359075473184471861, 4.079251541806946157, 7.157579861032604462 ) ) ;
#5898 = CARTESIAN_POINT ( 'NONE',  ( -6.682671856891298390, 5.200818453000346508, -7.145685793431673538 ) ) ;
#5899 = CARTESIAN_POINT ( 'NONE',  ( -8.873677329212725340, 4.501562500619394669, -7.778174593052033181 ) ) ;
#5900 = CARTESIAN_POINT ( 'NONE',  ( -6.682671856891293061, 4.766145833952728950, 7.145685793431679755 ) ) ;
#5901 = CARTESIAN_POINT ( 'NONE',  ( -8.628174593052007069, 3.036904763143550401, 8.268922321863222180 ) ) ;
#5902 = CARTESIAN_POINT ( 'NONE',  ( 1.152188841818234133E-13, 3.700000000000000178, -11.00000000000000178 ) ) ;
#5903 = CARTESIAN_POINT ( 'NONE',  ( -6.682671856891298390, 4.766145833952728950, -8.410663392672391936 ) ) ;
#5904 = ORIENTED_EDGE ( 'NONE', *, *, #5745, .F. ) ;
#5905 = CARTESIAN_POINT ( 'NONE',  ( 7.778174593051956798, 3.200000000000000178, 7.778174593052089136 ) ) ;
#5906 = CARTESIAN_POINT ( 'NONE',  ( -7.230423224971655571, 3.443229167286061543, -8.726907792482570869 ) ) ;
#5907 = CARTESIAN_POINT ( 'NONE',  ( -7.443553381405318525, 3.935957675249742937, -6.996809417423918376 ) ) ;
#5908 = CARTESIAN_POINT ( 'NONE',  ( -7.778174593052006536, 5.493750000000000355, 6.796679135429674723 ) ) ;
#5909 = CARTESIAN_POINT ( 'NONE',  ( 7.974957366832128081, 3.923770520690620156, -6.950789530723663567 ) ) ;
#5910 = CARTESIAN_POINT ( 'NONE',  ( -13.35102992281867529, 4.700000000000000178, -2.000000000000081712 ) ) ;
#5911 = LINE ( 'NONE', #7039, #2123 ) ;
#5912 = CARTESIAN_POINT ( 'NONE',  ( 7.015188581722953565, 4.279189249424597108, -7.403268578976268444 ) ) ;
#5913 = CARTESIAN_POINT ( 'NONE',  ( -8.873677329212721787, 5.446502976809870056, 8.410663392672399041 ) ) ;
#5914 = DIRECTION ( 'NONE',  ( 0.000000000000000000, 0.000000000000000000, -1.000000000000000000 ) ) ;
#5915 = FACE_OUTER_BOUND ( 'NONE', #1470, .T. ) ;
#5916 = CARTESIAN_POINT ( 'NONE',  ( 8.584328455518091872, 4.450441244137969932, 8.048460531186709233 ) ) ;
#5917 = CARTESIAN_POINT ( 'NONE',  ( 7.556960654693058110, 3.433278574310401510, -6.950043820730726019 ) ) ;
#5918 = ORIENTED_EDGE ( 'NONE', *, *, #5337, .F. ) ;
#5919 = CARTESIAN_POINT ( 'NONE',  ( -7.479824714118130657, 6.200641060661486570, -6.982255407619152976 ) ) ;
#5920 = CARTESIAN_POINT ( 'NONE',  ( 6.682671856891243323, 3.651116072047965844, 7.778174593052089136 ) ) ;
#5921 = LINE ( 'NONE', #153, #3245 ) ;
#5922 = CIRCLE ( 'NONE', #817, 1.100000000000002087 ) ;
#5923 = CARTESIAN_POINT ( 'NONE',  ( 6.952595622245056894, 3.775998723028167525, -7.982708952298838589 ) ) ;
#5924 = DIRECTION ( 'NONE',  ( 0.000000000000000000, -0.000000000000000000, 1.000000000000000000 ) ) ;
#5925 = EDGE_LOOP ( 'NONE', ( #3367, #7511 ) ) ;
#5926 = ORIENTED_EDGE ( 'NONE', *, *, #1821, .F. ) ;
#5927 = CARTESIAN_POINT ( 'NONE',  ( 7.230423224971601392, 5.843377976809871477, 6.829441393621548784 ) ) ;
#5928 = CARTESIAN_POINT ( 'NONE',  ( -8.109681296380600202, 4.162491830421242156, -8.560866229980959474 ) ) ;
#5929 = CARTESIAN_POINT ( 'NONE',  ( 7.886788191760656375, 3.915900935704458963, 8.621418132945956714 ) ) ;
#5930 = CARTESIAN_POINT ( 'NONE',  ( -6.682671856891298390, 5.673288691095585534, -8.410663392672391936 ) ) ;
#5931 = CARTESIAN_POINT ( 'NONE',  ( -6.682671856891298390, 3.783407738714632984, -7.145685793431673538 ) ) ;
#5932 = CARTESIAN_POINT ( 'NONE',  ( -8.325925961132364606, 5.333110119667013649, 6.829441393621498158 ) ) ;
#5933 = CARTESIAN_POINT ( 'NONE',  ( -7.230423224971650242, 3.292038691095585001, 8.726907792482577975 ) ) ;
#5934 = VECTOR ( 'NONE', #6890, 1000.000000000000000 ) ;
#5935 = ADVANCED_FACE ( 'NONE', ( #4726 ), #4092, .T. ) ;
#5936 = CARTESIAN_POINT ( 'NONE',  ( -7.778174593052011865, 3.700000000000000178, -9.028174593052032293 ) ) ;
#5937 = ADVANCED_FACE ( 'NONE', ( #8170 ), #1053, .T. ) ;
#5938 = VERTEX_POINT ( 'NONE', #2454 ) ;
#5939 = CARTESIAN_POINT ( 'NONE',  ( -6.984309103111457695, 3.199999999999999734, -7.474402336449419870 ) ) ;
#5940 = DIRECTION ( 'NONE',  ( -0.000000000000000000, -1.000000000000000000, -0.000000000000000000 ) ) ;
#5941 = CARTESIAN_POINT ( 'NONE',  ( -6.972020730567467517, 3.996869815571129969, -7.507888654970859221 ) ) ;
#5942 = B_SPLINE_CURVE_WITH_KNOTS ( 'NONE', 3,
 ( #4704, #4190, #2153, #3446, #2885, #277, #3411, #1475, #4745, #4818, #3558, #4666, #5368, #6709, #5333, #4112, #1552, #199, #5448, #5298, #2848, #1592, #3524, #5410, #6751, #1514, #7263, #6082, #4072, #7225, #5970 ),
 .UNSPECIFIED., .F., .F.,
 ( 4, 2, 2, 1, 2, 2, 2, 2, 2, 2, 1, 1, 1, 1, 2, 2, 2, 4 ),
 ( 0.000000000000000000, 0.1250000000000499045, 0.1875000000000744127, 0.2187500000000869582, 0.2343750000000938694, 0.2500000000001008083, 0.3750000000001521561, 0.4375000000001778022, 0.5000000000002033929, 0.6250000000002559064, 0.6875000000002815526, 0.7187500000002962075, 0.7343750000003034240, 0.7421875000003088640, 0.7460937500003116396, 0.7500000000003144152, 0.8750000000001572076, 1.000000000000000000 ),
 .UNSPECIFIED. ) ;
#5943 = CARTESIAN_POINT ( 'NONE',  ( -8.203174593052008134, 5.985119047619048338, 7.042052999835265226 ) ) ;
#5944 = CARTESIAN_POINT ( 'NONE',  ( -6.928174593052012220, 3.603869047619047361, -8.268922321863215075 ) ) ;
#5945 = CARTESIAN_POINT ( 'NONE',  ( -8.628174831681670653, 3.794577286392576188, 7.800507367611716703 ) ) ;
#5946 = FACE_BOUND ( 'NONE', #3219, .T. ) ;
#5947 = EDGE_CURVE ( 'NONE', #1282, #5075, #5605, .T. ) ;
#5948 = CARTESIAN_POINT ( 'NONE',  ( 8.873677329212773301, 5.219717262524156354, -8.410663392672345751 ) ) ;
#5949 = AXIS2_PLACEMENT_3D ( 'NONE', #500, #7617, #1861 ) ;
#5950 = VECTOR ( 'NONE', #8048, 1000.000000000000000 ) ;
#5951 = LINE ( 'NONE', #6062, #4132 ) ;
#5952 = CARTESIAN_POINT ( 'NONE',  ( -8.873677329212721787, 4.539360119667013471, 8.410663392672399041 ) ) ;
#5953 = CARTESIAN_POINT ( 'NONE',  ( 7.960204194457796463E-16, 5.200000000000000178, 6.500000000000000888 ) ) ;
#5954 = CARTESIAN_POINT ( 'NONE',  ( -8.651835434003869452, 3.199999999999977085, 7.226809142577280909 ) ) ;
#5955 = CARTESIAN_POINT ( 'NONE',  ( 6.682671856891243323, 3.594419643476537196, 7.778174593052089136 ) ) ;
#5956 = CARTESIAN_POINT ( 'NONE',  ( 7.446667889723308065, 3.255348973278352709, -8.560866229980845787 ) ) ;
#5957 = ADVANCED_FACE ( 'NONE', ( #553 ), #1984, .T. ) ;
#5958 = ADVANCED_FACE ( 'NONE', ( #1365 ), #2045, .F. ) ;
#5959 = CARTESIAN_POINT ( 'NONE',  ( -7.367361075967820305, 4.700000000000000178, -6.762616372605502413 ) ) ;
#5960 = CARTESIAN_POINT ( 'NONE',  ( -8.628174593052010621, 5.153571428571428470, -7.778174593052033181 ) ) ;
#5961 = CARTESIAN_POINT ( 'NONE',  ( 7.778174593051957686, 4.161383929190823672, 9.043152192292808422 ) ) ;
#5962 = CARTESIAN_POINT ( 'NONE',  ( 0.000000000000000000, 6.000000000000000000, 0.000000000000000000 ) ) ;
#5963 = CARTESIAN_POINT ( 'NONE',  ( 6.972019013147776612, 3.770084573854120880, -8.048455373139489666 ) ) ;
#5964 = CARTESIAN_POINT ( 'NONE',  ( 7.778174593051957686, 4.133035714285714590, 6.796679135429724461 ) ) ;
#5965 = ORIENTED_EDGE ( 'NONE', *, *, #384, .T. ) ;
#5966 = ORIENTED_EDGE ( 'NONE', *, *, #47, .T. ) ;
#5967 = CARTESIAN_POINT ( 'NONE',  ( 7.230423224971601392, 5.389806548238442296, 6.829441393621548784 ) ) ;
#5968 = CARTESIAN_POINT ( 'NONE',  ( -7.873038513821685846, 4.141472491553030544, -8.628174593052037267 ) ) ;
#5969 = CARTESIAN_POINT ( 'NONE',  ( 8.603752632111048015, 4.002784099492434855, 7.982712808712549624 ) ) ;
#5970 = CARTESIAN_POINT ( 'NONE',  ( -7.778174593052010977, 4.586607142857143771, 6.928174593052038865 ) ) ;
#5971 = CARTESIAN_POINT ( 'NONE',  ( -8.203174593052011687, 3.528273810762597940, -7.042052999835260785 ) ) ;
#5972 = CARTESIAN_POINT ( 'NONE',  ( 8.873677329212664944, 4.293675595857491700, 8.410663392672447003 ) ) ;
#5973 = CARTESIAN_POINT ( 'NONE',  ( -8.628174593052007069, 2.961309525048312352, 7.287426864240856617 ) ) ;
#5974 = CARTESIAN_POINT ( 'NONE',  ( 8.460577637016291064, 4.519718431719329743, -8.285170187410457743 ) ) ;
#5975 = EDGE_CURVE ( 'NONE', #1407, #2232, #2824, .T. ) ;
#5976 = ORIENTED_EDGE ( 'NONE', *, *, #3939, .T. ) ;
#5977 = CARTESIAN_POINT ( 'NONE',  ( 6.928174593052061070, 5.153571428571428470, -7.778174593051986108 ) ) ;
#5978 = CARTESIAN_POINT ( 'NONE',  ( -6.989257602453956331, 3.538979686003490333, 8.094655541906895735 ) ) ;
#5979 = CARTESIAN_POINT ( 'NONE',  ( 7.230423224971600504, 5.540997024428917506, 8.726907792482629489 ) ) ;
#5980 = CARTESIAN_POINT ( 'NONE',  ( -8.628174593052007069, 5.569345238095237960, 7.287426864240856617 ) ) ;
#5981 = CARTESIAN_POINT ( 'NONE',  ( 7.180180642277850467, 3.397014912669457765, 8.382246951167944715 ) ) ;
#5982 = CARTESIAN_POINT ( 'NONE',  ( 7.834975766310635414, 3.911296850762781219, -6.930007713933147961 ) ) ;
#5983 = CARTESIAN_POINT ( 'NONE',  ( -8.628174593052010621, 4.700000000000000178, -7.778174593052033181 ) ) ;
#5984 = CARTESIAN_POINT ( 'NONE',  ( 7.230423224971704421, 5.333110119667013649, -8.726907792482524684 ) ) ;
#5985 = DIRECTION ( 'NONE',  ( 0.000000000000000000, 1.000000000000000000, 0.000000000000000000 ) ) ;
#5986 = CARTESIAN_POINT ( 'NONE',  ( -8.325925961132364606, 5.786681548238442829, 6.829441393621498158 ) ) ;
#5987 = CARTESIAN_POINT ( 'NONE',  ( -7.757725795749768949, 4.361639280226708770, -6.928386094897154734 ) ) ;
#5988 = CARTESIAN_POINT ( 'NONE',  ( 6.682671856891243323, 4.558258929190823316, 7.778174593052089136 ) ) ;
#5989 = CARTESIAN_POINT ( 'NONE',  ( 8.393810889475396664, 4.528872701821986979, 7.191412263474871835 ) ) ;
#5990 = CARTESIAN_POINT ( 'NONE',  ( 7.251851736282992178, 3.404677866520159135, -7.109725679993021963 ) ) ;
#5991 = DIRECTION ( 'NONE',  ( -0.000000000000000000, -1.000000000000000000, -0.000000000000000000 ) ) ;
#5992 = EDGE_CURVE ( 'NONE', #7687, #147, #7756, .T. ) ;
#5993 = CARTESIAN_POINT ( 'NONE',  ( -7.778174593052010977, 5.493750000000000355, -8.759670050674396080 ) ) ;
#5994 =( BOUNDED_CURVE ( )  B_SPLINE_CURVE ( 2, ( #484, #1717, #4273, #4362, #2976 ),
 .UNSPECIFIED., .F., .F. ) 
 B_SPLINE_CURVE_WITH_KNOTS ( ( 3, 2, 3 ),
 ( 0.000000000000000000, 0.05040765515080153358, 0.07561148272620243915 ),
 .UNSPECIFIED. ) 
 CURVE ( )  GEOMETRIC_REPRESENTATION_ITEM ( )  RATIONAL_B_SPLINE_CURVE ( ( 1.000000000000000000, 0.8660254037844387076, 1.000000000000000000, 0.9330127018922189652, 0.9330127018922194093 ) ) 
 REPRESENTATION_ITEM ( '' )  );
#5995 = CARTESIAN_POINT ( 'NONE',  ( 0.000000000000000000, 3.700000000000000178, 0.000000000000000000 ) ) ;
#5996 = CARTESIAN_POINT ( 'NONE',  ( 8.325925961132416120, 3.348735119667016313, -6.829441393621450196 ) ) ;
#5997 = CARTESIAN_POINT ( 'NONE',  ( 7.778174593051956798, 4.700000000000000178, 7.778174593052089136 ) ) ;
#5998 = CARTESIAN_POINT ( 'NONE',  ( 6.989255503511574652, 3.765765897384559580, -8.094650306970811116 ) ) ;
#5999 = CARTESIAN_POINT ( 'NONE',  ( 6.928174593051957153, 4.246428571428571885, 7.778174593052089136 ) ) ;
#6000 = VECTOR ( 'NONE', #399, 1000.000000000000000 ) ;
#6001 = VERTEX_POINT ( 'NONE', #1409 ) ;
#6002 = ORIENTED_EDGE ( 'NONE', *, *, #6370, .F. ) ;
#6003 = CARTESIAN_POINT ( 'NONE',  ( 7.230423224971601392, 4.936235119667014004, 6.829441393621548784 ) ) ;
#6004 = CARTESIAN_POINT ( 'NONE',  ( 8.628174593051957331, 3.641666667905455235, 8.268922321863270142 ) ) ;
#6005 = DIRECTION ( 'NONE',  ( 0.000000000000000000, 0.000000000000000000, 1.000000000000000000 ) ) ;
#6006 = CARTESIAN_POINT ( 'NONE',  ( -6.682671856891297502, 4.331473214905112279, 7.778174593052038510 ) ) ;
#6007 = PLANE ( 'NONE',  #1499 ) ;
#6008 = CARTESIAN_POINT ( 'NONE',  ( 8.873677329212664944, 3.915699405381301901, 7.145685793431733046 ) ) ;
#6009 = CARTESIAN_POINT ( 'NONE',  ( -7.778174593052006536, 3.339285715524502596, 6.796679135429674723 ) ) ;
#6010 = EDGE_CURVE ( 'NONE', #2020, #4118, #7838, .T. ) ;
#6011 = CARTESIAN_POINT ( 'NONE',  ( 8.472238909799804318, 4.517946768276766889, -8.268924745741507820 ) ) ;
#6012 = ORIENTED_EDGE ( 'NONE', *, *, #4014, .F. ) ;
#6013 = ORIENTED_EDGE ( 'NONE', *, *, #3307, .F. ) ;
#6014 = CARTESIAN_POINT ( 'NONE',  ( 7.778174593052059826, 5.805580357762250898, -9.043152192292705394 ) ) ;
#6015 = CARTESIAN_POINT ( 'NONE',  ( -7.215075111165213606, 3.627600691134962752, 7.141186639211388965 ) ) ;
#6016 = CARTESIAN_POINT ( 'NONE',  ( 8.873677329212670273, 4.747247024428918216, 8.410663392672448779 ) ) ;
#6017 = DIRECTION ( 'NONE',  ( 0.000000000000000000, 0.000000000000000000, 1.000000000000000000 ) ) ;
#6018 = CARTESIAN_POINT ( 'NONE',  ( 7.123392489996773769, 3.389753518507721441, 8.320521832899069992 ) ) ;
#6019 = CARTESIAN_POINT ( 'NONE',  ( -7.160563657880389954, 3.964344376071287535, 8.362808951116257106 ) ) ;
#6020 = CARTESIAN_POINT ( 'NONE',  ( -8.483227942448618109, 3.835869312225168581, 8.252940781249737512 ) ) ;
#6021 = DIRECTION ( 'NONE',  ( 0.000000000000000000, 0.000000000000000000, -1.000000000000000000 ) ) ;
#6022 = CARTESIAN_POINT ( 'NONE',  ( 7.230423224971704421, 4.879538691095585357, -8.726907792482524684 ) ) ;
#6023 = DIRECTION ( 'NONE',  ( 0.000000000000000000, 1.000000000000000000, 0.000000000000000000 ) ) ;
#6024 = CARTESIAN_POINT ( 'NONE',  ( -6.682671856891293061, 4.236979167286060388, 8.410663392672399041 ) ) ;
#6025 = CARTESIAN_POINT ( 'NONE',  ( -6.937242950303648570, 4.483382513196242591, -7.905046282211971587 ) ) ;
#6026 = CARTESIAN_POINT ( 'NONE',  ( 6.688922990745853170, 3.200000000000000178, 7.738292624750070736 ) ) ;
#6027 = CARTESIAN_POINT ( 'NONE',  ( 7.117363276522913118, 3.208641743849015349, 8.661632600811213223 ) ) ;
#6028 = CARTESIAN_POINT ( 'NONE',  ( 7.188516739853096027, 3.397936051000244539, -7.165945446458033885 ) ) ;
#6029 = DIRECTION ( 'NONE',  ( 0.000000000000000000, 1.000000000000000000, 0.000000000000000000 ) ) ;
#6030 = CARTESIAN_POINT ( 'NONE',  ( -7.778174593052010977, 5.352008929190823494, -9.043152192292751579 ) ) ;
#6031 = DIRECTION ( 'NONE',  ( 0.000000000000000000, 0.000000000000000000, -1.000000000000000000 ) ) ;
#6032 = ADVANCED_FACE ( 'NONE', ( #172 ), #685, .F. ) ;
#6033 = CARTESIAN_POINT ( 'NONE',  ( 6.682671856891243323, 3.159747024428919193, 7.145685793431728605 ) ) ;
#6034 = CARTESIAN_POINT ( 'NONE',  ( 7.778152113398151712, 4.359819429332412177, -6.928174593349242905 ) ) ;
#6035 = CARTESIAN_POINT ( 'NONE',  ( 7.230423224971601392, 4.879538691095585357, 6.829441393621548784 ) ) ;
#6036 = CARTESIAN_POINT ( 'NONE',  ( 8.203174593051956620, 3.641666666666667052, 7.042052999835315852 ) ) ;
#6037 = VERTEX_POINT ( 'NONE', #5776 ) ;
#6038 = ORIENTED_EDGE ( 'NONE', *, *, #5054, .T. ) ;
#6039 = CARTESIAN_POINT ( 'NONE',  ( 7.778174593051957686, 5.720535714285714057, 8.759670050674452924 ) ) ;
#6040 = CARTESIAN_POINT ( 'NONE',  ( 7.778174593051956798, 3.792857144095930888, 6.928174593052087715 ) ) ;
#6041 = CARTESIAN_POINT ( 'NONE',  ( 8.477341090016992098, 4.063581959899182472, 7.294774803158615484 ) ) ;
#6042 = CARTESIAN_POINT ( 'NONE',  ( -7.393604984450955264, 6.002206894518258729, -6.752390765398254224 ) ) ;
#6043 = CARTESIAN_POINT ( 'NONE',  ( -8.203174593052011687, 2.923511906000693106, -8.514296186268804689 ) ) ;
#6044 = CARTESIAN_POINT ( 'NONE',  ( 6.682671856891247764, 3.613318453000349706, 7.145685793431733046 ) ) ;
#6045 = CARTESIAN_POINT ( 'NONE',  ( -7.479817359562959567, 2.859179715067143412, 6.982258164508966303 ) ) ;
#6047 = DIRECTION ( 'NONE',  ( 0.000000000000000000, 1.000000000000000000, 0.000000000000000000 ) ) ;
#6046 = B_SPLINE_CURVE_WITH_KNOTS ( 'NONE', 3,
 ( #7276, #3570, #6644, #1564, #2205, #6137, #925, #367, #290, #2942, #2278, #7311, #5981, #5505, #3460, #8032, #6018, #328, #4163, #8074, #4876, #7440, #2861, #7395, #4204, #1603, #1526, #3496, #5422, #7996, #2897, #6763, #2238, #1002, #6683, #250, #1688, #6723, #6610, #849, #210, #2819, #2784, #4084, #5346, #4792, #7354, #963, #7916, #2164, #7956, #5381, #4717, #4960, #7662, #3659, #543, #8250, #8119, #8206, #587, #5094, #5553, #3067 ),
 .UNSPECIFIED., .F., .F.,
 ( 4, 2, 2, 1, 1, 1, 1, 2, 2, 2, 2, 1, 1, 2, 2, 1, 2, 2, 2, 2, 2, 2, 2, 1, 2, 2, 2, 2, 2, 2, 1, 1, 1, 1, 2, 2, 2, 4 ),
 ( 0.5000042337161281214, 0.5625037045015777171, 0.5937534398943026259, 0.6093783075906646918, 0.6171907414388458912, 0.6210969583629362134, 0.6230500668249810969, 0.6240266210560038163, 0.6250031752870264246, 0.6406280429834074752, 0.6484404768315980006, 0.6523466937556929857, 0.6542998022177402007, 0.6552763564487638082, 0.6562529106797874157, 0.6718777783761600286, 0.6796902122243466682, 0.6875026460725334188, 0.7187523814652776455, 0.7343772491616492593, 0.7500021168580209840, 0.7812518522507649887, 0.7968767199471367135, 0.8046891537953227980, 0.8085953707194157847, 0.8125015876435088824, 0.8437513230362549965, 0.8593761907326281646, 0.8750010584290013327, 0.9062507938217477799, 0.9218756615181208369, 0.9296880953663073655, 0.9335943122904006852, 0.9355474207524474561, 0.9365239749834708416, 0.9375005292144944491, 0.9687502646072472245, 1.000000000000000000 ),
 .UNSPECIFIED. ) ;
#6048 = EDGE_CURVE ( 'NONE', #4454, #1923, #1117, .T. ) ;
#6049 = VERTEX_POINT ( 'NONE', #922 ) ;
#6050 = ORIENTED_EDGE ( 'NONE', *, *, #5750, .T. ) ;
#6051 = CARTESIAN_POINT ( 'NONE',  ( 8.873677329212773301, 4.747247024428918216, -7.145685793431626465 ) ) ;
#6052 = FACE_OUTER_BOUND ( 'NONE', #57, .T. ) ;
#6053 = CARTESIAN_POINT ( 'NONE',  ( 8.873677329212670273, 5.729985119667015070, 7.145685793431730382 ) ) ;
#6054 = FACE_OUTER_BOUND ( 'NONE', #706, .T. ) ;
#6055 = CARTESIAN_POINT ( 'NONE',  ( -7.182494402018021695, 3.043046835717449383, -8.724827492882331725 ) ) ;
#6056 = CARTESIAN_POINT ( 'NONE',  ( 6.682671856891243323, 3.632217262524156443, 8.410663392672448779 ) ) ;
#6057 = CIRCLE ( 'NONE', #1504, 1.249999999999999334 ) ;
#6058 = CARTESIAN_POINT ( 'NONE',  ( 8.451802869458894918, 3.971939690590653882, -7.259013452457977245 ) ) ;
#6059 = CIRCLE ( 'NONE', #6470, 13.49999999999991651 ) ;
#6060 = CARTESIAN_POINT ( 'NONE',  ( -7.523451913450760031, 4.699999999999999289, -6.728298787232311895 ) ) ;
#6061 = CARTESIAN_POINT ( 'NONE',  ( 7.678376467601482958, 5.968783067290215349, -6.570815468404776816 ) ) ;
#6062 = CARTESIAN_POINT ( 'NONE',  ( -3.840629472727446691E-14, 2.500000000000000000, 9.899999999999996803 ) ) ;
#6063 = CARTESIAN_POINT ( 'NONE',  ( -8.873677329212721787, 3.651116072047965844, 7.778174593052038510 ) ) ;
#6064 = CARTESIAN_POINT ( 'NONE',  ( -7.079008096076034207, 4.517153388469093755, -8.261574382929646632 ) ) ;
#6065 = CARTESIAN_POINT ( 'NONE',  ( 7.285300625177373313, 3.861600196807070784, 8.471240256033347293 ) ) ;
#6066 = AXIS2_PLACEMENT_3D ( 'NONE', #3646, #7562, #8194 ) ;
#6067 = CARTESIAN_POINT ( 'NONE',  ( 8.873677329212670273, 3.821205357762251786, 7.778174593052089136 ) ) ;
#6068 = CARTESIAN_POINT ( 'NONE',  ( 7.140620188070310626, 3.286586326615272391, -8.341049088972239289 ) ) ;
#6069 = DIRECTION ( 'NONE',  ( -0.000000000000000000, -1.000000000000000000, -0.000000000000000000 ) ) ;
#6070 = CARTESIAN_POINT ( 'NONE',  ( -8.203174593052008134, 4.322023809523809490, 8.514296186268811795 ) ) ;
#6071 = VECTOR ( 'NONE', #7959, 1000.000000000000000 ) ;
#6072 = CARTESIAN_POINT ( 'NONE',  ( 7.888793746119915795, 3.669626307815442079, -8.628174593051983976 ) ) ;
#6073 = CARTESIAN_POINT ( 'NONE',  ( 8.325925961132414344, 3.499925595857492855, -8.726907792482521131 ) ) ;
#6074 = CARTESIAN_POINT ( 'NONE',  ( 6.929191399322846223, 3.796671116432067006, -7.729246598805392665 ) ) ;
#6075 = CARTESIAN_POINT ( 'NONE',  ( 6.682671856891243323, 4.142485119667013826, 8.410663392672448779 ) ) ;
#6076 = CARTESIAN_POINT ( 'NONE',  ( -8.148069026758136602, 4.700000000000001066, 8.719123051030829075 ) ) ;
#6077 = ORIENTED_EDGE ( 'NONE', *, *, #7592, .T. ) ;
#6078 = ORIENTED_EDGE ( 'NONE', *, *, #3684, .T. ) ;
#6079 = CARTESIAN_POINT ( 'NONE',  ( -8.628174593052007069, 4.359821429810216920, 7.778174593052038510 ) ) ;
#6080 = CARTESIAN_POINT ( 'NONE',  ( 7.974957366840734529, 3.923770520691364894, 8.605559655378341333 ) ) ;
#6081 = ADVANCED_FACE ( 'NONE', ( #7307 ), #2161, .F. ) ;
#6082 = CARTESIAN_POINT ( 'NONE',  ( -8.056289985309140533, 4.611430789705923239, 6.972998072811918746 ) ) ;
#6083 = CARTESIAN_POINT ( 'NONE',  ( 7.778174593051956798, 3.700000000000000178, 7.778174593052089136 ) ) ;
#6084 = CARTESIAN_POINT ( 'NONE',  ( -8.203174593052207086, 4.435416667905682786, -7.042052999834919724 ) ) ;
#6085 = DIRECTION ( 'NONE',  ( -0.000000000000000000, -1.000000000000000000, -0.000000000000000000 ) ) ;
#6086 =( BOUNDED_CURVE ( )  B_SPLINE_CURVE ( 2, ( #2807, #4152, #316, #8020, #6633, #873, #6006, #237, #2192, #7943, #7299, #7982, #1633, #4778, #6671, #2266, #7381, #1801, #6292, #2349, #1758, #4229, #3686, #8236, #1031, #2474, #8060, #4271, #3098, #5581, #8148, #2393, #1715, #5626, #5490, #4945, #7423 ),
 .UNSPECIFIED., .F., .F. ) 
 B_SPLINE_CURVE_WITH_KNOTS ( ( 3, 2, 2, 2, 2, 2, 2, 2, 2, 2, 2, 2, 2, 2, 2, 2, 2, 2, 3 ),
 ( 0.000000000000000000, 0.05040771599770285660, 0.1008154319954057132, 0.1512231479931085698, 0.2016308639908114264, 0.2520385799885142553, 0.3024462959862171396, 0.3528540119839200240, 0.4032617279816228528, 0.4536694439793257372, 0.5040771599770285105, 0.5544848759747313949, 0.6048925919724342792, 0.6553003079701370526, 0.7057080239678400480, 0.7561157399655429323, 0.8065234559632457056, 0.8569311719609485900, 0.9054770039350384936 ),
 .UNSPECIFIED. ) 
 CURVE ( )  GEOMETRIC_REPRESENTATION_ITEM ( )  RATIONAL_B_SPLINE_CURVE ( ( 1.000000000000000000, 0.8660254037844387076, 1.000000000000000000, 0.8660254037844387076, 1.000000000000000000, 0.8660254037844387076, 1.000000000000000000, 0.8660254037844387076, 1.000000000000000000, 0.8660254037844387076, 1.000000000000000000, 0.8660254037844387076, 1.000000000000000000, 0.8660254037844387076, 1.000000000000000000, 0.8660254037844387076, 1.000000000000000000, 0.8660254037844387076, 1.000000000000000000, 0.8660254037844387076, 1.000000000000000000, 0.8660254037844387076, 1.000000000000000000, 0.8660254037844387076, 1.000000000000000000, 0.8660254037844387076, 1.000000000000000000, 0.8660254037844387076, 1.000000000000000000, 0.8660254037844387076, 1.000000000000000000, 0.8660254037844387076, 1.000000000000000000, 0.8660254037844387076, 1.000000000000000000, 0.8709739549204416065, 0.9904684619325130335 ) ) 
 REPRESENTATION_ITEM ( '' )  );
#6087 = CARTESIAN_POINT ( 'NONE',  ( 8.458177409901527000, 3.200000000000012612, -7.170034066350238433 ) ) ;
#6088 = ORIENTED_EDGE ( 'NONE', *, *, #860, .T. ) ;
#6089 = VERTEX_POINT ( 'NONE', #2894 ) ;
#6090 = CARTESIAN_POINT ( 'NONE',  ( 8.076524471985937481, 6.200641060661486570, -6.982255407619105902 ) ) ;
#6091 = CARTESIAN_POINT ( 'NONE',  ( -7.285311690750325475, 3.634815582266914813, 7.085101042229648094 ) ) ;
#6092 = CARTESIAN_POINT ( 'NONE',  ( -8.203174593052008134, 4.284226191714978427, 7.042052999835266114 ) ) ;
#6093 = DIRECTION ( 'NONE',  ( 0.000000000000000000, 0.000000000000000000, -1.000000000000000000 ) ) ;
#6094 = CARTESIAN_POINT ( 'NONE',  ( -7.288081851312468551, 3.050332904574982962, -8.764405011809627055 ) ) ;
#6095 = CARTESIAN_POINT ( 'NONE',  ( 7.778174593051957686, 4.388169643476538262, 6.513196993811369850 ) ) ;
#6096 = CARTESIAN_POINT ( 'NONE',  ( -8.295449903709648964, 3.725755540131168608, 7.101499965078295062 ) ) ;
#6097 = CARTESIAN_POINT ( 'NONE',  ( -7.215075111164863664, 4.081172119706342194, 7.141186639211701603 ) ) ;
#6098 = CARTESIAN_POINT ( 'NONE',  ( 6.682671856891347240, 4.992931548238441763, -7.145685793431626465 ) ) ;
#6099 = CARTESIAN_POINT ( 'NONE',  ( 6.688922990745956199, 3.200000000000000178, -7.818056561354000067 ) ) ;
#6100 = ADVANCED_FACE ( 'NONE', ( #6052 ), #7392, .F. ) ;
#6101 = CARTESIAN_POINT ( 'NONE',  ( -8.325925961132364606, 3.972395833952728328, 6.829441393621498158 ) ) ;
#6102 = CARTESIAN_POINT ( 'NONE',  ( -7.075585790423491339, 4.516616891825124824, -8.256586676687474480 ) ) ;
#6103 = CARTESIAN_POINT ( 'NONE',  ( -6.984309103111457695, 3.199999999999999734, -7.474402336449419870 ) ) ;
#6104 = CARTESIAN_POINT ( 'NONE',  ( 6.682671856891347240, 3.613318453000347485, -8.410663392672345751 ) ) ;
#6105 = CARTESIAN_POINT ( 'NONE',  ( -8.591283340752038811, 3.318521325695281909, -8.026333614048780873 ) ) ;
#6106 = AXIS2_PLACEMENT_3D ( 'NONE', #1789, #2420, #7369 ) ;
#6107 = EDGE_CURVE ( 'NONE', #3902, #769, #504, .T. ) ;
#6108 = CARTESIAN_POINT ( 'NONE',  ( -1.999999999999869882, 4.700000000000000178, -13.35102992281870726 ) ) ;
#6109 = CARTESIAN_POINT ( 'NONE',  ( -7.353174593052007602, 3.641666666666667052, 7.042052999835266114 ) ) ;
#6110 = CARTESIAN_POINT ( 'NONE',  ( 8.109666072173807194, 3.482133460157950111, -6.995476508067785204 ) ) ;
#6111 = CARTESIAN_POINT ( 'NONE',  ( 8.325925961132314868, 3.896800595857489835, 6.829441393621548784 ) ) ;
#6112 = CARTESIAN_POINT ( 'NONE',  ( 6.682671856891243323, 5.370907738714631563, 7.145685793431728605 ) ) ;
#6113 = CARTESIAN_POINT ( 'NONE',  ( 8.158437295031642833, 3.192073975384158935, 7.012958926971842644 ) ) ;
#6114 = ADVANCED_FACE ( 'NONE', ( #364 ), #3656, .T. ) ;
#6115 = CARTESIAN_POINT ( 'NONE',  ( -8.504940611783181836, 4.699999999999996625, 8.394347961290954174 ) ) ;
#6116 = EDGE_LOOP ( 'NONE', ( #3262, #3043, #7180, #5156 ) ) ;
#6117 = VERTEX_POINT ( 'NONE', #3064 ) ;
#6118 = CARTESIAN_POINT ( 'NONE',  ( -13.35102992281870016, 3.700000000000000178, 1.999999999999922951 ) ) ;
#6119 = CARTESIAN_POINT ( 'NONE',  ( 6.682671856891347240, 4.974032738714632806, -8.410663392672345751 ) ) ;
#6120 = AXIS2_PLACEMENT_3D ( 'NONE', #7268, #6047, #7192 ) ;
#6121 = CARTESIAN_POINT ( 'NONE',  ( -8.873677329212721787, 4.558258929190823316, 7.778174593052038510 ) ) ;
#6122 = DIRECTION ( 'NONE',  ( -0.000000000000000000, -1.000000000000000000, -0.000000000000000000 ) ) ;
#6123 = CARTESIAN_POINT ( 'NONE',  ( -7.778174593052006536, 5.153571429810217097, 6.796679135429674723 ) ) ;
#6124 = DIRECTION ( 'NONE',  ( 0.000000000000000000, 0.000000000000000000, 1.000000000000000000 ) ) ;
#6125 = EDGE_CURVE ( 'NONE', #1351, #1282, #2939, .T. ) ;
#6126 = CARTESIAN_POINT ( 'NONE',  ( 8.109666072173515872, 4.389276317300807584, -6.995476508067662635 ) ) ;
#6127 = EDGE_CURVE ( 'NONE', #4324, #1407, #5782, .T. ) ;
#6128 = ORIENTED_EDGE ( 'NONE', *, *, #1821, .T. ) ;
#6129 = VERTEX_POINT ( 'NONE', #1222 ) ;
#6130 = CARTESIAN_POINT ( 'NONE',  ( 7.230423224971704421, 5.389806548238442296, -8.726907792482524684 ) ) ;
#6131 = CARTESIAN_POINT ( 'NONE',  ( 7.792794169979529784, 4.700000000000004619, -6.726988934091573391 ) ) ;
#6132 = CARTESIAN_POINT ( 'NONE',  ( -8.203174593052011687, 5.342559525048311997, -7.042052999835261673 ) ) ;
#6133 = CARTESIAN_POINT ( 'NONE',  ( -6.952253829286825670, 3.583168388296283702, 7.569836634137777409 ) ) ;
#6134 = CARTESIAN_POINT ( 'NONE',  ( 6.682671856891243323, 5.427604167286060211, 7.145685793431728605 ) ) ;
#6135 = CARTESIAN_POINT ( 'NONE',  ( -7.778174593052006536, 5.125223214905109792, 9.043152192292756908 ) ) ;
#6136 =( BOUNDED_CURVE ( )  B_SPLINE_CURVE ( 2, ( #4535, #7099, #711, #3289, #2645, #7858, #2104, #1466, #4656 ),
 .UNSPECIFIED., .F., .T. ) 
 B_SPLINE_CURVE_WITH_KNOTS ( ( 3, 2, 2, 2, 3 ),
 ( 0.001333840655342776772, 0.001778292290959074002, 0.002667195562192319416, 0.003556098833425563963, 0.004000550455451386093 ),
 .UNSPECIFIED. ) 
 CURVE ( )  GEOMETRIC_REPRESENTATION_ITEM ( )  RATIONAL_B_SPLINE_CURVE ( ( 0.9330127018922194093, 0.9330127018922683702, 1.000000000000000000, 0.8660254037844387076, 1.000000000000000000, 0.8660254037844387076, 1.000000000000000000, 0.9330127039406109768, 0.9330127018922194093 ) ) 
 REPRESENTATION_ITEM ( '' )  );
#6137 = CARTESIAN_POINT ( 'NONE',  ( 7.285300625177303147, 3.408028768236152750, 8.471240256033299332 ) ) ;
#6138 = CARTESIAN_POINT ( 'NONE',  ( 7.230423224971600504, 4.425967262524156176, 6.829441393621548784 ) ) ;
#6139 = CARTESIAN_POINT ( 'NONE',  ( -8.128396614280671173, 3.710442904095128114, 7.003625988238792566 ) ) ;
#6140 = AXIS2_PLACEMENT_3D ( 'NONE', #3749, #5468, #2450 ) ;
#6141 = CARTESIAN_POINT ( 'NONE',  ( 7.778174593052059826, 3.200000000000000178, -7.778174593051986108 ) ) ;
#6142 = B_SPLINE_CURVE_WITH_KNOTS ( 'NONE', 3,
 ( #6946, #6989, #5732, #4, #6904, #6356, #5606, #2541, #3800, #5102, #1099, #3036 ),
 .UNSPECIFIED., .F., .F.,
 ( 4, 2, 2, 2, 2, 4 ),
 ( 0.000000000000000000, 0.0002393295673674488788, 0.0004786591347348977577, 0.0009573182694697928048, 0.001435977404204687906, 0.001914636538939580405 ),
 .UNSPECIFIED. ) ;
#6143 = CARTESIAN_POINT ( 'NONE',  ( 7.778174593052059826, 5.380357144095931687, -6.796679135429623209 ) ) ;
#6144 = CARTESIAN_POINT ( 'NONE',  ( -13.35102992281867529, 4.700000000000000178, -2.000000000000081712 ) ) ;
#6145 = CARTESIAN_POINT ( 'NONE',  ( -8.873677329212721787, 3.159747024428919193, 7.145685793431678867 ) ) ;
#6146 = CIRCLE ( 'NONE', #3348, 4.500000000000000000 ) ;
#6147 = CARTESIAN_POINT ( 'NONE',  ( -7.721373419795230397, 4.364868279333992795, -6.930007713933082236 ) ) ;
#6148 = CARTESIAN_POINT ( 'NONE',  ( -6.928174593052012220, 3.213795044467159467, -7.621101876523652230 ) ) ;
#6149 = CARTESIAN_POINT ( 'NONE',  ( 7.353174593051956975, 3.830654763143550134, 7.042052999835315852 ) ) ;
#6150 = CARTESIAN_POINT ( 'NONE',  ( 7.866825899502716268, 4.367697659547600253, 8.623807290111532353 ) ) ;
#6151 = CYLINDRICAL_SURFACE ( 'NONE', #7272, 0.8500000000000000888 ) ;
#6152 = CARTESIAN_POINT ( 'NONE',  ( -7.230423224971657348, 3.348735119667016313, -6.829441393621499046 ) ) ;
#6153 = EDGE_CURVE ( 'NONE', #5243, #8134, #8203, .T. ) ;
#6154 = CARTESIAN_POINT ( 'NONE',  ( -7.315986644390767069, 3.184787906526626244, 7.043667103207022606 ) ) ;
#6155 = DIRECTION ( 'NONE',  ( 0.000000000000000000, 1.000000000000000000, 0.000000000000000000 ) ) ;
#6156 = CARTESIAN_POINT ( 'NONE',  ( -7.134337340133525274, 4.071590951537364944, -8.333308011227870793 ) ) ;
#6157 = CARTESIAN_POINT ( 'NONE',  ( -6.928174593052012220, 4.435416666666665897, -7.287426864240853064 ) ) ;
#6158 = CARTESIAN_POINT ( 'NONE',  ( 7.230423224971600504, 5.937872024428918039, 8.726907792482629489 ) ) ;
#6159 = CARTESIAN_POINT ( 'NONE',  ( 7.353174593052060892, 3.868452380952381198, -7.042052999835212823 ) ) ;
#6160 = DIRECTION ( 'NONE',  ( -0.000000000000000000, -1.000000000000000000, -0.000000000000000000 ) ) ;
#6161 = ORIENTED_EDGE ( 'NONE', *, *, #5429, .T. ) ;
#6162 = EDGE_LOOP ( 'NONE', ( #2261, #1340, #1679, #3690 ) ) ;
#6163 = CARTESIAN_POINT ( 'NONE',  ( 8.325925961132417896, 4.860639881571775511, -8.726907792482524684 ) ) ;
#6164 = CARTESIAN_POINT ( 'NONE',  ( -8.201911009086073179, 4.321925469336777681, 8.517097116308002924 ) ) ;
#6165 = CARTESIAN_POINT ( 'NONE',  ( 8.425927430606533713E-14, 4.700000000000000178, 10.99999999999985434 ) ) ;
#6166 = CARTESIAN_POINT ( 'NONE',  ( 8.628174593052058583, 4.133035715524502329, -7.778174593051986108 ) ) ;
#6167 = DIRECTION ( 'NONE',  ( 0.000000000000000000, 1.000000000000000000, 0.000000000000000000 ) ) ;
#6168 = CARTESIAN_POINT ( 'NONE',  ( 8.584328455514334877, 4.450441244137079089, -7.507888654906141213 ) ) ;
#6169 = ORIENTED_EDGE ( 'NONE', *, *, #7455, .F. ) ;
#6170 = ORIENTED_EDGE ( 'NONE', *, *, #1474, .F. ) ;
#6171 = CARTESIAN_POINT ( 'NONE',  ( 7.353174593052060004, 5.682738095238095255, -7.042052999835213711 ) ) ;
#6172 = DIRECTION ( 'NONE',  ( 0.000000000000000000, 0.000000000000000000, 1.000000000000000000 ) ) ;
#6173 = CARTESIAN_POINT ( 'NONE',  ( -6.928174593052012220, 5.002380953619740112, -7.287426864240853064 ) ) ;
#6174 = CARTESIAN_POINT ( 'NONE',  ( -7.438864783770158695, 3.482765987216520642, 8.557526313660702044 ) ) ;
#6175 = CARTESIAN_POINT ( 'NONE',  ( 6.682671856891243323, 5.956770833952727884, 8.410663392672448779 ) ) ;
#6176 = DIRECTION ( 'NONE',  ( 0.000000000000000000, 1.000000000000000000, 0.000000000000000000 ) ) ;
#6177 = CARTESIAN_POINT ( 'NONE',  ( -6.928174593052006891, 3.679464286953074037, 7.778174593052038510 ) ) ;
#6178 = CARTESIAN_POINT ( 'NONE',  ( 6.682671856891243323, 4.085788691095585179, 8.410663392672448779 ) ) ;
#6179 = EDGE_CURVE ( 'NONE', #2633, #7050, #2661, .T. ) ;
#6180 = CARTESIAN_POINT ( 'NONE',  ( -8.227553970749912793, 3.719132455703449303, 7.056164378657753034 ) ) ;
#6181 = CIRCLE ( 'NONE', #5114, 1.100000000000002087 ) ;
#6182 = CARTESIAN_POINT ( 'NONE',  ( -7.134337340119207838, 4.071590951535634773, 7.223041174892799177 ) ) ;
#6183 = DIRECTION ( 'NONE',  ( 1.000000000000000000, 0.000000000000000000, -3.689284128500214800E-16 ) ) ;
#6184 = EDGE_CURVE ( 'NONE', #7936, #1897, #6538, .T. ) ;
#6185 = CARTESIAN_POINT ( 'NONE',  ( 6.682671856891347240, 4.085788691095585179, -7.145685793431625576 ) ) ;
#6186 = CARTESIAN_POINT ( 'NONE',  ( -8.873677329212721787, 4.066889881571776222, 7.145685793431678867 ) ) ;
#6187 = CIRCLE ( 'NONE', #401, 0.5000000000000004441 ) ;
#6188 = CARTESIAN_POINT ( 'NONE',  ( -7.778174593052010977, 4.388169643476538262, -9.043152192292751579 ) ) ;
#6189 = CARTESIAN_POINT ( 'NONE',  ( 7.075577352483450433, 3.836258419104547013, 8.256574285168344574 ) ) ;
#6190 = EDGE_CURVE ( 'NONE', #3554, #6676, #3701, .T. ) ;
#6191 = CARTESIAN_POINT ( 'NONE',  ( 8.162705376158539750, 3.000920785876321162, 6.752376210435383719 ) ) ;
#6192 = CARTESIAN_POINT ( 'NONE',  ( 8.337792011834254780, 4.410718440953793618, 8.420273295812284786 ) ) ;
#6193 = CARTESIAN_POINT ( 'NONE',  ( -8.152827122678896643, 3.419354562197561176, -7.013194509852735514 ) ) ;
#6194 = AXIS2_PLACEMENT_3D ( 'NONE', #2018, #18, #6507 ) ;
#6195 = CARTESIAN_POINT ( 'NONE',  ( -7.778174593052011865, 4.218080357762254984, -6.513196993811321001 ) ) ;
#6196 = CARTESIAN_POINT ( 'NONE',  ( -6.928174593052006891, 4.019642857142857295, 7.778174593052038510 ) ) ;
#6197 = ORIENTED_EDGE ( 'NONE', *, *, #651, .F. ) ;
#6198 = CARTESIAN_POINT ( 'NONE',  ( 8.117484402333888127, 3.482765987216490444, -6.998822872443314580 ) ) ;
#6199 = CARTESIAN_POINT ( 'NONE',  ( 0.000000000000000000, 0.000000000000000000, 0.000000000000000000 ) ) ;
#6200 = CARTESIAN_POINT ( 'NONE',  ( 8.873677329212670273, 3.329836310143203804, 8.410663392672448779 ) ) ;
#6201 = VECTOR ( 'NONE', #3679, 1000.000000000000000 ) ;
#6202 = FILL_AREA_STYLE ('',( #5573 ) ) ;
#6203 = EDGE_CURVE ( 'NONE', #2623, #3379, #3680, .T. ) ;
#6204 = CARTESIAN_POINT ( 'NONE',  ( 7.778174593051957686, 4.926785715524502507, 8.759670050674452924 ) ) ;
#6205 = CARTESIAN_POINT ( 'NONE',  ( 8.873677329212670273, 3.386532738714632895, 8.410663392672448779 ) ) ;
#6206 = TOROIDAL_SURFACE ( 'NONE', #6869, 4.500000000000000888, 0.5000000000000000000 ) ;
#6207 = CARTESIAN_POINT ( 'NONE',  ( 6.928174593052061070, 4.359821429810216920, -7.778174593051986108 ) ) ;
#6208 = EDGE_CURVE ( 'NONE', #3453, #2187, #4807, .T. ) ;
#6209 = ORIENTED_EDGE ( 'NONE', *, *, #3221, .F. ) ;
#6210 = ORIENTED_EDGE ( 'NONE', *, *, #1637, .T. ) ;
#6211 = CARTESIAN_POINT ( 'NONE',  ( 8.873677329212773301, 4.728348214905108371, -7.778174593051986108 ) ) ;
#6212 = CARTESIAN_POINT ( 'NONE',  ( 5.510910596163088569E-16, 6.000000000000000000, -4.500000000000000888 ) ) ;
#6213 = CARTESIAN_POINT ( 'NONE',  ( -8.834932626443547932, 3.200000000000000178, 8.099610226131632729 ) ) ;
#6214 = DIRECTION ( 'NONE',  ( 0.000000000000000000, 0.000000000000000000, 1.000000000000000000 ) ) ;
#6215 = DIRECTION ( 'NONE',  ( 0.000000000000000000, -0.000000000000000000, 1.000000000000000000 ) ) ;
#6216 = CARTESIAN_POINT ( 'NONE',  ( 8.107047512738382977, 4.389065635417908062, -6.994374298012043134 ) ) ;
#6217 = ORIENTED_EDGE ( 'NONE', *, *, #7074, .T. ) ;
#6218 = EDGE_LOOP ( 'NONE', ( #4157, #7823 ) ) ;
#6219 = CARTESIAN_POINT ( 'NONE',  ( -8.359083977499052409, 3.852464904141970514, -7.157587823794938409 ) ) ;
#6220 = CARTESIAN_POINT ( 'NONE',  ( 7.778174593052058050, 3.679464285714286298, -8.628174593051985752 ) ) ;
#6221 = CARTESIAN_POINT ( 'NONE',  ( -8.628174593052010621, 5.229166667905455590, -8.268922321863215075 ) ) ;
#6222 = DIRECTION ( 'NONE',  ( 0.000000000000000000, 1.000000000000000000, 0.000000000000000000 ) ) ;
#6223 = CARTESIAN_POINT ( 'NONE',  ( -8.873677329212725340, 4.558258929190823316, -7.778174593052033181 ) ) ;
#6224 = CARTESIAN_POINT ( 'NONE',  ( 6.968221796292167092, 4.268603884044692265, 8.043451370747353835 ) ) ;
#6225 = CARTESIAN_POINT ( 'NONE',  ( -6.911316593405828712, 4.674772950831596496, -7.013677693256219037 ) ) ;
#6226 = CARTESIAN_POINT ( 'NONE',  ( -7.353174593052007602, 4.208630953619740822, 7.042052999835266114 ) ) ;
#6227 = DIRECTION ( 'NONE',  ( 0.000000000000000000, 0.000000000000000000, -1.000000000000000000 ) ) ;
#6228 = CARTESIAN_POINT ( 'NONE',  ( -6.880625282895843853, 4.699999999999987743, 8.469728339491830127 ) ) ;
#6229 = EDGE_CURVE ( 'NONE', #5852, #7742, #3118, .T. ) ;
#6230 = CARTESIAN_POINT ( 'NONE',  ( 8.873677329212773301, 4.274776786333680967, -7.778174593051986108 ) ) ;
#6231 = CARTESIAN_POINT ( 'NONE',  ( -8.873677329212721787, 3.140848214905109348, 7.778174593052038510 ) ) ;
#6232 = CARTESIAN_POINT ( 'NONE',  ( 2.000000000000084821, 4.700000000000000178, 13.35102992281855450 ) ) ;
#6233 = CARTESIAN_POINT ( 'NONE',  ( 7.427952571823311700, 3.710442904095499372, 7.003625988238835198 ) ) ;
#6234 = PLANE ( 'NONE',  #7281 ) ;
#6235 = CARTESIAN_POINT ( 'NONE',  ( 8.109666072173455476, 4.389276317300798702, 8.560872678036396621 ) ) ;
#6236 = DIRECTION ( 'NONE',  ( -0.000000000000000000, -1.000000000000000000, -0.000000000000000000 ) ) ;
#6237 = FACE_OUTER_BOUND ( 'NONE', #1720, .T. ) ;
#6238 = VERTEX_POINT ( 'NONE', #5297 ) ;
#6239 = CARTESIAN_POINT ( 'NONE',  ( 7.866825899477706940, 3.460554802402931784, -6.932541895990048886 ) ) ;
#6240 = CARTESIAN_POINT ( 'NONE',  ( 0.000000000000000000, 0.000000000000000000, 0.000000000000000000 ) ) ;
#6241 = CARTESIAN_POINT ( 'NONE',  ( -7.667555439984071519, 4.123197736386799761, -8.628174593052033714 ) ) ;
#6242 = FACE_OUTER_BOUND ( 'NONE', #4751, .T. ) ;
#6243 = CARTESIAN_POINT ( 'NONE',  ( 8.203174593051956620, 4.662202382191169114, 7.042052999835315852 ) ) ;
#6244 = DIRECTION ( 'NONE',  ( -0.000000000000000000, -1.000000000000000000, -0.000000000000000000 ) ) ;
#6245 = VERTEX_POINT ( 'NONE', #7866 ) ;
#6246 = EDGE_LOOP ( 'NONE', ( #5631, #7688, #5800, #2803 ) ) ;
#6247 = CYLINDRICAL_SURFACE ( 'NONE', #6851, 1.100000000000002087 ) ;
#6248 = STYLED_ITEM ( 'NONE', ( #1583 ), #6511 ) ;
#6249 = CARTESIAN_POINT ( 'NONE',  ( 7.778174593052059826, 4.671651786333679723, -6.513196993811266822 ) ) ;
#6250 = CARTESIAN_POINT ( 'NONE',  ( -6.768413634096674514, 4.700000000284660473, 8.203038160218275365 ) ) ;
#6251 = CARTESIAN_POINT ( 'NONE',  ( 0.000000000000000000, 6.000000000000000000, 4.699999999999999289 ) ) ;
#6252 = CARTESIAN_POINT ( 'NONE',  ( 0.000000000000000000, 0.2999999999999956035, 0.000000000000000000 ) ) ;
#6253 = FACE_OUTER_BOUND ( 'NONE', #5109, .T. ) ;
#6254 = CARTESIAN_POINT ( 'NONE',  ( 7.784046574055945023, 4.360343594217838792, -6.928189836226192888 ) ) ;
#6255 = VERTEX_POINT ( 'NONE', #2113 ) ;
#6256 = ORIENTED_EDGE ( 'NONE', *, *, #7086, .T. ) ;
#6257 = CARTESIAN_POINT ( 'NONE',  ( -8.619106558809207286, 3.803025182561825090, -7.651305159899173702 ) ) ;
#6258 = LINE ( 'NONE', #2982, #8214 ) ;
#6259 = CARTESIAN_POINT ( 'NONE',  ( -6.682671856891298390, 5.181919643476537551, -7.778174593052033181 ) ) ;
#6260 =( BOUNDED_SURFACE ( )  B_SPLINE_SURFACE ( 1, 2, ( 
 ( #907, #5291, #2876, #2221, #7372, #829, #154, #3517, #4657, #5440, #6035, #1621, #2839, #7334, #4181, #792, #3365, #7860, #7215, #1467, #6590, #192, #5324, #6112, #8051, #6743, #7552, #3634, #4896, #347, #5618, #6783, #2921, #434, #1114, #3089, #3048, #1022, #6158, #3678, #7460, #8183, #6826 ),
 ( #8138, #4306, #8228, #1667, #473, #2298, #2423, #2385, #6243, #980, #3550, #4353, #1708, #2468, #6872, #6204, #4982, #1749, #3007, #3592, #4939, #5482, #1833, #1793, #7593, #5026, #4221, #6915, #7507, #5574, #1161, #4263, #1065, #8096, #5529, #3720, #6286, #4851, #387, #520, #5659, #7416, #2964 ) ),
 .UNSPECIFIED., .F., .F., .T. ) 
 B_SPLINE_SURFACE_WITH_KNOTS ( ( 2, 2 ),
 ( 3, 2, 2, 2, 2, 2, 2, 2, 2, 2, 2, 2, 2, 2, 2, 2, 2, 2, 2, 2, 2, 3 ),
 ( 0.000000000000000000, 1.000000000000000000 ),
 ( 0.000000000000000000, 0.04166666666666666435, 0.08333333333333332871, 0.1250000000000000000, 0.1666666666666666574, 0.2083333333333333426, 0.2500000000000000000, 0.2916666666666666852, 0.3333333333333333148, 0.3750000000000000000, 0.4166666666666666852, 0.4583333333333333148, 0.5000000000000000000, 0.5416666666666666297, 0.5833333333333333703, 0.6250000000000000000, 0.6666666666666666297, 0.7083333333333333703, 0.7500000000000000000, 0.7916666666666666297, 0.8265944055485121567, 0.8348603496039972427 ),
 .UNSPECIFIED. ) 
 GEOMETRIC_REPRESENTATION_ITEM ( )  RATIONAL_B_SPLINE_SURFACE ( (
 ( 1.000000000000000000, 0.8660254037844387076, 1.000000000000000000, 0.8660254037844387076, 1.000000000000000000, 0.8660254037844387076, 1.000000000000000000, 0.8660254037844387076, 1.000000000000000000, 0.8660254037844387076, 1.000000000000000000, 0.8660254037844387076, 1.000000000000000000, 0.8660254037844387076, 1.000000000000000000, 0.8660254037844387076, 1.000000000000000000, 0.8660254037844387076, 1.000000000000000000, 0.8660254037844387076, 1.000000000000000000, 0.8660254037844387076, 1.000000000000000000, 0.8660254037844387076, 1.000000000000000000, 0.8660254037844387076, 1.000000000000000000, 0.8660254037844387076, 1.000000000000000000, 0.8660254037844387076, 1.000000000000000000, 0.8660254037844387076, 1.000000000000000000, 0.8660254037844387076, 1.000000000000000000, 0.8660254037844387076, 1.000000000000000000, 0.8660254037844387076, 1.000000000000000000, 0.8876936868779726764, 0.9636724415723747494, 0.9636724415723747494, 0.9636724415723747494),
 ( 1.000000000000000000, 0.8660254037844387076, 1.000000000000000000, 0.8660254037844387076, 1.000000000000000000, 0.8660254037844387076, 1.000000000000000000, 0.8660254037844387076, 1.000000000000000000, 0.8660254037844387076, 1.000000000000000000, 0.8660254037844387076, 1.000000000000000000, 0.8660254037844387076, 1.000000000000000000, 0.8660254037844387076, 1.000000000000000000, 0.8660254037844387076, 1.000000000000000000, 0.8660254037844387076, 1.000000000000000000, 0.8660254037844387076, 1.000000000000000000, 0.8660254037844387076, 1.000000000000000000, 0.8660254037844387076, 1.000000000000000000, 0.8660254037844387076, 1.000000000000000000, 0.8660254037844387076, 1.000000000000000000, 0.8660254037844387076, 1.000000000000000000, 0.8660254037844387076, 1.000000000000000000, 0.8660254037844387076, 1.000000000000000000, 0.8660254037844387076, 1.000000000000000000, 0.8876936868779726764, 0.9636724415723747494, 0.9636724415723747494, 0.9636724415723747494) ) ) 
 REPRESENTATION_ITEM ( '' )  SURFACE ( )  );
#6261 = CARTESIAN_POINT ( 'NONE',  ( 7.353174593052060004, 3.377083334572121842, -8.514296186268758504 ) ) ;
#6262 = CARTESIAN_POINT ( 'NONE',  ( 6.682671856891243323, 5.824479167286061632, 7.145685793431728605 ) ) ;
#6263 = CARTESIAN_POINT ( 'NONE',  ( 7.078999668696251746, 4.290366360125366541, 8.261562194282813465 ) ) ;
#6264 = DIRECTION ( 'NONE',  ( -0.000000000000000000, -1.000000000000000000, -0.000000000000000000 ) ) ;
#6265 = FACE_OUTER_BOUND ( 'NONE', #4356, .T. ) ;
#6266 = EDGE_CURVE ( 'NONE', #1982, #7557, #1848, .T. ) ;
#6267 = AXIS2_PLACEMENT_3D ( 'NONE', #1718, #5451, #5584 ) ;
#6268 = CARTESIAN_POINT ( 'NONE',  ( -8.150015875141884081, 3.712238564498872684, 7.013610571879067557 ) ) ;
#6269 = CARTESIAN_POINT ( 'NONE',  ( 7.778174593052059826, 4.700000001238787917, -8.759670050674348118 ) ) ;
#6270 = CARTESIAN_POINT ( 'NONE',  ( 6.682671856891347240, 4.501562500619394669, -7.778174593051986108 ) ) ;
#6271 = VERTEX_POINT ( 'NONE', #5367 ) ;
#6272 = CARTESIAN_POINT ( 'NONE',  ( -8.570511593915878024, 4.673725149347260022, -8.086017076022166350 ) ) ;
#6273 = DIRECTION ( 'NONE',  ( 0.000000000000000000, 1.000000000000000000, 0.000000000000000000 ) ) ;
#6274 = VECTOR ( 'NONE', #214, 1000.000000000000000 ) ;
#6275 = CARTESIAN_POINT ( 'NONE',  ( 7.363832564059528352, 3.715892688024934998, 7.035128181129529423 ) ) ;
#6276 = CARTESIAN_POINT ( 'NONE',  ( 7.778174593051957686, 3.339285715524502596, 6.796679135429724461 ) ) ;
#6277 = CARTESIAN_POINT ( 'NONE',  ( 7.778174593052059826, 3.991294643476536841, -9.043152192292705394 ) ) ;
#6278 = CARTESIAN_POINT ( 'NONE',  ( -7.778197072705646420, 3.452676572189579574, -6.928174593349289978 ) ) ;
#6279 = CARTESIAN_POINT ( 'NONE',  ( -6.682671856891302831, 3.462127976809873608, -8.410663392672390160 ) ) ;
#6280 = VECTOR ( 'NONE', #4176, 1000.000000000000000 ) ;
#6281 = CARTESIAN_POINT ( 'NONE',  ( -7.230423224971650242, 3.953497024428918483, 6.829441393621498158 ) ) ;
#6282 = ORIENTED_EDGE ( 'NONE', *, *, #3912, .T. ) ;
#6283 = CARTESIAN_POINT ( 'NONE',  ( -7.182338238524494933, 3.624039934549889708, -8.384377550875409923 ) ) ;
#6284 = CARTESIAN_POINT ( 'NONE',  ( -8.604096236022375166, 3.356382345544331347, 7.986508786299986618 ) ) ;
#6285 = LINE ( 'NONE', #2669, #1895 ) ;
#6286 = CARTESIAN_POINT ( 'NONE',  ( 6.928174593051957153, 5.720535715524501796, 7.778174593052089136 ) ) ;
#6287 = CARTESIAN_POINT ( 'NONE',  ( 6.928174593052061070, 4.700000000000000178, -7.778174593051986108 ) ) ;
#6288 = ORIENTED_EDGE ( 'NONE', *, *, #6681, .F. ) ;
#6289 = ORIENTED_EDGE ( 'NONE', *, *, #1474, .T. ) ;
#6290 = FACE_OUTER_BOUND ( 'NONE', #6116, .T. ) ;
#6291 = CARTESIAN_POINT ( 'NONE',  ( 8.873677329212773301, 4.822842262524156709, -8.410663392672345751 ) ) ;
#6292 = CARTESIAN_POINT ( 'NONE',  ( -6.682671856891297502, 3.877901786333683098, 7.778174593052038510 ) ) ;
#6293 = DIRECTION ( 'NONE',  ( 0.000000000000000000, 1.000000000000000000, 0.000000000000000000 ) ) ;
#6294 = VERTEX_POINT ( 'NONE', #986 ) ;
#6295 = CARTESIAN_POINT ( 'NONE',  ( -7.778174593051655705, 4.473214286953105301, 8.628174593052039043 ) ) ;
#6296 = ORIENTED_EDGE ( 'NONE', *, *, #7519, .F. ) ;
#6297 = ORIENTED_EDGE ( 'NONE', *, *, #8332, .F. ) ;
#6298 = CARTESIAN_POINT ( 'NONE',  ( -8.371548807038102780, 3.851097764605635909, -7.169561391153114194 ) ) ;
#6299 = DIRECTION ( 'NONE',  ( 0.000000000000000000, 1.000000000000000000, 0.000000000000000000 ) ) ;
#6300 = CARTESIAN_POINT ( 'NONE',  ( -8.873677329212725340, 5.862276786333680434, -7.778174593052033181 ) ) ;
#6301 = CARTESIAN_POINT ( 'NONE',  ( 6.928174593052061070, 3.452678572667359447, -7.778174593051986108 ) ) ;
#6302 = CARTESIAN_POINT ( 'NONE',  ( 8.325925961132314868, 5.106324405381299059, 8.726907792482629489 ) ) ;
#6303 = CARTESIAN_POINT ( 'NONE',  ( 7.075577352482776305, 4.289829847675868280, 8.256574285167348037 ) ) ;
#6304 = FACE_OUTER_BOUND ( 'NONE', #7684, .T. ) ;
#6305 = DIRECTION ( 'NONE',  ( 0.000000000000000000, 1.000000000000000000, 0.000000000000000000 ) ) ;
#6306 = EDGE_CURVE ( 'NONE', #1559, #6371, #7336, .T. ) ;
#6307 = CARTESIAN_POINT ( 'NONE',  ( 7.778174593052059826, 4.473214286953074215, -6.796679135429623209 ) ) ;
#6308 = CYLINDRICAL_SURFACE ( 'NONE', #6140, 0.8499999999999992006 ) ;
#6309 = VERTEX_POINT ( 'NONE', #1030 ) ;
#6310 = CARTESIAN_POINT ( 'NONE',  ( -6.682671856891293061, 3.329836310143203804, 8.410663392672399041 ) ) ;
#6311 = DIRECTION ( 'NONE',  ( 0.000000000000000000, 1.000000000000000000, 0.000000000000000000 ) ) ;
#6312 = AXIS2_PLACEMENT_3D ( 'NONE', #6792, #7514, #4315 ) ;
#6313 = CYLINDRICAL_SURFACE ( 'NONE', #20, 0.8499999999999992006 ) ;
#6314 = CARTESIAN_POINT ( 'NONE',  ( 8.873677329212670273, 3.405431548238441852, 7.145685793431728605 ) ) ;
#6315 = CARTESIAN_POINT ( 'NONE',  ( 7.230423224971703533, 3.972395833952728328, -8.726907792482524684 ) ) ;
#6316 = CARTESIAN_POINT ( 'NONE',  ( 7.117363276523016147, 3.208641743849015793, -6.894716585292862021 ) ) ;
#6317 = DIRECTION ( 'NONE',  ( 0.000000000000000000, -0.000000000000000000, 1.000000000000000000 ) ) ;
#6318 = AXIS2_PLACEMENT_3D ( 'NONE', #3047, #7371, #1620 ) ;
#6319 = CARTESIAN_POINT ( 'NONE',  ( -8.873677329212721787, 4.974032738714632806, 7.145685793431678867 ) ) ;
#6320 = ORIENTED_EDGE ( 'NONE', *, *, #7621, .T. ) ;
#6321 = CARTESIAN_POINT ( 'NONE',  ( -7.184808510800283265, 3.624312947553281816, -8.386795723053023011 ) ) ;
#6322 = CARTESIAN_POINT ( 'NONE',  ( 6.682671856891243323, 5.956770833952727884, 8.410663392672448779 ) ) ;
#6323 = CARTESIAN_POINT ( 'NONE',  ( -7.778174593052010977, 3.764508929190823139, -6.513196993811314783 ) ) ;
#6324 = CARTESIAN_POINT ( 'NONE',  ( 8.325925961132314868, 4.350372024428918571, 6.829441393621548784 ) ) ;
#6325 = CARTESIAN_POINT ( 'NONE',  ( 6.682671856891243323, 3.235342262524156354, 8.410663392672448779 ) ) ;
#6326 = AXIS2_PLACEMENT_3D ( 'NONE', #1328, #3970, #4638 ) ;
#6327 = AXIS2_PLACEMENT_3D ( 'NONE', #6960, #5663, #1204 ) ;
#6328 = CARTESIAN_POINT ( 'NONE',  ( -6.928174593052006891, 3.263690477429264103, 7.287426864240856617 ) ) ;
#6329 = VERTEX_POINT ( 'NONE', #3643 ) ;
#6330 = ORIENTED_EDGE ( 'NONE', *, *, #1379, .T. ) ;
#6331 = CARTESIAN_POINT ( 'NONE',  ( -7.218557174269735199, 4.410718440954383368, 8.420273295812256364 ) ) ;
#6332 = CARTESIAN_POINT ( 'NONE',  ( 7.960204194457796463E-16, 5.200000000000000178, 6.500000000000000888 ) ) ;
#6333 = CARTESIAN_POINT ( 'NONE',  ( 7.087590866124549471, 4.654796762738602212, -8.274558967479974214 ) ) ;
#6334 = VERTEX_POINT ( 'NONE', #2392 ) ;
#6335 = CARTESIAN_POINT ( 'NONE',  ( 8.628174593052058583, 4.170833334572121132, -8.268922321863167113 ) ) ;
#6336 = CIRCLE ( 'NONE', #5142, 1.999999999999999556 ) ;
#6337 = VECTOR ( 'NONE', #7232, 1000.000000000000000 ) ;
#6338 = CARTESIAN_POINT ( 'NONE',  ( 6.928174593051957153, 4.700000000000000178, 7.778174593052089136 ) ) ;
#6339 = ORIENTED_EDGE ( 'NONE', *, *, #7347, .T. ) ;
#6340 = ORIENTED_EDGE ( 'NONE', *, *, #3556, .T. ) ;
#6341 = CARTESIAN_POINT ( 'NONE',  ( -8.553273023565328259, 3.823094355988896353, -7.428997566474067504 ) ) ;
#6342 = ADVANCED_FACE ( 'NONE', ( #6832 ), #5680, .F. ) ;
#6343 = CARTESIAN_POINT ( 'NONE',  ( -8.325925961132368158, 3.670014881571775689, -6.829441393621494605 ) ) ;
#6344 = CARTESIAN_POINT ( 'NONE',  ( -7.999388531411222303, 4.340421431452462286, -6.950043820730827271 ) ) ;
#6345 = CARTESIAN_POINT ( 'NONE',  ( -7.778174593052006536, 3.481026786333680345, 6.513196993811319224 ) ) ;
#6346 = CARTESIAN_POINT ( 'NONE',  ( 7.230423224971600504, 5.937872024428918039, 8.726907792482629489 ) ) ;
#6347 = CARTESIAN_POINT ( 'NONE',  ( 7.162532737391125615, 4.302086295853775333, 8.364931189357186270 ) ) ;
#6348 = CARTESIAN_POINT ( 'NONE',  ( -7.353174593052007602, 3.755059525048312086, 7.042052999835266114 ) ) ;
#6349 = CARTESIAN_POINT ( 'NONE',  ( -8.872922838270266510, 3.199999999999953992, -7.737523338124739247 ) ) ;
#6350 = CARTESIAN_POINT ( 'NONE',  ( -6.682671856891293061, 3.821205357762251786, 7.778174593052038510 ) ) ;
#6351 = CARTESIAN_POINT ( 'NONE',  ( 8.480763395676827798, 3.609474034682784271, 7.299762509411267253 ) ) ;
#6352 = CARTESIAN_POINT ( 'NONE',  ( 8.203174593052059649, 3.150297620286407252, -7.042052999835213711 ) ) ;
#6353 = ORIENTED_EDGE ( 'NONE', *, *, #7944, .F. ) ;
#6354 = CARTESIAN_POINT ( 'NONE',  ( -8.873677329212721787, 3.178645833952728150, 8.410663392672399041 ) ) ;
#6355 = CARTESIAN_POINT ( 'NONE',  ( -7.393643809876907724, 3.057617214443020703, -8.803972975643050702 ) ) ;
#6356 = CARTESIAN_POINT ( 'NONE',  ( -8.651835434003874781, 3.199999999999976641, -8.329540043526790782 ) ) ;
#6357 = CARTESIAN_POINT ( 'NONE',  ( 8.480763395675200655, 4.063045463254448819, -8.256586676695363280 ) ) ;
#6358 = CARTESIAN_POINT ( 'NONE',  ( 6.682671856891347240, 3.140848214905109348, -7.778174593051986108 ) ) ;
#6359 = CARTESIAN_POINT ( 'NONE',  ( 7.778174593052059826, 3.934598214905108637, -9.043152192292707170 ) ) ;
#6360 = DIRECTION ( 'NONE',  ( 0.000000000000000000, 0.000000000000000000, 1.000000000000000000 ) ) ;
#6361 =( BOUNDED_CURVE ( )  B_SPLINE_CURVE ( 2, ( #4050, #7960, #2091, #4089, #1454 ),
 .UNSPECIFIED., .F., .F. ) 
 B_SPLINE_CURVE_WITH_KNOTS ( ( 3, 2, 3 ),
 ( 0.000000000000000000, 0.0008892271035616357506, 0.001333840655342775038 ),
 .UNSPECIFIED. ) 
 CURVE ( )  GEOMETRIC_REPRESENTATION_ITEM ( )  RATIONAL_B_SPLINE_CURVE ( ( 1.000000000000000000, 0.8660254037844387076, 1.000000000000000000, 0.9330127018921710036, 0.9330127018922194093 ) ) 
 REPRESENTATION_ITEM ( '' )  );
#6362 = CARTESIAN_POINT ( 'NONE',  ( 6.952595622238253448, 4.229570151600976047, -7.982708952272140834 ) ) ;
#6363 = CARTESIAN_POINT ( 'NONE',  ( -7.778174593052006536, 5.125223214905109792, 9.043152192292756908 ) ) ;
#6364 = EDGE_LOOP ( 'NONE', ( #3884, #6717, #6002, #4409 ) ) ;
#6365 = CARTESIAN_POINT ( 'NONE',  ( -7.197273712919870725, 3.625680113235563606, -8.398769325071873126 ) ) ;
#6366 = CARTESIAN_POINT ( 'NONE',  ( -8.393816448649559447, 3.394943438718273754, 8.364931189423529645 ) ) ;
#6367 = CARTESIAN_POINT ( 'NONE',  ( -8.325925961132368158, 3.575520833952728239, -8.726907792482570869 ) ) ;
#6368 = CARTESIAN_POINT ( 'NONE',  ( 6.682671856891243323, 4.047991072047966377, 7.778174593052089136 ) ) ;
#6369 = CARTESIAN_POINT ( 'NONE',  ( 7.700725852131349747, 3.232780805390007561, -8.714954999255379420 ) ) ;
#6370 = EDGE_CURVE ( 'NONE', #7348, #5040, #4319, .T. ) ;
#6371 = VERTEX_POINT ( 'NONE', #662 ) ;
#6372 = CARTESIAN_POINT ( 'NONE',  ( 0.000000000000000000, 0.000000000000000000, 0.000000000000000000 ) ) ;
#6373 = VERTEX_POINT ( 'NONE', #7647 ) ;
#6374 = ORIENTED_EDGE ( 'NONE', *, *, #1657, .F. ) ;
#6375 = CARTESIAN_POINT ( 'NONE',  ( -7.073126102289151618, 4.516227226970030095, 7.303401189488642586 ) ) ;
#6376 = CARTESIAN_POINT ( 'NONE',  ( 6.682671856891347240, 4.558258929190823316, -7.778174593051986108 ) ) ;
#6377 = CARTESIAN_POINT ( 'NONE',  ( -8.422019096010011197, 4.298375692079053678, 8.333299628920554980 ) ) ;
#6378 = CARTESIAN_POINT ( 'NONE',  ( 7.095763246544647629, 3.839360057809566129, -7.271190159279250942 ) ) ;
#6379 = ORIENTED_EDGE ( 'NONE', *, *, #71, .T. ) ;
#6380 = DIRECTION ( 'NONE',  ( -0.000000000000000000, -1.000000000000000000, -0.000000000000000000 ) ) ;
#6381 = CARTESIAN_POINT ( 'NONE',  ( -6.997870960743576063, 4.048741640834884414, 7.440728733821520891 ) ) ;
#6382 = AXIS2_PLACEMENT_3D ( 'NONE', #2368, #6183, #8123 ) ;
#6383 = DIRECTION ( 'NONE',  ( 0.000000000000000000, 0.000000000000000000, 1.000000000000000000 ) ) ;
#6384 = ORIENTED_EDGE ( 'NONE', *, *, #5576, .T. ) ;
#6385 = ORIENTED_EDGE ( 'NONE', *, *, #6306, .T. ) ;
#6386 = CARTESIAN_POINT ( 'NONE',  ( -8.271048560926580251, 3.861600196806952212, -7.085108930070762590 ) ) ;
#6387 = CARTESIAN_POINT ( 'NONE',  ( 8.203174593051956620, 5.002380952380952372, 7.042052999835315852 ) ) ;
#6388 = CARTESIAN_POINT ( 'NONE',  ( -8.588127389815573665, 4.268603884043993268, -7.512897815365951359 ) ) ;
#6389 = CARTESIAN_POINT ( 'NONE',  ( -8.325925961132364606, 3.518824405381299592, 6.829441393621498158 ) ) ;
#6390 = CARTESIAN_POINT ( 'NONE',  ( -7.230423224971655571, 5.559895833952727351, -6.829441393621494605 ) ) ;
#6391 = CARTESIAN_POINT ( 'NONE',  ( 6.952252950091190264, 4.263525202691642590, 7.986508786338076149 ) ) ;
#6392 = CARTESIAN_POINT ( 'NONE',  ( -7.393643809945432466, 3.000920785876321162, -8.803972975668740375 ) ) ;
#6393 = CARTESIAN_POINT ( 'NONE',  ( -7.939971201512286747, 3.200000000000001066, -6.755936882724284054 ) ) ;
#6394 = DIRECTION ( 'NONE',  ( -0.000000000000000000, -1.000000000000000000, -0.000000000000000000 ) ) ;
#6395 = ADVANCED_FACE ( 'NONE', ( #1842 ), #5754, .F. ) ;
#6396 = CARTESIAN_POINT ( 'NONE',  ( 7.818574773574817449, 3.456268901309367259, 8.627345429237090357 ) ) ;
#6397 = CARTESIAN_POINT ( 'NONE',  ( -8.325925961132368158, 4.577157738714633162, -6.829441393621494605 ) ) ;
#6398 = ORIENTED_EDGE ( 'NONE', *, *, #3505, .F. ) ;
#6399 = DIRECTION ( 'NONE',  ( 0.000000000000000000, 0.000000000000000000, 1.000000000000000000 ) ) ;
#6400 = CARTESIAN_POINT ( 'NONE',  ( -8.325925961132368158, 3.518824405381299592, -8.726907792482570869 ) ) ;
#6401 = CARTESIAN_POINT ( 'NONE',  ( -8.873677329212725340, 4.558258929190823316, -7.778174593052033181 ) ) ;
#6402 = CARTESIAN_POINT ( 'NONE',  ( 7.778174593051956798, 3.700000000000000178, 9.028174593052089136 ) ) ;
#6403 = ORIENTED_EDGE ( 'NONE', *, *, #7592, .F. ) ;
#6404 = CARTESIAN_POINT ( 'NONE',  ( 8.873677329212773301, 4.236979167286060388, -7.145685793431626465 ) ) ;
#6405 = CARTESIAN_POINT ( 'NONE',  ( 7.230423224971703533, 4.425967262524156176, -8.726907792482524684 ) ) ;
#6406 = DIRECTION ( 'NONE',  ( -1.438820810114969083E-13, 0.000000000000000000, -1.000000000000000000 ) ) ;
#6407 = EDGE_CURVE ( 'NONE', #7557, #4148, #3288, .T. ) ;
#6408 = AXIS2_PLACEMENT_3D ( 'NONE', #431, #3135, #3762 ) ;
#6409 = CARTESIAN_POINT ( 'NONE',  ( 7.449296870685717664, 4.162280304807907783, -8.561972872837197102 ) ) ;
#6410 = CARTESIAN_POINT ( 'NONE',  ( -8.873677329212721787, 4.104687500619395024, 7.778174593052038510 ) ) ;
#6411 = ORIENTED_EDGE ( 'NONE', *, *, #7320, .F. ) ;
#6412 = CARTESIAN_POINT ( 'NONE',  ( -7.134337340103698466, 3.618019522962333312, -8.333308011193281573 ) ) ;
#6413 = DIRECTION ( 'NONE',  ( -0.000000000000000000, -1.000000000000000000, -0.000000000000000000 ) ) ;
#6414 = CARTESIAN_POINT ( 'NONE',  ( -6.928174593052012220, 4.057440476190476097, -8.268922321863215075 ) ) ;
#6415 = DIRECTION ( 'NONE',  ( 0.000000000000000000, 1.000000000000000000, 0.000000000000000000 ) ) ;
#6416 =( BOUNDED_SURFACE ( )  B_SPLINE_SURFACE ( 1, 2, ( 
 ( #5426, #4796, #7201, #2209, #814, #4167, #3464, #853, #3425, #5387, #6022, #4760, #4129, #6098, #4642, #7882, #3388, #254, #2243, #5948, #7358, #4013, #5984, #8000, #7920, #2168, #4722, #213, #7316, #179, #1569, #2131, #2787, #5350, #6687, #1607, #7239, #3500, #293, #6061, #332, #1490, #5275 ),
 ( #6854, #5601, #6898, #6307, #2409, #3574, #5557, #1093, #4376, #6269, #5510, #2901, #416, #3702, #8167, #3663, #7444, #3748, #5467, #1006, #8209, #8037, #4964, #4208, #502, #6940, #1693, #6143, #1050, #372, #7533, #3070, #1185, #1816, #2947, #1777, #2282, #2990, #4335, #1141, #5642, #4835, #2324 ) ),
 .UNSPECIFIED., .F., .F., .T. ) 
 B_SPLINE_SURFACE_WITH_KNOTS ( ( 2, 2 ),
 ( 3, 2, 2, 2, 2, 2, 2, 2, 2, 2, 2, 2, 2, 2, 2, 2, 2, 2, 2, 2, 2, 3 ),
 ( 0.000000000000000000, 1.000000000000000000 ),
 ( 0.000000000000000000, 0.04166666666666666435, 0.08333333333333332871, 0.1250000000000000000, 0.1666666666666666574, 0.2083333333333333426, 0.2500000000000000000, 0.2916666666666666852, 0.3333333333333333148, 0.3750000000000000000, 0.4166666666666666852, 0.4583333333333333148, 0.5000000000000000000, 0.5416666666666666297, 0.5833333333333333703, 0.6250000000000000000, 0.6666666666666666297, 0.7083333333333333703, 0.7500000000000000000, 0.7916666666666666297, 0.8265944055485121567, 0.8348603496039972427 ),
 .UNSPECIFIED. ) 
 GEOMETRIC_REPRESENTATION_ITEM ( )  RATIONAL_B_SPLINE_SURFACE ( (
 ( 1.000000000000000000, 0.8660254037844387076, 1.000000000000000000, 0.8660254037844387076, 1.000000000000000000, 0.8660254037844387076, 1.000000000000000000, 0.8660254037844387076, 1.000000000000000000, 0.8660254037844387076, 1.000000000000000000, 0.8660254037844387076, 1.000000000000000000, 0.8660254037844387076, 1.000000000000000000, 0.8660254037844387076, 1.000000000000000000, 0.8660254037844387076, 1.000000000000000000, 0.8660254037844387076, 1.000000000000000000, 0.8660254037844387076, 1.000000000000000000, 0.8660254037844387076, 1.000000000000000000, 0.8660254037844387076, 1.000000000000000000, 0.8660254037844387076, 1.000000000000000000, 0.8660254037844387076, 1.000000000000000000, 0.8660254037844387076, 1.000000000000000000, 0.8660254037844387076, 1.000000000000000000, 0.8660254037844387076, 1.000000000000000000, 0.8660254037844387076, 1.000000000000000000, 0.8876936868779726764, 0.9636724415723747494, 0.9636724415723747494, 0.9636724415723747494),
 ( 1.000000000000000000, 0.8660254037844387076, 1.000000000000000000, 0.8660254037844387076, 1.000000000000000000, 0.8660254037844387076, 1.000000000000000000, 0.8660254037844387076, 1.000000000000000000, 0.8660254037844387076, 1.000000000000000000, 0.8660254037844387076, 1.000000000000000000, 0.8660254037844387076, 1.000000000000000000, 0.8660254037844387076, 1.000000000000000000, 0.8660254037844387076, 1.000000000000000000, 0.8660254037844387076, 1.000000000000000000, 0.8660254037844387076, 1.000000000000000000, 0.8660254037844387076, 1.000000000000000000, 0.8660254037844387076, 1.000000000000000000, 0.8660254037844387076, 1.000000000000000000, 0.8660254037844387076, 1.000000000000000000, 0.8660254037844387076, 1.000000000000000000, 0.8660254037844387076, 1.000000000000000000, 0.8660254037844387076, 1.000000000000000000, 0.8660254037844387076, 1.000000000000000000, 0.8876936868779726764, 0.9636724415723747494, 0.9636724415723747494, 0.9636724415723747494) ) ) 
 REPRESENTATION_ITEM ( '' )  SURFACE ( )  );
#6417 = CARTESIAN_POINT ( 'NONE',  ( 7.778174593052059826, 3.537723214905108549, -9.043152192292705394 ) ) ;
#6418 = VECTOR ( 'NONE', #181, 1000.000000000000000 ) ;
#6419 = EDGE_LOOP ( 'NONE', ( #6788, #3441, #7500, #6374, #3200 ) ) ;
#6420 = DIRECTION ( 'NONE',  ( 0.000000000000000000, 0.000000000000000000, 1.000000000000000000 ) ) ;
#6421 = EDGE_LOOP ( 'NONE', ( #7270, #6161 ) ) ;
#6422 = VERTEX_POINT ( 'NONE', #3772 ) ;
#6423 = CARTESIAN_POINT ( 'NONE',  ( 7.778174593051960350, 3.225892857142856673, 6.928174593052087715 ) ) ;
#6424 = CARTESIAN_POINT ( 'NONE',  ( -6.830692863284747673, 4.700000000000001066, -8.141551594371614797 ) ) ;
#6425 = CARTESIAN_POINT ( 'NONE',  ( -8.415728998033555897, 4.193729183757940682, 7.215300097131555290 ) ) ;
#6426 = CARTESIAN_POINT ( 'NONE',  ( -8.628174593052007069, 3.490476191714978693, 8.268922321863222180 ) ) ;
#6427 = ORIENTED_EDGE ( 'NONE', *, *, #7608, .T. ) ;
#6428 = CARTESIAN_POINT ( 'NONE',  ( 0.000000000000000000, 3.700000000000000178, 0.000000000000000000 ) ) ;
#6429 = CARTESIAN_POINT ( 'NONE',  ( -6.952596554031603482, 4.002784099479605118, 7.982712808864428133 ) ) ;
#6430 = CARTESIAN_POINT ( 'NONE',  ( 7.500059200793584679, 4.611430789706040478, 6.972998072812396586 ) ) ;
#6431 = ORIENTED_EDGE ( 'NONE', *, *, #5625, .T. ) ;
#6432 = ORIENTED_EDGE ( 'NONE', *, *, #5054, .F. ) ;
#6433 = CARTESIAN_POINT ( 'NONE',  ( 8.558478225360206082, 3.595170212263525400, -8.115620452283188513 ) ) ;
#6434 = CARTESIAN_POINT ( 'NONE',  ( -8.873677329212721787, 4.558258929190823316, 7.778174593052038510 ) ) ;
#6435 = CARTESIAN_POINT ( 'NONE',  ( -8.522023773188857731, 4.282974437570815418, -7.365130848023905052 ) ) ;
#6436 = CARTESIAN_POINT ( 'NONE',  ( -8.438985909581049327, 3.208641743849015793, 8.661632600811163485 ) ) ;
#6437 = CARTESIAN_POINT ( 'NONE',  ( -8.325925961132368158, 5.994568453000346686, -6.829441393621494605 ) ) ;
#6438 = CARTESIAN_POINT ( 'NONE',  ( -8.628174593052010621, 3.906250001238788627, -7.778174593052033181 ) ) ;
#6439 = CARTESIAN_POINT ( 'NONE',  ( -8.873677329212721787, 4.917336310143204159, 7.145685793431678867 ) ) ;
#6440 = CARTESIAN_POINT ( 'NONE',  ( 6.928174593052061070, 4.359821429810216920, -7.778174593051986108 ) ) ;
#6441 = CARTESIAN_POINT ( 'NONE',  ( 8.567091583649993680, 3.538979686003486780, 8.094655541906982776 ) ) ;
#6442 = CARTESIAN_POINT ( 'NONE',  ( 8.203174593052059649, 4.208630953619740822, -8.514296186268758504 ) ) ;
#6443 = VERTEX_POINT ( 'NONE', #6332 ) ;
#6444 = CARTESIAN_POINT ( 'NONE',  ( 6.721416559660522871, 3.200000000000000178, -7.456738959972386560 ) ) ;
#6445 = EDGE_CURVE ( 'NONE', #6238, #1039, #573, .T. ) ;
#6446 = CARTESIAN_POINT ( 'NONE',  ( 8.628174593052058583, 3.213795044467159467, -7.621101876523606045 ) ) ;
#6447 = CARTESIAN_POINT ( 'NONE',  ( -6.997870960747519575, 4.048741640835851641, -8.115620452292144904 ) ) ;
#6448 = CARTESIAN_POINT ( 'NONE',  ( -7.353174593052007602, 5.002380952380952372, 7.042052999835266114 ) ) ;
#6449 = CARTESIAN_POINT ( 'NONE',  ( 1.152188841818234133E-13, 2.500000000000000000, -12.09999999999999787 ) ) ;
#6450 = LINE ( 'NONE', #692, #4984 ) ;
#6451 = CARTESIAN_POINT ( 'NONE',  ( 6.682671856891347240, 4.501562500619394669, -7.778174593051986108 ) ) ;
#6452 = DIRECTION ( 'NONE',  ( -0.000000000000000000, -1.000000000000000000, -0.000000000000000000 ) ) ;
#6453 = CARTESIAN_POINT ( 'NONE',  ( 4.898587196589412829E-16, 5.500000000000000000, 4.000000000000000000 ) ) ;
#6454 = CARTESIAN_POINT ( 'NONE',  ( -8.873677329212721787, 4.066889881571776222, 7.145685793431678867 ) ) ;
#6455 = ORIENTED_EDGE ( 'NONE', *, *, #3001, .F. ) ;
#6456 = CARTESIAN_POINT ( 'NONE',  ( -6.985844315412424343, 3.539794948720639933, -7.470314827453303330 ) ) ;
#6457 = EDGE_CURVE ( 'NONE', #2623, #4951, #3149, .T. ) ;
#6458 = CARTESIAN_POINT ( 'NONE',  ( -7.215075111164907185, 4.534743548277777592, -8.415162546892405615 ) ) ;
#6459 = EDGE_CURVE ( 'NONE', #100, #8197, #7973, .T. ) ;
#6460 = CARTESIAN_POINT ( 'NONE',  ( 2.000000000000083933, 4.700000000000000178, 10.99999999999985434 ) ) ;
#6461 = CARTESIAN_POINT ( 'NONE',  ( 8.325925961132416120, 4.407068453000347219, -8.726907792482524684 ) ) ;
#6462 = VECTOR ( 'NONE', #6415, 1000.000000000000000 ) ;
#6463 = VERTEX_POINT ( 'NONE', #6034 ) ;
#6464 = CARTESIAN_POINT ( 'NONE',  ( -8.628174593052010621, 4.700000000000000178, -7.778174593052033181 ) ) ;
#6465 = ORIENTED_EDGE ( 'NONE', *, *, #3989, .T. ) ;
#6466 = CARTESIAN_POINT ( 'NONE',  ( -7.034329015256335360, 4.509760814243167992, 7.365124302496438347 ) ) ;
#6467 = ADVANCED_FACE ( 'NONE', ( #7857 ), #904, .F. ) ;
#6468 = CARTESIAN_POINT ( 'NONE',  ( 6.682671856891347240, 5.446502976809870056, -7.145685793431626465 ) ) ;
#6469 = CARTESIAN_POINT ( 'NONE',  ( -8.576199853986992139, 4.221565028006081022, 7.485393814693377834 ) ) ;
#6470 = AXIS2_PLACEMENT_3D ( 'NONE', #5028, #1932, #707 ) ;
#6471 = CARTESIAN_POINT ( 'NONE',  ( 7.056297267320275957, 3.833188169695144421, -7.328506028339615064 ) ) ;
#6472 = EDGE_LOOP ( 'NONE', ( #1933, #3839, #4823, #2538 ) ) ;
#6473 = PLANE ( 'NONE',  #1247 ) ;
#6474 = DIRECTION ( 'NONE',  ( 0.000000000000000000, 1.000000000000000000, 0.000000000000000000 ) ) ;
#6475 = EDGE_CURVE ( 'NONE', #311, #6961, #4554, .T. ) ;
#6476 = VECTOR ( 'NONE', #7069, 1000.000000000000000 ) ;
#6477 = VERTEX_POINT ( 'NONE', #7895 ) ;
#6478 = VERTEX_POINT ( 'NONE', #3985 ) ;
#6479 = CARTESIAN_POINT ( 'NONE',  ( 8.553270455331233535, 3.596309197257981261, -8.127357330310577055 ) ) ;
#6480 = FACE_OUTER_BOUND ( 'NONE', #6927, .T. ) ;
#6481 = CARTESIAN_POINT ( 'NONE',  ( -8.516053864013914065, 4.208719936843984044, -8.203906258965185216 ) ) ;
#6482 = CARTESIAN_POINT ( 'NONE',  ( 8.304487338604246816, 4.085036044006701950, 7.109717684778426694 ) ) ;
#6483 = CARTESIAN_POINT ( 'NONE',  ( -7.230423224971654683, 4.803943453000346864, -8.726907792482570869 ) ) ;
#6484 = CIRCLE ( 'NONE', #1095, 7.000000000000000000 ) ;
#6485 = CARTESIAN_POINT ( 'NONE',  ( -6.928174593052012220, 4.170833334572121132, -8.268922321863215075 ) ) ;
#6486 = CARTESIAN_POINT ( 'NONE',  ( -8.628174593052007069, 4.775595239334026409, 7.287426864240856617 ) ) ;
#6487 = CARTESIAN_POINT ( 'NONE',  ( -7.778174593052006536, 4.388169643476538262, 6.513196993811319224 ) ) ;
#6488 = CARTESIAN_POINT ( 'NONE',  ( 8.109666072173663309, 3.482133460157955440, 8.560872678036304251 ) ) ;
#6489 = CARTESIAN_POINT ( 'NONE',  ( 8.628174593052060359, 3.188095239334026054, -7.287426864240805102 ) ) ;
#6490 = AXIS2_PLACEMENT_3D ( 'NONE', #7999, #7488, #331 ) ;
#6491 = ORIENTED_EDGE ( 'NONE', *, *, #7986, .F. ) ;
#6492 = CARTESIAN_POINT ( 'NONE',  ( -8.056289985316409386, 4.611430789706605360, -8.583351113289637624 ) ) ;
#6493 = CARTESIAN_POINT ( 'NONE',  ( -6.682671856891298390, 3.859002976809870589, -8.410663392672393712 ) ) ;
#6494 = DIRECTION ( 'NONE',  ( -0.000000000000000000, -1.000000000000000000, -0.000000000000000000 ) ) ;
#6495 = DIRECTION ( 'NONE',  ( -1.000000000000000000, 0.000000000000000000, 0.000000000000000000 ) ) ;
#6496 = CARTESIAN_POINT ( 'NONE',  ( 8.367824203204158096, 4.078294098919940325, -8.390411679264623501 ) ) ;
#6497 = CARTESIAN_POINT ( 'NONE',  ( 8.325925961132416120, 3.896800595857489835, -8.726907792482524684 ) ) ;
#6498 = CARTESIAN_POINT ( 'NONE',  ( 0.000000000000000000, 5.200000000000000178, 0.000000000000000000 ) ) ;
#6499 = CIRCLE ( 'NONE', #2856, 6.700000000000001066 ) ;
#6500 = CARTESIAN_POINT ( 'NONE',  ( 7.260899282394919219, 4.179326968703076517, -8.454849221026110584 ) ) ;
#6501 = CARTESIAN_POINT ( 'NONE',  ( -8.873677329212721787, 4.917336310143204159, 7.145685793431678867 ) ) ;
#6502 = ORIENTED_EDGE ( 'NONE', *, *, #8055, .F. ) ;
#6503 = CARTESIAN_POINT ( 'NONE',  ( -7.449301673364634446, 3.481922778275134078, -6.994374298012536961 ) ) ;
#6504 = CARTESIAN_POINT ( 'NONE',  ( -7.197273712919559863, 4.532822970378380667, -8.398769325071580027 ) ) ;
#6505 = CARTESIAN_POINT ( 'NONE',  ( 7.022809332273748595, 3.200000000000000622, -6.984732996118143689 ) ) ;
#6506 = B_SPLINE_CURVE_WITH_KNOTS ( 'NONE', 3,
 ( #7509, #1751, #5620, #8054, #1067, #6115, #3519, #6076, #2300, #7374, #8186, #2879, #4185, #4223 ),
 .UNSPECIFIED., .F., .F.,
 ( 4, 2, 2, 2, 2, 2, 4 ),
 ( 0.000000000000000000, 0.0002384424936249965148, 0.0004768849872499930295, 0.0009537699744999832401, 0.001430654961749973451, 0.001669097455374966713, 0.001907539948999959758 ),
 .UNSPECIFIED. ) ;
#6507 = DIRECTION ( 'NONE',  ( 0.000000000000000000, 0.000000000000000000, 1.000000000000000000 ) ) ;
#6508 = CARTESIAN_POINT ( 'NONE',  ( 8.873677329212773301, 3.840104167286061188, -7.145685793431626465 ) ) ;
#6509 = EDGE_CURVE ( 'NONE', #535, #4003, #466, .T. ) ;
#6510 = ORIENTED_EDGE ( 'NONE', *, *, #6704, .F. ) ;
#6511 = MANIFOLD_SOLID_BREP ( 'ÕπÃ®-¿≠…Ï3', #8025 ) ;
#6512 = CARTESIAN_POINT ( 'NONE',  ( -7.230423224971655571, 5.616592262524155998, -6.829441393621494605 ) ) ;
#6513 = CARTESIAN_POINT ( 'NONE',  ( -6.931666348073548534, 4.465741320494510447, 7.872904420029179562 ) ) ;
#6514 = CARTESIAN_POINT ( 'NONE',  ( 8.873677329212773301, 5.144122024428918749, -7.145685793431626465 ) ) ;
#6515 = CARTESIAN_POINT ( 'NONE',  ( -8.522023773189253859, 4.282974437571282600, 8.191218338079444550 ) ) ;
#6516 = CARTESIAN_POINT ( 'NONE',  ( -8.628174593052007069, 3.452678572667359447, 7.778174593052038510 ) ) ;
#6517 = CARTESIAN_POINT ( 'NONE',  ( 0.000000000000000000, 2.500000000000000000, -4.500000000000000000 ) ) ;
#6518 = ORIENTED_EDGE ( 'NONE', *, *, #5519, .T. ) ;
#6519 = ORIENTED_EDGE ( 'NONE', *, *, #8213, .F. ) ;
#6520 = CARTESIAN_POINT ( 'NONE',  ( 0.000000000000000000, 0.000000000000000000, -4.300000000000008704 ) ) ;
#6521 = CARTESIAN_POINT ( 'NONE',  ( 6.928174593051956265, 4.737797619047618980, 8.268922321863270142 ) ) ;
#6522 = CARTESIAN_POINT ( 'NONE',  ( -8.376168543825242452, 4.304157769812410272, -7.174102234935306299 ) ) ;
#6523 = CARTESIAN_POINT ( 'NONE',  ( -8.873677329212721787, 3.632217262524156443, 8.410663392672399041 ) ) ;
#6524 = CARTESIAN_POINT ( 'NONE',  ( -8.873677329212725340, 5.427604167286060211, -8.410663392672393712 ) ) ;
#6525 = AXIS2_PLACEMENT_3D ( 'NONE', #2197, #7834, #5338 ) ;
#6526 = CARTESIAN_POINT ( 'NONE',  ( -6.682671856891298390, 3.859002976809870589, -8.410663392672393712 ) ) ;
#6527 = CARTESIAN_POINT ( 'NONE',  ( -6.682671856891293061, 4.690550595857490457, 8.410663392672399041 ) ) ;
#6528 = CARTESIAN_POINT ( 'NONE',  ( -6.928174593052007779, 4.095238096476882639, 8.268922321863218627 ) ) ;
#6529 = CARTESIAN_POINT ( 'NONE',  ( 8.188988110136252274, 4.699999999999999289, -6.762616372605454451 ) ) ;
#6530 = CARTESIAN_POINT ( 'NONE',  ( -8.325925961132368158, 4.879538691095585357, -8.726907792482572646 ) ) ;
#6531 = VERTEX_POINT ( 'NONE', #346 ) ;
#6532 = CARTESIAN_POINT ( 'NONE',  ( -7.873039317099888024, 4.595043991564481622, -8.628174593052033714 ) ) ;
#6533 = CARTESIAN_POINT ( 'NONE',  ( -8.873677329212725340, 3.594419643476537196, -7.778174593052033181 ) ) ;
#6534 = CARTESIAN_POINT ( 'NONE',  ( -7.013493790081566814, 3.986930184487770035, -7.402706021425397687 ) ) ;
#6535 = DIRECTION ( 'NONE',  ( 0.000000000000000000, 0.000000000000000000, 1.000000000000000000 ) ) ;
#6536 = CARTESIAN_POINT ( 'NONE',  ( 7.886788191754843247, 3.915900935703963803, -6.934931053157368908 ) ) ;
#6537 = CARTESIAN_POINT ( 'NONE',  ( 11.00000000000000000, 2.500000000000000000, -1.100000000000000977 ) ) ;
#6538 = B_SPLINE_CURVE_WITH_KNOTS ( 'NONE', 3,
 ( #8246, #4873, #4913, #2484, #5502, #7436, #1685, #1726, #8159, #6892, #6845, #451, #7147, #675 ),
 .UNSPECIFIED., .F., .F.,
 ( 4, 2, 2, 2, 2, 2, 4 ),
 ( 0.000000000000000000, 0.0002384424936249929098, 0.0004768849872499858196, 0.0009537699744999776023, 0.001430654961749969331, 0.001669097455374964978, 0.001907539948999961059 ),
 .UNSPECIFIED. ) ;
#6539 = DIRECTION ( 'NONE',  ( 0.000000000000000000, 0.000000000000000000, 1.000000000000000000 ) ) ;
#6540 = CARTESIAN_POINT ( 'NONE',  ( 6.928174354422385939, 4.248148714967584283, -7.755841818449321856 ) ) ;
#6541 = CARTESIAN_POINT ( 'NONE',  ( -7.877956229309235781, 6.025480633699510591, 8.985543237739465283 ) ) ;
#6542 = CARTESIAN_POINT ( 'NONE',  ( -8.567093682592378912, 3.312194468812971415, 7.461698879132931062 ) ) ;
#6543 = DIRECTION ( 'NONE',  ( 0.000000000000000000, 1.000000000000000000, 0.000000000000000000 ) ) ;
#6544 =( BOUNDED_CURVE ( )  B_SPLINE_CURVE ( 2, ( #2025, #3146, #3866, #6426, #6516, #7649, #1258, #2646, #5711 ),
 .UNSPECIFIED., .F., .F. ) 
 B_SPLINE_CURVE_WITH_KNOTS ( ( 3, 2, 2, 2, 3 ),
 ( 0.5292809571961720749, 0.5544842066588164808, 0.6048918618096179589, 0.6552995169604194370, 0.6805033445358200650 ),
 .UNSPECIFIED. ) 
 CURVE ( )  GEOMETRIC_REPRESENTATION_ITEM ( )  RATIONAL_B_SPLINE_CURVE ( ( 0.9330127019274632172, 0.9330142384132666944, 1.000000000000000000, 0.8660254037844387076, 1.000000000000000000, 0.8660254037844387076, 1.000000000000000000, 0.9330127018922196314, 0.9330127018922192983 ) ) 
 REPRESENTATION_ITEM ( '' )  );
#6545 = CARTESIAN_POINT ( 'NONE',  ( 8.553270455331167810, 4.503452054400616689, 7.428991855793582566 ) ) ;
#6546 = CARTESIAN_POINT ( 'NONE',  ( 6.928174593051956265, 3.944047620286407874, 8.268922321863271918 ) ) ;
#6547 = CIRCLE ( 'NONE', #5201, 6.500000000000000888 ) ;
#6548 = ORIENTED_EDGE ( 'NONE', *, *, #4608, .F. ) ;
#6549 = CARTESIAN_POINT ( 'NONE',  ( -8.628174593052010621, 5.569345238095237960, -8.268922321863215075 ) ) ;
#6550 = AXIS2_PLACEMENT_3D ( 'NONE', #2340, #7505, #1666 ) ;
#6551 = CARTESIAN_POINT ( 'NONE',  ( 7.778174593051957686, 4.218080357762252319, 9.043152192292808422 ) ) ;
#6552 = FILL_AREA_STYLE ('',( #827 ) ) ;
#6553 = DIRECTION ( 'NONE',  ( -0.000000000000000000, -1.000000000000000000, -0.000000000000000000 ) ) ;
#6554 = CARTESIAN_POINT ( 'NONE',  ( 8.675723903208115928, 4.699999999999982414, 8.469728339491885194 ) ) ;
#6555 = DIRECTION ( 'NONE',  ( 0.000000000000000000, 0.000000000000000000, 1.000000000000000000 ) ) ;
#6556 = B_SPLINE_CURVE_WITH_KNOTS ( 'NONE', 3,
 ( #2277, #7439, #3495, #7915, #962, #3459, #4242, #5380, #2163, #4716 ),
 .UNSPECIFIED., .F., .F.,
 ( 4, 2, 2, 2, 4 ),
 ( 1.939479807224432123E-18, 0.0004802380483554774104, 0.0009604760967109528692, 0.001440714145066428328, 0.001920952193421903787 ),
 .UNSPECIFIED. ) ;
#6557 = ADVANCED_FACE ( 'NONE', ( #6242 ), #2143, .T. ) ;
#6558 = CIRCLE ( 'NONE', #5076, 1.100000000000002087 ) ;
#6559 = EDGE_LOOP ( 'NONE', ( #2198, #1640, #3909, #3236 ) ) ;
#6560 = ORIENTED_EDGE ( 'NONE', *, *, #4967, .T. ) ;
#6561 = CARTESIAN_POINT ( 'NONE',  ( 8.873677329212670273, 5.729985119667015070, 7.145685793431730382 ) ) ;
#6562 = DIRECTION ( 'NONE',  ( -0.000000000000000000, -1.000000000000000000, -0.000000000000000000 ) ) ;
#6563 = CARTESIAN_POINT ( 'NONE',  ( 7.942799523144061347, 3.920890403675779901, 8.612935012562360271 ) ) ;
#6564 = CARTESIAN_POINT ( 'NONE',  ( -6.682671856891298390, 5.635491072047965844, -7.778174593052033181 ) ) ;
#6565 = CARTESIAN_POINT ( 'NONE',  ( -8.873677329212725340, 3.103050595857490102, -8.410663392672393712 ) ) ;
#6566 = CARTESIAN_POINT ( 'NONE',  ( -7.778174593052006536, 5.748883929190823139, 6.513196993811319224 ) ) ;
#6567 = CARTESIAN_POINT ( 'NONE',  ( -8.325925961132364606, 3.216443453000346953, 8.726907792482577975 ) ) ;
#6568 = LINE ( 'NONE', #5373, #4643 ) ;
#6569 = ORIENTED_EDGE ( 'NONE', *, *, #2641, .F. ) ;
#6570 = DIRECTION ( 'NONE',  ( 0.000000000000000000, 1.000000000000000000, 0.000000000000000000 ) ) ;
#6571 = CARTESIAN_POINT ( 'NONE',  ( -8.325925961132368158, 3.670014881571775689, -6.829441393621494605 ) ) ;
#6572 = CARTESIAN_POINT ( 'NONE',  ( -7.406347506210089193, 3.939023076674152080, -7.013603661085269891 ) ) ;
#6573 = CARTESIAN_POINT ( 'NONE',  ( -7.353174593052007602, 5.909523809523809845, 7.042052999835266114 ) ) ;
#6574 = EDGE_CURVE ( 'NONE', #4860, #6037, #4938, .T. ) ;
#6575 = CARTESIAN_POINT ( 'NONE',  ( -8.325925961132368158, 4.180282738714632629, -6.829441393621494605 ) ) ;
#6576 = CARTESIAN_POINT ( 'NONE',  ( -8.371548807038017515, 3.851097764605598606, 8.386787794951038322 ) ) ;
#6577 = CARTESIAN_POINT ( 'NONE',  ( 5.755839955992558669E-16, 6.000000000000000000, -4.699999999999999289 ) ) ;
#6578 = CARTESIAN_POINT ( 'NONE',  ( -7.778174593052007424, 4.700000000000000178, 7.778174593052038510 ) ) ;
#6579 = CARTESIAN_POINT ( 'NONE',  ( 7.445865414588801912, 3.200000000000000178, -8.673292551117020466 ) ) ;
#6580 = EDGE_CURVE ( 'NONE', #879, #3638, #7624, .T. ) ;
#6581 = CARTESIAN_POINT ( 'NONE',  ( -8.873677329212721787, 5.881175595857490279, 7.145685793431678867 ) ) ;
#6582 = CARTESIAN_POINT ( 'NONE',  ( 0.000000000000000000, 3.700000000000000178, 0.000000000000000000 ) ) ;
#6583 = CARTESIAN_POINT ( 'NONE',  ( -8.872922838270262957, 3.199999999999953992, 7.818825847979341326 ) ) ;
#6584 = CARTESIAN_POINT ( 'NONE',  ( 8.570504870691667776, 4.446937805863587556, 8.086034358650520559 ) ) ;
#6585 = CARTESIAN_POINT ( 'NONE',  ( 7.438849756840081540, 3.255981495661528058, -8.557519770707166629 ) ) ;
#6586 = DIRECTION ( 'NONE',  ( 0.000000000000000000, 0.000000000000000000, 1.000000000000000000 ) ) ;
#6587 = CARTESIAN_POINT ( 'NONE',  ( -6.682671856891298390, 5.276413691095585001, -8.410663392672391936 ) ) ;
#6588 = CARTESIAN_POINT ( 'NONE',  ( 8.873677329212670273, 3.386532738714632895, 8.410663392672448779 ) ) ;
#6589 = VECTOR ( 'NONE', #7010, 1000.000000000000000 ) ;
#6590 = CARTESIAN_POINT ( 'NONE',  ( 8.325925961132314868, 5.257514881571775156, 6.829441393621549672 ) ) ;
#6591 = CARTESIAN_POINT ( 'NONE',  ( 6.928174593051956265, 3.755059523809524347, 7.287426864240906355 ) ) ;
#6592 = VERTEX_POINT ( 'NONE', #3006 ) ;
#6593 = EDGE_LOOP ( 'NONE', ( #5329, #8284, #322, #1376 ) ) ;
#6594 = CARTESIAN_POINT ( 'NONE',  ( 8.203174593051956620, 5.304761904761904567, 8.514296186268863309 ) ) ;
#6595 = CARTESIAN_POINT ( 'NONE',  ( -8.107052315418798116, 4.162280304807948639, -8.561972872837056769 ) ) ;
#6596 = MANIFOLD_SOLID_BREP ( 'µπΩ«3', #4400 ) ;
#6597 = CARTESIAN_POINT ( 'NONE',  ( 8.472238909781372840, 4.064375339707855694, 7.287424440336462084 ) ) ;
#6598 = CARTESIAN_POINT ( 'NONE',  ( -7.862948665013623994, 4.665801945942866347, 8.994207859025420859 ) ) ;
#6599 = CYLINDRICAL_SURFACE ( 'NONE', #8065, 0.8499999999999992006 ) ;
#6600 = DIRECTION ( 'NONE',  ( -0.000000000000000000, -1.000000000000000000, -0.000000000000000000 ) ) ;
#6601 = CARTESIAN_POINT ( 'NONE',  ( -6.928174593052006891, 3.225892858381645301, 7.778174593052038510 ) ) ;
#6602 = CIRCLE ( 'NONE', #3641, 8.000000000000000000 ) ;
#6603 = CARTESIAN_POINT ( 'NONE',  ( 7.999370373066487794, 4.567208745935658065, -8.606310465923531439 ) ) ;
#6604 = EDGE_CURVE ( 'NONE', #2623, #390, #1140, .T. ) ;
#6605 = ORIENTED_EDGE ( 'NONE', *, *, #4464, .T. ) ;
#6606 = CARTESIAN_POINT ( 'NONE',  ( 8.628174593052060359, 4.888988095238095966, -7.287426864240803326 ) ) ;
#6607 = CARTESIAN_POINT ( 'NONE',  ( -6.972020730589725268, 3.543298386994004012, 8.048460531197861201 ) ) ;
#6608 = CARTESIAN_POINT ( 'NONE',  ( 11.00000000000001243, 3.700000000000000178, 1.999999999999770628 ) ) ;
#6609 = CARTESIAN_POINT ( 'NONE',  ( -8.325925961132364606, 4.633854167286061809, 8.726907792482577975 ) ) ;
#6610 = CARTESIAN_POINT ( 'NONE',  ( 6.965065845351138485, 3.318521325695520829, 7.530015572057918938 ) ) ;
#6611 = CARTESIAN_POINT ( 'NONE',  ( -7.778197072705512305, 3.906248000761019412, 8.628174592754783490 ) ) ;
#6612 = CARTESIAN_POINT ( 'NONE',  ( -11.00000000000000000, 3.700000000000000178, 1.999999999999922951 ) ) ;
#6613 = AXIS2_PLACEMENT_3D ( 'NONE', #8207, #8293, #3699 ) ;
#6614 = CIRCLE ( 'NONE', #565, 1.100000000000002087 ) ;
#6615 = DIRECTION ( 'NONE',  ( 1.000000000000000000, 0.000000000000000000, -1.844642064250089897E-16 ) ) ;
#6616 = CARTESIAN_POINT ( 'NONE',  ( -7.230423224971650242, 5.616592262524155998, 8.726907792482577975 ) ) ;
#6617 = CARTESIAN_POINT ( 'NONE',  ( -7.218557174269700560, 4.410718440953913522, -7.136075890291847301 ) ) ;
#6618 = CARTESIAN_POINT ( 'NONE',  ( -8.853249446580846893, 3.199999999999998401, 7.659711726126918308 ) ) ;
#6619 = ADVANCED_FACE ( 'NONE', ( #8182 ), #3633, .T. ) ;
#6620 = CARTESIAN_POINT ( 'NONE',  ( 8.341274074939068583, 4.534743548277779368, 7.141186639211723808 ) ) ;
#6621 = CARTESIAN_POINT ( 'NONE',  ( 7.078999668699177406, 3.383223502982910524, -7.294786991817178823 ) ) ;
#6622 = LINE ( 'NONE', #861, #1036 ) ;
#6623 = CARTESIAN_POINT ( 'NONE',  ( -6.928174593052012220, 5.342559523809523370, -7.287426864240853064 ) ) ;
#6624 = CARTESIAN_POINT ( 'NONE',  ( 8.873677329212670273, 4.369270833952727529, 7.145685793431728605 ) ) ;
#6625 = CARTESIAN_POINT ( 'NONE',  ( -6.928174593052012220, 4.095238096476883527, -7.287426864240853064 ) ) ;
#6626 = CARTESIAN_POINT ( 'NONE',  ( 6.997868319590945241, 3.821955332570259323, -7.440734856272405828 ) ) ;
#6627 = CARTESIAN_POINT ( 'NONE',  ( 8.240362541713194489, 3.184787906526626244, 7.043667103207074121 ) ) ;
#6628 = EDGE_LOOP ( 'NONE', ( #1745, #4572, #5377, #1752 ) ) ;
#6629 = ORIENTED_EDGE ( 'NONE', *, *, #5407, .F. ) ;
#6630 = CARTESIAN_POINT ( 'NONE',  ( 6.928174593051956265, 5.644940476190475565, 8.268922321863270142 ) ) ;
#6631 = CARTESIAN_POINT ( 'NONE',  ( 5.510910596163088569E-16, 5.400000000000001243, 4.500000000000000000 ) ) ;
#6632 = CARTESIAN_POINT ( 'NONE',  ( 7.779880537664194406, 3.906401718579727955, 8.628174638465868185 ) ) ;
#6633 = CARTESIAN_POINT ( 'NONE',  ( -7.230423224971652907, 4.407068453000349884, 6.829441393621502598 ) ) ;
#6634 = FACE_OUTER_BOUND ( 'NONE', #30, .T. ) ;
#6635 = CARTESIAN_POINT ( 'NONE',  ( 6.682671856891247764, 4.066889881571777998, 7.145685793431733046 ) ) ;
#6636 = CARTESIAN_POINT ( 'NONE',  ( -7.877978186526241267, 3.034342311269904613, 6.570818625369759580 ) ) ;
#6637 = CARTESIAN_POINT ( 'NONE',  ( 8.376166713062255909, 4.530943685284989364, -8.382248763382046164 ) ) ;
#6638 = ORIENTED_EDGE ( 'NONE', *, *, #161, .F. ) ;
#6639 = EDGE_LOOP ( 'NONE', ( #5965, #1206, #3331, #6569, #3141, #6677, #3018, #158, #1970, #2812, #7375 ) ) ;
#6640 = CARTESIAN_POINT ( 'NONE',  ( 7.678365639111299323, 6.025478748640970217, -6.570821720236500241 ) ) ;
#6641 = CARTESIAN_POINT ( 'NONE',  ( -7.015191551879326859, 3.598832704855354336, 7.403262525222018553 ) ) ;
#6642 = CARTESIAN_POINT ( 'NONE',  ( -8.628174593052007069, 4.359821429810216920, 7.778174593052038510 ) ) ;
#6643 = DIRECTION ( 'NONE',  ( 0.000000000000000000, 1.000000000000000000, 0.000000000000000000 ) ) ;
#6644 = CARTESIAN_POINT ( 'NONE',  ( 7.556960654692918666, 3.433278574310278053, 8.606305365373335903 ) ) ;
#6645 = CARTESIAN_POINT ( 'NONE',  ( 8.325925961132314868, 3.745610119667013738, 8.726907792482629489 ) ) ;
#6646 = ADVANCED_FACE ( 'NONE', ( #979 ), #4810, .F. ) ;
#6647 = CARTESIAN_POINT ( 'NONE',  ( 8.056274901947944045, 3.931072286841475805, -6.972992487019751273 ) ) ;
#6648 = DIRECTION ( 'NONE',  ( 0.000000000000000000, 0.000000000000000000, -1.000000000000000000 ) ) ;
#6649 = DIRECTION ( 'NONE',  ( -0.000000000000000000, -1.000000000000000000, -0.000000000000000000 ) ) ;
#6650 = CARTESIAN_POINT ( 'NONE',  ( -7.778197072705845372, 4.359819429332419283, -6.928174593349289978 ) ) ;
#6651 = CARTESIAN_POINT ( 'NONE',  ( -6.682671856891293061, 4.690550595857490457, 8.410663392672399041 ) ) ;
#6652 = CARTESIAN_POINT ( 'NONE',  ( -6.968223281287378335, 4.495390036143974477, -8.043456210723006095 ) ) ;
#6653 = CARTESIAN_POINT ( 'NONE',  ( -8.873677329212725340, 4.501562500619394669, -7.778174593052033181 ) ) ;
#6654 = CARTESIAN_POINT ( 'NONE',  ( 7.999370373066385653, 4.567208745935658953, 6.950038720180538476 ) ) ;
#6655 = CARTESIAN_POINT ( 'NONE',  ( 6.985842028825016037, 3.313009789241988745, -8.086028468993266216 ) ) ;
#6656 = DIRECTION ( 'NONE',  ( 0.000000000000000000, 1.000000000000000000, 0.000000000000000000 ) ) ;
#6657 = CARTESIAN_POINT ( 'NONE',  ( -6.928174593052012220, 5.796130952380953438, -7.287426864240853064 ) ) ;
#6658 = CARTESIAN_POINT ( 'NONE',  ( 8.468748936346260692, 3.520866773882675549, -7.281777150410004396 ) ) ;
#6659 = CARTESIAN_POINT ( 'NONE',  ( 7.778174593051957686, 3.310937500619394847, 9.043152192292808422 ) ) ;
#6660 = VECTOR ( 'NONE', #6085, 1000.000000000000000 ) ;
#6661 = CARTESIAN_POINT ( 'NONE',  ( 7.778174593052059826, 3.537723214905112101, -9.043152192292701841 ) ) ;
#6662 = ADVANCED_FACE ( 'NONE', ( #4305 ), #2036, .T. ) ;
#6663 = CARTESIAN_POINT ( 'NONE',  ( 7.778174593052058050, 3.679464285714286298, -8.628174593051985752 ) ) ;
#6664 = CARTESIAN_POINT ( 'NONE',  ( 6.928174593051957153, 3.339285714285714857, 7.778174593052089136 ) ) ;
#6665 = VECTOR ( 'NONE', #5592, 1000.000000000000000 ) ;
#6666 = ORIENTED_EDGE ( 'NONE', *, *, #224, .F. ) ;
#6667 = VERTEX_POINT ( 'NONE', #3535 ) ;
#6668 = CARTESIAN_POINT ( 'NONE',  ( 7.700732877892972894, 6.167219819450147078, 8.714959055580905556 ) ) ;
#6669 = CARTESIAN_POINT ( 'NONE',  ( 8.203174593051956620, 3.603869048857835544, 8.514296186268863309 ) ) ;
#6670 = CARTESIAN_POINT ( 'NONE',  ( 8.570504870698522737, 3.993366377293660729, 8.086034358633090946 ) ) ;
#6671 = CARTESIAN_POINT ( 'NONE',  ( -8.325925961132361053, 4.029092262524159196, 6.829441393621502598 ) ) ;
#6672 = CARTESIAN_POINT ( 'NONE',  ( -8.628174593052010621, 2.961309525048312352, -8.268922321863215075 ) ) ;
#6673 = CARTESIAN_POINT ( 'NONE',  ( 7.230423224971601392, 4.482663691095587488, 6.829441393621552336 ) ) ;
#6674 = CARTESIAN_POINT ( 'NONE',  ( -8.628174593052007069, 2.999107144095931154, 7.778174593052038510 ) ) ;
#6675 = CARTESIAN_POINT ( 'NONE',  ( 7.778174593051956798, 3.200000000000000178, 6.528174593052089136 ) ) ;
#6676 = VERTEX_POINT ( 'NONE', #4756 ) ;
#6677 = ORIENTED_EDGE ( 'NONE', *, *, #5059, .F. ) ;
#6678 = CARTESIAN_POINT ( 'NONE',  ( 6.928174593052061070, 5.644940476190475565, -7.287426864240805102 ) ) ;
#6679 = CARTESIAN_POINT ( 'NONE',  ( -7.188524982900291072, 3.624722670348563547, 7.165937506839028970 ) ) ;
#6680 = CARTESIAN_POINT ( 'NONE',  ( 5.265981236333629317E-16, 0.000000000000000000, 4.300000000000008704 ) ) ;
#6681 = EDGE_CURVE ( 'NONE', #2802, #2390, #6046, .T. ) ;
#6682 = CARTESIAN_POINT ( 'NONE',  ( -7.778174593052006536, 5.352008929190823494, 6.513196993811319224 ) ) ;
#6683 = CARTESIAN_POINT ( 'NONE',  ( 6.928175070456815021, 3.335843328983664424, 7.733481802309595921 ) ) ;
#6684 = FACE_OUTER_BOUND ( 'NONE', #2601, .T. ) ;
#6685 = CARTESIAN_POINT ( 'NONE',  ( 8.516050070681613349, 3.981933545616942460, -7.352436224774201001 ) ) ;
#6686 = CARTESIAN_POINT ( 'NONE',  ( 11.00000000000001243, 4.700000000000000178, -2.000000000000228706 ) ) ;
#6687 = CARTESIAN_POINT ( 'NONE',  ( 7.230423224971704421, 5.786681548238442829, -8.726907792482524684 ) ) ;
#6688 = CARTESIAN_POINT ( 'NONE',  ( 0.000000000000000000, 2.500000000000000000, 0.000000000000000000 ) ) ;
#6689 = CARTESIAN_POINT ( 'NONE',  ( -8.873677329212721787, 4.010193453000346686, 7.145685793431678867 ) ) ;
#6690 = CARTESIAN_POINT ( 'NONE',  ( -7.084110276303645648, 4.517946768276682512, -8.268924745740664051 ) ) ;
#6691 = CARTESIAN_POINT ( 'NONE',  ( 7.105258578192730212, 3.840742299690985018, 8.297577201544482861 ) ) ;
#6692 = EDGE_CURVE ( 'NONE', #321, #7348, #7775, .T. ) ;
#6693 = CARTESIAN_POINT ( 'NONE',  ( 8.873677329212670273, 3.859002976809871033, 7.145685793431728605 ) ) ;
#6694 = CARTESIAN_POINT ( 'NONE',  ( 7.075577352484347493, 3.382686990533224414, -7.299774900934561828 ) ) ;
#6695 = CARTESIAN_POINT ( 'NONE',  ( 0.000000000000000000, 1.500000000000000000, 0.000000000000000000 ) ) ;
#6696 = CARTESIAN_POINT ( 'NONE',  ( -7.353174593052007602, 4.397619047619047983, 8.514296186268810018 ) ) ;
#6697 = EDGE_CURVE ( 'NONE', #233, #3595, #1046, .T. ) ;
#6698 = CARTESIAN_POINT ( 'NONE',  ( 8.480763395674776106, 3.609474034683087140, -8.256586676695988558 ) ) ;
#6699 = CARTESIAN_POINT ( 'NONE',  ( 7.778174593051957686, 4.444866072047966021, 6.513196993811369850 ) ) ;
#6700 = CARTESIAN_POINT ( 'NONE',  ( 8.873677329212769749, 3.462127976809873164, -8.410663392672342198 ) ) ;
#6701 = CARTESIAN_POINT ( 'NONE',  ( 9.797174393178825657E-16, 1.000000000000000000, -8.000000000000000000 ) ) ;
#6702 = CARTESIAN_POINT ( 'NONE',  ( 7.683310672281987941, 3.687901062981699063, -8.628174593051985752 ) ) ;
#6703 = CARTESIAN_POINT ( 'NONE',  ( 7.778174593051957686, 3.679464285714285854, 6.796679135429724461 ) ) ;
#6704 = EDGE_CURVE ( 'NONE', #1982, #6001, #4416, .T. ) ;
#6705 = ORIENTED_EDGE ( 'NONE', *, *, #4770, .T. ) ;
#6706 = EDGE_LOOP ( 'NONE', ( #7650, #2610, #2721, #8238 ) ) ;
#6707 = CARTESIAN_POINT ( 'NONE',  ( 11.00000000000000000, 2.500000000000000000, 0.000000000000000000 ) ) ;
#6708 = CARTESIAN_POINT ( 'NONE',  ( 8.588125904791688470, 4.041818607577366329, 7.512892975320514921 ) ) ;
#6709 = CARTESIAN_POINT ( 'NONE',  ( -8.451812830775519814, 4.652298272054262718, 7.259026390945822804 ) ) ;
#6710 = CARTESIAN_POINT ( 'NONE',  ( -7.778174593052010977, 3.339285715524502596, -8.759670050674396080 ) ) ;
#6711 = CARTESIAN_POINT ( 'NONE',  ( -8.628174593052010621, 4.359821429810216920, -7.778174593052033181 ) ) ;
#6712 = LINE ( 'NONE', #1595, #6660 ) ;
#6713 = ADVANCED_FACE ( 'NONE', ( #7572, #1813, #6848, #2364, #6304, #1137 ), #3160, .F. ) ;
#6714 = CARTESIAN_POINT ( 'NONE',  ( 8.295439663622437010, 4.406111603734797377, -7.101492063159898116 ) ) ;
#6715 = VECTOR ( 'NONE', #3182, 1000.000000000000000 ) ;
#6716 = ORIENTED_EDGE ( 'NONE', *, *, #4463, .T. ) ;
#6717 = ORIENTED_EDGE ( 'NONE', *, *, #5651, .F. ) ;
#6718 = CARTESIAN_POINT ( 'NONE',  ( 7.778174593052059826, 5.947321428571428648, -8.759670050674348118 ) ) ;
#6719 = CARTESIAN_POINT ( 'NONE',  ( -7.197273712919873390, 3.625680113235563162, 7.157579861032187907 ) ) ;
#6720 = CARTESIAN_POINT ( 'NONE',  ( 7.230423224971600504, 5.087425595857490102, 8.726907792482629489 ) ) ;
#6721 = CARTESIAN_POINT ( 'NONE',  ( -6.682671856891293061, 5.729985119667015070, 7.145685793431679755 ) ) ;
#6722 =( BOUNDED_SURFACE ( )  B_SPLINE_SURFACE ( 1, 2, ( 
 ( #6223, #1858, #8160, #3609, #3787, #2404, #4958, #7527, #3157, #1771, #8289, #4330, #6893, #1135, #3696, #629, #3960, #5898, #1270, #7110, #5219, #1357, #4588, #6524, #3372, #4458, #5135, #3206, #80, #4628, #5768, #7186, #7026, #676, #7828, #1993, #4547, #3920, #6437, #2035, #1902 ),
 ( #2616, #5811, #2658, #1440, #8339, #3253, #163, #2077, #6483, #2576, #5259, #2736, #7789, #724, #3299, #3831, #3996, #5857, #7148, #3336, #7660, #1401, #7706, #762, #120, #801, #2695, #1950, #6390, #5176, #6564, #5930, #4504, #3877, #7068, #1315, #40, #7747, #7867, #2228, #6042 ) ),
 .UNSPECIFIED., .F., .F., .F. ) 
 B_SPLINE_SURFACE_WITH_KNOTS ( ( 2, 2 ),
 ( 3, 2, 2, 2, 2, 2, 2, 2, 2, 2, 2, 2, 2, 2, 2, 2, 2, 2, 2, 2, 3 ),
 ( 0.000000000000000000, 1.000000000000000000 ),
 ( 0.000000000000000000, 0.04166666666666666435, 0.08333333333333332871, 0.1250000000000000000, 0.1666666666666666574, 0.2083333333333333426, 0.2500000000000000000, 0.2916666666666666852, 0.3333333333333333148, 0.3750000000000000000, 0.4166666666666666852, 0.4583333333333333148, 0.5000000000000000000, 0.5416666666666666297, 0.5833333333333333703, 0.6250000000000000000, 0.6666666666666666297, 0.7083333333333333703, 0.7500000000000000000, 0.7916666666666666297, 0.8265955468451379184 ),
 .UNSPECIFIED. ) 
 GEOMETRIC_REPRESENTATION_ITEM ( )  RATIONAL_B_SPLINE_SURFACE ( (
 ( 1.000000000000000000, 0.8660254037844387076, 1.000000000000000000, 0.8660254037844387076, 1.000000000000000000, 0.8660254037844387076, 1.000000000000000000, 0.8660254037844387076, 1.000000000000000000, 0.8660254037844387076, 1.000000000000000000, 0.8660254037844387076, 1.000000000000000000, 0.8660254037844387076, 1.000000000000000000, 0.8660254037844387076, 1.000000000000000000, 0.8660254037844387076, 1.000000000000000000, 0.8660254037844387076, 1.000000000000000000, 0.8660254037844387076, 1.000000000000000000, 0.8660254037844387076, 1.000000000000000000, 0.8660254037844387076, 1.000000000000000000, 0.8660254037844387076, 1.000000000000000000, 0.8660254037844387076, 1.000000000000000000, 0.8660254037844387076, 1.000000000000000000, 0.8660254037844387076, 1.000000000000000000, 0.8660254037844387076, 1.000000000000000000, 0.8660254037844387076, 1.000000000000000000, 0.8876900171638623105, 0.9636774071275460152),
 ( 1.000000000000000000, 0.8660254037844387076, 1.000000000000000000, 0.8660254037844387076, 1.000000000000000000, 0.8660254037844387076, 1.000000000000000000, 0.8660254037844387076, 1.000000000000000000, 0.8660254037844387076, 1.000000000000000000, 0.8660254037844387076, 1.000000000000000000, 0.8660254037844387076, 1.000000000000000000, 0.8660254037844387076, 1.000000000000000000, 0.8660254037844387076, 1.000000000000000000, 0.8660254037844387076, 1.000000000000000000, 0.8660254037844387076, 1.000000000000000000, 0.8660254037844387076, 1.000000000000000000, 0.8660254037844387076, 1.000000000000000000, 0.8660254037844387076, 1.000000000000000000, 0.8660254037844387076, 1.000000000000000000, 0.8660254037844387076, 1.000000000000000000, 0.8660254037844387076, 1.000000000000000000, 0.8660254037844387076, 1.000000000000000000, 0.8660254037844387076, 1.000000000000000000, 0.8876900171638623105, 0.9636774071275460152) ) ) 
 REPRESENTATION_ITEM ( '' )  SURFACE ( )  );
#6723 = CARTESIAN_POINT ( 'NONE',  ( 6.952595622194485792, 3.322427294473054626, 7.573640234003436333 ) ) ;
#6724 = CARTESIAN_POINT ( 'NONE',  ( -7.406347506209973730, 3.939023076674546875, 8.542745525018748509 ) ) ;
#6725 = CIRCLE ( 'NONE', #3103, 7.000000000000000000 ) ;
#6726 = DIRECTION ( 'NONE',  ( 0.000000000000000000, 0.000000000000000000, 1.000000000000000000 ) ) ;
#6727 = FACE_OUTER_BOUND ( 'NONE', #8256, .T. ) ;
#6728 = DIRECTION ( 'NONE',  ( 0.000000000000000000, 0.000000000000000000, 1.000000000000000000 ) ) ;
#6729 = B_SPLINE_CURVE_WITH_KNOTS ( 'NONE', 1,
 ( #1047, #3461 ),
 .UNSPECIFIED., .F., .F.,
 ( 2, 2 ),
 ( 0.000000000000000000, 1.000000000000000000 ),
 .UNSPECIFIED. ) ;
#6730 = CARTESIAN_POINT ( 'NONE',  ( -7.230423224971650242, 4.407068453000347219, 6.829441393621498158 ) ) ;
#6731 = CARTESIAN_POINT ( 'NONE',  ( -7.034329015255861073, 4.509760814243059635, -8.191224883606771812 ) ) ;
#6732 = EDGE_CURVE ( 'NONE', #4950, #6037, #2406, .T. ) ;
#6733 = CARTESIAN_POINT ( 'NONE',  ( 7.403522063425109323, 3.872925990768215865, 8.543154676251404567 ) ) ;
#6734 = VECTOR ( 'NONE', #3366, 1000.000000000000000 ) ;
#6735 = CARTESIAN_POINT ( 'NONE',  ( 8.325925961132416120, 3.953497024428918483, -8.726907792482524684 ) ) ;
#6736 = CARTESIAN_POINT ( 'NONE',  ( -8.359083977499139451, 3.398893475570667455, -7.157587823795017457 ) ) ;
#6737 = ORIENTED_EDGE ( 'NONE', *, *, #1913, .T. ) ;
#6738 = CARTESIAN_POINT ( 'NONE',  ( -7.778174593052006536, 3.679464285714285854, 6.796679135429674723 ) ) ;
#6739 = AXIS2_PLACEMENT_3D ( 'NONE', #4759, #7919, #253 ) ;
#6740 = CARTESIAN_POINT ( 'NONE',  ( 7.798623390362241281, 3.454496423084462808, -6.928386094897272862 ) ) ;
#6741 = CARTESIAN_POINT ( 'NONE',  ( 7.230423224971601392, 3.216443453000346953, 8.726907792482629489 ) ) ;
#6742 =( NAMED_UNIT ( * ) SI_UNIT ( $, .STERADIAN. ) SOLID_ANGLE_UNIT ( ) );
#6743 = CARTESIAN_POINT ( 'NONE',  ( 6.682671856891243323, 5.446502976809870056, 8.410663392672448779 ) ) ;
#6744 = CARTESIAN_POINT ( 'NONE',  ( 7.353174593051957864, 4.322023809523809490, 8.514296186268863309 ) ) ;
#6745 = ADVANCED_FACE ( 'NONE', ( #6979 ), #5684, .T. ) ;
#6746 = CARTESIAN_POINT ( 'NONE',  ( 0.000000000000000000, 2.500000000000000000, -13.50000000000000000 ) ) ;
#6747 = VERTEX_POINT ( 'NONE', #7616 ) ;
#6748 = ORIENTED_EDGE ( 'NONE', *, *, #8034, .F. ) ;
#6749 = CARTESIAN_POINT ( 'NONE',  ( 6.682671856891347240, 4.501562500619394669, -7.778174593051986108 ) ) ;
#6750 = CARTESIAN_POINT ( 'NONE',  ( 8.325925961132417896, 5.314211310143203804, -8.726907792482524684 ) ) ;
#6751 = CARTESIAN_POINT ( 'NONE',  ( -8.109683869115336563, 4.616063466411209681, 6.995484045770908210 ) ) ;
#6752 = DIRECTION ( 'NONE',  ( 0.000000000000000000, 1.000000000000000000, 0.000000000000000000 ) ) ;
#6753 = CARTESIAN_POINT ( 'NONE',  ( -7.778174593052006536, 5.380357144095931687, 8.759670050674403186 ) ) ;
#6754 = LINE ( 'NONE', #2433, #5062 ) ;
#6755 = CARTESIAN_POINT ( 'NONE',  ( 8.395785528223504102, 4.417915804642648325, -7.193540234987583659 ) ) ;
#6756 = ORIENTED_EDGE ( 'NONE', *, *, #7258, .F. ) ;
#6757 = ORIENTED_EDGE ( 'NONE', *, *, #1736, .F. ) ;
#6758 = CARTESIAN_POINT ( 'NONE',  ( 8.325925961132417896, 5.767782738714632984, -8.726907792482524684 ) ) ;
#6759 = CARTESIAN_POINT ( 'NONE',  ( -8.628174593052397867, 4.397619048858060431, 8.268922321863444225 ) ) ;
#6760 = CARTESIAN_POINT ( 'NONE',  ( -7.134337340104627501, 3.618019522962446999, 7.223041174909707429 ) ) ;
#6761 = DIRECTION ( 'NONE',  ( 0.000000000000000000, 1.000000000000000000, 0.000000000000000000 ) ) ;
#6762 = CARTESIAN_POINT ( 'NONE',  ( -6.682671856891293061, 5.200818453000346508, 8.410663392672399041 ) ) ;
#6763 = CARTESIAN_POINT ( 'NONE',  ( 6.933725308185570313, 3.347259128562138031, 7.878533036364703257 ) ) ;
#6764 = CARTESIAN_POINT ( 'NONE',  ( -7.449301673362244358, 3.935494206846756882, 8.561974888090540858 ) ) ;
#6765 = CARTESIAN_POINT ( 'NONE',  ( -8.603753563895384815, 3.775998723039515781, 7.573640233948034428 ) ) ;
#6766 = DIRECTION ( 'NONE',  ( 0.000000000000000000, 1.000000000000000000, 0.000000000000000000 ) ) ;
#6767 = PLANE ( 'NONE',  #6382 ) ;
#6768 = CARTESIAN_POINT ( 'NONE',  ( 8.325925961132417896, 3.745610119667013738, -6.829441393621446643 ) ) ;
#6769 = CARTESIAN_POINT ( 'NONE',  ( -8.873677329212721787, 4.520461310143204514, 7.145685793431678867 ) ) ;
#6770 = CARTESIAN_POINT ( 'NONE',  ( -7.443553381405439318, 4.389529103821227629, -6.996809417423868638 ) ) ;
#6771 = CARTESIAN_POINT ( 'NONE',  ( 6.682671856891243323, 4.558258929190823316, 7.778174593052089136 ) ) ;
#6772 = CARTESIAN_POINT ( 'NONE',  ( 8.628174593051957331, 4.133035715524502329, 7.778174593052089136 ) ) ;
#6773 = AXIS2_PLACEMENT_3D ( 'NONE', #929, #3539, #5311 ) ;
#6774 = CARTESIAN_POINT ( 'NONE',  ( 8.873677329212773301, 3.462127976809870500, -8.410663392672345751 ) ) ;
#6775 = CARTESIAN_POINT ( 'NONE',  ( -8.371548807038184492, 3.397526336034237371, -7.169561391153195018 ) ) ;
#6776 = AXIS2_PLACEMENT_3D ( 'NONE', #5478, #5569, #7548 ) ;
#6777 = LINE ( 'NONE', #1016, #7487 ) ;
#6778 = CARTESIAN_POINT ( 'NONE',  ( -7.353174593052007602, 4.095238095238095788, 7.042052999835266114 ) ) ;
#6779 = DIRECTION ( 'NONE',  ( -1.000000000000000000, 0.000000000000000000, 1.438820810114969083E-13 ) ) ;
#6780 = CARTESIAN_POINT ( 'NONE',  ( -7.175075591204348235, 4.076804994219684453, -8.377188266229946834 ) ) ;
#6781 = B_SPLINE_CURVE_WITH_KNOTS ( 'NONE', 3,
 ( #5700, #3134, #1830, #3179, #1378, #4567, #7128, #5834, #6365, #3227, #6321, #6283, #5786, #1924, #1290, #6412, #4392, #8312, #2550, #5157, #8267, #562, #15, #3897, #3083, #5196, #7638, #5655, #8224, #1877, #6954, #700, #4479, #4433, #3278, #1245, #2595, #5022, #7043, #3809, #7725, #6456, #58, #2634, #2464, #604, #5742, #5110, #7805, #3317, #5237, #7167, #5876, #102, #2055, #4607, #3941, #2678, #6503, #742, #3805, #4520, #599, #7762, #3973, #3273, #2010, #3313, #2711, #7124, #8308, #1967 ),
 .UNSPECIFIED., .F., .F.,
 ( 4, 2, 2, 1, 1, 1, 1, 2, 2, 2, 2, 1, 1, 2, 2, 1, 2, 2, 2, 2, 2, 2, 2, 1, 2, 2, 2, 2, 2, 2, 1, 1, 1, 1, 2, 2, 2, 2, 2, 1, 1, 2, 4 ),
 ( 0.000000000000000000, 0.06250052921446092036, 0.09375079382169120013, 0.1093759261253058612, 0.1171884922771130738, 0.1210947753530169924, 0.1230479168909686255, 0.1240244876599444490, 0.1250010584289202586, 0.1406261907325470906, 0.1484387568843601457, 0.1523450399602667982, 0.1542981814982203326, 0.1552747522671973635, 0.1562513230361743666, 0.1718764553398077488, 0.1796890214916245510, 0.1875015876434413253, 0.2187518522507078955, 0.2343769845543416941, 0.2500021168579754649, 0.2812523814652424514, 0.2968775137688758892, 0.3046900799206925803, 0.3085963629966008148, 0.3125026460725091604, 0.3437529106797755918, 0.3593780429834088075, 0.3750031752870419677, 0.4062534398943077885, 0.4218785721979403380, 0.4296911383497563630, 0.4335974214256646531, 0.4355505629636187703, 0.4365271337325956069, 0.4375037045015724435, 0.4687539691088485339, 0.4843791014124863570, 0.4921916675643053796, 0.4960979506402151129, 0.4980510921781699518, 0.4990276629471472325, 0.5000042337161244577 ),
 .UNSPECIFIED. ) ;
#6782 = CARTESIAN_POINT ( 'NONE',  ( -7.353174593052012931, 4.548809523809524080, -8.514296186268804689 ) ) ;
#6783 = CARTESIAN_POINT ( 'NONE',  ( 8.873677329212670273, 5.673288691095585534, 7.145685793431730382 ) ) ;
#6784 = CARTESIAN_POINT ( 'NONE',  ( 0.000000000000000000, 5.400000000000001243, 0.000000000000000000 ) ) ;
#6785 = B_SPLINE_CURVE_WITH_KNOTS ( 'NONE', 3,
 ( #4374, #6849, #5724, #7663, #7485, #3068, #6393, #2447, #5007, #7573 ),
 .UNSPECIFIED., .F., .F.,
 ( 4, 2, 2, 2, 4 ),
 ( 8.673617379884035472E-19, 0.0004802380483554740493, 0.0009604760967109472313, 0.001440714145066423124, 0.001920952193421898799 ),
 .UNSPECIFIED. ) ;
#6786 = LINE ( 'NONE', #2425, #5385 ) ;
#6787 = EDGE_LOOP ( 'NONE', ( #194, #796, #2559, #4107 ) ) ;
#6788 = ORIENTED_EDGE ( 'NONE', *, *, #3760, .T. ) ;
#6789 = EDGE_CURVE ( 'NONE', #1923, #2346, #3745, .T. ) ;
#6790 = CARTESIAN_POINT ( 'NONE',  ( -7.180182473041829994, 4.530943685284991140, 7.174100422721959802 ) ) ;
#6791 = CARTESIAN_POINT ( 'NONE',  ( 7.230423224971703533, 5.994568453000346686, -6.829441393621446643 ) ) ;
#6792 = CARTESIAN_POINT ( 'NONE',  ( -7.778174593052007424, 4.700000000000000178, 7.778174593052038510 ) ) ;
#6793 = CARTESIAN_POINT ( 'NONE',  ( -7.778174593052004759, 3.792857144095930888, 6.928174593052037977 ) ) ;
#6794 = CARTESIAN_POINT ( 'NONE',  ( -8.873677329212721787, 4.501562500619394669, 7.778174593052038510 ) ) ;
#6795 = DIRECTION ( 'NONE',  ( 0.000000000000000000, -0.000000000000000000, 1.000000000000000000 ) ) ;
#6796 = DIRECTION ( 'NONE',  ( 0.000000000000000000, 1.000000000000000000, 0.000000000000000000 ) ) ;
#6797 = EDGE_LOOP ( 'NONE', ( #7061, #6256 ) ) ;
#6798 = ORIENTED_EDGE ( 'NONE', *, *, #7856, .T. ) ;
#6799 = CARTESIAN_POINT ( 'NONE',  ( 6.928174593052061070, 5.607142857142857650, -7.778174593051986108 ) ) ;
#6800 = EDGE_CURVE ( 'NONE', #2647, #4988, #6995, .T. ) ;
#6801 = CARTESIAN_POINT ( 'NONE',  ( 6.917513257182988262, 4.700000000000000178, -7.698256547797207361 ) ) ;
#6802 = CARTESIAN_POINT ( 'NONE',  ( -8.873677329212725340, 5.900074405381299236, -7.145685793431673538 ) ) ;
#6803 = CARTESIAN_POINT ( 'NONE',  ( -7.449301673363474485, 3.481922778275229113, 8.561974888091052449 ) ) ;
#6804 = CARTESIAN_POINT ( 'NONE',  ( 7.778174593051957686, 5.295312500619395735, 6.513196993811369850 ) ) ;
#6805 = CARTESIAN_POINT ( 'NONE',  ( 7.778174593051956798, 3.200000000000000178, 6.528174593052089136 ) ) ;
#6806 = CARTESIAN_POINT ( 'NONE',  ( 5.510910596163088569E-16, 2.500000000000000000, 4.500000000000000000 ) ) ;
#6807 = CARTESIAN_POINT ( 'NONE',  ( 7.778174606981106187, 4.700000000000001066, -8.628174593051983976 ) ) ;
#6808 = CARTESIAN_POINT ( 'NONE',  ( -7.778174593052010977, 4.246428572667359624, 6.928174593052038865 ) ) ;
#6809 = CARTESIAN_POINT ( 'NONE',  ( -7.175075591193952995, 4.076804994218530709, 7.179160919884422398 ) ) ;
#6810 = FACE_OUTER_BOUND ( 'NONE', #1510, .T. ) ;
#6811 = CARTESIAN_POINT ( 'NONE',  ( 7.778174593051956798, 3.679464285714285854, 6.928174593052087715 ) ) ;
#6812 = CARTESIAN_POINT ( 'NONE',  ( -8.325925961132364606, 3.575520833952728239, 6.829441393621498158 ) ) ;
#6813 = EDGE_CURVE ( 'NONE', #7062, #1845, #4855, .T. ) ;
#6814 = CARTESIAN_POINT ( 'NONE',  ( -7.230423224971655571, 3.953497024428918483, -8.726907792482570869 ) ) ;
#6815 = DIRECTION ( 'NONE',  ( 0.000000000000000000, 0.000000000000000000, -1.000000000000000000 ) ) ;
#6816 = CARTESIAN_POINT ( 'NONE',  ( 6.928174593051956265, 3.036904763143550401, 8.268922321863271918 ) ) ;
#6817 = CARTESIAN_POINT ( 'NONE',  ( 7.778174593052059826, 4.444866072047966021, -9.043152192292705394 ) ) ;
#6818 = CARTESIAN_POINT ( 'NONE',  ( -8.584330172992649111, 3.316513145291584141, -8.048455373033970517 ) ) ;
#6819 = ADVANCED_FACE ( 'NONE', ( #1729 ), #7484, .F. ) ;
#6820 = CARTESIAN_POINT ( 'NONE',  ( -7.778174593052011865, 3.310937500619397955, -6.513196993811321001 ) ) ;
#6821 = CARTESIAN_POINT ( 'NONE',  ( -6.682671856891293061, 4.369270833952727529, 7.145685793431678867 ) ) ;
#6822 = ORIENTED_EDGE ( 'NONE', *, *, #2866, .F. ) ;
#6823 = CARTESIAN_POINT ( 'NONE',  ( -7.487032860768548126, 3.200000000000000178, -8.576758647314941086 ) ) ;
#6824 = CARTESIAN_POINT ( 'NONE',  ( 8.873677329212670273, 5.276413691095585001, 7.145685793431730382 ) ) ;
#6825 = CARTESIAN_POINT ( 'NONE',  ( -7.251861847499724512, 4.085036044006704614, -8.446631501325695623 ) ) ;
#6826 = CARTESIAN_POINT ( 'NONE',  ( 8.373886270021847267, 6.016776766781836372, 8.724807435312007087 ) ) ;
#6827 = CARTESIAN_POINT ( 'NONE',  ( 8.628174593052058583, 4.473214285714286476, -7.778174593051986108 ) ) ;
#6828 = DIRECTION ( 'NONE',  ( 0.000000000000000000, 1.000000000000000000, 0.000000000000000000 ) ) ;
#6829 = ORIENTED_EDGE ( 'NONE', *, *, #296, .F. ) ;
#6830 = VERTEX_POINT ( 'NONE', #8340 ) ;
#6831 = CARTESIAN_POINT ( 'NONE',  ( -7.123400177709500625, 4.523683149479373000, 7.235818102509921523 ) ) ;
#6832 = FACE_OUTER_BOUND ( 'NONE', #7822, .T. ) ;
#6833 = CARTESIAN_POINT ( 'NONE',  ( 8.005931406618513435, 3.772601461096673603, -8.628174593051983976 ) ) ;
#6834 = ADVANCED_FACE ( 'NONE', ( #1904 ), #5177, .T. ) ;
#6835 = CARTESIAN_POINT ( 'NONE',  ( 7.218544314009140983, 4.637505619600644557, -8.420262048233936980 ) ) ;
#6836 = FACE_OUTER_BOUND ( 'NONE', #1589, .T. ) ;
#6837 = DIRECTION ( 'NONE',  ( 0.000000000000000000, 0.000000000000000000, 1.000000000000000000 ) ) ;
#6838 = CARTESIAN_POINT ( 'NONE',  ( 8.622623682007686696, 4.481187844759932482, -7.878534805088282411 ) ) ;
#6839 = ORIENTED_EDGE ( 'NONE', *, *, #1799, .T. ) ;
#6840 = ORIENTED_EDGE ( 'NONE', *, *, #6697, .F. ) ;
#6841 = CARTESIAN_POINT ( 'NONE',  ( -8.109681296381168636, 3.708920401849864934, -8.560866229980723219 ) ) ;
#6842 = LINE ( 'NONE', #4237, #2303 ) ;
#6843 = CARTESIAN_POINT ( 'NONE',  ( -8.628174593052010621, 4.775595239334026409, -8.268922321863215075 ) ) ;
#6844 =( BOUNDED_SURFACE ( )  B_SPLINE_SURFACE ( 1, 2, ( 
 ( #4085, #886, #6138, #6095, #2943, #7997, #5506, #2820, #3611, #8075, #2321, #6178, #5347, #7917, #5382, #4793, #2206, #4718, #7277, #4757, #6645, #2862, #926, #6056, #7355, #1604, #4164, #2027, #7405, #6314, #4970, #6947, #4213, #4928, #7494, #1782, #2330, #4841, #8042, #3621, #6191 ),
 ( #7541, #4293, #8172, #2289, #5648, #6859, #6772, #8217, #5517, #5607, #1658, #1101, #7450, #462, #6149, #2414, #5472, #6905, #1191, #377, #1012, #2953, #4343, #3708, #1149, #3581, #1739, #6276, #2908, #8084, #4886, #5562, #1698, #2373, #4253, #6816, #1055, #422, #7581, #509, #2996 ) ),
 .UNSPECIFIED., .F., .F., .F. ) 
 B_SPLINE_SURFACE_WITH_KNOTS ( ( 2, 2 ),
 ( 3, 2, 2, 2, 2, 2, 2, 2, 2, 2, 2, 2, 2, 2, 2, 2, 2, 2, 2, 2, 3 ),
 ( 0.000000000000000000, 1.000000000000000000 ),
 ( 0.000000000000000000, 0.04166666666666666435, 0.08333333333333332871, 0.1250000000000000000, 0.1666666666666666574, 0.2083333333333333426, 0.2500000000000000000, 0.2916666666666666852, 0.3333333333333333148, 0.3750000000000000000, 0.4166666666666666852, 0.4583333333333333148, 0.5000000000000000000, 0.5416666666666666297, 0.5833333333333333703, 0.6250000000000000000, 0.6666666666666666297, 0.7083333333333333703, 0.7500000000000000000, 0.7916666666666666297, 0.8265940270781303445 ),
 .UNSPECIFIED. ) 
 GEOMETRIC_REPRESENTATION_ITEM ( )  RATIONAL_B_SPLINE_SURFACE ( (
 ( 1.000000000000000000, 0.8660254037844387076, 1.000000000000000000, 0.8660254037844387076, 1.000000000000000000, 0.8660254037844387076, 1.000000000000000000, 0.8660254037844387076, 1.000000000000000000, 0.8660254037844387076, 1.000000000000000000, 0.8660254037844387076, 1.000000000000000000, 0.8660254037844387076, 1.000000000000000000, 0.8660254037844387076, 1.000000000000000000, 0.8660254037844387076, 1.000000000000000000, 0.8660254037844387076, 1.000000000000000000, 0.8660254037844387076, 1.000000000000000000, 0.8660254037844387076, 1.000000000000000000, 0.8660254037844387076, 1.000000000000000000, 0.8660254037844387076, 1.000000000000000000, 0.8660254037844387076, 1.000000000000000000, 0.8660254037844387076, 1.000000000000000000, 0.8660254037844387076, 1.000000000000000000, 0.8660254037844387076, 1.000000000000000000, 0.8660254037844387076, 1.000000000000000000, 0.8876949038079706700, 0.9636707950116103483),
 ( 1.000000000000000000, 0.8660254037844387076, 1.000000000000000000, 0.8660254037844387076, 1.000000000000000000, 0.8660254037844387076, 1.000000000000000000, 0.8660254037844387076, 1.000000000000000000, 0.8660254037844387076, 1.000000000000000000, 0.8660254037844387076, 1.000000000000000000, 0.8660254037844387076, 1.000000000000000000, 0.8660254037844387076, 1.000000000000000000, 0.8660254037844387076, 1.000000000000000000, 0.8660254037844387076, 1.000000000000000000, 0.8660254037844387076, 1.000000000000000000, 0.8660254037844387076, 1.000000000000000000, 0.8660254037844387076, 1.000000000000000000, 0.8660254037844387076, 1.000000000000000000, 0.8660254037844387076, 1.000000000000000000, 0.8660254037844387076, 1.000000000000000000, 0.8660254037844387076, 1.000000000000000000, 0.8660254037844387076, 1.000000000000000000, 0.8660254037844387076, 1.000000000000000000, 0.8876949038079706700, 0.9636707950116103483) ) ) 
 REPRESENTATION_ITEM ( '' )  SURFACE ( )  );
#6845 = CARTESIAN_POINT ( 'NONE',  ( 7.873890118642073332, 4.699999999999999289, 8.835124653824125929 ) ) ;
#6846 = CARTESIAN_POINT ( 'NONE',  ( 7.230423224971600504, 5.994568453000346686, 8.726907792482629489 ) ) ;
#6847 = CARTESIAN_POINT ( 'NONE',  ( 7.180180642278387815, 4.304157769812374745, 8.382246951168477622 ) ) ;
#6848 = FACE_BOUND ( 'NONE', #5533, .T. ) ;
#6849 = CARTESIAN_POINT ( 'NONE',  ( -7.018873582127292288, 3.199999999999999734, -7.315740539412720622 ) ) ;
#6850 = CARTESIAN_POINT ( 'NONE',  ( -8.624682955376746563, 3.785384314166038600, 7.683446464003698573 ) ) ;
#6851 = AXIS2_PLACEMENT_3D ( 'NONE', #5579, #3597, #7378 ) ;
#6852 = FACE_OUTER_BOUND ( 'NONE', #514, .T. ) ;
#6853 = ADVANCED_FACE ( 'NONE', ( #3921 ), #5398, .T. ) ;
#6854 = CARTESIAN_POINT ( 'NONE',  ( 6.928174593052061070, 4.359821429810216920, -7.778174593051986108 ) ) ;
#6855 = CARTESIAN_POINT ( 'NONE',  ( 8.873677329212773301, 3.367633929190823494, -7.778174593051986108 ) ) ;
#6856 = CARTESIAN_POINT ( 'NONE',  ( -7.393643809945103840, 3.057617214447726717, 6.752376210435452109 ) ) ;
#6857 = CARTESIAN_POINT ( 'NONE',  ( -7.778174593052010977, 3.310937500619394847, -6.513196993811314783 ) ) ;
#6858 = CARTESIAN_POINT ( 'NONE',  ( 6.997868319593127495, 3.821955332570827757, 8.115614329837228524 ) ) ;
#6859 = CARTESIAN_POINT ( 'NONE',  ( 8.628174593051957331, 4.170833334572121132, 7.287426864240906355 ) ) ;
#6860 = CARTESIAN_POINT ( 'NONE',  ( 8.090381219455974104, 4.387726779657147524, 8.568955236163402489 ) ) ;
#6861 = CARTESIAN_POINT ( 'NONE',  ( 8.787935552007290596, 4.700000000284661361, 8.203038160218319774 ) ) ;
#6862 = CIRCLE ( 'NONE', #5661, 7.000000000000000000 ) ;
#6863 = CARTESIAN_POINT ( 'NONE',  ( -8.325925961132364606, 4.029092262524159196, -8.726907792482567316 ) ) ;
#6864 = DIRECTION ( 'NONE',  ( 0.000000000000000000, 0.000000000000000000, 1.000000000000000000 ) ) ;
#6865 = ORIENTED_EDGE ( 'NONE', *, *, #5804, .F. ) ;
#6866 = FACE_OUTER_BOUND ( 'NONE', #3946, .T. ) ;
#6867 = CARTESIAN_POINT ( 'NONE',  ( -8.558480866515935759, 3.368383903998372286, 8.115614329824772710 ) ) ;
#6868 = CARTESIAN_POINT ( 'NONE',  ( -8.873677329212721787, 4.501562500619394669, 7.778174593052038510 ) ) ;
#6869 = AXIS2_PLACEMENT_3D ( 'NONE', #3951, #5848, #5210 ) ;
#6870 = PRODUCT_DEFINITION_FORMATION_WITH_SPECIFIED_SOURCE ( '»Œ∫Œ', '', #5180, .NOT_KNOWN. ) ;
#6871 = CARTESIAN_POINT ( 'NONE',  ( 6.682671856891347240, 4.501562500619394669, -7.778174593051986108 ) ) ;
#6872 = CARTESIAN_POINT ( 'NONE',  ( 7.353174593051956975, 4.888988096476883705, 8.514296186268863309 ) ) ;
#6873 = CARTESIAN_POINT ( 'NONE',  ( 8.373854784085946079, 3.043046835717449383, 6.831521693221790592 ) ) ;
#6874 = CIRCLE ( 'NONE', #2070, 0.8499999999999992006 ) ;
#6875 = CARTESIAN_POINT ( 'NONE',  ( -7.778185041394142019, 4.019641929152752091, 8.628174592987823743 ) ) ;
#6876 = ORIENTED_EDGE ( 'NONE', *, *, #7899, .F. ) ;
#6877 = ORIENTED_EDGE ( 'NONE', *, *, #2362, .F. ) ;
#6878 = EDGE_CURVE ( 'NONE', #1176, #3452, #3503, .T. ) ;
#6879 =( NAMED_UNIT ( * ) SI_UNIT ( $, .STERADIAN. ) SOLID_ANGLE_UNIT ( ) );
#6880 = CARTESIAN_POINT ( 'NONE',  ( 6.682671856891347240, 5.881175595857490279, -8.410663392672345751 ) ) ;
#6881 = CARTESIAN_POINT ( 'NONE',  ( 8.203174593052059649, 3.755059525048312086, -8.514296186268758504 ) ) ;
#6882 = CARTESIAN_POINT ( 'NONE',  ( 6.980144428568202386, 4.675137702643464621, -8.070942032896482488 ) ) ;
#6883 = LINE ( 'NONE', #532, #4996 ) ;
#6884 = DIRECTION ( 'NONE',  ( -0.000000000000000000, 1.000000000000000000, -0.000000000000000000 ) ) ;
#6885 = CIRCLE ( 'NONE', #4171, 1.100000000000000311 ) ;
#6886 = CARTESIAN_POINT ( 'NONE',  ( 8.150001679893817297, 4.392594505246018244, -7.013603661085139329 ) ) ;
#6887 = ORIENTED_EDGE ( 'NONE', *, *, #2522, .T. ) ;
#6888 = ORIENTED_EDGE ( 'NONE', *, *, #7942, .T. ) ;
#6889 = CARTESIAN_POINT ( 'NONE',  ( -8.558480866508055840, 3.821955332571431274, -7.440734856260121433 ) ) ;
#6890 = DIRECTION ( 'NONE',  ( -0.000000000000000000, -1.000000000000000000, -0.000000000000000000 ) ) ;
#6891 = CARTESIAN_POINT ( 'NONE',  ( -8.873677329212725340, 5.408705357762252142, -7.778174593052033181 ) ) ;
#6892 = CARTESIAN_POINT ( 'NONE',  ( 7.792794169979430308, 4.700000000000003730, 8.829360252012502741 ) ) ;
#6893 = CARTESIAN_POINT ( 'NONE',  ( -8.873677329212725340, 5.011830357762251609, -7.778174593052033181 ) ) ;
#6894 = CARTESIAN_POINT ( 'NONE',  ( 7.446667889723377343, 4.162491830421239491, 6.995482956123159290 ) ) ;
#6895 = DIRECTION ( 'NONE',  ( 0.000000000000000000, 0.000000000000000000, 1.000000000000000000 ) ) ;
#6896 = CARTESIAN_POINT ( 'NONE',  ( -8.533539853830319544, 3.200000000000000622, -6.984732996118191650 ) ) ;
#6897 = CARTESIAN_POINT ( 'NONE',  ( -7.778174593052007424, 3.200000000000000178, 9.028174593052037622 ) ) ;
#6898 = CARTESIAN_POINT ( 'NONE',  ( 7.353174593052060004, 4.435416667905455412, -7.042052999835213711 ) ) ;
#6899 = DIRECTION ( 'NONE',  ( -0.000000000000000000, -1.000000000000000000, -0.000000000000000000 ) ) ;
#6900 = ORIENTED_EDGE ( 'NONE', *, *, #7580, .T. ) ;
#6901 = B_SPLINE_CURVE_WITH_KNOTS ( 'NONE', 1,
 ( #4231, #6794 ),
 .UNSPECIFIED., .F., .F.,
 ( 2, 2 ),
 ( 0.000000000000000000, 1.000000000000000000 ),
 .UNSPECIFIED. ) ;
#6902 = CARTESIAN_POINT ( 'NONE',  ( -8.628174593052010621, 4.700000000000000178, -7.778174593052033181 ) ) ;
#6903 = CARTESIAN_POINT ( 'NONE',  ( -8.873677329212725340, 4.066889881571776222, -8.410663392672393712 ) ) ;
#6904 = CARTESIAN_POINT ( 'NONE',  ( -8.773333138241127926, 3.199999999999976641, -8.123983652614761297 ) ) ;
#6905 = CARTESIAN_POINT ( 'NONE',  ( 8.628174593051957331, 3.717261906000692839, 7.287426864240906355 ) ) ;
#6906 = CARTESIAN_POINT ( 'NONE',  ( 7.230423224971703533, 4.029092262524156531, -8.726907792482524684 ) ) ;
#6907 = CARTESIAN_POINT ( 'NONE',  ( -8.553273023565525435, 3.369522927417579528, -7.428997566474500047 ) ) ;
#6908 = CARTESIAN_POINT ( 'NONE',  ( -6.682671856891302831, 4.293675595857491700, -7.145685793431677091 ) ) ;
#6909 = CARTESIAN_POINT ( 'NONE',  ( -7.230423224971650242, 4.709449405381298526, 8.726907792482577975 ) ) ;
#6910 = ORIENTED_EDGE ( 'NONE', *, *, #7899, .T. ) ;
#6911 = DIRECTION ( 'NONE',  ( 1.224646799147351482E-16, 0.000000000000000000, -1.000000000000000000 ) ) ;
#6912 = CARTESIAN_POINT ( 'NONE',  ( -8.480771833616884692, 3.382686990533628535, 8.256574285173641670 ) ) ;
#6913 = CARTESIAN_POINT ( 'NONE',  ( -7.778174593052009200, 4.133035714285713702, -8.628174593052031938 ) ) ;
#6914 =( NAMED_UNIT ( * ) SI_UNIT ( $, .STERADIAN. ) SOLID_ANGLE_UNIT ( ) );
#6915 = CARTESIAN_POINT ( 'NONE',  ( 7.778174593051957686, 5.380357144095931687, 8.759670050674452924 ) ) ;
#6916 = CARTESIAN_POINT ( 'NONE',  ( 7.778174593051957686, 3.537723214905108549, 6.513196993811369850 ) ) ;
#6917 = LINE ( 'NONE', #1669, #7818 ) ;
#6918 = ORIENTED_EDGE ( 'NONE', *, *, #4000, .F. ) ;
#6919 = ORIENTED_EDGE ( 'NONE', *, *, #3773, .T. ) ;
#6920 = ADVANCED_FACE ( 'NONE', ( #2229 ), #6599, .F. ) ;
#6921 = CARTESIAN_POINT ( 'NONE',  ( 8.873677329212773301, 5.692187500619394491, -7.778174593051986108 ) ) ;
#6922 = CARTESIAN_POINT ( 'NONE',  ( 0.000000000000000000, 5.400000000000001243, 4.999999999999999112 ) ) ;
#6923 = CARTESIAN_POINT ( 'NONE',  ( -8.867643126252016117, 3.200000000000001510, 7.961009784919571786 ) ) ;
#6924 = ORIENTED_EDGE ( 'NONE', *, *, #5788, .F. ) ;
#6925 = CARTESIAN_POINT ( 'NONE',  ( 0.000000000000000000, 1.500000000000000000, 0.000000000000000000 ) ) ;
#6926 = CARTESIAN_POINT ( 'NONE',  ( 7.778174593051956798, 4.700000000000000178, 6.928174593052088603 ) ) ;
#6927 = EDGE_LOOP ( 'NONE', ( #1130, #7143, #3291, #3185 ) ) ;
#6928 = EDGE_LOOP ( 'NONE', ( #3816, #3360, #1964 ) ) ;
#6929 = CARTESIAN_POINT ( 'NONE',  ( -7.947876487252670152, 3.694553120877987151, -8.612955193325003478 ) ) ;
#6930 = LINE ( 'NONE', #4199, #2832 ) ;
#6931 = CARTESIAN_POINT ( 'NONE',  ( -8.628174593052010621, 4.813392858381645212, -7.778174593052033181 ) ) ;
#6932 = CARTESIAN_POINT ( 'NONE',  ( -7.328807342676858738, 3.492345598622823566, 8.500192372724820089 ) ) ;
#6933 = CARTESIAN_POINT ( 'NONE',  ( 8.873677329212670273, 5.144122024428918749, 8.410663392672448779 ) ) ;
#6934 = AXIS2_PLACEMENT_3D ( 'NONE', #96, #2591, #6539 ) ;
#6935 = CARTESIAN_POINT ( 'NONE',  ( 6.929191399325089762, 4.250242545007644424, 7.827102587346729479 ) ) ;
#6936 = CARTESIAN_POINT ( 'NONE',  ( -6.768413634096680731, 4.700000000284660473, -7.353311025885792773 ) ) ;
#6937 = SURFACE_STYLE_FILL_AREA ( #7140 ) ;
#6938 = AXIS2_PLACEMENT_3D ( 'NONE', #5822, #3346, #5184 ) ;
#6939 = CARTESIAN_POINT ( 'NONE',  ( -7.778174593052006536, 4.161383929190823672, 9.043152192292756908 ) ) ;
#6940 = CARTESIAN_POINT ( 'NONE',  ( 6.928174593052061070, 5.304761906000692306, -7.287426864240805102 ) ) ;
#6941 = EDGE_LOOP ( 'NONE', ( #3120, #6384, #4399, #8242 ) ) ;
#6942 = AXIS2_PLACEMENT_3D ( 'NONE', #5962, #7175, #4144 ) ;
#6943 = CARTESIAN_POINT ( 'NONE',  ( -7.877978186526060966, 3.034342311269892178, 6.570818625369655663 ) ) ;
#6944 = ADVANCED_FACE ( 'NONE', ( #6634 ), #317, .F. ) ;
#6945 = CARTESIAN_POINT ( 'NONE',  ( -7.778174593052010977, 3.991294643476536841, -9.043152192292751579 ) ) ;
#6946 = CARTESIAN_POINT ( 'NONE',  ( -8.872922838270266510, 3.199999999999953992, -7.737523338124739247 ) ) ;
#6947 = CARTESIAN_POINT ( 'NONE',  ( 8.873677329212670273, 3.329836310143203804, 8.410663392672448779 ) ) ;
#6948 = CARTESIAN_POINT ( 'NONE',  ( 7.778174593052059826, 3.707812500619394491, -6.513196993811266822 ) ) ;
#6949 = CARTESIAN_POINT ( 'NONE',  ( 6.682671856891347240, 4.463764881571775867, -8.410663392672343974 ) ) ;
#6950 = FACE_BOUND ( 'NONE', #1945, .T. ) ;
#6951 = CLOSED_SHELL ( 'NONE', ( #3088, #3158, #8053, #5565, #7166, #6819 ) ) ;
#6952 = CARTESIAN_POINT ( 'NONE',  ( -7.778174593052006536, 4.898437500619394314, 6.513196993811319224 ) ) ;
#6953 = ORIENTED_EDGE ( 'NONE', *, *, #4608, .T. ) ;
#6954 = CARTESIAN_POINT ( 'NONE',  ( -6.937242950325410717, 3.576239656065132166, -7.905046282356229526 ) ) ;
#6955 = DIRECTION ( 'NONE',  ( 0.000000000000000000, 1.000000000000000000, 0.000000000000000000 ) ) ;
#6956 = CARTESIAN_POINT ( 'NONE',  ( -7.230423224971655571, 3.953497024428918483, -8.726907792482570869 ) ) ;
#6957 = CARTESIAN_POINT ( 'NONE',  ( 8.234190742650270067, 3.200000000000009948, 8.615764834905654368 ) ) ;
#6958 = CARTESIAN_POINT ( 'NONE',  ( 8.203174593052059649, 4.548809523809524080, -8.514296186268758504 ) ) ;
#6959 = ADVANCED_FACE ( 'NONE', ( #1593, #7869 ), #6007, .T. ) ;
#6960 = CARTESIAN_POINT ( 'NONE',  ( 0.000000000000000000, 6.000000000000000000, 0.000000000000000000 ) ) ;
#6961 = VERTEX_POINT ( 'NONE', #7300 ) ;
#6962 = ORIENTED_EDGE ( 'NONE', *, *, #1118, .T. ) ;
#6963 = LINE ( 'NONE', #1301, #6589 ) ;
#6964 = CARTESIAN_POINT ( 'NONE',  ( 8.873677329212773301, 5.635491072047965844, -7.778174593051986108 ) ) ;
#6965 = CARTESIAN_POINT ( 'NONE',  ( -7.778197072705899551, 4.359819429332413954, 8.628174592754783490 ) ) ;
#6966 = CARTESIAN_POINT ( 'NONE',  ( -7.778185041395105692, 3.566070500581237201, -6.928174593116250612 ) ) ;
#6967 = ORIENTED_EDGE ( 'NONE', *, *, #7409, .T. ) ;
#6968 = CARTESIAN_POINT ( 'NONE',  ( 7.230423224971601392, 3.575520833952730460, 6.829441393621552336 ) ) ;
#6969 = CARTESIAN_POINT ( 'NONE',  ( 7.438847129012871484, 4.616695995183791368, 6.998830559331156387 ) ) ;
#6970 = ADVANCED_FACE ( 'NONE', ( #7264 ), #7343, .T. ) ;
#6971 = ORIENTED_EDGE ( 'NONE', *, *, #4014, .T. ) ;
#6972 = ORIENTED_EDGE ( 'NONE', *, *, #1799, .F. ) ;
#6973 = CARTESIAN_POINT ( 'NONE',  ( -8.588127389852969529, 3.815032455463834626, -7.512897815456912376 ) ) ;
#6974 = CARTESIAN_POINT ( 'NONE',  ( -8.325925961132368158, 4.425967262524156176, -8.726907792482570869 ) ) ;
#6975 = CARTESIAN_POINT ( 'NONE',  ( -8.628174593052010621, 4.851190477429264902, -7.287426864240853064 ) ) ;
#6976 = CARTESIAN_POINT ( 'NONE',  ( 7.778164144709262651, 3.566070500581264291, -6.928174593116203539 ) ) ;
#6977 = CARTESIAN_POINT ( 'NONE',  ( 8.873677329212670273, 5.219717262524156354, 7.145685793431730382 ) ) ;
#6978 = CARTESIAN_POINT ( 'NONE',  ( 7.683310672280587283, 4.141472491553180646, 6.928174593052086827 ) ) ;
#6979 = FACE_OUTER_BOUND ( 'NONE', #3825, .T. ) ;
#6980 = CARTESIAN_POINT ( 'NONE',  ( -7.158511939672716373, 4.699999999999973532, 7.056970125028638741 ) ) ;
#6981 = CARTESIAN_POINT ( 'NONE',  ( -7.230423224971650242, 3.896800595857489835, 6.829441393621498158 ) ) ;
#6982 = CARTESIAN_POINT ( 'NONE',  ( 8.304487338603887991, 3.631464615435330501, 7.109717684778146918 ) ) ;
#6983 = CARTESIAN_POINT ( 'NONE',  ( 7.353174593052060004, 3.830654763143550134, -8.514296186268758504 ) ) ;
#6984 = ORIENTED_EDGE ( 'NONE', *, *, #5514, .F. ) ;
#6985 = CARTESIAN_POINT ( 'NONE',  ( -8.395796775794654110, 4.644702980692835936, -8.362797058165323705 ) ) ;
#6986 = ADVANCED_FACE ( 'NONE', ( #355 ), #4073, .F. ) ;
#6987 = CARTESIAN_POINT ( 'NONE',  ( -8.873677329212725340, 3.159747024428919193, -8.410663392672393712 ) ) ;
#6988 = AXIS2_PLACEMENT_3D ( 'NONE', #5535, #2391, #3728 ) ;
#6989 = CARTESIAN_POINT ( 'NONE',  ( -8.867426195358113716, 3.200000000000000178, -7.818056561354054246 ) ) ;
#6990 = CARTESIAN_POINT ( 'NONE',  ( 8.500047601022371779, 4.059974610466255740, -8.227850119682774022 ) ) ;
#6991 = CARTESIAN_POINT ( 'NONE',  ( 6.682671856891347240, 3.159747024428919193, -8.410663392672345751 ) ) ;
#6992 = CARTESIAN_POINT ( 'NONE',  ( 6.682671856891347240, 3.594419643476537196, -7.778174593051986108 ) ) ;
#6993 = CARTESIAN_POINT ( 'NONE',  ( -3.840629472727446691E-14, 2.500000000000000000, 11.00000000000000000 ) ) ;
#6994 = CARTESIAN_POINT ( 'NONE',  ( 6.985842028831715567, 4.220152646383249717, -8.086028469010289044 ) ) ;
#6995 = CIRCLE ( 'NONE', #3096, 1.249999999999999334 ) ;
#6996 = CARTESIAN_POINT ( 'NONE',  ( -7.230423224971650242, 3.348735119667013649, 8.726907792482577975 ) ) ;
#6997 = EDGE_LOOP ( 'NONE', ( #1461, #3072, #6411, #7783, #3896, #2519, #7193, #490, #6548, #1297, #7105, #5416, #5707, #8285, #4432, #8057, #5082 ) ) ;
#6998 = EDGE_CURVE ( 'NONE', #2549, #4987, #146, .T. ) ;
#6999 = CARTESIAN_POINT ( 'NONE',  ( 0.000000000000000000, 5.200000000000000178, -6.500000000000000888 ) ) ;
#7000 = DIRECTION ( 'NONE',  ( 0.000000000000000000, 1.000000000000000000, 0.000000000000000000 ) ) ;
#7001 = CARTESIAN_POINT ( 'NONE',  ( -8.628174593052010621, 3.792857142857143149, -7.778174593052033181 ) ) ;
#7002 = B_SPLINE_CURVE_WITH_KNOTS ( 'NONE', 1,
 ( #3865, #1980 ),
 .UNSPECIFIED., .F., .F.,
 ( 2, 2 ),
 ( 0.000000000000000000, 1.000000000000000000 ),
 .UNSPECIFIED. ) ;
#7003 = CARTESIAN_POINT ( 'NONE',  ( 7.778174593051956798, 4.388169643476537374, 6.513196993811369850 ) ) ;
#7004 =( BOUNDED_CURVE ( )  B_SPLINE_CURVE ( 2, ( #3724, #3767, #8231, #6328, #3860, #1976, #5161 ),
 .UNSPECIFIED., .F., .F. ) 
 B_SPLINE_CURVE_WITH_KNOTS ( ( 3, 2, 2, 3 ),
 ( 0.5624999999999998890, 0.5833333333333333703, 0.6250000000000000000, 0.6396727680113216685 ),
 .UNSPECIFIED. ) 
 CURVE ( )  GEOMETRIC_REPRESENTATION_ITEM ( )  RATIONAL_B_SPLINE_CURVE ( ( 0.9330127018922192983, 0.9330127018922189652, 1.000000000000000000, 0.8660254037844387076, 1.000000000000000000, 0.9528213239276457358, 0.9388702527716570323 ) ) 
 REPRESENTATION_ITEM ( '' )  );
#7005 = CARTESIAN_POINT ( 'NONE',  ( 6.682671856891347240, 3.688913691095585534, -7.145685793431625576 ) ) ;
#7006 = AXIS2_PLACEMENT_3D ( 'NONE', #7769, #1973, #7131 ) ;
#7007 = CARTESIAN_POINT ( 'NONE',  ( 0.000000000000000000, 1.000000000000000000, 8.000000000000000000 ) ) ;
#7008 = VERTEX_POINT ( 'NONE', #3447 ) ;
#7009 = ORIENTED_EDGE ( 'NONE', *, *, #643, .T. ) ;
#7010 = DIRECTION ( 'NONE',  ( 0.000000000000000000, 1.000000000000000000, 0.000000000000000000 ) ) ;
#7011 = CARTESIAN_POINT ( 'NONE',  ( 7.778174593052059826, 5.522098214905109437, -6.513196993811266822 ) ) ;
#7012 = EDGE_CURVE ( 'NONE', #1218, #7950, #2929, .T. ) ;
#7013 = CARTESIAN_POINT ( 'NONE',  ( -8.472247314329132806, 4.291159764027526080, 8.268912862815804843 ) ) ;
#7014 = CARTESIAN_POINT ( 'NONE',  ( 7.123392489979315734, 3.843324947077015885, -7.235827353226387260 ) ) ;
#7015 = ORIENTED_EDGE ( 'NONE', *, *, #5947, .F. ) ;
#7016 = FACE_OUTER_BOUND ( 'NONE', #6628, .T. ) ;
#7017 = CARTESIAN_POINT ( 'NONE',  ( -7.079008096086960578, 4.063581959899182472, 7.294774803158579068 ) ) ;
#7018 = CIRCLE ( 'NONE', #4184, 0.8500000000000000888 ) ;
#7019 = CARTESIAN_POINT ( 'NONE',  ( 7.152118988666689603, 3.200000000000000178, -6.887110044429995526 ) ) ;
#7020 = ORIENTED_EDGE ( 'NONE', *, *, #4967, .F. ) ;
#7021 = ORIENTED_EDGE ( 'NONE', *, *, #3584, .T. ) ;
#7022 = CARTESIAN_POINT ( 'NONE',  ( -8.628174115647174958, 3.789414757546850865, -7.822867383903156835 ) ) ;
#7023 = CARTESIAN_POINT ( 'NONE',  ( 8.628174593051957331, 4.888988095238095966, 8.268922321863271918 ) ) ;
#7024 = CARTESIAN_POINT ( 'NONE',  ( -8.603753563839687146, 4.229570151592822569, -7.982708952374823141 ) ) ;
#7025 = CARTESIAN_POINT ( 'NONE',  ( -8.325925961132364606, 3.670014881571775689, 8.726907792482577975 ) ) ;
#7026 = CARTESIAN_POINT ( 'NONE',  ( -7.230423224971654683, 5.767782738714632984, -8.726907792482570869 ) ) ;
#7027 = CARTESIAN_POINT ( 'NONE',  ( 7.034325412915187314, 4.282974437570974402, 8.191218338080359374 ) ) ;
#7028 = CARTESIAN_POINT ( 'NONE',  ( -7.230423224971655571, 4.350372024428918571, -8.726907792482570869 ) ) ;
#7029 = CARTESIAN_POINT ( 'NONE',  ( 8.188988110136149245, 4.700000000000000178, 8.793732813498621681 ) ) ;
#7030 = CARTESIAN_POINT ( 'NONE',  ( 8.477341090020914294, 3.610010531327212835, 7.294774803164301602 ) ) ;
#7031 = CARTESIAN_POINT ( 'NONE',  ( 7.778174593052059826, 3.254241072047966199, -6.513196993811266822 ) ) ;
#7032 = ORIENTED_EDGE ( 'NONE', *, *, #1059, .F. ) ;
#7033 = CARTESIAN_POINT ( 'NONE',  ( -8.415733136233388478, 4.647301162404311015, -8.341044413783079037 ) ) ;
#7034 = CARTESIAN_POINT ( 'NONE',  ( -6.682671856891298390, 3.329836310143203804, -7.145685793431673538 ) ) ;
#7035 = CARTESIAN_POINT ( 'NONE',  ( 7.449296870684646521, 3.708708876236566532, 6.994376313267284928 ) ) ;
#7036 = DIRECTION ( 'NONE',  ( 1.000000000000000000, 0.000000000000000000, -1.844642064250089897E-16 ) ) ;
#7037 = CARTESIAN_POINT ( 'NONE',  ( 7.778174593052059826, 3.254241072047966199, -6.513196993811266822 ) ) ;
#7038 = CARTESIAN_POINT ( 'NONE',  ( -8.107052315418302513, 3.255137447665041428, -8.561972872837268156 ) ) ;
#7039 = CARTESIAN_POINT ( 'NONE',  ( 8.425927430606533713E-14, 4.700000000000000178, 8.999999999999854339 ) ) ;
#7040 = CARTESIAN_POINT ( 'NONE',  ( 7.443538236081030490, 4.162744615079054356, -8.559533282428022360 ) ) ;
#7041 = CARTESIAN_POINT ( 'NONE',  ( -6.682671856891293061, 4.293675595857489924, 8.410663392672399041 ) ) ;
#7042 = ORIENTED_EDGE ( 'NONE', *, *, #7988, .T. ) ;
#7043 = CARTESIAN_POINT ( 'NONE',  ( -6.965067280171338027, 3.545306613556448383, -7.530010851139120831 ) ) ;
#7044 = CARTESIAN_POINT ( 'NONE',  ( -8.541160604381367705, 3.372046392282211702, 8.153080607127238366 ) ) ;
#7045 = CARTESIAN_POINT ( 'NONE',  ( -6.682671856891298390, 3.424330357762251698, -7.778174593052033181 ) ) ;
#7046 = LINE ( 'NONE', #1338, #6462 ) ;
#7047 = CARTESIAN_POINT ( 'NONE',  ( 8.325925961132417896, 4.255877976809871122, -6.829441393621446643 ) ) ;
#7048 = EDGE_LOOP ( 'NONE', ( #1068, #1818, #69, #1806 ) ) ;
#7049 = CARTESIAN_POINT ( 'NONE',  ( -8.203174593052008134, 3.981845239334026232, 8.514296186268811795 ) ) ;
#7050 = VERTEX_POINT ( 'NONE', #3731 ) ;
#7051 = VERTEX_POINT ( 'NONE', #4316 ) ;
#7052 = CARTESIAN_POINT ( 'NONE',  ( -7.013493790081603230, 4.440501613058133401, 8.153643164678760158 ) ) ;
#7053 = CARTESIAN_POINT ( 'NONE',  ( 8.873677329212769749, 4.293675595857491700, -7.145685793431629129 ) ) ;
#7054 = CARTESIAN_POINT ( 'NONE',  ( -8.500051918784196303, 4.286759598266795201, 8.227843157763780724 ) ) ;
#7055 = DIRECTION ( 'NONE',  ( -0.000000000000000000, -1.000000000000000000, -0.000000000000000000 ) ) ;
#7056 = ORIENTED_EDGE ( 'NONE', *, *, #7752, .T. ) ;
#7057 = CARTESIAN_POINT ( 'NONE',  ( 8.628174593051957331, 4.511011904761904390, 7.287426864240906355 ) ) ;
#7058 = CARTESIAN_POINT ( 'NONE',  ( -6.933725504113913196, 4.027616416201004412, 7.677814380860972676 ) ) ;
#7059 = CARTESIAN_POINT ( 'NONE',  ( 7.778174606981003159, 4.700000000000001066, 6.928174593052088603 ) ) ;
#7060 = ADVANCED_FACE ( 'NONE', ( #3015 ), #4864, .F. ) ;
#7061 = ORIENTED_EDGE ( 'NONE', *, *, #2170, .T. ) ;
#7062 = VERTEX_POINT ( 'NONE', #6793 ) ;
#7063 = CARTESIAN_POINT ( 'NONE',  ( 8.516050070681782103, 3.528362117045326318, -7.352436224774490547 ) ) ;
#7064 = DIRECTION ( 'NONE',  ( 0.000000000000000000, 0.000000000000000000, 1.000000000000000000 ) ) ;
#7065 = CARTESIAN_POINT ( 'NONE',  ( -8.271048560926804072, 4.315171625378554587, -7.085108930070921573 ) ) ;
#7066 = EDGE_CURVE ( 'NONE', #3982, #3638, #6187, .T. ) ;
#7067 = CARTESIAN_POINT ( 'NONE',  ( 6.682671856891347240, 4.558258929190823316, -7.778174593051986108 ) ) ;
#7068 = CARTESIAN_POINT ( 'NONE',  ( -8.325925961132368158, 5.786681548238442829, -8.726907792482572646 ) ) ;
#7069 = DIRECTION ( 'NONE',  ( -0.000000000000000000, -1.000000000000000000, -0.000000000000000000 ) ) ;
#7070 = CARTESIAN_POINT ( 'NONE',  ( -8.628174593052010621, 3.868452382191169381, -8.268922321863215075 ) ) ;
#7071 = CARTESIAN_POINT ( 'NONE',  ( -8.873677329212721787, 5.862276786333680434, 7.778174593052038510 ) ) ;
#7072 = CARTESIAN_POINT ( 'NONE',  ( 5.510910596163088569E-16, 5.200000000000000178, 4.500000000000000000 ) ) ;
#7073 = CARTESIAN_POINT ( 'NONE',  ( 8.553270455331078992, 3.596309197257837376, 7.428991855793388055 ) ) ;
#7074 = EDGE_CURVE ( 'NONE', #2187, #2110, #7337, .T. ) ;
#7075 = CARTESIAN_POINT ( 'NONE',  ( 8.076531826541110348, 2.859179715067143412, -8.574091021595060980 ) ) ;
#7076 = ORIENTED_EDGE ( 'NONE', *, *, #2608, .F. ) ;
#7077 = CARTESIAN_POINT ( 'NONE',  ( 0.000000000000000000, 3.700000000000000178, 0.000000000000000000 ) ) ;
#7078 = CARTESIAN_POINT ( 'NONE',  ( 8.628174593052058583, 3.263690477429264103, -8.268922321863167113 ) ) ;
#7079 = CARTESIAN_POINT ( 'NONE',  ( -7.075585790429980371, 4.063045463254605139, -8.256586676697040161 ) ) ;
#7080 = CARTESIAN_POINT ( 'NONE',  ( -6.928174593052007779, 5.342559523809523370, 8.268922321863222180 ) ) ;
#7081 = CARTESIAN_POINT ( 'NONE',  ( 8.271037495354093494, 4.088387010838283153, -8.471248143874122505 ) ) ;
#7082 = CARTESIAN_POINT ( 'NONE',  ( 7.230423224971704421, 4.123586310143203981, -6.829441393621446643 ) ) ;
#7083 = CARTESIAN_POINT ( 'NONE',  ( -8.192516622044070829, 3.262321259452231281, -8.521221004974799840 ) ) ;
#7084 = CARTESIAN_POINT ( 'NONE',  ( 8.425927430606533713E-14, 3.700000000000000178, 10.99999999999985434 ) ) ;
#7085 = LINE ( 'NONE', #7763, #7627 ) ;
#7086 = EDGE_CURVE ( 'NONE', #5621, #7784, #2580, .T. ) ;
#7087 = CARTESIAN_POINT ( 'NONE',  ( -6.682671856891293061, 5.238616072047966199, 7.778174593052038510 ) ) ;
#7088 = ORIENTED_EDGE ( 'NONE', *, *, #4438, .F. ) ;
#7089 = CARTESIAN_POINT ( 'NONE',  ( 1.152188841818234133E-13, 4.700000000000000178, -11.00000000000000178 ) ) ;
#7090 = CARTESIAN_POINT ( 'NONE',  ( -7.873038513845290076, 3.234329634412286936, 6.928174593052038865 ) ) ;
#7091 = EDGE_CURVE ( 'NONE', #25, #524, #7257, .T. ) ;
#7092 = CARTESIAN_POINT ( 'NONE',  ( -11.00000000000000000, 4.700000000000000178, -2.000000000000076383 ) ) ;
#7093 = CARTESIAN_POINT ( 'NONE',  ( 8.873677329212773301, 3.462127976809870500, -8.410663392672345751 ) ) ;
#7094 = VERTEX_POINT ( 'NONE', #1675 ) ;
#7095 = FACE_OUTER_BOUND ( 'NONE', #1342, .T. ) ;
#7096 = ORIENTED_EDGE ( 'NONE', *, *, #894, .F. ) ;
#7097 = CARTESIAN_POINT ( 'NONE',  ( -7.778197072705512305, 3.906248000761019412, 8.628174592754783490 ) ) ;
#7098 = CARTESIAN_POINT ( 'NONE',  ( 8.325925961132417896, 5.711086310143204336, -8.726907792482524684 ) ) ;
#7099 = CARTESIAN_POINT ( 'NONE',  ( 8.005931406618774560, 4.493469969952571752, -6.928174593051683594 ) ) ;
#7100 = CARTESIAN_POINT ( 'NONE',  ( 7.363829435769845944, 4.623035823978960401, -8.521219275348210331 ) ) ;
#7101 = ORIENTED_EDGE ( 'NONE', *, *, #7012, .F. ) ;
#7102 = CARTESIAN_POINT ( 'NONE',  ( 7.778174593052059826, 3.700000000000000178, -7.778174593051986108 ) ) ;
#7103 = CARTESIAN_POINT ( 'NONE',  ( 7.140616049870526005, 4.647301162404138708, 7.215304772321105453 ) ) ;
#7104 = VERTEX_POINT ( 'NONE', #6251 ) ;
#7105 = ORIENTED_EDGE ( 'NONE', *, *, #3107, .T. ) ;
#7106 = CARTESIAN_POINT ( 'NONE',  ( 8.304487338603985691, 3.631464615435332721, -8.446631501325933655 ) ) ;
#7107 = CARTESIAN_POINT ( 'NONE',  ( -7.778174593052011865, 4.700000000000000178, -7.778174593052033181 ) ) ;
#7108 = CARTESIAN_POINT ( 'NONE',  ( -8.395792808387096073, 4.191131037779234347, -8.362801238763243106 ) ) ;
#7109 = CARTESIAN_POINT ( 'NONE',  ( 7.230423224971703533, 4.633854167286061809, -6.829441393621446643 ) ) ;
#7110 = CARTESIAN_POINT ( 'NONE',  ( -6.682671856891298390, 5.276413691095585001, -8.410663392672391936 ) ) ;
#7111 = CARTESIAN_POINT ( 'NONE',  ( -7.778174593052010977, 4.161383929190823672, -6.513196993811314783 ) ) ;
#7112 = CARTESIAN_POINT ( 'NONE',  ( -7.288048528583296104, 6.009490824672344189, 8.764388393229749497 ) ) ;
#7113 = CARTESIAN_POINT ( 'NONE',  ( 8.388830574159369876E-16, 0.000000000000000000, -6.700000000000001066 ) ) ;
#7114 = CARTESIAN_POINT ( 'NONE',  ( 8.128381864060717277, 3.483655973774982595, 8.552729868967292148 ) ) ;
#7115 = CARTESIAN_POINT ( 'NONE',  ( 7.230423224971703533, 3.065252976809870855, -8.726907792482524684 ) ) ;
#7116 = ORIENTED_EDGE ( 'NONE', *, *, #4956, .F. ) ;
#7117 = DIRECTION ( 'NONE',  ( 0.000000000000000000, 1.000000000000000000, 0.000000000000000000 ) ) ;
#7118 = CARTESIAN_POINT ( 'NONE',  ( -8.873677329212725340, 3.178645833952728150, -7.145685793431673538 ) ) ;
#7119 = CARTESIAN_POINT ( 'NONE',  ( -7.757725795749615294, 3.908067851655327996, -6.928386094897160064 ) ) ;
#7120 = CARTESIAN_POINT ( 'NONE',  ( -7.353174593052007602, 5.455952380952380665, 7.042052999835266114 ) ) ;
#7121 = EDGE_CURVE ( 'NONE', #3861, #7599, #5728, .T. ) ;
#7122 = CARTESIAN_POINT ( 'NONE',  ( 8.619106235786146541, 4.029811084631842455, -7.905046282306553707 ) ) ;
#7123 = CARTESIAN_POINT ( 'NONE',  ( 7.778174593052059826, 3.707812500619394491, -6.513196993811267710 ) ) ;
#7124 = CARTESIAN_POINT ( 'NONE',  ( -7.772302612049533543, 3.453200737074888949, -6.928189836226238185 ) ) ;
#7125 = CARTESIAN_POINT ( 'NONE',  ( 7.105258578179494577, 4.294313728260615193, -7.258771984576920744 ) ) ;
#7126 = CARTESIAN_POINT ( 'NONE',  ( -8.873677329212721787, 5.370907738714631563, 7.145685793431678867 ) ) ;
#7127 = ORIENTED_EDGE ( 'NONE', *, *, #384, .F. ) ;
#7128 = CARTESIAN_POINT ( 'NONE',  ( -7.251861847500079783, 3.631464615435331389, -8.446631501325974511 ) ) ;
#7129 = CARTESIAN_POINT ( 'NONE',  ( -8.056288490130881996, 3.250716369361169367, 6.972997566716227169 ) ) ;
#7130 = DIRECTION ( 'NONE',  ( 0.000000000000000000, 0.000000000000000000, 1.000000000000000000 ) ) ;
#7131 = DIRECTION ( 'NONE',  ( 0.000000000000000000, 0.000000000000000000, 1.000000000000000000 ) ) ;
#7132 = CARTESIAN_POINT ( 'NONE',  ( 7.778174593052059826, 3.310937500619394847, -6.513196993811266822 ) ) ;
#7133 = ORIENTED_EDGE ( 'NONE', *, *, #6574, .T. ) ;
#7134 = CARTESIAN_POINT ( 'NONE',  ( -8.325925961132368158, 4.936235119667014004, -8.726907792482572646 ) ) ;
#7135 = CARTESIAN_POINT ( 'NONE',  ( -7.160563657880553379, 4.417915804642437827, 8.362808951116432965 ) ) ;
#7136 = CIRCLE ( 'NONE', #7683, 1.100000000000000533 ) ;
#7137 = CARTESIAN_POINT ( 'NONE',  ( 6.682671856891347240, 5.370907738714631563, -8.410663392672345751 ) ) ;
#7138 = CARTESIAN_POINT ( 'NONE',  ( -8.567093682592295423, 4.219337325955874185, 7.461698879132724116 ) ) ;
#7139 = CARTESIAN_POINT ( 'NONE',  ( 7.328791883799766538, 4.626275625776707479, -8.500182742560426163 ) ) ;
#7140 = FILL_AREA_STYLE ('',( #4580 ) ) ;
#7141 = ADVANCED_FACE ( 'NONE', ( #7469, #5034 ), #1802, .F. ) ;
#7142 = ORIENTED_EDGE ( 'NONE', *, *, #3221, .T. ) ;
#7143 = ORIENTED_EDGE ( 'NONE', *, *, #1321, .F. ) ;
#7144 = CARTESIAN_POINT ( 'NONE',  ( 8.295439663622707016, 3.498968746591407442, -7.101492063160104173 ) ) ;
#7145 = CARTESIAN_POINT ( 'NONE',  ( -7.778174593052011865, 3.254241072047965311, -6.513196993811314783 ) ) ;
#7146 = DIRECTION ( 'NONE',  ( 0.000000000000000000, 0.000000000000000000, 1.000000000000000000 ) ) ;
#7147 = CARTESIAN_POINT ( 'NONE',  ( 8.111439580472859845, 4.699999999999999289, 8.815533390850474049 ) ) ;
#7148 = CARTESIAN_POINT ( 'NONE',  ( -6.682671856891298390, 5.181919643476537551, -7.778174593052033181 ) ) ;
#7149 = VECTOR ( 'NONE', #3049, 1000.000000000000000 ) ;
#7150 = CARTESIAN_POINT ( 'NONE',  ( -8.325925961132368158, 4.425967262524156176, -8.726907792482570869 ) ) ;
#7151 = CARTESIAN_POINT ( 'NONE',  ( -8.873677329212721787, 5.370907738714631563, 7.145685793431678867 ) ) ;
#7152 = CARTESIAN_POINT ( 'NONE',  ( -7.778174593052006536, 3.707812500619394491, 9.043152192292756908 ) ) ;
#7153 = CARTESIAN_POINT ( 'NONE',  ( 8.516050070681652429, 3.528362117045091839, 8.203912961329633546 ) ) ;
#7154 = CARTESIAN_POINT ( 'NONE',  ( 6.928174593052061070, 4.322023810762598117, -8.268922321863168889 ) ) ;
#7155 = AXIS2_PLACEMENT_3D ( 'NONE', #7718, #1963, #5693 ) ;
#7156 = ORIENTED_EDGE ( 'NONE', *, *, #3390, .F. ) ;
#7157 = CARTESIAN_POINT ( 'NONE',  ( 8.628174593052058583, 5.380357142857143060, -7.778174593051986108 ) ) ;
#7158 = DIRECTION ( 'NONE',  ( 3.320355715650161963E-15, 0.000000000000000000, -1.000000000000000000 ) ) ;
#7159 = CARTESIAN_POINT ( 'NONE',  ( -7.772302612051489312, 3.906772165646177353, -6.928189836226225751 ) ) ;
#7160 = DIRECTION ( 'NONE',  ( 0.000000000000000000, 0.000000000000000000, 1.000000000000000000 ) ) ;
#7161 = CARTESIAN_POINT ( 'NONE',  ( 8.628174831685775814, 4.021363029821641177, -7.800507745984501362 ) ) ;
#7162 = CYLINDRICAL_SURFACE ( 'NONE', #1393, 0.8500000000000000888 ) ;
#7163 = DIRECTION ( 'NONE',  ( 0.000000000000000000, 1.000000000000000000, 0.000000000000000000 ) ) ;
#7164 = CARTESIAN_POINT ( 'NONE',  ( 6.997868319586476815, 4.275526761140636012, -7.440734856283262033 ) ) ;
#7165 = CARTESIAN_POINT ( 'NONE',  ( -7.778174593052006536, 5.805580357762250898, 6.513196993811319224 ) ) ;
#7166 = ADVANCED_FACE ( 'NONE', ( #3687 ), #7515, .T. ) ;
#7167 = CARTESIAN_POINT ( 'NONE',  ( -7.328807342676897818, 3.492345598622597524, -7.056156813379232062 ) ) ;
#7168 = CARTESIAN_POINT ( 'NONE',  ( -7.628063673542546219, 3.212542656318135847, -8.628174593052033714 ) ) ;
#7169 = CARTESIAN_POINT ( 'NONE',  ( -7.778174593052011865, 4.700000000000000178, -8.628174593052033714 ) ) ;
#7170 = CARTESIAN_POINT ( 'NONE',  ( 8.422011846026327575, 4.525162380102042192, 7.223041174941060127 ) ) ;
#7171 = CARTESIAN_POINT ( 'NONE',  ( 6.682671856891347240, 3.613318453000347485, -8.410663392672345751 ) ) ;
#7172 = EDGE_LOOP ( 'NONE', ( #6078, #659, #1395, #6431 ) ) ;
#7173 = CARTESIAN_POINT ( 'NONE',  ( -7.230423224971654683, 4.860639881571775511, -8.726907792482570869 ) ) ;
#7174 = CARTESIAN_POINT ( 'NONE',  ( 7.778152113398448364, 3.452676572189581350, -6.928174593349242905 ) ) ;
#7175 = DIRECTION ( 'NONE',  ( 0.000000000000000000, -1.000000000000000000, 0.000000000000000000 ) ) ;
#7176 = CARTESIAN_POINT ( 'NONE',  ( -8.619106558792047679, 4.256596611142442477, 7.905044026318605255 ) ) ;
#7177 = DIRECTION ( 'NONE',  ( 0.000000000000000000, 1.000000000000000000, 0.000000000000000000 ) ) ;
#7178 = CARTESIAN_POINT ( 'NONE',  ( 7.778174593051956798, 3.200000000000000178, 7.778174593052089136 ) ) ;
#7179 = EDGE_CURVE ( 'NONE', #6422, #2262, #1343, .T. ) ;
#7180 = ORIENTED_EDGE ( 'NONE', *, *, #1214, .F. ) ;
#7181 = EDGE_LOOP ( 'NONE', ( #2640, #7990, #6288, #6013, #6748, #5171, #5674, #6169, #2492, #2043, #880 ) ) ;
#7182 = CARTESIAN_POINT ( 'NONE',  ( 8.584328455517379552, 3.543298386994699900, -7.507888654914991911 ) ) ;
#7183 = CARTESIAN_POINT ( 'NONE',  ( 8.873677329212670273, 5.654389881571775689, 8.410663392672448779 ) ) ;
#7184 = CARTESIAN_POINT ( 'NONE',  ( -8.480771833621711053, 4.289829847675803443, -7.299774900937535449 ) ) ;
#7185 = CARTESIAN_POINT ( 'NONE',  ( 8.381273594909702140, 4.076804994218567124, 7.179160919884166603 ) ) ;
#7186 = CARTESIAN_POINT ( 'NONE',  ( -6.682671856891298390, 5.729985119667015070, -8.410663392672391936 ) ) ;
#7187 = CIRCLE ( 'NONE', #8269, 6.500000000000000888 ) ;
#7188 = CARTESIAN_POINT ( 'NONE',  ( -7.778174593052010977, 4.246428572667359624, -8.759670050674396080 ) ) ;
#7189 = CARTESIAN_POINT ( 'NONE',  ( -7.230423224971650242, 5.106324405381299059, 8.726907792482577975 ) ) ;
#7190 = CARTESIAN_POINT ( 'NONE',  ( -8.325925961132364606, 3.065252976809870855, 6.829441393621498158 ) ) ;
#7191 = AXIS2_PLACEMENT_3D ( 'NONE', #2545, #5781, #5106 ) ;
#7192 = DIRECTION ( 'NONE',  ( 0.000000000000000000, 0.000000000000000000, 1.000000000000000000 ) ) ;
#7193 = ORIENTED_EDGE ( 'NONE', *, *, #7608, .F. ) ;
#7194 = CYLINDRICAL_SURFACE ( 'NONE', #2316, 1.249999999999999334 ) ;
#7195 = CARTESIAN_POINT ( 'NONE',  ( -8.873677329212725340, 3.103050595857490102, -8.410663392672393712 ) ) ;
#7196 = CARTESIAN_POINT ( 'NONE',  ( -6.952253829279052333, 4.036739816864351127, -7.986512551935456727 ) ) ;
#7197 = CARTESIAN_POINT ( 'NONE',  ( -8.203174593052008134, 5.077976190476190865, 7.042052999835265226 ) ) ;
#7198 = CARTESIAN_POINT ( 'NONE',  ( -8.203174593052011687, 3.263690476190476364, -8.514296186268804689 ) ) ;
#7199 = CARTESIAN_POINT ( 'NONE',  ( -8.201911009085698367, 3.868354040762647106, 8.517097116308221416 ) ) ;
#7200 = DIRECTION ( 'NONE',  ( -0.000000000000000000, -1.000000000000000000, -0.000000000000000000 ) ) ;
#7201 = CARTESIAN_POINT ( 'NONE',  ( 7.230423224971703533, 4.577157738714633162, -6.829441393621446643 ) ) ;
#7202 = B_SPLINE_CURVE_WITH_KNOTS ( 'NONE', 3,
 ( #4922, #7489, #1733, #4288, #3032, #5862, #6982, #84, #5687, #1908, #729, #3211, #5772, #8343, #7665, #3260, #3116, #2581, #5050, #3836, #7030, #6351, #7711, #7620, #4419, #7751, #7073, #3925, #5140, #1322, #3793, #5223, #4509, #5817, #4552, #3964, #44, #1230, #1955, #3882, #2041, #590, #6441, #547, #7153, #1405, #2663, #636, #2621, #3164, #4593, #5179, #681, #1998, #7114, #1863, #1361, #6488, #3303, #8296, #2489, #1274, #7793, #8254, #5726, #2535, #6396, #5097, #4465, #4784, #4039, #2811 ),
 .UNSPECIFIED., .F., .F.,
 ( 4, 2, 2, 1, 1, 1, 1, 2, 2, 2, 2, 1, 1, 2, 2, 1, 2, 2, 2, 2, 2, 2, 2, 1, 2, 2, 2, 2, 2, 2, 1, 1, 1, 1, 2, 2, 2, 2, 2, 1, 1, 2, 4 ),
 ( 0.000000000000000000, 0.06250052921461654587, 0.09375079382192481880, 0.1093759261255791010, 0.1171884922774063947, 0.1210947753533200416, 0.1230479168912770455, 0.1240244876602557139, 0.1250010584292343685, 0.1406261907328623384, 0.1484387568846763372, 0.1523450399605831285, 0.1542981814985366351, 0.1552747522675133607, 0.1562513230364901418, 0.1718764553401136708, 0.1796890214919254491, 0.1875015876437372275, 0.2187518522509838415, 0.2343769845546072594, 0.2500021168582307052, 0.2812523814654769860, 0.2968775137691000987, 0.3046900799209118493, 0.3085963629968178079, 0.3125026460727238220, 0.3437529106799733225, 0.3593780429835984891, 0.3750031752872236557, 0.4062534398944738778, 0.4218785721980997105, 0.4296911383499129045, 0.4335974214258191961, 0.4355505629637718701, 0.4365271337327483181, 0.4375037045017247106, 0.4687539691089274152, 0.4843791014125282124, 0.4921916675643283057, 0.4960979506402283801, 0.4980510921781783340, 0.4990276629471532277, 0.5000042337161281214 ),
 .UNSPECIFIED. ) ;
#7203 = CARTESIAN_POINT ( 'NONE',  ( -6.682671856891293061, 5.692187500619394491, 7.778174593052038510 ) ) ;
#7204 = CARTESIAN_POINT ( 'NONE',  ( -8.576199853997179545, 3.314422170865528372, 7.485393814720948669 ) ) ;
#7205 = CARTESIAN_POINT ( 'NONE',  ( -7.778197072705646420, 3.452676572189579574, -6.928174593349289978 ) ) ;
#7206 = CARTESIAN_POINT ( 'NONE',  ( 8.451082475101969749, 4.521100618486748601, 7.258761456204235074 ) ) ;
#7207 = CARTESIAN_POINT ( 'NONE',  ( 7.778152113398448364, 3.452676572189581350, -6.928174593349242905 ) ) ;
#7208 = AXIS2_PLACEMENT_3D ( 'NONE', #8108, #2396, #3688 ) ;
#7209 = B_SPLINE_CURVE_WITH_KNOTS ( 'NONE', 3,
 ( #7530, #4917, #4417, #5597, #588, #3834, #1774, #4285, #6980, #1226, #5640, #3790 ),
 .UNSPECIFIED., .F., .F.,
 ( 4, 2, 2, 2, 2, 4 ),
 ( 0.000000000000000000, 0.0002408373564894213006, 0.0004816747129788426013, 0.0009633494259576847688, 0.001445024138936526828, 0.001926698851915369104 ),
 .UNSPECIFIED. ) ;
#7210 = ORIENTED_EDGE ( 'NONE', *, *, #7525, .F. ) ;
#7211 = CARTESIAN_POINT ( 'NONE',  ( -6.682671856891298390, 5.200818453000346508, -7.145685793431673538 ) ) ;
#7212 = CARTESIAN_POINT ( 'NONE',  ( -11.00000000000000000, 4.700000000000000178, 1.999999999999922951 ) ) ;
#7213 = DIRECTION ( 'NONE',  ( -0.000000000000000000, -1.000000000000000000, -0.000000000000000000 ) ) ;
#7214 =( NAMED_UNIT ( * ) SI_UNIT ( $, .STERADIAN. ) SOLID_ANGLE_UNIT ( ) );
#7215 = CARTESIAN_POINT ( 'NONE',  ( 8.873677329212670273, 5.181919643476537551, 7.778174593052089136 ) ) ;
#7216 = CARTESIAN_POINT ( 'NONE',  ( 6.682671856891243323, 4.104687500619395024, 7.778174593052089136 ) ) ;
#7217 = EDGE_CURVE ( 'NONE', #5052, #5543, #5253, .T. ) ;
#7218 = CIRCLE ( 'NONE', #3591, 4.500000000000000000 ) ;
#7219 = EDGE_LOOP ( 'NONE', ( #1396, #1765, #1352, #1671 ) ) ;
#7220 = ORIENTED_EDGE ( 'NONE', *, *, #1943, .T. ) ;
#7221 = EDGE_CURVE ( 'NONE', #1897, #4454, #7447, .T. ) ;
#7222 = CARTESIAN_POINT ( 'NONE',  ( 8.628174593051957331, 5.833928571428571352, 7.778174593052089136 ) ) ;
#7223 = CARTESIAN_POINT ( 'NONE',  ( 11.00000000000000000, 2.500000000000000000, 0.000000000000000000 ) ) ;
#7224 = CARTESIAN_POINT ( 'NONE',  ( 7.866825899454108928, 3.914126230972695186, 8.623807290116355162 ) ) ;
#7225 = CARTESIAN_POINT ( 'NONE',  ( -7.873039317094768563, 4.595043991564027763, 6.928174593052039754 ) ) ;
#7226 = CARTESIAN_POINT ( 'NONE',  ( -7.353174593052012042, 3.603869048857835544, -7.042052999835261673 ) ) ;
#7227 = CARTESIAN_POINT ( 'NONE',  ( -6.928174593052007779, 5.002380953619740112, 8.268922321863222180 ) ) ;
#7228 = CARTESIAN_POINT ( 'NONE',  ( -8.203174593052008134, 3.528273810762597940, 8.514296186268811795 ) ) ;
#7229 = ADVANCED_FACE ( 'NONE', ( #5081 ), #5208, .T. ) ;
#7230 = DIRECTION ( 'NONE',  ( 0.000000000000000000, 0.000000000000000000, 1.000000000000000000 ) ) ;
#7231 = VERTEX_POINT ( 'NONE', #1391 ) ;
#7232 = DIRECTION ( 'NONE',  ( 0.000000000000000000, -1.000000000000000000, 0.000000000000000000 ) ) ;
#7233 = CARTESIAN_POINT ( 'NONE',  ( -6.928175070464930307, 3.562628984972725732, 7.822868140657557312 ) ) ;
#7234 = CARTESIAN_POINT ( 'NONE',  ( 2.000000000000084821, 4.700000000000000178, 13.35102992281855450 ) ) ;
#7235 = CARTESIAN_POINT ( 'NONE',  ( -7.479824714118127105, 6.200641060661486570, 8.574093778484920492 ) ) ;
#7236 = CARTESIAN_POINT ( 'NONE',  ( -8.325925961132368158, 4.482663691095584824, -8.726907792482570869 ) ) ;
#7237 = CARTESIAN_POINT ( 'NONE',  ( -8.367832446250822898, 3.851507479571531611, 8.390403739646133729 ) ) ;
#7238 = FACE_BOUND ( 'NONE', #4941, .T. ) ;
#7239 = CARTESIAN_POINT ( 'NONE',  ( 6.682671856891347240, 5.862276786333680434, -7.778174593051986108 ) ) ;
#7240 = CARTESIAN_POINT ( 'NONE',  ( -7.367361075967820305, 4.700000000000000178, -6.762616372605502413 ) ) ;
#7241 = EDGE_CURVE ( 'NONE', #1845, #5654, #6544, .T. ) ;
#7242 = CARTESIAN_POINT ( 'NONE',  ( -7.230423224971650242, 4.652752976809870766, 8.726907792482577975 ) ) ;
#7243 = FACE_OUTER_BOUND ( 'NONE', #7219, .T. ) ;
#7244 = DIRECTION ( 'NONE',  ( -0.000000000000000000, -1.000000000000000000, -0.000000000000000000 ) ) ;
#7245 = CARTESIAN_POINT ( 'NONE',  ( 8.304487338604189972, 4.538607472578144453, 7.109717684778380509 ) ) ;
#7246 = CARTESIAN_POINT ( 'NONE',  ( 7.608472698825416991, 3.240981692308867235, -8.612955193319667302 ) ) ;
#7247 = CARTESIAN_POINT ( 'NONE',  ( 8.188988110136252274, 4.699999999999999289, -6.762616372605454451 ) ) ;
#7248 = CARTESIAN_POINT ( 'NONE',  ( -8.203174593052011687, 5.077976190476190865, -8.514296186268804689 ) ) ;
#7249 = DIRECTION ( 'NONE',  ( 0.000000000000000000, 1.000000000000000000, 0.000000000000000000 ) ) ;
#7250 = CARTESIAN_POINT ( 'NONE',  ( 7.230423224971706198, 3.726711310143206557, -6.829441393621450196 ) ) ;
#7251 = VECTOR ( 'NONE', #325, 1000.000000000000000 ) ;
#7252 = APPLICATION_PROTOCOL_DEFINITION ( 'draft international standard', 'automotive_design', 1998, #1426 ) ;
#7253 = CARTESIAN_POINT ( 'NONE',  ( 6.968221796271369506, 3.815032455468521988, -7.512897815407526103 ) ) ;
#7254 = CARTESIAN_POINT ( 'NONE',  ( 7.778174593051957686, 4.359821428571429180, 8.759670050674452924 ) ) ;
#7255 = ORIENTED_EDGE ( 'NONE', *, *, #138, .F. ) ;
#7256 = ORIENTED_EDGE ( 'NONE', *, *, #5745, .T. ) ;
#7257 = CIRCLE ( 'NONE', #3636, 2.000000000000000000 ) ;
#7258 = EDGE_CURVE ( 'NONE', #8197, #169, #5374, .T. ) ;
#7259 = CARTESIAN_POINT ( 'NONE',  ( 7.353174593051956975, 6.136309523809523547, 8.514296186268863309 ) ) ;
#7260 = CYLINDRICAL_SURFACE ( 'NONE', #2523, 1.100000000000000977 ) ;
#7261 = VECTOR ( 'NONE', #8320, 1000.000000000000000 ) ;
#7262 = CARTESIAN_POINT ( 'NONE',  ( 8.591281905956053677, 3.998878042134538902, 8.026338334888883708 ) ) ;
#7263 = CARTESIAN_POINT ( 'NONE',  ( -8.090391380138557409, 4.614513389625556350, 6.987398066365538618 ) ) ;
#7264 = FACE_OUTER_BOUND ( 'NONE', #4067, .T. ) ;
#7265 = CARTESIAN_POINT ( 'NONE',  ( 7.778174593051956798, 4.218080357762254984, 9.043152192292803093 ) ) ;
#7266 = CARTESIAN_POINT ( 'NONE',  ( -8.628174593052007069, 3.906250001238788627, 7.778174593052038510 ) ) ;
#7267 =( BOUNDED_CURVE ( )  B_SPLINE_CURVE ( 2, ( #3703, #1186, #2902, #1694, #3616, #8124, #3033, #3664, #2369 ),
 .UNSPECIFIED., .F., .F. ) 
 B_SPLINE_CURVE_WITH_KNOTS ( ( 3, 2, 2, 2, 3 ),
 ( 0.5292809571961547555, 0.5544842066588164808, 0.6048918618096179589, 0.6552995169604194370, 0.6805033445358201760 ),
 .UNSPECIFIED. ) 
 CURVE ( )  GEOMETRIC_REPRESENTATION_ITEM ( )  RATIONAL_B_SPLINE_CURVE ( ( 0.9330127019274633282, 0.9330142384132209532, 1.000000000000000000, 0.8660254037844387076, 1.000000000000000000, 0.8660254037844387076, 1.000000000000000000, 0.9330127018922194093, 0.9330127018922194093 ) ) 
 REPRESENTATION_ITEM ( '' )  );
#7268 = CARTESIAN_POINT ( 'NONE',  ( -7.778174593052011865, 3.200000000000000178, -7.778174593052033181 ) ) ;
#7269 = ORIENTED_EDGE ( 'NONE', *, *, #2914, .T. ) ;
#7270 = ORIENTED_EDGE ( 'NONE', *, *, #4021, .T. ) ;
#7271 = CARTESIAN_POINT ( 'NONE',  ( 8.873677329212773301, 5.238616072047966199, -7.778174593051986108 ) ) ;
#7272 = AXIS2_PLACEMENT_3D ( 'NONE', #5564, #6236, #2291 ) ;
#7273 = CARTESIAN_POINT ( 'NONE',  ( 7.778174593051956798, 4.700000000000000178, 7.778174593052089136 ) ) ;
#7274 = CARTESIAN_POINT ( 'NONE',  ( 7.778174593051956798, 3.339285715524502596, 6.928174593052087715 ) ) ;
#7275 = LINE ( 'NONE', #289, #1089 ) ;
#7276 = CARTESIAN_POINT ( 'NONE',  ( 7.778152113398300926, 3.452676572189577797, 8.628174592754833228 ) ) ;
#7277 = CARTESIAN_POINT ( 'NONE',  ( 8.873677329212670273, 3.821205357762251786, 7.778174593052089136 ) ) ;
#7278 = CARTESIAN_POINT ( 'NONE',  ( 8.227541843427049528, 3.945917027193823756, -7.056156813379105053 ) ) ;
#7279 = CARTESIAN_POINT ( 'NONE',  ( -7.444909605631099936, 4.700000000000002842, -6.740815795253650045 ) ) ;
#7280 = DIRECTION ( 'NONE',  ( -0.000000000000000000, -1.000000000000000000, -0.000000000000000000 ) ) ;
#7281 = AXIS2_PLACEMENT_3D ( 'NONE', #5016, #1824, #3037 ) ;
#7282 = CARTESIAN_POINT ( 'NONE',  ( 0.000000000000000000, 5.400000000000001243, 0.000000000000000000 ) ) ;
#7283 = CARTESIAN_POINT ( 'NONE',  ( -8.873677329212721787, 4.501562500619394669, 7.778174593052038510 ) ) ;
#7284 = CARTESIAN_POINT ( 'NONE',  ( -7.500074284160570315, 4.384643715412331666, -6.972992487018267127 ) ) ;
#7285 = DIRECTION ( 'NONE',  ( 0.000000000000000000, 1.000000000000000000, 0.000000000000000000 ) ) ;
#7286 = CARTESIAN_POINT ( 'NONE',  ( 8.622623682001432144, 4.481187844764182415, 7.677814380961513585 ) ) ;
#7287 = CARTESIAN_POINT ( 'NONE',  ( 7.095763246555164550, 3.385788629239508740, -7.271190159264919295 ) ) ;
#7288 = DIRECTION ( 'NONE',  ( 0.000000000000000000, 0.000000000000000000, 1.000000000000000000 ) ) ;
#7289 = CARTESIAN_POINT ( 'NONE',  ( -8.325925961132368158, 5.087425595857490102, -6.829441393621494605 ) ) ;
#7290 = CARTESIAN_POINT ( 'NONE',  ( 8.325925961132314868, 3.802306548238441941, 8.726907792482629489 ) ) ;
#7291 = DIRECTION ( 'NONE',  ( 0.000000000000000000, 0.000000000000000000, 1.000000000000000000 ) ) ;
#7292 = CARTESIAN_POINT ( 'NONE',  ( 7.446667889722905720, 3.708920401849859605, -8.560866229980673481 ) ) ;
#7293 = CARTESIAN_POINT ( 'NONE',  ( 8.628174593051957331, 4.057440476190476097, 7.287426864240906355 ) ) ;
#7294 = ORIENTED_EDGE ( 'NONE', *, *, #1625, .T. ) ;
#7295 = ORIENTED_EDGE ( 'NONE', *, *, #863, .T. ) ;
#7296 = CARTESIAN_POINT ( 'NONE',  ( 8.628174593051957331, 5.380357142857143060, 7.778174593052089136 ) ) ;
#7297 = CARTESIAN_POINT ( 'NONE',  ( -8.128396614280102739, 4.164014332666944540, -8.552723197865537585 ) ) ;
#7298 = CARTESIAN_POINT ( 'NONE',  ( 7.818574773566615121, 3.909840329880246657, 8.627345429237431418 ) ) ;
#7299 = CARTESIAN_POINT ( 'NONE',  ( -8.325925961132361053, 4.180282738714635293, 8.726907792482574422 ) ) ;
#7300 = CARTESIAN_POINT ( 'NONE',  ( -7.778185041394724664, 4.019641929152699689, -6.928174593116250612 ) ) ;
#7301 = CARTESIAN_POINT ( 'NONE',  ( 8.873677329212666720, 3.877901786333682654, 7.778174593052089136 ) ) ;
#7302 = CARTESIAN_POINT ( 'NONE',  ( -7.778174593052006536, 3.112500001238788006, 8.759670050674403186 ) ) ;
#7303 = CYLINDRICAL_SURFACE ( 'NONE', #6525, 1.100000000000000311 ) ;
#7304 = ORIENTED_EDGE ( 'NONE', *, *, #1015, .F. ) ;
#7305 = ORIENTED_EDGE ( 'NONE', *, *, #7636, .F. ) ;
#7306 = CARTESIAN_POINT ( 'NONE',  ( 8.325925961132416120, 5.163020833952727706, -6.829441393621446643 ) ) ;
#7307 = FACE_OUTER_BOUND ( 'NONE', #4478, .T. ) ;
#7308 = CARTESIAN_POINT ( 'NONE',  ( 8.873677329212670273, 5.692187500619394491, 7.778174593052089136 ) ) ;
#7309 = CARTESIAN_POINT ( 'NONE',  ( -8.325925961132364606, 4.936235119667014004, 6.829441393621498158 ) ) ;
#7310 =( BOUNDED_CURVE ( )  B_SPLINE_CURVE ( 2, ( #4496, #3102, #716, #3198, #578, #8283, #7699, #3822, #7059 ),
 .UNSPECIFIED., .F., .F. ) 
 B_SPLINE_CURVE_WITH_KNOTS ( ( 3, 2, 2, 2, 3 ),
 ( 0.001333840655342775038, 0.001778292290959076387, 0.002667195562192321585, 0.003556098833425566565, 0.004000550455451389563 ),
 .UNSPECIFIED. ) 
 CURVE ( )  GEOMETRIC_REPRESENTATION_ITEM ( )  RATIONAL_B_SPLINE_CURVE ( ( 0.9330127018922194093, 0.9330127018922678150, 1.000000000000000000, 0.8660254037844387076, 1.000000000000000000, 0.8660254037844387076, 1.000000000000000000, 0.9330127039406108658, 0.9330127018922194093 ) ) 
 REPRESENTATION_ITEM ( '' )  );
#7311 = CARTESIAN_POINT ( 'NONE',  ( 7.182330180849128887, 3.397253328245770643, 8.384369630804734186 ) ) ;
#7312 = CARTESIAN_POINT ( 'NONE',  ( -7.465967966759845531, 3.934155351076712659, 8.568955236210205939 ) ) ;
#7313 = CARTESIAN_POINT ( 'NONE',  ( 7.866825899449212400, 3.914126230972277298, -6.932541895987223590 ) ) ;
#7314 = DIRECTION ( 'NONE',  ( -0.000000000000000000, -1.000000000000000000, -0.000000000000000000 ) ) ;
#7315 = EDGE_CURVE ( 'NONE', #6830, #7510, #4442, .T. ) ;
#7316 = CARTESIAN_POINT ( 'NONE',  ( 8.325925961132416120, 5.559895833952727351, -6.829441393621446643 ) ) ;
#7317 = CARTESIAN_POINT ( 'NONE',  ( 6.683426347833807846, 3.199999999999954436, -7.737523338124681516 ) ) ;
#7318 = ADVANCED_FACE ( 'NONE', ( #4811 ), #6260, .F. ) ;
#7319 = CARTESIAN_POINT ( 'NONE',  ( -7.230423224971650242, 3.499925595857490190, 6.829441393621498158 ) ) ;
#7320 = EDGE_CURVE ( 'NONE', #3781, #671, #2341, .T. ) ;
#7321 = AXIS2_PLACEMENT_3D ( 'NONE', #2575, #2615, #5767 ) ;
#7322 = CARTESIAN_POINT ( 'NONE',  ( -6.931666348064501548, 4.465741320500811185, -7.683444766155778538 ) ) ;
#7323 = CARTESIAN_POINT ( 'NONE',  ( 6.703099739523117329, 3.199999999999997957, 7.659711726126974263 ) ) ;
#7324 = CARTESIAN_POINT ( 'NONE',  ( 7.230423224971600504, 3.518824405381299592, 6.829441393621548784 ) ) ;
#7325 = CARTESIAN_POINT ( 'NONE',  ( 6.989255503511695444, 3.312194468813012715, -8.094650306971109543 ) ) ;
#7326 = EDGE_CURVE ( 'NONE', #2647, #5144, #7046, .T. ) ;
#7327 = CARTESIAN_POINT ( 'NONE',  ( 8.787935552007395401, 4.700000000284662249, -7.353311025885758134 ) ) ;
#7328 = CARTESIAN_POINT ( 'NONE',  ( -7.353174593052007602, 4.548809523809524080, 7.042052999835266114 ) ) ;
#7329 = CARTESIAN_POINT ( 'NONE',  ( 8.588125904772967445, 3.588247179010330523, -8.043456210829468489 ) ) ;
#7330 = CARTESIAN_POINT ( 'NONE',  ( 6.682671856891243323, 4.501562500619394669, 7.778174593052089136 ) ) ;
#7331 = VECTOR ( 'NONE', #5014, 1000.000000000000000 ) ;
#7332 = SURFACE_STYLE_FILL_AREA ( #6552 ) ;
#7333 = CARTESIAN_POINT ( 'NONE',  ( 0.000000000000000000, 0.000000000000000000, 0.000000000000000000 ) ) ;
#7334 = CARTESIAN_POINT ( 'NONE',  ( 6.682671856891243323, 4.992931548238441763, 8.410663392672448779 ) ) ;
#7335 = CARTESIAN_POINT ( 'NONE',  ( 7.230423224971600504, 4.482663691095584824, 6.829441393621548784 ) ) ;
#7336 = CIRCLE ( 'NONE', #3718, 6.500000000000000888 ) ;
#7337 = B_SPLINE_CURVE_WITH_KNOTS ( 'NONE', 3,
 ( #5539, #4904, #2431, #6213, #6923, #5582 ),
 .UNSPECIFIED., .F., .F.,
 ( 4, 2, 4 ),
 ( 0.000000000000000000, 0.0004262722180929025707, 0.0008525444361858051413 ),
 .UNSPECIFIED. ) ;
#7338 = ORIENTED_EDGE ( 'NONE', *, *, #7121, .T. ) ;
#7339 = ORIENTED_EDGE ( 'NONE', *, *, #2263, .T. ) ;
#7340 = AXIS2_PLACEMENT_3D ( 'NONE', #1608, #5985, #5351 ) ;
#7341 = CARTESIAN_POINT ( 'NONE',  ( 0.000000000000000000, 1.500000000000000000, 0.000000000000000000 ) ) ;
#7342 = CARTESIAN_POINT ( 'NONE',  ( 8.553270455331301036, 4.049880625829370473, 7.428991855793882770 ) ) ;
#7343 = PLANE ( 'NONE',  #822 ) ;
#7344 = CARTESIAN_POINT ( 'NONE',  ( 0.000000000000000000, 0.3000000000000103140, 0.000000000000000000 ) ) ;
#7345 = PLANE ( 'NONE',  #1986 ) ;
#7346 = DIRECTION ( 'NONE',  ( -1.000000000000000000, 0.000000000000000000, 0.000000000000000000 ) ) ;
#7347 = EDGE_CURVE ( 'NONE', #1351, #5167, #7641, .T. ) ;
#7348 = VERTEX_POINT ( 'NONE', #3900 ) ;
#7349 = VERTEX_POINT ( 'NONE', #3857 ) ;
#7350 = CARTESIAN_POINT ( 'NONE',  ( 6.928174593052061070, 6.098511904761905633, -7.287426864240805102 ) ) ;
#7351 = CARTESIAN_POINT ( 'NONE',  ( -7.084110276319203869, 3.610803911135965549, 7.287424440341241372 ) ) ;
#7352 = CARTESIAN_POINT ( 'NONE',  ( -7.778174593052010977, 4.246428572667359624, 6.928174593052038865 ) ) ;
#7353 = CARTESIAN_POINT ( 'NONE',  ( -6.682671856891293061, 5.276413691095585001, 7.145685793431679755 ) ) ;
#7354 = CARTESIAN_POINT ( 'NONE',  ( 7.104540465730712739, 3.291583393972870475, 7.259021070500950579 ) ) ;
#7355 = CARTESIAN_POINT ( 'NONE',  ( 6.682671856891243323, 3.594419643476537196, 7.778174593052089136 ) ) ;
#7356 = CARTESIAN_POINT ( 'NONE',  ( -8.604096236019543653, 3.809953774117321501, 7.986508786311201646 ) ) ;
#7357 = CARTESIAN_POINT ( 'NONE',  ( -7.778174593052010977, 4.586607142857143771, 6.928174593052038865 ) ) ;
#7358 = CARTESIAN_POINT ( 'NONE',  ( 8.325925961132417896, 5.257514881571775156, -8.726907792482524684 ) ) ;
#7359 = CARTESIAN_POINT ( 'NONE',  ( -8.873677329212725340, 4.596056548238442119, -7.145685793431673538 ) ) ;
#7360 = EDGE_CURVE ( 'NONE', #5763, #7742, #1201, .T. ) ;
#7361 = CARTESIAN_POINT ( 'NONE',  ( -6.682671856891293061, 4.293675595857489924, 8.410663392672399041 ) ) ;
#7362 = ADVANCED_FACE ( 'NONE', ( #7728 ), #745, .F. ) ;
#7363 = CARTESIAN_POINT ( 'NONE',  ( -6.933725504095940906, 4.481187844759626948, -7.878534805084399295 ) ) ;
#7364 = DIRECTION ( 'NONE',  ( 0.000000000000000000, 0.000000000000000000, 1.000000000000000000 ) ) ;
#7365 = CARTESIAN_POINT ( 'NONE',  ( 7.974957366925345958, 4.377341949268984678, 8.605559655358216986 ) ) ;
#7366 = CARTESIAN_POINT ( 'NONE',  ( 7.328795215354526604, 3.265561027132427796, -8.500184807446503399 ) ) ;
#7367 = CARTESIAN_POINT ( 'NONE',  ( -7.099139772686101857, 4.699999999999999289, -6.871117229316228148 ) ) ;
#7368 = CARTESIAN_POINT ( 'NONE',  ( -8.628174593052007069, 4.662202380952381375, 7.287426864240856617 ) ) ;
#7369 = DIRECTION ( 'NONE',  ( 0.000000000000000000, 0.000000000000000000, 1.000000000000000000 ) ) ;
#7370 = CARTESIAN_POINT ( 'NONE',  ( -7.182338238524118346, 4.077611363121271815, -8.384377550875038665 ) ) ;
#7371 = DIRECTION ( 'NONE',  ( -0.000000000000000000, -1.000000000000000000, -0.000000000000000000 ) ) ;
#7372 = CARTESIAN_POINT ( 'NONE',  ( 8.325925961132314868, 4.652752976809870766, 8.726907792482629489 ) ) ;
#7373 = CARTESIAN_POINT ( 'NONE',  ( 8.203174593051956620, 4.397619047619047983, 8.514296186268863309 ) ) ;
#7374 = CARTESIAN_POINT ( 'NONE',  ( -7.763555016124525920, 4.700000000000001954, 8.829360252012454779 ) ) ;
#7375 = ORIENTED_EDGE ( 'NONE', *, *, #6457, .T. ) ;
#7376 = ORIENTED_EDGE ( 'NONE', *, *, #176, .T. ) ;
#7377 = CIRCLE ( 'NONE', #3091, 4.500000000000000000 ) ;
#7378 = DIRECTION ( 'NONE',  ( 0.000000000000000000, 0.000000000000000000, -1.000000000000000000 ) ) ;
#7379 = EDGE_CURVE ( 'NONE', #7349, #4234, #3258, .T. ) ;
#7380 = CARTESIAN_POINT ( 'NONE',  ( 8.109666072173574491, 3.935704888729350426, 8.560872678036345107 ) ) ;
#7381 = CARTESIAN_POINT ( 'NONE',  ( -7.230423224971652907, 3.953497024428921147, 6.829441393621502598 ) ) ;
#7382 =( BOUNDED_CURVE ( )  B_SPLINE_CURVE ( 2, ( #5132, #1855, #6974, #3154, #2655, #3784, #5042, #582, #2482, #7744, #673, #1354, #3297, #5216, #5719, #1990, #626, #5089, #5808, #721, #3250, #4411, #6343, #7612, #5854, #7703, #3203, #1220, #3917, #2527, #7657, #4501, #4544, #7145, #1899, #37, #1947 ),
 .UNSPECIFIED., .F., .F. ) 
 B_SPLINE_CURVE_WITH_KNOTS ( ( 3, 2, 2, 2, 2, 2, 2, 2, 2, 2, 2, 2, 2, 2, 2, 2, 2, 2, 3 ),
 ( 0.000000000000000000, 0.04166666666666666435, 0.08333333333333332871, 0.1250000000000000000, 0.1666666666666666574, 0.2083333333333333426, 0.2500000000000000000, 0.2916666666666666852, 0.3333333333333333148, 0.3750000000000000000, 0.4166666666666666852, 0.4583333333333333148, 0.5000000000000000000, 0.5416666666666666297, 0.5833333333333333703, 0.6250000000000000000, 0.6666666666666666297, 0.7083333333333333703, 0.7179568241603142553 ),
 .UNSPECIFIED. ) 
 CURVE ( )  GEOMETRIC_REPRESENTATION_ITEM ( )  RATIONAL_B_SPLINE_CURVE ( ( 1.000000000000000000, 0.8660254037844387076, 1.000000000000000000, 0.8660254037844387076, 1.000000000000000000, 0.8660254037844387076, 1.000000000000000000, 0.8660254037844387076, 1.000000000000000000, 0.8660254037844387076, 1.000000000000000000, 0.8660254037844387076, 1.000000000000000000, 0.8660254037844387076, 1.000000000000000000, 0.8660254037844387076, 1.000000000000000000, 0.8660254037844387076, 1.000000000000000000, 0.8660254037844387076, 1.000000000000000000, 0.8660254037844387076, 1.000000000000000000, 0.8660254037844387076, 1.000000000000000000, 0.8660254037844387076, 1.000000000000000000, 0.8660254037844387076, 1.000000000000000000, 0.8660254037844387076, 1.000000000000000000, 0.8660254037844387076, 1.000000000000000000, 0.8660254037844387076, 1.000000000000000000, 0.9690567208545062261, 0.9524069951336538997 ) ) 
 REPRESENTATION_ITEM ( '' )  );
#7383 = CARTESIAN_POINT ( 'NONE',  ( -11.00000000000000000, 4.700000000000000178, -2.000000000000076383 ) ) ;
#7384 = CARTESIAN_POINT ( 'NONE',  ( 7.778174593051956798, 4.444866072047968686, 6.513196993811375179 ) ) ;
#7385 = CARTESIAN_POINT ( 'NONE',  ( -7.778174593052011865, 3.200000000000000178, -7.778174593052033181 ) ) ;
#7386 = CARTESIAN_POINT ( 'NONE',  ( 8.570504870690385246, 4.446937805863303339, -7.470314827450037498 ) ) ;
#7387 = VECTOR ( 'NONE', #5723, 1000.000000000000000 ) ;
#7388 = VERTEX_POINT ( 'NONE', #61 ) ;
#7389 = EDGE_LOOP ( 'NONE', ( #6465, #7598 ) ) ;
#7390 = CARTESIAN_POINT ( 'NONE',  ( 6.682671856891347240, 5.465401786333680789, -7.778174593051986108 ) ) ;
#7391 = CARTESIAN_POINT ( 'NONE',  ( 8.823966713486234070, 4.699999999999999289, -7.510453709064835337 ) ) ;
#7392 = CYLINDRICAL_SURFACE ( 'NONE', #1557, 0.8500000000000000888 ) ;
#7393 = CARTESIAN_POINT ( 'NONE',  ( -7.778174593052011865, 4.700000000000000178, -7.778174593052033181 ) ) ;
#7394 = CARTESIAN_POINT ( 'NONE',  ( -6.682671856891293061, 5.238616072047966199, 7.778174593052038510 ) ) ;
#7395 = CARTESIAN_POINT ( 'NONE',  ( 7.056297267319973088, 3.379616741123816936, 8.227843157764148430 ) ) ;
#7396 = CARTESIAN_POINT ( 'NONE',  ( -7.772302612054596160, 3.906772165645938877, 8.628159349877863704 ) ) ;
#7397 = CARTESIAN_POINT ( 'NONE',  ( 0.000000000000000000, 6.000000000000000000, 0.000000000000000000 ) ) ;
#7398 = CARTESIAN_POINT ( 'NONE',  ( -7.778174593052011865, 3.200000000000000178, -7.778174593052033181 ) ) ;
#7399 = CARTESIAN_POINT ( 'NONE',  ( 2.000000000000115019, 3.700000000000000178, -10.99999999999999467 ) ) ;
#7400 = FACE_OUTER_BOUND ( 'NONE', #4235, .T. ) ;
#7401 = AXIS2_PLACEMENT_3D ( 'NONE', #5997, #5402, #2728 ) ;
#7402 = CARTESIAN_POINT ( 'NONE',  ( -8.873677329212721787, 3.235342262524156354, 8.410663392672399041 ) ) ;
#7403 = CARTESIAN_POINT ( 'NONE',  ( -6.928174354418297654, 4.474934458395844139, -7.800507746019207822 ) ) ;
#7404 = CARTESIAN_POINT ( 'NONE',  ( 6.904513752100088553, 3.199999999999978861, 7.226809142577335976 ) ) ;
#7405 = CARTESIAN_POINT ( 'NONE',  ( 8.325925961132314868, 3.443229167286061543, 6.829441393621548784 ) ) ;
#7406 = CARTESIAN_POINT ( 'NONE',  ( 8.873677329212773301, 3.877901786333680434, -7.778174593051986108 ) ) ;
#7407 = CARTESIAN_POINT ( 'NONE',  ( -8.480771833619701994, 3.382686990533226634, -7.299774900934581368 ) ) ;
#7408 = VECTOR ( 'NONE', #116, 1000.000000000000000 ) ;
#7409 = EDGE_CURVE ( 'NONE', #6129, #8134, #3764, .T. ) ;
#7410 = CARTESIAN_POINT ( 'NONE',  ( -6.880625282895853623, 4.699999999999987743, -7.086620846612235347 ) ) ;
#7411 = CARTESIAN_POINT ( 'NONE',  ( -8.325925961132368158, 5.843377976809871477, -8.726907792482572646 ) ) ;
#7412 = CARTESIAN_POINT ( 'NONE',  ( 7.818574773578196080, 3.456268901309629715, -6.929003756867118113 ) ) ;
#7413 = EDGE_CURVE ( 'NONE', #1384, #7349, #4321, .T. ) ;
#7414 = CARTESIAN_POINT ( 'NONE',  ( -7.180182473037689306, 4.077372256713100995, -8.382248763378001399 ) ) ;
#7415 = SURFACE_STYLE_FILL_AREA ( #6202 ) ;
#7416 = CARTESIAN_POINT ( 'NONE',  ( 8.158463150119770191, 5.867749753863165552, 8.543377364784898731 ) ) ;
#7417 = DIRECTION ( 'NONE',  ( 0.000000000000000000, 0.000000000000000000, 1.000000000000000000 ) ) ;
#7418 = LINE ( 'NONE', #6746, #5265 ) ;
#7419 = ORIENTED_EDGE ( 'NONE', *, *, #2343, .F. ) ;
#7420 = ORIENTED_EDGE ( 'NONE', *, *, #6048, .F. ) ;
#7421 = CARTESIAN_POINT ( 'NONE',  ( 7.230423224971703533, 4.577157738714633162, -6.829441393621446643 ) ) ;
#7422 = CARTESIAN_POINT ( 'NONE',  ( 6.682671856891347240, 5.049627976809870411, -7.145685793431626465 ) ) ;
#7423 = CARTESIAN_POINT ( 'NONE',  ( -8.872922838270262957, 3.199999999999953992, 7.818825847979341326 ) ) ;
#7424 = CARTESIAN_POINT ( 'NONE',  ( 7.778174593051956798, 4.700000000000000178, 7.778174593052089136 ) ) ;
#7425 = CARTESIAN_POINT ( 'NONE',  ( -7.778174593051660146, 4.473214286953105301, -6.928174593052035313 ) ) ;
#7426 = FACE_OUTER_BOUND ( 'NONE', #3344, .T. ) ;
#7427 = CARTESIAN_POINT ( 'NONE',  ( 7.781628155452996687, 3.199999999999997513, -6.764085060362289958 ) ) ;
#7428 = EDGE_CURVE ( 'NONE', #1598, #1276, #546, .T. ) ;
#7429 = EDGE_CURVE ( 'NONE', #1080, #6271, #3924, .T. ) ;
#7430 = ORIENTED_EDGE ( 'NONE', *, *, #515, .T. ) ;
#7431 = EDGE_LOOP ( 'NONE', ( #1435, #788, #3105, #2652 ) ) ;
#7432 = CARTESIAN_POINT ( 'NONE',  ( 8.873677329212773301, 5.200818453000346508, -7.145685793431626465 ) ) ;
#7433 = CARTESIAN_POINT ( 'NONE',  ( 8.397837246430951197, 4.699999999999976197, -8.499379061075627462 ) ) ;
#7434 = CARTESIAN_POINT ( 'NONE',  ( -7.778174593052010977, 5.068526786333681144, -6.513196993811314783 ) ) ;
#7435 =( BOUNDED_CURVE ( )  B_SPLINE_CURVE ( 2, ( #5879, #105, #2680, #7003, #6324, #5241, #8272, #566, #5159, #3137, #4526, #1880, #6368, #608, #2554, #1929, #4482, #6693, #6067, #300, #4612, #2138, #5316, #4094, #5955, #2718, #7324, #2097, #7888, #185, #1575, #4687, #4137, #4056, #934, #6027, #2755 ),
 .UNSPECIFIED., .F., .T. ) 
 B_SPLINE_CURVE_WITH_KNOTS ( ( 3, 2, 2, 2, 2, 2, 2, 2, 2, 2, 2, 2, 2, 2, 2, 2, 2, 2, 3 ),
 ( 0.000000000000000000, 0.04166666666666666435, 0.08333333333333332871, 0.1250000000000000000, 0.1666666666666666574, 0.2083333333333333426, 0.2500000000000000000, 0.2916666666666666852, 0.3333333333333333148, 0.3750000000000000000, 0.4166666666666666852, 0.4583333333333333148, 0.5000000000000000000, 0.5416666666666666297, 0.5833333333333333703, 0.6250000000000000000, 0.6666666666666666297, 0.7083333333333334814, 0.7179568241603142553 ),
 .UNSPECIFIED. ) 
 CURVE ( )  GEOMETRIC_REPRESENTATION_ITEM ( )  RATIONAL_B_SPLINE_CURVE ( ( 1.000000000000000000, 0.8660254037844387076, 1.000000000000000000, 0.8660254037844387076, 1.000000000000000000, 0.8660254037844387076, 1.000000000000000000, 0.8660254037844387076, 1.000000000000000000, 0.8660254037844387076, 1.000000000000000000, 0.8660254037844387076, 1.000000000000000000, 0.8660254037844387076, 1.000000000000000000, 0.8660254037844387076, 1.000000000000000000, 0.8660254037844387076, 1.000000000000000000, 0.8660254037844387076, 1.000000000000000000, 0.8660254037844387076, 1.000000000000000000, 0.8660254037844387076, 1.000000000000000000, 0.8660254037844387076, 1.000000000000000000, 0.8660254037844387076, 1.000000000000000000, 0.8660254037844387076, 1.000000000000000000, 0.8660254037844387076, 1.000000000000000000, 0.8660254037844387076, 1.000000000000000000, 0.9690567208545054489, 0.9524069951336531226 ) ) 
 REPRESENTATION_ITEM ( '' )  );
#7436 = CARTESIAN_POINT ( 'NONE',  ( 7.051408574320782385, 4.699999999999999289, 8.394347961291002136 ) ) ;
#7437 = DIRECTION ( 'NONE',  ( 0.000000000000000000, 0.000000000000000000, -1.000000000000000000 ) ) ;
#7438 = EDGE_CURVE ( 'NONE', #5209, #4234, #7435, .T. ) ;
#7439 = CARTESIAN_POINT ( 'NONE',  ( -7.018873582127287847, 3.199999999999999734, 8.240608646691345740 ) ) ;
#7440 = CARTESIAN_POINT ( 'NONE',  ( 7.075577352483998439, 3.382686990533189331, 8.256574285169149263 ) ) ;
#7441 = CARTESIAN_POINT ( 'NONE',  ( -7.446683113930255615, 3.935704888729396611, 8.560872678036234973 ) ) ;
#7442 = CARTESIAN_POINT ( 'NONE',  ( -7.778185041394142019, 4.019641929152752091, 8.628174592987823743 ) ) ;
#7443 = CARTESIAN_POINT ( 'NONE',  ( -7.354451171414403632, 4.095140986790752891, 7.039244548179806493 ) ) ;
#7444 = CARTESIAN_POINT ( 'NONE',  ( 8.203174593052059649, 4.964583334572121309, -7.042052999835213711 ) ) ;
#7445 = CARTESIAN_POINT ( 'NONE',  ( 8.873677329212773301, 4.236979167286060388, -7.145685793431626465 ) ) ;
#7446 = CARTESIAN_POINT ( 'NONE',  ( -8.873677329212721787, 4.501562500619394669, 7.778174593052038510 ) ) ;
#7447 = B_SPLINE_CURVE_WITH_KNOTS ( 'NONE', 3,
 ( #29, #753, #6554, #2518 ),
 .UNSPECIFIED., .F., .F.,
 ( 4, 4 ),
 ( 0.000000000000000000, 0.0008668404996261088380 ),
 .UNSPECIFIED. ) ;
#7448 = CARTESIAN_POINT ( 'NONE',  ( -7.778174593052010977, 4.218080357762252319, -6.513196993811314783 ) ) ;
#7449 = CARTESIAN_POINT ( 'NONE',  ( -7.353174593052012931, 3.301488096476883793, -8.514296186268804689 ) ) ;
#7450 = CARTESIAN_POINT ( 'NONE',  ( 6.928174593051957153, 3.906250001238788627, 7.778174593052089136 ) ) ;
#7451 = CARTESIAN_POINT ( 'NONE',  ( 7.779880537664017659, 4.359973147151121609, 8.628174638465868185 ) ) ;
#7452 = CARTESIAN_POINT ( 'NONE',  ( -8.472247314333746004, 3.384016906884049991, -7.287436323294834928 ) ) ;
#7453 = FACE_OUTER_BOUND ( 'NONE', #7547, .T. ) ;
#7454 = CARTESIAN_POINT ( 'NONE',  ( -7.778174593052006536, 4.359821428571429180, 8.759670050674403186 ) ) ;
#7455 = EDGE_CURVE ( 'NONE', #2346, #5029, #7964, .T. ) ;
#7456 = CARTESIAN_POINT ( 'NONE',  ( 7.778174593052059826, 3.200000000000000178, -9.028174593051986108 ) ) ;
#7457 = CARTESIAN_POINT ( 'NONE',  ( 6.682671856891243323, 5.049627976809870411, 8.410663392672448779 ) ) ;
#7458 = CARTESIAN_POINT ( 'NONE',  ( 7.230423224971600504, 3.518824405381299592, 6.829441393621548784 ) ) ;
#7459 = CARTESIAN_POINT ( 'NONE',  ( -8.628174593052010621, 4.246428571428571885, -7.778174593052033181 ) ) ;
#7460 = CARTESIAN_POINT ( 'NONE',  ( 8.162715045019481863, 6.002204882562850230, 8.803969351147593159 ) ) ;
#7461 = FACE_OUTER_BOUND ( 'NONE', #5195, .T. ) ;
#7462 = CARTESIAN_POINT ( 'NONE',  ( -7.778174593052007424, 3.200000000000000178, 7.778174593052038510 ) ) ;
#7463 = EDGE_LOOP ( 'NONE', ( #4673, #3769, #6962, #6984 ) ) ;
#7464 = EDGE_LOOP ( 'NONE', ( #6953, #832, #1890, #1164 ) ) ;
#7465 = CARTESIAN_POINT ( 'NONE',  ( -7.162538296591799636, 4.528872701817786783, 7.191412263513403680 ) ) ;
#7466 = CARTESIAN_POINT ( 'NONE',  ( 7.230423224971704421, 4.879538691095585357, -8.726907792482524684 ) ) ;
#7467 = EDGE_CURVE ( 'NONE', #5251, #2732, #4173, .T. ) ;
#7468 = CARTESIAN_POINT ( 'NONE',  ( 8.628174593052058583, 3.717261906000693283, -8.268922321863167113 ) ) ;
#7469 = FACE_BOUND ( 'NONE', #2881, .T. ) ;
#7470 = DIRECTION ( 'NONE',  ( -0.000000000000000000, -1.000000000000000000, -0.000000000000000000 ) ) ;
#7471 = CARTESIAN_POINT ( 'NONE',  ( 1.999999999999768852, 4.700000000000000178, -13.35102992281882095 ) ) ;
#7472 = AXIS2_PLACEMENT_3D ( 'NONE', #728, #3747, #5771 ) ;
#7473 = CARTESIAN_POINT ( 'NONE',  ( 8.610151822899378971, 4.458812371933283281, -7.601889663890450066 ) ) ;
#7474 = ADVANCED_FACE ( 'NONE', ( #2374 ), #4603, .T. ) ;
#7475 = ORIENTED_EDGE ( 'NONE', *, *, #5882, .T. ) ;
#7476 = ORIENTED_EDGE ( 'NONE', *, *, #8140, .T. ) ;
#7477 = CARTESIAN_POINT ( 'NONE',  ( -8.415728998033975117, 3.740157755186029220, -8.341049088972042114 ) ) ;
#7478 = CARTESIAN_POINT ( 'NONE',  ( 6.959522183676213558, 4.699999999999997513, -7.382091168284028448 ) ) ;
#7479 = CARTESIAN_POINT ( 'NONE',  ( -8.325925961132368158, 5.786681548238442829, -8.726907792482572646 ) ) ;
#7480 = DIRECTION ( 'NONE',  ( 1.844642064250089897E-16, 0.000000000000000000, 1.000000000000000000 ) ) ;
#7481 = CARTESIAN_POINT ( 'NONE',  ( 8.325925961132314868, 4.803943453000346864, 6.829441393621549672 ) ) ;
#7482 = CARTESIAN_POINT ( 'NONE',  ( 7.105258578188053953, 4.294313728261732521, 8.297577201538407721 ) ) ;
#7483 = PRODUCT_DEFINITION ( 'Œ¥÷™', '', #6870, #7504 ) ;
#7484 = CYLINDRICAL_SURFACE ( 'NONE', #269, 4.500000000000000000 ) ;
#7485 = CARTESIAN_POINT ( 'NONE',  ( -7.467408454918799343, 3.200000000000000178, -6.856448635071878961 ) ) ;
#7486 = CARTESIAN_POINT ( 'NONE',  ( -8.591283340740648811, 3.772092754263345338, 7.530015572018280423 ) ) ;
#7487 = VECTOR ( 'NONE', #3585, 1000.000000000000000 ) ;
#7488 = DIRECTION ( 'NONE',  ( 0.000000000000000000, 1.000000000000000000, 0.000000000000000000 ) ) ;
#7489 = CARTESIAN_POINT ( 'NONE',  ( 7.888793746119817207, 3.669626307815442079, 6.928174593052091268 ) ) ;
#7490 = CARTESIAN_POINT ( 'NONE',  ( 7.778174593052059826, 3.934598214905108637, -9.043152192292705394 ) ) ;
#7491 = CARTESIAN_POINT ( 'NONE',  ( -6.682671856891293061, 4.274776786333680967, 7.778174593052038510 ) ) ;
#7492 = CARTESIAN_POINT ( 'NONE',  ( -8.325925961132368158, 4.029092262524156531, -8.726907792482570869 ) ) ;
#7493 = CARTESIAN_POINT ( 'NONE',  ( 6.783016047862842512, 3.199999999999980638, 7.432365533489366349 ) ) ;
#7494 = CARTESIAN_POINT ( 'NONE',  ( 7.230423224971601392, 3.216443453000346953, 8.726907792482629489 ) ) ;
#7495 = CARTESIAN_POINT ( 'NONE',  ( 8.056274902038650154, 4.384643715419837662, 8.583356699052950844 ) ) ;
#7496 = LINE ( 'NONE', #2998, #2063 ) ;
#7497 = EDGE_CURVE ( 'NONE', #4497, #6830, #6450, .T. ) ;
#7498 = CARTESIAN_POINT ( 'NONE',  ( -6.682671856891302831, 4.369270833952730193, -8.410663392672390160 ) ) ;
#7499 = CARTESIAN_POINT ( 'NONE',  ( -6.928174593052007779, 3.603869047619047361, 7.287426864240856617 ) ) ;
#7500 = ORIENTED_EDGE ( 'NONE', *, *, #7597, .F. ) ;
#7501 = DIRECTION ( 'NONE',  ( 0.000000000000000000, 0.000000000000000000, 1.000000000000000000 ) ) ;
#7502 = CARTESIAN_POINT ( 'NONE',  ( -8.553273023565560962, 3.369522927417749614, 8.127351619629477497 ) ) ;
#7503 = CARTESIAN_POINT ( 'NONE',  ( 8.873677329212670273, 3.367633929190823494, 7.778174593052089136 ) ) ;
#7504 = PRODUCT_DEFINITION_CONTEXT ( 'detailed design', #1426, 'design' ) ;
#7505 = DIRECTION ( 'NONE',  ( -0.000000000000000000, -1.000000000000000000, -0.000000000000000000 ) ) ;
#7506 =( GEOMETRIC_REPRESENTATION_CONTEXT ( 3 ) GLOBAL_UNCERTAINTY_ASSIGNED_CONTEXT ( ( #4423 ) ) GLOBAL_UNIT_ASSIGNED_CONTEXT ( ( #1183, #1088, #544 ) ) REPRESENTATION_CONTEXT ( 'NONE', 'WORKASPACE' ) );
#7507 = CARTESIAN_POINT ( 'NONE',  ( 8.203174593051956620, 5.418154763143549602, 8.514296186268863309 ) ) ;
#7508 = CARTESIAN_POINT ( 'NONE',  ( 8.628174593052060359, 3.528273809523809312, -7.287426864240805102 ) ) ;
#7509 = CARTESIAN_POINT ( 'NONE',  ( -8.628174593052007069, 4.700000000000000178, 7.778174593052038510 ) ) ;
#7510 = VERTEX_POINT ( 'NONE', #6220 ) ;
#7511 = ORIENTED_EDGE ( 'NONE', *, *, #8099, .F. ) ;
#7512 = DIRECTION ( 'NONE',  ( 0.000000000000000000, 0.000000000000000000, 1.000000000000000000 ) ) ;
#7513 = CARTESIAN_POINT ( 'NONE',  ( 6.682671856891347240, 5.465401786333680789, -7.778174593051986108 ) ) ;
#7514 = DIRECTION ( 'NONE',  ( -0.000000000000000000, -1.000000000000000000, -0.000000000000000000 ) ) ;
#7515 = CYLINDRICAL_SURFACE ( 'NONE', #1078, 6.500000000000000888 ) ;
#7516 = CARTESIAN_POINT ( 'NONE',  ( -7.353174593051816643, 4.662202382191389383, 7.042052999834934823 ) ) ;
#7517 = FACE_BOUND ( 'NONE', #74, .T. ) ;
#7518 = CARTESIAN_POINT ( 'NONE',  ( 7.886788191809981363, 4.369472364279342713, -6.934931053164318904 ) ) ;
#7519 = EDGE_CURVE ( 'NONE', #4003, #3481, #6930, .T. ) ;
#7520 = EDGE_LOOP ( 'NONE', ( #4186, #4582, #7911, #1187, #271 ) ) ;
#7521 = ORIENTED_EDGE ( 'NONE', *, *, #4088, .F. ) ;
#7522 = CARTESIAN_POINT ( 'NONE',  ( -8.381277519556480371, 3.850018809138719078, -7.179164839731155823 ) ) ;
#7523 = CARTESIAN_POINT ( 'NONE',  ( -7.367361075967815864, 4.700000000000000178, 8.793732813498570167 ) ) ;
#7524 = CARTESIAN_POINT ( 'NONE',  ( -7.353174593052012931, 4.964583334572121309, -7.042052999835261673 ) ) ;
#7525 = EDGE_CURVE ( 'NONE', #665, #4869, #2650, .T. ) ;
#7526 = CARTESIAN_POINT ( 'NONE',  ( -7.363845645383700678, 3.489105801603459955, 8.521228328906692795 ) ) ;
#7527 = CARTESIAN_POINT ( 'NONE',  ( -6.682671856891298390, 4.822842262524156709, -8.410663392672391936 ) ) ;
#7528 = CARTESIAN_POINT ( 'NONE',  ( 7.427952571823870365, 4.164014332666909013, 7.003625988238579403 ) ) ;
#7529 = DIRECTION ( 'NONE',  ( 0.000000000000000000, 0.000000000000000000, -1.000000000000000000 ) ) ;
#7530 = CARTESIAN_POINT ( 'NONE',  ( -6.768413634096674514, 4.700000000284660473, 8.203038160218275365 ) ) ;
#7531 = CARTESIAN_POINT ( 'NONE',  ( -8.337801021851893424, 3.730362328507403902, 7.136083821162572782 ) ) ;
#7532 = VECTOR ( 'NONE', #5596, 1000.000000000000000 ) ;
#7533 = CARTESIAN_POINT ( 'NONE',  ( 8.628174593052058583, 5.493750001238788094, -7.778174593051986108 ) ) ;
#7534 = MECHANICAL_DESIGN_GEOMETRIC_PRESENTATION_REPRESENTATION (  '', ( #4709 ), #7506 ) ;
#7535 = FACE_OUTER_BOUND ( 'NONE', #3442, .T. ) ;
#7536 = B_SPLINE_CURVE_WITH_KNOTS ( 'NONE', 3,
 ( #7247, #3546, #4020, #7327 ),
 .UNSPECIFIED., .F., .F.,
 ( 4, 4 ),
 ( 0.000000000000000000, 0.0008668404996261176200 ),
 .UNSPECIFIED. ) ;
#7537 = CARTESIAN_POINT ( 'NONE',  ( -8.591288930467914753, 4.679237276412627544, -8.026315366361641779 ) ) ;
#7538 = CIRCLE ( 'NONE', #5268, 1.100000000000000311 ) ;
#7539 = CARTESIAN_POINT ( 'NONE',  ( -8.325925961132368158, 3.575520833952728239, -8.726907792482570869 ) ) ;
#7540 = CARTESIAN_POINT ( 'NONE',  ( 6.931666230737858925, 3.785384314159267127, 7.683446463908658153 ) ) ;
#7541 = CARTESIAN_POINT ( 'NONE',  ( 6.928174593051957153, 4.359821429810216920, 7.778174593052089136 ) ) ;
#7542 = CARTESIAN_POINT ( 'NONE',  ( 8.415722017637850882, 4.420513967148968604, 8.341057019569044328 ) ) ;
#7543 = CARTESIAN_POINT ( 'NONE',  ( -8.432956696103987682, 3.389753518508120234, -7.235827353201144341 ) ) ;
#7544 = CARTESIAN_POINT ( 'NONE',  ( -7.778174593052011865, 3.537723214905112101, -9.043152192292746250 ) ) ;
#7545 = ADVANCED_FACE ( 'NONE', ( #2401 ), #5001, .F. ) ;
#7546 = CARTESIAN_POINT ( 'NONE',  ( -8.873677329212721787, 3.197544643476537551, 7.778174593052038510 ) ) ;
#7547 = EDGE_LOOP ( 'NONE', ( #3201, #5486 ) ) ;
#7548 = DIRECTION ( 'NONE',  ( 0.000000000000000000, 0.000000000000000000, 1.000000000000000000 ) ) ;
#7549 = CARTESIAN_POINT ( 'NONE',  ( 0.000000000000000000, 5.200000000000000178, -4.500000000000000000 ) ) ;
#7550 = CARTESIAN_POINT ( 'NONE',  ( 8.873677329212670273, 3.821205357762251786, 7.778174593052089136 ) ) ;
#7551 = CARTESIAN_POINT ( 'NONE',  ( 0.000000000000000000, 4.700000000000000178, 0.000000000000000000 ) ) ;
#7552 = CARTESIAN_POINT ( 'NONE',  ( 7.230423224971600504, 5.484300595857489746, 8.726907792482629489 ) ) ;
#7553 = CARTESIAN_POINT ( 'NONE',  ( 7.778164144709262651, 3.566070500581264291, -6.928174593116203539 ) ) ;
#7554 = AXIS2_PLACEMENT_3D ( 'NONE', #3661, #8077, #4832 ) ;
#7555 = CARTESIAN_POINT ( 'NONE',  ( 7.353174593052060004, 4.284226191714978427, -8.514296186268758504 ) ) ;
#7556 = VERTEX_POINT ( 'NONE', #7523 ) ;
#7557 = VERTEX_POINT ( 'NONE', #1178 ) ;
#7558 = CARTESIAN_POINT ( 'NONE',  ( -7.354451171414426724, 4.548712415362193617, 7.039244548179793171 ) ) ;
#7559 = CARTESIAN_POINT ( 'NONE',  ( 6.682671856891347240, 5.427604167286060211, -8.410663392672345751 ) ) ;
#7560 = CYLINDRICAL_SURFACE ( 'NONE', #938, 13.50000000000000000 ) ;
#7561 = CARTESIAN_POINT ( 'NONE',  ( -8.203174593052011687, 3.377083334572121842, -8.514296186268804689 ) ) ;
#7562 = DIRECTION ( 'NONE',  ( -0.000000000000000000, -1.000000000000000000, -0.000000000000000000 ) ) ;
#7563 = CYLINDRICAL_SURFACE ( 'NONE', #1571, 1.249999999999999334 ) ;
#7564 = CARTESIAN_POINT ( 'NONE',  ( 8.553270455331324129, 4.503452054400435500, -8.127357330310379879 ) ) ;
#7565 = ORIENTED_EDGE ( 'NONE', *, *, #4694, .F. ) ;
#7566 = ORIENTED_EDGE ( 'NONE', *, *, #5146, .F. ) ;
#7567 = CARTESIAN_POINT ( 'NONE',  ( -8.090390084903884116, 3.707370417084205894, -8.568951642348373809 ) ) ;
#7568 = DIRECTION ( 'NONE',  ( -0.000000000000000000, -1.000000000000000000, -0.000000000000000000 ) ) ;
#7569 = CARTESIAN_POINT ( 'NONE',  ( -7.182462916082124060, 6.016776766781836372, -6.831541750792113454 ) ) ;
#7570 = CARTESIAN_POINT ( 'NONE',  ( 7.678392956794726665, 5.968784205128082831, 8.985543237739513245 ) ) ;
#7571 = CARTESIAN_POINT ( 'NONE',  ( 7.406333310962647687, 4.165809993071004413, 7.013610571878842848 ) ) ;
#7572 = FACE_BOUND ( 'NONE', #195, .T. ) ;
#7573 = CARTESIAN_POINT ( 'NONE',  ( -8.533539853830319544, 3.200000000000000622, -6.984732996118191650 ) ) ;
#7574 = CARTESIAN_POINT ( 'NONE',  ( -8.107052315418757260, 3.708708876236511465, 6.994376313266995382 ) ) ;
#7575 = CARTESIAN_POINT ( 'NONE',  ( 1.999999999999768852, 4.700000000000000178, -13.35102992281882095 ) ) ;
#7576 = DIRECTION ( 'NONE',  ( 0.000000000000000000, 0.000000000000000000, -1.000000000000000000 ) ) ;
#7577 = ORIENTED_EDGE ( 'NONE', *, *, #5235, .F. ) ;
#7578 = CARTESIAN_POINT ( 'NONE',  ( -7.778174593052007424, 3.200000000000000178, 9.028174593052037622 ) ) ;
#7579 = CARTESIAN_POINT ( 'NONE',  ( 7.013490880995430388, 3.760145062505379610, 7.402712091073669676 ) ) ;
#7580 = EDGE_CURVE ( 'NONE', #5251, #6255, #7136, .T. ) ;
#7581 = CARTESIAN_POINT ( 'NONE',  ( 7.353174593051956975, 2.923511906000693106, 7.042052999835315852 ) ) ;
#7582 = CARTESIAN_POINT ( 'NONE',  ( 8.873677329212773301, 3.821205357762251786, -7.778174593051986108 ) ) ;
#7583 = CARTESIAN_POINT ( 'NONE',  ( -8.376168543826279844, 3.397014912669440445, -7.174102234936339251 ) ) ;
#7584 = CARTESIAN_POINT ( 'NONE',  ( -8.873677329212725340, 4.501562500619394669, -7.778174593052033181 ) ) ;
#7585 = CARTESIAN_POINT ( 'NONE',  ( -7.778174593052006536, 3.991294643476536841, 6.513196993811319224 ) ) ;
#7586 = EDGE_LOOP ( 'NONE', ( #1336, #3727, #531, #6012 ) ) ;
#7587 = DIRECTION ( 'NONE',  ( 0.000000000000000000, 0.000000000000000000, 1.000000000000000000 ) ) ;
#7588 = DIRECTION ( 'NONE',  ( 0.000000000000000000, 1.000000000000000000, 0.000000000000000000 ) ) ;
#7589 = CARTESIAN_POINT ( 'NONE',  ( -6.933725504107446369, 4.027616416195659355, -7.878534805185973156 ) ) ;
#7590 = AXIS2_PLACEMENT_3D ( 'NONE', #6993, #7280, #1530 ) ;
#7591 = CARTESIAN_POINT ( 'NONE',  ( -8.873677329212725340, 4.142485119667013826, -7.145685793431673538 ) ) ;
#7592 = EDGE_CURVE ( 'NONE', #7693, #4741, #1724, .T. ) ;
#7593 = CARTESIAN_POINT ( 'NONE',  ( 6.928174593051957153, 5.266964286953074392, 7.778174593052089136 ) ) ;
#7594 =( BOUNDED_CURVE ( )  B_SPLINE_CURVE ( 2, ( #6207, #3552, #7555, #8142, #4898 ),
 .UNSPECIFIED., .F., .F. ) 
 B_SPLINE_CURVE_WITH_KNOTS ( ( 3, 2, 3 ),
 ( 0.000000000000000000, 0.05040765515080151277, 0.07561148272620225874 ),
 .UNSPECIFIED. ) 
 CURVE ( )  GEOMETRIC_REPRESENTATION_ITEM ( )  RATIONAL_B_SPLINE_CURVE ( ( 1.000000000000000000, 0.8660254037844387076, 1.000000000000000000, 0.9330127018922194093, 0.9330127018922194093 ) ) 
 REPRESENTATION_ITEM ( '' )  );
#7595 = CARTESIAN_POINT ( 'NONE',  ( 6.682671856891243323, 3.197544643476537551, 7.778174593052089136 ) ) ;
#7596 = CARTESIAN_POINT ( 'NONE',  ( -8.533539853830319544, 3.200000000000000622, 8.571616189985878265 ) ) ;
#7597 = EDGE_CURVE ( 'NONE', #946, #8281, #5192, .T. ) ;
#7598 = ORIENTED_EDGE ( 'NONE', *, *, #161, .T. ) ;
#7599 = VERTEX_POINT ( 'NONE', #3108 ) ;
#7600 = CARTESIAN_POINT ( 'NONE',  ( -6.989257602454101992, 4.446122543146398876, 8.094655541907256335 ) ) ;
#7601 = CARTESIAN_POINT ( 'NONE',  ( -6.722468090215412140, 4.700000000000003730, -7.671136246244825152 ) ) ;
#7602 = CARTESIAN_POINT ( 'NONE',  ( 8.203174593052059649, 3.603869048857835544, -7.042052999835213711 ) ) ;
#7603 = CARTESIAN_POINT ( 'NONE',  ( 6.985837592184766187, 4.673725149347979446, -8.086017076013419569 ) ) ;
#7604 = ORIENTED_EDGE ( 'NONE', *, *, #2795, .F. ) ;
#7605 = CARTESIAN_POINT ( 'NONE',  ( -7.353174593051816643, 4.511011906000913285, 8.514296186269143973 ) ) ;
#7606 = B_SPLINE_CURVE_WITH_KNOTS ( 'NONE', 3,
 ( #7207, #301, #5917, #2139, #935, #3433, #5990, #219, #7889, #6028, #145, #2794, #5284, #4058, #5395, #5356, #7926, #2719, #7287, #4138, #6621, #6694, #2175, #1538, #4019, #5433, #4730, #260, #4766, #4174, #2831, #1460, #4095, #3395, #7968, #2250, #4650, #787, #859, #1576, #2215, #6655, #7325, #821, #4804, #3508, #898, #6068, #2871, #2098, #8006, #7366, #1613, #186, #7852, #6585, #1498, #5956, #2756, #5317, #4688, #7246, #5520, #8044 ),
 .UNSPECIFIED., .F., .F.,
 ( 4, 2, 2, 1, 1, 1, 1, 2, 2, 2, 2, 1, 1, 2, 2, 1, 2, 2, 2, 2, 2, 2, 2, 1, 2, 2, 2, 2, 2, 2, 1, 1, 1, 1, 2, 2, 2, 4 ),
 ( 0.5000042337161202388, 0.5625037045015275350, 0.5937534398942312386, 0.6093783075905829794, 0.6171907414387590718, 0.6210969583628470625, 0.6230500668248910578, 0.6240266210559132221, 0.6250031752869353863, 0.6406280429833097756, 0.6484404768314969703, 0.6523466937555907341, 0.6542998022176373940, 0.6552763564486607795, 0.6562529106796842759, 0.6718777783760587763, 0.6796902122242459710, 0.6875026460724331656, 0.7187523814651821663, 0.7343772491615568887, 0.7500021168579316111, 0.7812518522506823881, 0.7968767199470572216, 0.8046891537952446383, 0.8085953707193378470, 0.8125015876434311668, 0.8437513230361738392, 0.8593761907325452309, 0.8750010584289165116, 0.9062507938216590730, 0.9218756615180302427, 0.9296880953662156610, 0.9335943122903080926, 0.9355474207523544194, 0.9365239749833779159, 0.9375005292144014124, 0.9687502646072005952, 1.000000000000000000 ),
 .UNSPECIFIED. ) ;
#7607 = LINE ( 'NONE', #6926, #726 ) ;
#7608 = EDGE_CURVE ( 'NONE', #524, #4860, #6842, .T. ) ;
#7609 = EDGE_LOOP ( 'NONE', ( #3673, #3991, #956, #7076 ) ) ;
#7610 = ORIENTED_EDGE ( 'NONE', *, *, #1228, .T. ) ;
#7611 = CARTESIAN_POINT ( 'NONE',  ( -8.393816448719379153, 3.848514867281723539, -7.191417996753791897 ) ) ;
#7612 = CARTESIAN_POINT ( 'NONE',  ( -8.873677329212725340, 3.632217262524156443, -7.145685793431673538 ) ) ;
#7613 = CARTESIAN_POINT ( 'NONE',  ( -7.778174593052010977, 5.153571429810217097, -8.759670050674396080 ) ) ;
#7614 = CARTESIAN_POINT ( 'NONE',  ( -7.218557174269466081, 3.503575583810895733, 8.420273295812027214 ) ) ;
#7615 = CARTESIAN_POINT ( 'NONE',  ( 7.328795215354584336, 4.172703884276305786, 7.056164378657474145 ) ) ;
#7616 = CARTESIAN_POINT ( 'NONE',  ( 5.510910596163088569E-16, 2.500000000000000000, 4.500000000000000000 ) ) ;
#7617 = DIRECTION ( 'NONE',  ( 0.000000000000000000, 1.000000000000000000, 0.000000000000000000 ) ) ;
#7618 = CIRCLE ( 'NONE', #2124, 4.500000000000000000 ) ;
#7619 = CARTESIAN_POINT ( 'NONE',  ( -7.778174593052006536, 3.934598214905108637, 6.513196993811319224 ) ) ;
#7620 = CARTESIAN_POINT ( 'NONE',  ( 8.500047601022075128, 3.606403181894699994, 7.328499066420978814 ) ) ;
#7621 = EDGE_CURVE ( 'NONE', #6422, #3379, #221, .T. ) ;
#7622 = CARTESIAN_POINT ( 'NONE',  ( 11.00000000000000000, 2.500000000000000000, 1.100000000000000977 ) ) ;
#7623 = EDGE_LOOP ( 'NONE', ( #4775, #446, #7420, #3246 ) ) ;
#7624 = CIRCLE ( 'NONE', #3259, 4.500000000000000000 ) ;
#7625 = CARTESIAN_POINT ( 'NONE',  ( -8.567096922144459725, 4.672909521323357573, -8.094642232553182382 ) ) ;
#7626 = CARTESIAN_POINT ( 'NONE',  ( -8.325925961132368158, 3.726711310143204336, -6.829441393621494605 ) ) ;
#7627 = VECTOR ( 'NONE', #5234, 1000.000000000000000 ) ;
#7628 = CARTESIAN_POINT ( 'NONE',  ( 6.972019013136828924, 3.770084573856983479, 7.507893812996085714 ) ) ;
#7629 = CARTESIAN_POINT ( 'NONE',  ( 8.591281905950822306, 3.998878042133142241, -7.530010851197851629 ) ) ;
#7630 = CARTESIAN_POINT ( 'NONE',  ( 8.873677329212773301, 3.405431548238441852, -8.410663392672345751 ) ) ;
#7631 = CARTESIAN_POINT ( 'NONE',  ( -8.056288490130841140, 3.250716369361165814, -8.583351619387865838 ) ) ;
#7632 = LINE ( 'NONE', #3848, #7887 ) ;
#7633 = EDGE_CURVE ( 'NONE', #6667, #6334, #1682, .T. ) ;
#7634 = CARTESIAN_POINT ( 'NONE',  ( 7.123392489969673669, 4.296896375647144772, -7.235827353238126314 ) ) ;
#7635 = CARTESIAN_POINT ( 'NONE',  ( -6.682671856891293061, 3.915699405381299680, 7.145685793431678867 ) ) ;
#7636 = EDGE_CURVE ( 'NONE', #4987, #2549, #2053, .T. ) ;
#7637 = EDGE_LOOP ( 'NONE', ( #5341, #7256 ) ) ;
#7638 = CARTESIAN_POINT ( 'NONE',  ( -7.003078730773023786, 3.596309197257939516, -8.127357330311037131 ) ) ;
#7639 = CARTESIAN_POINT ( 'NONE',  ( -8.359083977499109253, 3.398893475570536449, 8.398761362309080880 ) ) ;
#7640 = CARTESIAN_POINT ( 'NONE',  ( -8.203174593052011687, 4.170833333333333393, -8.514296186268804689 ) ) ;
#7641 = LINE ( 'NONE', #6460, #2827 ) ;
#7642 = CARTESIAN_POINT ( 'NONE',  ( 7.353174593052060004, 3.263690476190476364, -8.514296186268758504 ) ) ;
#7643 = CARTESIAN_POINT ( 'NONE',  ( -7.778174593052011865, 4.700000000000000178, -8.628174593052033714 ) ) ;
#7644 = ORIENTED_EDGE ( 'NONE', *, *, #5320, .T. ) ;
#7645 = ORIENTED_EDGE ( 'NONE', *, *, #1285, .T. ) ;
#7646 = CARTESIAN_POINT ( 'NONE',  ( -7.766449039079960315, 4.360863960160554775, 8.628098753422337452 ) ) ;
#7647 = CARTESIAN_POINT ( 'NONE',  ( 11.00000000000001243, 3.700000000000000178, 1.999999999999770628 ) ) ;
#7648 = LINE ( 'NONE', #1938, #2700 ) ;
#7649 = CARTESIAN_POINT ( 'NONE',  ( -8.628174593052007069, 3.414880953619740644, 7.287426864240856617 ) ) ;
#7650 = ORIENTED_EDGE ( 'NONE', *, *, #2107, .F. ) ;
#7651 = CARTESIAN_POINT ( 'NONE',  ( 7.778174593052059826, 4.246428572667359624, -8.628174593051985752 ) ) ;
#7652 = CARTESIAN_POINT ( 'NONE',  ( -7.123400177777533315, 4.070111720916401055, 7.235818102427082010 ) ) ;
#7653 = CARTESIAN_POINT ( 'NONE',  ( 7.465957805964604788, 4.614513389625633621, 6.987398066365924976 ) ) ;
#7654 = ORIENTED_EDGE ( 'NONE', *, *, #7810, .F. ) ;
#7655 = ORIENTED_EDGE ( 'NONE', *, *, #5841, .T. ) ;
#7656 = CARTESIAN_POINT ( 'NONE',  ( -8.367832446250904610, 3.851507479571605330, -7.165945446458009904 ) ) ;
#7657 = CARTESIAN_POINT ( 'NONE',  ( -6.682671856891298390, 3.367633929190823494, -7.778174593052033181 ) ) ;
#7658 = CARTESIAN_POINT ( 'NONE',  ( -8.591283340692342563, 4.225664182821581960, -8.026333614242838976 ) ) ;
#7659 = CARTESIAN_POINT ( 'NONE',  ( -7.778174593052006536, 3.707812500619394491, 9.043152192292758684 ) ) ;
#7660 = CARTESIAN_POINT ( 'NONE',  ( -7.230423224971654683, 5.257514881571775156, -8.726907792482570869 ) ) ;
#7661 = CARTESIAN_POINT ( 'NONE',  ( 6.933725308196164505, 4.254401985713563761, 7.878533036458246208 ) ) ;
#7662 = CARTESIAN_POINT ( 'NONE',  ( 7.427952571823708716, 3.256871475523646087, 7.003625988238652234 ) ) ;
#7663 = CARTESIAN_POINT ( 'NONE',  ( -7.322158443453698595, 3.200000000000013056, -6.940584351198467061 ) ) ;
#7664 = FACE_OUTER_BOUND ( 'NONE', #1597, .T. ) ;
#7665 = CARTESIAN_POINT ( 'NONE',  ( 8.393810889462550051, 3.621729844680600774, 7.191412263461390175 ) ) ;
#7666 = CARTESIAN_POINT ( 'NONE',  ( 7.678370999577825984, 3.034342311269904613, -8.985530560734263261 ) ) ;
#7667 = EDGE_LOOP ( 'NONE', ( #4699, #5918, #7210, #7255 ) ) ;
#7668 = CARTESIAN_POINT ( 'NONE',  ( -8.128399318047129896, 4.617585984066474580, -8.552721976202768417 ) ) ;
#7669 = PLANE ( 'NONE',  #7815 ) ;
#7670 = CARTESIAN_POINT ( 'NONE',  ( 8.624682838051146661, 4.012169891937698019, -7.683444766259175829 ) ) ;
#7671 = DIRECTION ( 'NONE',  ( -0.000000000000000000, -1.000000000000000000, -0.000000000000000000 ) ) ;
#7672 = CARTESIAN_POINT ( 'NONE',  ( 8.325925961132416120, 4.350372024428918571, -8.726907792482524684 ) ) ;
#7673 = DIRECTION ( 'NONE',  ( -0.000000000000000000, -1.000000000000000000, -0.000000000000000000 ) ) ;
#7674 = CARTESIAN_POINT ( 'NONE',  ( 6.937242627316906329, 4.256596611146360232, -7.651305159753041707 ) ) ;
#7675 = AXIS2_PLACEMENT_3D ( 'NONE', #6083, #7945, #239 ) ;
#7676 = CARTESIAN_POINT ( 'NONE',  ( -8.325925961132364606, 3.575520833952728239, 6.829441393621498158 ) ) ;
#7677 = ORIENTED_EDGE ( 'NONE', *, *, #3631, .F. ) ;
#7678 = CARTESIAN_POINT ( 'NONE',  ( 7.778174593051956798, 4.246428572667359624, 6.928174593052088603 ) ) ;
#7679 = CARTESIAN_POINT ( 'NONE',  ( 6.682671856891243323, 5.918973214905108193, 7.778174593052089136 ) ) ;
#7680 = CARTESIAN_POINT ( 'NONE',  ( -7.778174593052010977, 3.537723214905108549, -9.043152192292751579 ) ) ;
#7681 = CARTESIAN_POINT ( 'NONE',  ( 8.005931406618412183, 3.319030032525245311, 6.928174593052087715 ) ) ;
#7682 = CARTESIAN_POINT ( 'NONE',  ( 7.230423224971704421, 4.180282738714632629, -6.829441393621446643 ) ) ;
#7683 = AXIS2_PLACEMENT_3D ( 'NONE', #8114, #406, #4368 ) ;
#7684 = EDGE_LOOP ( 'NONE', ( #947, #1299, #7142, #8112, #3704, #7269, #5030, #1588, #5699, #7937, #638, #8334, #3529, #3714, #3330, #5644, #6756 ) ) ;
#7685 = EDGE_CURVE ( 'NONE', #524, #4950, #6258, .T. ) ;
#7686 = CARTESIAN_POINT ( 'NONE',  ( 6.682671856891243323, 4.558258929190823316, 7.778174593052089136 ) ) ;
#7687 = VERTEX_POINT ( 'NONE', #1082 ) ;
#7688 = ORIENTED_EDGE ( 'NONE', *, *, #4200, .F. ) ;
#7689 = CARTESIAN_POINT ( 'NONE',  ( -6.929191433752458273, 4.477028325834471190, 7.729245754687151582 ) ) ;
#7690 = CARTESIAN_POINT ( 'NONE',  ( 8.873677329212769749, 4.369270833952730193, -8.410663392672342198 ) ) ;
#7691 = CARTESIAN_POINT ( 'NONE',  ( -7.947876487273434876, 4.148124549451239318, 6.943393992783301272 ) ) ;
#7692 = CARTESIAN_POINT ( 'NONE',  ( 7.449296064652548566, 4.615851797772020149, -8.561972534618284669 ) ) ;
#7693 = VERTEX_POINT ( 'NONE', #449 ) ;
#7694 = CARTESIAN_POINT ( 'NONE',  ( 7.778174593051957686, 4.586607142857142883, 6.796679135429724461 ) ) ;
#7695 = EDGE_CURVE ( 'NONE', #1027, #7388, #4611, .T. ) ;
#7696 = AXIS2_PLACEMENT_3D ( 'NONE', #7102, #2026, #5801 ) ;
#7697 = CARTESIAN_POINT ( 'NONE',  ( -6.985844315415498329, 3.993366377291413194, 8.086034358658601207 ) ) ;
#7698 = ADVANCED_FACE ( 'NONE', ( #3943 ), #5282, .F. ) ;
#7699 = CARTESIAN_POINT ( 'NONE',  ( 8.203174593052148467, 4.662202382191389383, 7.042052999834985449 ) ) ;
#7700 = ORIENTED_EDGE ( 'NONE', *, *, #8109, .T. ) ;
#7701 = VERTEX_POINT ( 'NONE', #7205 ) ;
#7702 = CARTESIAN_POINT ( 'NONE',  ( 8.541157634225017503, 3.598832704855423170, -8.153086660881447401 ) ) ;
#7703 = CARTESIAN_POINT ( 'NONE',  ( -8.873677329212725340, 3.556622024428918838, -8.410663392672393712 ) ) ;
#7704 = CARTESIAN_POINT ( 'NONE',  ( -8.371548807038321272, 4.304669193177051767, -7.169561391153327357 ) ) ;
#7705 = CARTESIAN_POINT ( 'NONE',  ( -8.873677329212721787, 4.463764881571775867, 7.145685793431678867 ) ) ;
#7706 = CARTESIAN_POINT ( 'NONE',  ( -8.325925961132368158, 5.333110119667013649, -8.726907792482572646 ) ) ;
#7707 =( NAMED_UNIT ( * ) PLANE_ANGLE_UNIT ( ) SI_UNIT ( $, .RADIAN. ) );
#7708 = CARTESIAN_POINT ( 'NONE',  ( -8.628174593052010621, 4.359821429810216920, -7.778174593052033181 ) ) ;
#7709 = CARTESIAN_POINT ( 'NONE',  ( -8.325925961132364606, 4.577157738714633162, 8.726907792482577975 ) ) ;
#7710 = EDGE_CURVE ( 'NONE', #6309, #3490, #5128, .T. ) ;
#7711 = CARTESIAN_POINT ( 'NONE',  ( 8.483223083814548815, 3.609084369827199268, 7.303401189488298861 ) ) ;
#7712 = CARTESIAN_POINT ( 'NONE',  ( 7.778174593052059826, 3.112500001238788006, -6.796679135429623209 ) ) ;
#7713 = VERTEX_POINT ( 'NONE', #2173 ) ;
#7714 = CARTESIAN_POINT ( 'NONE',  ( -7.230423224971650242, 3.745610119667013738, 8.726907792482577975 ) ) ;
#7715 = EDGE_CURVE ( 'NONE', #8223, #919, #6057, .T. ) ;
#7716 = CARTESIAN_POINT ( 'NONE',  ( 8.823966713486134594, 4.699999999999998401, 8.045895477039239907 ) ) ;
#7717 = CARTESIAN_POINT ( 'NONE',  ( 6.933725308183915637, 3.800830557132474752, 7.878533036350090057 ) ) ;
#7718 = CARTESIAN_POINT ( 'NONE',  ( 0.000000000000000000, 4.700000000000000178, 0.000000000000000000 ) ) ;
#7719 = CARTESIAN_POINT ( 'NONE',  ( 8.325925961132416120, 4.350372024428918571, -8.726907792482524684 ) ) ;
#7720 = CARTESIAN_POINT ( 'NONE',  ( -8.567093682592378912, 3.312194468812969639, -8.094650306971150400 ) ) ;
#7721 = FACE_OUTER_BOUND ( 'NONE', #660, .T. ) ;
#7722 = CARTESIAN_POINT ( 'NONE',  ( 6.968221796288485592, 4.268603884043990604, -7.512897815365958465 ) ) ;
#7723 = CARTESIAN_POINT ( 'NONE',  ( -7.230423224971650242, 5.163020833952727706, 8.726907792482577975 ) ) ;
#7724 = ORIENTED_EDGE ( 'NONE', *, *, #7467, .T. ) ;
#7725 = CARTESIAN_POINT ( 'NONE',  ( -6.980151383863603343, 3.541207363607087100, -7.485388217454451265 ) ) ;
#7726 = CARTESIAN_POINT ( 'NONE',  ( -7.778174593052010977, 4.586607142857143771, -8.628174593052033714 ) ) ;
#7727 =( BOUNDED_CURVE ( )  B_SPLINE_CURVE ( 2, ( #736, #556, #5149, #5231, #1917 ),
 .UNSPECIFIED., .F., .F. ) 
 B_SPLINE_CURVE_WITH_KNOTS ( ( 3, 2, 3 ),
 ( 0.000000000000000000, 0.05040765515080151971, 0.07561148272620223099 ),
 .UNSPECIFIED. ) 
 CURVE ( )  GEOMETRIC_REPRESENTATION_ITEM ( )  RATIONAL_B_SPLINE_CURVE ( ( 1.000000000000000000, 0.8660254037844387076, 1.000000000000000000, 0.9330127018922194093, 0.9330127018922191873 ) ) 
 REPRESENTATION_ITEM ( '' )  );
#7728 = FACE_OUTER_BOUND ( 'NONE', #1852, .T. ) ;
#7729 = CARTESIAN_POINT ( 'NONE',  ( 6.682671856891347240, 4.066889881571776222, -8.410663392672345751 ) ) ;
#7730 = ORIENTED_EDGE ( 'NONE', *, *, #555, .F. ) ;
#7731 = EDGE_CURVE ( 'NONE', #5654, #691, #2096, .T. ) ;
#7732 = DIRECTION ( 'NONE',  ( -0.000000000000000000, -1.000000000000000000, -0.000000000000000000 ) ) ;
#7733 = ORIENTED_EDGE ( 'NONE', *, *, #5320, .F. ) ;
#7734 = CARTESIAN_POINT ( 'NONE',  ( -6.972020730601889760, 4.450441244134179186, 8.048460531233189386 ) ) ;
#7735 = CARTESIAN_POINT ( 'NONE',  ( 8.162744201653115539, 6.002206894518259617, -6.752390765398204486 ) ) ;
#7736 = CARTESIAN_POINT ( 'NONE',  ( -8.624682955373103255, 4.238955742735442733, 7.683446463971103313 ) ) ;
#7737 = CARTESIAN_POINT ( 'NONE',  ( 7.465957805953634896, 4.614513389626700324, -8.568951119733512201 ) ) ;
#7738 = ORIENTED_EDGE ( 'NONE', *, *, #1723, .T. ) ;
#7739 = CARTESIAN_POINT ( 'NONE',  ( -7.778174593052007424, 4.700000000000000178, 7.778174593052038510 ) ) ;
#7740 = CARTESIAN_POINT ( 'NONE',  ( 6.985837592189981571, 4.673725149346862118, 7.470332110077137600 ) ) ;
#7741 = ORIENTED_EDGE ( 'NONE', *, *, #4528, .F. ) ;
#7742 = VERTEX_POINT ( 'NONE', #4017 ) ;
#7743 = CARTESIAN_POINT ( 'NONE',  ( 7.778174593052058050, 3.679464285714286298, -8.628174593051985752 ) ) ;
#7744 = CARTESIAN_POINT ( 'NONE',  ( -7.778174593052011865, 4.161383929190823672, -6.513196993811314783 ) ) ;
#7745 = CARTESIAN_POINT ( 'NONE',  ( -8.541160604381270005, 4.279189249424568686, -7.403268578976618386 ) ) ;
#7746 = CARTESIAN_POINT ( 'NONE',  ( -8.873677329212721787, 4.010193453000346686, 7.145685793431678867 ) ) ;
#7747 = CARTESIAN_POINT ( 'NONE',  ( -8.873677329212725340, 5.900074405381299236, -7.145685793431673538 ) ) ;
#7748 = CARTESIAN_POINT ( 'NONE',  ( -8.873677329212725340, 3.556622024428918838, -8.410663392672393712 ) ) ;
#7749 = CARTESIAN_POINT ( 'NONE',  ( -7.778174593052006536, 5.295312500619395735, 6.513196993811319224 ) ) ;
#7750 = CARTESIAN_POINT ( 'NONE',  ( 6.682671856891243323, 4.558258929190823316, 7.778174593052089136 ) ) ;
#7751 = CARTESIAN_POINT ( 'NONE',  ( 8.541157634224823880, 3.598832704855199349, 7.403262525222447543 ) ) ;
#7752 = EDGE_CURVE ( 'NONE', #438, #3982, #5803, .T. ) ;
#7753 = CARTESIAN_POINT ( 'NONE',  ( 7.778174593052059826, 4.019642858381645922, -6.796679135429623209 ) ) ;
#7754 = ORIENTED_EDGE ( 'NONE', *, *, #5407, .T. ) ;
#7755 = CARTESIAN_POINT ( 'NONE',  ( 6.928174593052061070, 4.737797619047618980, -7.287426864240805102 ) ) ;
#7756 = LINE ( 'NONE', #4006, #3329 ) ;
#7757 = CARTESIAN_POINT ( 'NONE',  ( -7.040299115422396170, 3.981933545617074799, -7.352436224774352880 ) ) ;
#7758 = FACE_OUTER_BOUND ( 'NONE', #6928, .T. ) ;
#7759 = CARTESIAN_POINT ( 'NONE',  ( 8.432949008327776497, 4.070111720916245623, -8.320531083675431816 ) ) ;
#7760 = ORIENTED_EDGE ( 'NONE', *, *, #93, .T. ) ;
#7761 = CARTESIAN_POINT ( 'NONE',  ( -8.109681296380760074, 3.255348973278331393, -8.560866229980893749 ) ) ;
#7762 = CARTESIAN_POINT ( 'NONE',  ( -7.669560994319966518, 3.462329507134678686, -6.934931053161102810 ) ) ;
#7763 = CARTESIAN_POINT ( 'NONE',  ( -7.778174593052007424, 4.700000000000000178, 6.928174593052038865 ) ) ;
#7764 = CARTESIAN_POINT ( 'NONE',  ( -8.873677329212721787, 4.992931548238441763, 8.410663392672399041 ) ) ;
#7765 = VERTEX_POINT ( 'NONE', #5239 ) ;
#7766 = LINE ( 'NONE', #6999, #7994 ) ;
#7767 = CARTESIAN_POINT ( 'NONE',  ( 7.778174593051955021, 4.133035714285713702, 6.928174593052087715 ) ) ;
#7768 = CARTESIAN_POINT ( 'NONE',  ( -7.778174593052007424, 3.700000000000000178, 9.028174593052037622 ) ) ;
#7769 = CARTESIAN_POINT ( 'NONE',  ( 0.000000000000000000, 6.000000000000000000, 0.000000000000000000 ) ) ;
#7770 = CARTESIAN_POINT ( 'NONE',  ( 8.873677329212773301, 4.369270833952727529, -8.410663392672345751 ) ) ;
#7771 = EDGE_CURVE ( 'NONE', #8016, #5209, #5544, .T. ) ;
#7772 =( GEOMETRIC_REPRESENTATION_CONTEXT ( 3 ) GLOBAL_UNCERTAINTY_ASSIGNED_CONTEXT ( ( #4597 ) ) GLOBAL_UNIT_ASSIGNED_CONTEXT ( ( #4861, #352, #6879 ) ) REPRESENTATION_CONTEXT ( 'NONE', 'WORKASPACE' ) );
#7773 = ORIENTED_EDGE ( 'NONE', *, *, #1015, .T. ) ;
#7774 = DIRECTION ( 'NONE',  ( 0.000000000000000000, 1.000000000000000000, 0.000000000000000000 ) ) ;
#7775 =( BOUNDED_CURVE ( )  B_SPLINE_CURVE ( 2, ( #3026, #4373, #2532, #454, #499, #6225, #6936 ),
 .UNSPECIFIED., .F., .T. ) 
 B_SPLINE_CURVE_WITH_KNOTS ( ( 3, 2, 2, 3 ),
 ( 0.000000000000000000, 0.05040756247199196238, 0.1008151249439839248, 0.1319209134612536749 ),
 .UNSPECIFIED. ) 
 CURVE ( )  GEOMETRIC_REPRESENTATION_ITEM ( )  RATIONAL_B_SPLINE_CURVE ( ( 1.000000000000000000, 0.8660254037844387076, 1.000000000000000000, 0.8660254037844387076, 1.000000000000000000, 0.9173261857507315487, 0.9366860369215146420 ) ) 
 REPRESENTATION_ITEM ( '' )  );
#7776 = CARTESIAN_POINT ( 'NONE',  ( -7.363845645383995553, 4.396248658747156313, 8.521228328906856220 ) ) ;
#7777 = CARTESIAN_POINT ( 'NONE',  ( -6.745972393644760423, 4.700000000000049027, -7.431282514631588398 ) ) ;
#7778 = CARTESIAN_POINT ( 'NONE',  ( -8.376168543827359869, 4.304157769812176682, 8.382246951166656856 ) ) ;
#7779 = CARTESIAN_POINT ( 'NONE',  ( 7.427949868056944460, 4.617585984066328919, -8.552721976202724008 ) ) ;
#7780 = ORIENTED_EDGE ( 'NONE', *, *, #7409, .F. ) ;
#7781 = DIRECTION ( 'NONE',  ( -0.000000000000000000, -1.000000000000000000, -0.000000000000000000 ) ) ;
#7782 = LINE ( 'NONE', #3952, #548 ) ;
#7783 = ORIENTED_EDGE ( 'NONE', *, *, #528, .F. ) ;
#7784 = VERTEX_POINT ( 'NONE', #7768 ) ;
#7785 = CARTESIAN_POINT ( 'NONE',  ( 8.451802869459079659, 3.518368262019052395, -7.259013452458213500 ) ) ;
#7786 = DIRECTION ( 'NONE',  ( 0.000000000000000000, 0.000000000000000000, 1.000000000000000000 ) ) ;
#7787 = CARTESIAN_POINT ( 'NONE',  ( -8.393816448720818002, 4.302086295852967091, -7.191417996755301800 ) ) ;
#7788 = CARTESIAN_POINT ( 'NONE',  ( 8.341274074939125427, 4.081172119706339529, 7.141186639211777987 ) ) ;
#7789 = CARTESIAN_POINT ( 'NONE',  ( -8.873677329212725340, 4.955133929190822961, -7.778174593052033181 ) ) ;
#7790 = CARTESIAN_POINT ( 'NONE',  ( -6.682671856891293061, 5.181919643476537551, 7.778174593052038510 ) ) ;
#7791 = CARTESIAN_POINT ( 'NONE',  ( -8.873677329212721787, 3.103050595857490102, 7.145685793431678867 ) ) ;
#7792 = EDGE_CURVE ( 'NONE', #7051, #6373, #4648, .T. ) ;
#7793 = CARTESIAN_POINT ( 'NONE',  ( 7.942799523171243159, 3.467318975106199463, 8.612935012557224823 ) ) ;
#7794 = CARTESIAN_POINT ( 'NONE',  ( 7.353174593052060892, 3.981845239334026232, -7.042052999835212823 ) ) ;
#7795 = ORIENTED_EDGE ( 'NONE', *, *, #6998, .T. ) ;
#7796 = CARTESIAN_POINT ( 'NONE',  ( -6.928174593052012220, 3.717261906000693283, -8.268922321863215075 ) ) ;
#7797 = CARTESIAN_POINT ( 'NONE',  ( -8.873677329212725340, 3.140848214905109348, -7.778174593052033181 ) ) ;
#7798 = CARTESIAN_POINT ( 'NONE',  ( -6.985844315405746130, 3.993366377293612768, -7.470314827470259544 ) ) ;
#7799 = CARTESIAN_POINT ( 'NONE',  ( -8.203174593052008134, 5.682738095238095255, 8.514296186268811795 ) ) ;
#7800 = CARTESIAN_POINT ( 'NONE',  ( 7.999370373066520656, 4.113637317364213786, -8.606310465923529662 ) ) ;
#7801 = CARTESIAN_POINT ( 'NONE',  ( 8.325925961132416120, 3.443229167286061543, -8.726907792482524684 ) ) ;
#7802 = LINE ( 'NONE', #2051, #4659 ) ;
#7803 = CARTESIAN_POINT ( 'NONE',  ( 0.000000000000000000, 1.500000000000000000, 0.000000000000000000 ) ) ;
#7804 = CARTESIAN_POINT ( 'NONE',  ( 6.928174593052061070, 4.700000000000000178, -7.778174593051986108 ) ) ;
#7805 = CARTESIAN_POINT ( 'NONE',  ( -7.160563657880335775, 3.510772947500011565, -7.193540234987876758 ) ) ;
#7806 = CARTESIAN_POINT ( 'NONE',  ( 0.000000000000000000, 1.499999999999999556, -4.500000000000000000 ) ) ;
#7807 = CARTESIAN_POINT ( 'NONE',  ( 11.00000000000001243, 4.700000000000000178, 1.999999999999770628 ) ) ;
#7808 = CARTESIAN_POINT ( 'NONE',  ( 7.778174593051956798, 4.700000000000000178, 8.628174593052088781 ) ) ;
#7809 = CARTESIAN_POINT ( 'NONE',  ( 7.230423224971703533, 4.029092262524156531, -8.726907792482524684 ) ) ;
#7810 = EDGE_CURVE ( 'NONE', #7599, #3815, #5836, .T. ) ;
#7811 = ORIENTED_EDGE ( 'NONE', *, *, #4621, .F. ) ;
#7812 = CARTESIAN_POINT ( 'NONE',  ( -8.873677329212725340, 5.503199405381299592, -7.145685793431673538 ) ) ;
#7813 = CARTESIAN_POINT ( 'NONE',  ( 8.325925961132314868, 4.350372024428918571, 6.829441393621548784 ) ) ;
#7814 = B_SPLINE_CURVE_WITH_KNOTS ( 'NONE', 1,
 ( #5775, #3751 ),
 .UNSPECIFIED., .F., .F.,
 ( 2, 2 ),
 ( 0.000000000000000000, 1.000000000000000000 ),
 .UNSPECIFIED. ) ;
#7815 = AXIS2_PLACEMENT_3D ( 'NONE', #3753, #508, #1916 ) ;
#7816 = DIRECTION ( 'NONE',  ( 3.320355715650161963E-15, 0.000000000000000000, -1.000000000000000000 ) ) ;
#7817 = CARTESIAN_POINT ( 'NONE',  ( -8.480771833618424793, 4.289829847676257302, 8.256574285171369709 ) ) ;
#7818 = VECTOR ( 'NONE', #8098, 1000.000000000000000 ) ;
#7819 = CARTESIAN_POINT ( 'NONE',  ( 7.197265208605006848, 3.852464904141986946, -7.157587823794899329 ) ) ;
#7820 = CYLINDRICAL_SURFACE ( 'NONE', #7829, 0.8500000000000000888 ) ;
#7821 =( BOUNDED_CURVE ( )  B_SPLINE_CURVE ( 2, ( #5191, #5738, #1333, #3893, #738, #1286, #1241, #4429, #10 ),
 .UNSPECIFIED., .F., .T. ) 
 B_SPLINE_CURVE_WITH_KNOTS ( ( 3, 2, 2, 2, 3 ),
 ( 0.2268350262913091386, 0.2520382757540074459, 0.3024459309048089795, 0.3528535860556105130, 0.3780574136310113076 ),
 .UNSPECIFIED. ) 
 CURVE ( )  GEOMETRIC_REPRESENTATION_ITEM ( )  RATIONAL_B_SPLINE_CURVE ( ( 0.9330127019274633282, 0.9330142384131236977, 1.000000000000000000, 0.8660254037844387076, 1.000000000000000000, 0.8660254037844387076, 1.000000000000000000, 0.9330127018922191873, 0.9330127018922194093 ) ) 
 REPRESENTATION_ITEM ( '' )  );
#7822 = EDGE_LOOP ( 'NONE', ( #8198, #7032, #4379, #4453 ) ) ;
#7823 = ORIENTED_EDGE ( 'NONE', *, *, #2296, .F. ) ;
#7824 = CARTESIAN_POINT ( 'NONE',  ( 8.201898014689374961, 3.641569558219389435, -8.517104637924386878 ) ) ;
#7825 = CARTESIAN_POINT ( 'NONE',  ( 8.203174593051956620, 5.455952380952380665, 7.042052999835315852 ) ) ;
#7826 = CARTESIAN_POINT ( 'NONE',  ( -8.553273023565537869, 4.276665784560282013, -7.428997566474529357 ) ) ;
#7827 = CARTESIAN_POINT ( 'NONE',  ( 8.371540675304066426, 4.077884376124663923, 7.169553463051468789 ) ) ;
#7828 = CARTESIAN_POINT ( 'NONE',  ( -8.325925961132368158, 5.843377976809871477, -8.726907792482572646 ) ) ;
#7829 = AXIS2_PLACEMENT_3D ( 'NONE', #7739, #3988, #8329 ) ;
#7830 = CARTESIAN_POINT ( 'NONE',  ( -6.682671856891298390, 4.312574405381298881, -8.410663392672393712 ) ) ;
#7831 = CARTESIAN_POINT ( 'NONE',  ( -8.325925961132364606, 5.937872024428918039, 8.726907792482577975 ) ) ;
#7832 = AXIS2_PLACEMENT_3D ( 'NONE', #4380, #5730, #4513 ) ;
#7833 = CARTESIAN_POINT ( 'NONE',  ( -8.203174593052008134, 3.981845239334026232, 8.514296186268811795 ) ) ;
#7834 = DIRECTION ( 'NONE',  ( -0.000000000000000000, -1.000000000000000000, -0.000000000000000000 ) ) ;
#7835 = CIRCLE ( 'NONE', #7155, 4.500000000000000000 ) ;
#7836 = VERTEX_POINT ( 'NONE', #1536 ) ;
#7837 = CARTESIAN_POINT ( 'NONE',  ( 8.628174593052060359, 5.418154761904762751, -8.268922321863165337 ) ) ;
#7838 = LINE ( 'NONE', #4636, #1021 ) ;
#7839 = CARTESIAN_POINT ( 'NONE',  ( -7.689523286657272472, 3.914126230972120091, -6.932541895987031744 ) ) ;
#7840 = CARTESIAN_POINT ( 'NONE',  ( -8.628174593052007069, 5.607142857142857650, 7.778174593052038510 ) ) ;
#7841 = CARTESIAN_POINT ( 'NONE',  ( -8.203174593052011687, 3.717261904761905100, -8.514296186268804689 ) ) ;
#7842 = CARTESIAN_POINT ( 'NONE',  ( 8.567091583649999009, 3.992551114574855120, -7.461693644196844666 ) ) ;
#7843 = DIRECTION ( 'NONE',  ( -0.000000000000000000, -1.000000000000000000, -0.000000000000000000 ) ) ;
#7844 = CYLINDRICAL_SURFACE ( 'NONE', #6773, 6.500000000000000888 ) ;
#7845 = FACE_OUTER_BOUND ( 'NONE', #3213, .T. ) ;
#7846 = CARTESIAN_POINT ( 'NONE',  ( -6.682671856891293061, 5.181919643476537551, 7.778174593052038510 ) ) ;
#7847 = EDGE_CURVE ( 'NONE', #3638, #3100, #4093, .T. ) ;
#7848 = CARTESIAN_POINT ( 'NONE',  ( -8.542858305108357087, 3.306573633934902112, 7.402712091073245126 ) ) ;
#7849 = DIRECTION ( 'NONE',  ( 0.000000000000000000, 0.000000000000000000, 1.000000000000000000 ) ) ;
#7850 = B_SPLINE_CURVE_WITH_KNOTS ( 'NONE', 3,
 ( #6611, #4680, #7880, #252, #7199, #2821, #850, #134, #1605, #7237, #6576, #1528, #291, #1488, #776, #2747, #2785, #887, #5424, #3462, #4720, #3386, #6020, #5384, #927, #1452, #7958, #812, #2240, #7356, #4011, #4794, #3351, #5945, #2280, #6850, #2322, #6765, #7486, #2407, #2366, #3537, #5463, #4165, #4962, #1048, #1690, #3572, #8121, #7531, #6096, #6180, #1091, #6268, #6139, #4918, #3612, #1775, #7574, #965, #2945, #1004, #3069, #1731 ),
 .UNSPECIFIED., .F., .F.,
 ( 4, 2, 2, 1, 1, 1, 1, 2, 2, 2, 2, 1, 1, 2, 2, 1, 2, 2, 2, 2, 2, 2, 2, 1, 2, 2, 2, 2, 2, 2, 1, 1, 1, 1, 2, 2, 2, 4 ),
 ( 0.5000042337160820471, 0.5625037045014280590, 0.5937534398941011204, 0.6093783075904377622, 0.6171907414386064161, 0.6210969583626907431, 0.6230500668247336282, 0.6240266210557546822, 0.6250031752867758472, 0.6406280429831467949, 0.6484404768313322132, 0.6523466937554249778, 0.6542998022174713046, 0.6552763564484945791, 0.6562529106795178535, 0.6718777783758970168, 0.6796902122240868760, 0.6875026460722767352, 0.7187523814650376153, 0.7343772491614179998, 0.7500021168577984954, 0.7812518522505587093, 0.7968767199469388718, 0.8046891537951288420, 0.8085953707192239381, 0.8125015876433191453, 0.8437513230360818017, 0.8593761907324628524, 0.8750010584288440141, 0.9062507938216057823, 0.9218756615179868330, 0.9296880953661778024, 0.9335943122902734537, 0.9355474207523217789, 0.9365239749833458305, 0.9375005292143699931, 0.9687502646071850521, 1.000000000000000000 ),
 .UNSPECIFIED. ) ;
#7851 = CARTESIAN_POINT ( 'NONE',  ( 8.604095356836584330, 4.490311245432609510, 7.569836634214912152 ) ) ;
#7852 = CARTESIAN_POINT ( 'NONE',  ( 7.427952571823808192, 3.256871475523785531, -8.552723197865418570 ) ) ;
#7853 = VERTEX_POINT ( 'NONE', #6505 ) ;
#7854 = CARTESIAN_POINT ( 'NONE',  ( -8.873677329212725340, 4.596056548238441231, -7.145685793431673538 ) ) ;
#7855 = CARTESIAN_POINT ( 'NONE',  ( 6.682671856891243323, 3.613318453000347485, 7.145685793431728605 ) ) ;
#7856 = EDGE_CURVE ( 'NONE', #2110, #3520, #2056, .T. ) ;
#7857 = FACE_OUTER_BOUND ( 'NONE', #3627, .T. ) ;
#7858 = CARTESIAN_POINT ( 'NONE',  ( 8.628174593052451158, 4.624404763143776798, -8.268922321863392710 ) ) ;
#7859 = FILL_AREA_STYLE_COLOUR ( '', #3791 ) ;
#7860 = CARTESIAN_POINT ( 'NONE',  ( 8.873677329212670273, 5.144122024428918749, 8.410663392672448779 ) ) ;
#7861 = CARTESIAN_POINT ( 'NONE',  ( 7.230423224971601392, 3.726711310143204336, 8.726907792482629489 ) ) ;
#7862 = EDGE_CURVE ( 'NONE', #4900, #4950, #5383, .T. ) ;
#7863 = ORIENTED_EDGE ( 'NONE', *, *, #7326, .F. ) ;
#7864 = ORIENTED_EDGE ( 'NONE', *, *, #6125, .F. ) ;
#7865 = CARTESIAN_POINT ( 'NONE',  ( 6.928174593051957153, 5.607142857142857650, 7.778174593052089136 ) ) ;
#7866 = CARTESIAN_POINT ( 'NONE',  ( 5.510910596163088569E-16, 5.200000000000000178, 4.500000000000000000 ) ) ;
#7867 = CARTESIAN_POINT ( 'NONE',  ( -8.325925961132368158, 5.937872024428918039, -6.829441393621494605 ) ) ;
#7868 = CIRCLE ( 'NONE', #1684, 1.100000000000000977 ) ;
#7869 = FACE_OUTER_BOUND ( 'NONE', #5170, .T. ) ;
#7870 = CARTESIAN_POINT ( 'NONE',  ( -8.203174593052008134, 4.888988096476883705, 8.514296186268811795 ) ) ;
#7871 = CARTESIAN_POINT ( 'NONE',  ( -8.873677329212721787, 3.140848214905109348, 7.778174593052038510 ) ) ;
#7872 = ADVANCED_FACE ( 'NONE', ( #5915 ), #785, .T. ) ;
#7873 = CARTESIAN_POINT ( 'NONE',  ( 8.201898014689639638, 4.548712415362193617, -8.517104637924232335 ) ) ;
#7874 = ORIENTED_EDGE ( 'NONE', *, *, #2914, .F. ) ;
#7875 = LINE ( 'NONE', #4004, #3122 ) ;
#7876 = CARTESIAN_POINT ( 'NONE',  ( -7.075585790428205790, 3.609474034682933929, 7.299762509409646327 ) ) ;
#7877 = CARTESIAN_POINT ( 'NONE',  ( -7.737774412540955993, 3.909840329879969989, -6.929003756866545238 ) ) ;
#7878 = CARTESIAN_POINT ( 'NONE',  ( -7.778174593052006536, 5.266964285714285765, 8.759670050674403186 ) ) ;
#7879 = CARTESIAN_POINT ( 'NONE',  ( -8.628174593052010621, 3.301488095238095610, -8.268922321863215075 ) ) ;
#7880 = CARTESIAN_POINT ( 'NONE',  ( -7.999388531410871472, 3.886850002879628896, 8.606305365373332350 ) ) ;
#7881 = FACE_OUTER_BOUND ( 'NONE', #312, .T. ) ;
#7882 = CARTESIAN_POINT ( 'NONE',  ( 7.778174593052059826, 5.068526786333681144, -6.513196993811266822 ) ) ;
#7883 = CARTESIAN_POINT ( 'NONE',  ( 6.904513752100195134, 3.199999999999976197, -8.329540043526735715 ) ) ;
#7884 = CARTESIAN_POINT ( 'NONE',  ( -7.778174593052006536, 4.614955357762251076, 9.043152192292756908 ) ) ;
#7885 = CARTESIAN_POINT ( 'NONE',  ( -8.107052315418290078, 3.255137447665041428, 6.994376313266800871 ) ) ;
#7886 = DIRECTION ( 'NONE',  ( 0.000000000000000000, 1.000000000000000000, 0.000000000000000000 ) ) ;
#7887 = VECTOR ( 'NONE', #6406, 1000.000000000000000 ) ;
#7888 = CARTESIAN_POINT ( 'NONE',  ( 8.325925961132314868, 3.443229167286061543, 6.829441393621548784 ) ) ;
#7889 = CARTESIAN_POINT ( 'NONE',  ( 7.197265208604947340, 3.398893475570686551, -7.157587823794959725 ) ) ;
#7890 = VECTOR ( 'NONE', #7000, 1000.000000000000000 ) ;
#7891 = EDGE_CURVE ( 'NONE', #4988, #2647, #3779, .T. ) ;
#7892 = DIRECTION ( 'NONE',  ( -0.000000000000000000, -1.000000000000000000, -0.000000000000000000 ) ) ;
#7893 = CARTESIAN_POINT ( 'NONE',  ( -8.873677329212725340, 4.558258929190823316, -7.778174593052033181 ) ) ;
#7894 = CARTESIAN_POINT ( 'NONE',  ( 6.682671856891243323, 4.085788691095585179, 8.410663392672448779 ) ) ;
#7895 = CARTESIAN_POINT ( 'NONE',  ( 11.00000000000001243, 4.700000000000000178, -2.000000000000228706 ) ) ;
#7896 = MECHANICAL_DESIGN_GEOMETRIC_PRESENTATION_REPRESENTATION (  '', ( #2006 ), #7772 ) ;
#7897 = CARTESIAN_POINT ( 'NONE',  ( 6.937242627306805964, 3.803025182568855467, -7.651305159819982826 ) ) ;
#7898 = CARTESIAN_POINT ( 'NONE',  ( 6.682671856891243323, 3.613318453000347485, 7.145685793431728605 ) ) ;
#7899 = EDGE_CURVE ( 'NONE', #2292, #5243, #5521, .T. ) ;
#7900 = ORIENTED_EDGE ( 'NONE', *, *, #936, .T. ) ;
#7901 = ORIENTED_EDGE ( 'NONE', *, *, #5078, .T. ) ;
#7902 = CARTESIAN_POINT ( 'NONE',  ( 7.353174593051956975, 5.682738095238095255, 8.514296186268863309 ) ) ;
#7903 = FILL_AREA_STYLE ('',( #799 ) ) ;
#7904 = CARTESIAN_POINT ( 'NONE',  ( 8.128381864060623130, 3.937227402346216820, 8.552729868967341886 ) ) ;
#7905 = CARTESIAN_POINT ( 'NONE',  ( -8.325925961132364606, 4.633854167286061809, 8.726907792482577975 ) ) ;
#7906 = CARTESIAN_POINT ( 'NONE',  ( -6.928174593052012220, 3.263690477429264103, -8.268922321863215075 ) ) ;
#7907 = CARTESIAN_POINT ( 'NONE',  ( -6.928174593052007779, 5.531547620286406897, 7.287426864240858393 ) ) ;
#7908 = CARTESIAN_POINT ( 'NONE',  ( -8.325925961132364606, 3.518824405381299592, 6.829441393621498158 ) ) ;
#7909 = CARTESIAN_POINT ( 'NONE',  ( 8.271037495354036650, 4.541958439409722104, -8.471248143874158032 ) ) ;
#7910 = ORIENTED_EDGE ( 'NONE', *, *, #475, .F. ) ;
#7911 = ORIENTED_EDGE ( 'NONE', *, *, #3829, .F. ) ;
#7912 = CARTESIAN_POINT ( 'NONE',  ( 4.898587196589412829E-16, 6.000000000000000000, 4.000000000000000000 ) ) ;
#7913 = CARTESIAN_POINT ( 'NONE',  ( -7.778174593052003871, 3.679464285714285854, 6.928174593052037977 ) ) ;
#7914 = CARTESIAN_POINT ( 'NONE',  ( 0.000000000000000000, 6.000000000000000000, 0.000000000000000000 ) ) ;
#7915 = CARTESIAN_POINT ( 'NONE',  ( -7.322158443453689713, 3.200000000000011280, 8.615764834905606406 ) ) ;
#7916 = CARTESIAN_POINT ( 'NONE',  ( 7.160556377716752685, 3.283988180636943088, 7.193547947341008886 ) ) ;
#7917 = CARTESIAN_POINT ( 'NONE',  ( 6.682671856891243323, 4.010193453000346686, 7.145685793431728605 ) ) ;
#7918 = CARTESIAN_POINT ( 'NONE',  ( 8.128381864060729711, 3.937227402346285210, -7.003619317136737799 ) ) ;
#7919 = DIRECTION ( 'NONE',  ( 0.000000000000000000, 1.000000000000000000, 0.000000000000000000 ) ) ;
#7920 = CARTESIAN_POINT ( 'NONE',  ( 6.682671856891347240, 5.408705357762252142, -7.778174593051986108 ) ) ;
#7921 = CARTESIAN_POINT ( 'NONE',  ( 8.069316325335522677, 3.200000000000000622, -8.576758647314894901 ) ) ;
#7922 = CARTESIAN_POINT ( 'NONE',  ( -8.325925961132364606, 4.879538691095585357, 6.829441393621498158 ) ) ;
#7923 = CARTESIAN_POINT ( 'NONE',  ( -7.175075591136990560, 4.530376422783631618, -8.377188266163200225 ) ) ;
#7924 = CARTESIAN_POINT ( 'NONE',  ( 8.425927430606533713E-14, 3.700000000000000178, 10.99999999999985434 ) ) ;
#7925 = CARTESIAN_POINT ( 'NONE',  ( 8.588125904800403276, 4.495390036147286494, 7.512892975341719293 ) ) ;
#7926 = CARTESIAN_POINT ( 'NONE',  ( 7.123392489999659460, 3.389753518508059837, -7.235827353201618628 ) ) ;
#7927 = DIRECTION ( 'NONE',  ( 0.000000000000000000, 1.000000000000000000, 0.000000000000000000 ) ) ;
#7928 = CARTESIAN_POINT ( 'NONE',  ( -8.203174593052011687, 5.985119047619048338, -8.514296186268804689 ) ) ;
#7929 = CARTESIAN_POINT ( 'NONE',  ( 8.325925961132314868, 4.407068453000347219, 6.829441393621548784 ) ) ;
#7930 = CARTESIAN_POINT ( 'NONE',  ( -6.928174593052012220, 4.133035715524502329, -7.778174593052033181 ) ) ;
#7931 = EDGE_CURVE ( 'NONE', #5435, #5039, #6862, .T. ) ;
#7932 = VECTOR ( 'NONE', #4355, 1000.000000000000000 ) ;
#7933 = CARTESIAN_POINT ( 'NONE',  ( 7.015188581722912708, 3.825617820853188800, -7.403268578976359038 ) ) ;
#7934 = CARTESIAN_POINT ( 'NONE',  ( 6.682671856891243323, 3.651116072047965844, 7.778174593052089136 ) ) ;
#7935 = AXIS2_PLACEMENT_3D ( 'NONE', #3987, #7055, #1304 ) ;
#7936 = VERTEX_POINT ( 'NONE', #2213 ) ;
#7937 = ORIENTED_EDGE ( 'NONE', *, *, #3123, .T. ) ;
#7938 = MECHANICAL_DESIGN_GEOMETRIC_PRESENTATION_REPRESENTATION (  '', ( #4299 ), #4719 ) ;
#7939 = CARTESIAN_POINT ( 'NONE',  ( 8.873677329212670273, 5.200818453000346508, 8.410663392672448779 ) ) ;
#7940 = CARTESIAN_POINT ( 'NONE',  ( -8.192516622043916286, 4.169464116596521386, -8.521221004974881552 ) ) ;
#7941 = CARTESIAN_POINT ( 'NONE',  ( 8.567091583649892428, 3.992551114574833360, 8.094655541907236795 ) ) ;
#7942 = EDGE_CURVE ( 'NONE', #7599, #2472, #4057, .T. ) ;
#7943 = CARTESIAN_POINT ( 'NONE',  ( -7.778174593052006536, 4.218080357762254984, 9.043152192292751579 ) ) ;
#7944 = EDGE_CURVE ( 'NONE', #1310, #6089, #6725, .T. ) ;
#7945 = DIRECTION ( 'NONE',  ( 0.000000000000000000, 1.000000000000000000, 0.000000000000000000 ) ) ;
#7946 = CARTESIAN_POINT ( 'NONE',  ( 8.325925961132313091, 3.953497024428921147, 6.829441393621552336 ) ) ;
#7947 = CARTESIAN_POINT ( 'NONE',  ( -7.778174593052006536, 3.481026786333680789, 6.513196993811319224 ) ) ;
#7948 = CARTESIAN_POINT ( 'NONE',  ( 8.152812815402315394, 4.553284455716249290, -8.543161750860837955 ) ) ;
#7949 = ORIENTED_EDGE ( 'NONE', *, *, #5576, .F. ) ;
#7950 = VERTEX_POINT ( 'NONE', #4764 ) ;
#7951 = DIRECTION ( 'NONE',  ( 0.000000000000000000, 0.000000000000000000, 1.000000000000000000 ) ) ;
#7952 = CARTESIAN_POINT ( 'NONE',  ( -7.105266711018884962, 3.613957761346078268, 7.258761456182241112 ) ) ;
#7953 = CARTESIAN_POINT ( 'NONE',  ( 8.325925961132314868, 5.616592262524155998, 8.726907792482629489 ) ) ;
#7954 = EDGE_CURVE ( 'NONE', #1548, #1061, #1847, .T. ) ;
#7955 = DIRECTION ( 'NONE',  ( -0.000000000000000000, -1.000000000000000000, -0.000000000000000000 ) ) ;
#7956 = CARTESIAN_POINT ( 'NONE',  ( 7.260899282394663423, 3.272184111559644393, 7.101499965078081011 ) ) ;
#7957 = CARTESIAN_POINT ( 'NONE',  ( -7.689523286702867999, 3.914126230968590914, 8.623807290121565217 ) ) ;
#7958 = CARTESIAN_POINT ( 'NONE',  ( -8.553273023565184374, 3.823094355989116622, 8.127351619630310608 ) ) ;
#7959 = DIRECTION ( 'NONE',  ( 0.000000000000000000, -1.000000000000000000, 0.000000000000000000 ) ) ;
#7960 = CARTESIAN_POINT ( 'NONE',  ( 6.928174593051566355, 4.397619048858060431, 8.268922321863495739 ) ) ;
#7961 = CONICAL_SURFACE ( 'NONE', #7554, 7.000000000000000000, 0.7853981633974541632 ) ;
#7962 = CARTESIAN_POINT ( 'NONE',  ( -7.778174593052011865, 3.200000000000000178, -6.528174593052034069 ) ) ;
#7963 = CARTESIAN_POINT ( 'NONE',  ( -7.778174593052006536, 4.161383929190823672, 9.043152192292756908 ) ) ;
#7964 = B_SPLINE_CURVE_WITH_KNOTS ( 'NONE', 3,
 ( #1537, #1497, #6654, #5283, #3507, #4649, #7245, #6620, #2870, #858, #5432, #3432, #2059, #259, #5989, #7170, #1421, #7206, #897, #1459, #3469, #218, #3980, #2793, #4729, #5355, #6545, #2830, #7925, #7851, #2174, #7286, #5394, #7967, #2214, #4765, #786, #3358, #4018, #5916, #144, #6584, #820, #3394, #8005, #463, #2331, #7542, #2997, #6192, #2249, #3038, #510, #4803, #5518, #3709, #2290, #6235, #5608, #6860, #7495, #7365, #1612, #8173, #6150, #1150, #8129, #4887, #1740, #5563, #7451, #8043 ),
 .UNSPECIFIED., .F., .F.,
 ( 4, 2, 2, 1, 1, 1, 1, 2, 2, 2, 2, 1, 1, 2, 2, 1, 2, 2, 2, 2, 2, 2, 2, 1, 2, 2, 2, 2, 2, 2, 1, 1, 1, 1, 2, 2, 2, 2, 2, 1, 1, 2, 4 ),
 ( 0.000000000000000000, 0.06250052921443176313, 0.09375079382164817898, 0.1093759261252562620, 0.1171884922770599219, 0.1210947753529619669, 0.1230479168909127813, 0.1240244876598885493, 0.1250010584288643034, 0.1406261907324929394, 0.1484387568843070493, 0.1523450399602141458, 0.1542981814981676802, 0.1552747522671445723, 0.1562513230361214367, 0.1718764553397553463, 0.1796890214915723150, 0.1875015876433892559, 0.2187518522506568253, 0.2343769845542906793, 0.2500021168579245612, 0.2812523814651934906, 0.2968775137688279830, 0.3046900799206448407, 0.3085963629965532418, 0.3125026460724616428, 0.3437529106797294065, 0.3593780429833639545, 0.3750031752869984469, 0.4062534398942675984, 0.4218785721979018688, 0.4296911383497190595, 0.4335974214256278492, 0.4355505629635825215, 0.4365271337325600243, 0.4375037045015375825, 0.4687539691088177807, 0.4843791014124579908, 0.4921916675642779571, 0.4960979506401879680, 0.4980510921781429179, 0.4990276629471205871, 0.5000042337160982564 ),
 .UNSPECIFIED. ) ;
#7965 = CARTESIAN_POINT ( 'NONE',  ( -7.581391819276482202, 4.377341949261481346, -6.950789530722633280 ) ) ;
#7966 = CARTESIAN_POINT ( 'NONE',  ( 7.926742023886886201, 3.200000000000000178, 6.902933501593244259 ) ) ;
#7967 = CARTESIAN_POINT ( 'NONE',  ( 8.628174831685671009, 4.474934458395469328, 7.755841440089971783 ) ) ;
#7968 = CARTESIAN_POINT ( 'NONE',  ( 6.928175070456919826, 3.335843328979322120, -7.822867383848344680 ) ) ;
#7969 = CARTESIAN_POINT ( 'NONE',  ( 8.069316325335522677, 3.200000000000000622, -8.576758647314894901 ) ) ;
#7970 = CARTESIAN_POINT ( 'NONE',  ( -6.682671856891298390, 4.747247024428918216, -7.145685793431673538 ) ) ;
#7971 = CARTESIAN_POINT ( 'NONE',  ( 8.371540675303783985, 3.624312947553282704, -8.386795723052976825 ) ) ;
#7972 = CARTESIAN_POINT ( 'NONE',  ( 6.682671856891243323, 3.688913691095585534, 8.410663392672448779 ) ) ;
#7973 = LINE ( 'NONE', #2066, #5188 ) ;
#7974 =( LENGTH_UNIT ( ) NAMED_UNIT ( * ) SI_UNIT ( .MILLI., .METRE. ) );
#7975 = CARTESIAN_POINT ( 'NONE',  ( 6.980149332130570095, 3.767993599431504581, -8.070955371447171345 ) ) ;
#7976 = CARTESIAN_POINT ( 'NONE',  ( 7.353174593051957864, 3.414880952380952461, 8.514296186268863309 ) ) ;
#7977 = ADVANCED_FACE ( 'NONE', ( #337 ), #4172, .F. ) ;
#7978 = EDGE_LOOP ( 'NONE', ( #2158, #3226, #618, #2224 ) ) ;
#7979 = ORIENTED_EDGE ( 'NONE', *, *, #4770, .F. ) ;
#7980 = CARTESIAN_POINT ( 'NONE',  ( 8.005931406618412183, 3.772601461096673603, 6.928174593052087715 ) ) ;
#7981 = CARTESIAN_POINT ( 'NONE',  ( 8.624682838054077649, 4.012169891939794120, 7.872904419817786881 ) ) ;
#7982 = CARTESIAN_POINT ( 'NONE',  ( -8.873677329212716458, 4.142485119667016491, 8.410663392672395489 ) ) ;
#7983 = CARTESIAN_POINT ( 'NONE',  ( -7.855612149027822788, 2.892601240460726419, -8.714961456886374691 ) ) ;
#7984 = CARTESIAN_POINT ( 'NONE',  ( -7.778174593052006536, 5.607142858381645389, 6.796679135429674723 ) ) ;
#7985 = CARTESIAN_POINT ( 'NONE',  ( 0.000000000000000000, 2.500000000000000000, -13.50000000000000000 ) ) ;
#7986 = EDGE_CURVE ( 'NONE', #8066, #321, #1631, .T. ) ;
#7987 = CARTESIAN_POINT ( 'NONE',  ( -11.00000000000000000, 3.700000000000000178, 1.999999999999922951 ) ) ;
#7988 = EDGE_CURVE ( 'NONE', #3490, #6309, #1914, .T. ) ;
#7989 = ORIENTED_EDGE ( 'NONE', *, *, #2766, .F. ) ;
#7990 = ORIENTED_EDGE ( 'NONE', *, *, #1118, .F. ) ;
#7991 = CARTESIAN_POINT ( 'NONE',  ( 6.682671856891347240, 4.596056548238441231, -7.145685793431626465 ) ) ;
#7992 = CARTESIAN_POINT ( 'NONE',  ( -7.184808510800285042, 3.624312947553283593, 7.169553463051043352 ) ) ;
#7993 = CARTESIAN_POINT ( 'NONE',  ( 8.873677329212670273, 5.238616072047966199, 7.778174593052089136 ) ) ;
#7994 = VECTOR ( 'NONE', #5066, 1000.000000000000000 ) ;
#7995 = CARTESIAN_POINT ( 'NONE',  ( 7.778152113398105527, 4.359819429332417506, 8.628174592754833228 ) ) ;
#7996 = CARTESIAN_POINT ( 'NONE',  ( 6.952252950066039716, 3.356382345539442813, 7.986508786238387003 ) ) ;
#7997 = CARTESIAN_POINT ( 'NONE',  ( 8.873677329212670273, 4.312574405381298881, 7.145685793431728605 ) ) ;
#7998 = CARTESIAN_POINT ( 'NONE',  ( 8.090381219397176693, 3.934155351081102481, -6.987393949915999158 ) ) ;
#7999 = CARTESIAN_POINT ( 'NONE',  ( 0.000000000000000000, 1.000000000000000000, 0.000000000000000000 ) ) ;
#8000 = CARTESIAN_POINT ( 'NONE',  ( 6.682671856891347240, 5.370907738714631563, -8.410663392672345751 ) ) ;
#8001 = LINE ( 'NONE', #1492, #6418 ) ;
#8002 = CARTESIAN_POINT ( 'NONE',  ( -8.325925961132364606, 4.180282738714632629, 8.726907792482577975 ) ) ;
#8003 = CARTESIAN_POINT ( 'NONE',  ( -7.689523286657506063, 4.367697659543383182, -6.932541895987007763 ) ) ;
#8004 = CARTESIAN_POINT ( 'NONE',  ( 7.354438177018142397, 3.868354040763839929, 8.517097116308198324 ) ) ;
#8005 = CARTESIAN_POINT ( 'NONE',  ( 8.516050070681487227, 4.435504974187826299, 8.203912961329910658 ) ) ;
#8006 = CARTESIAN_POINT ( 'NONE',  ( 7.260899282394760235, 3.272184111560147546, -8.454849221025989792 ) ) ;
#8007 = FACE_OUTER_BOUND ( 'NONE', #3052, .T. ) ;
#8008 = CARTESIAN_POINT ( 'NONE',  ( -8.628174593052007069, 3.755059523809524347, 7.287426864240856617 ) ) ;
#8009 = FACE_BOUND ( 'NONE', #4698, .T. ) ;
#8010 = CARTESIAN_POINT ( 'NONE',  ( -7.215075111164844124, 4.081172119706339529, -8.415162546892354101 ) ) ;
#8011 = VECTOR ( 'NONE', #5139, 1000.000000000000000 ) ;
#8012 = CARTESIAN_POINT ( 'NONE',  ( 6.965065845394937227, 3.772092754255088831, -8.026333614188198240 ) ) ;
#8013 = CARTESIAN_POINT ( 'NONE',  ( 7.230423224971600504, 4.029092262524156531, 6.829441393621548784 ) ) ;
#8014 = MECHANICAL_DESIGN_GEOMETRIC_PRESENTATION_REPRESENTATION (  '', ( #6248 ), #4121 ) ;
#8015 = CARTESIAN_POINT ( 'NONE',  ( 7.778174593051956798, 3.792857144095930888, 6.928174593052087715 ) ) ;
#8016 = VERTEX_POINT ( 'NONE', #6771 ) ;
#8017 = ORIENTED_EDGE ( 'NONE', *, *, #3228, .T. ) ;
#8018 = LINE ( 'NONE', #2264, #3586 ) ;
#8019 = CARTESIAN_POINT ( 'NONE',  ( 8.483223083814817045, 4.062655798398575158, 7.303401189488705647 ) ) ;
#8020 = CARTESIAN_POINT ( 'NONE',  ( -7.778174593052006536, 4.444866072047968686, 6.513196993811323665 ) ) ;
#8021 = CARTESIAN_POINT ( 'NONE',  ( -6.928174593052012220, 3.188095239334026054, -7.287426864240853064 ) ) ;
#8022 = CARTESIAN_POINT ( 'NONE',  ( -8.005931406618417512, 4.452958603954058958, -6.928174593051552144 ) ) ;
#8023 = DIRECTION ( 'NONE',  ( 0.000000000000000000, 1.000000000000000000, 0.000000000000000000 ) ) ;
#8024 = CARTESIAN_POINT ( 'NONE',  ( 8.522020170848163545, 4.509760814243093385, -8.191224883606800233 ) ) ;
#8025 = CLOSED_SHELL ( 'NONE', ( #6032, #8165, #5935, #7141, #6959, #2354 ) ) ;
#8026 = ORIENTED_EDGE ( 'NONE', *, *, #7695, .T. ) ;
#8027 = ORIENTED_EDGE ( 'NONE', *, *, #4088, .T. ) ;
#8028 = CARTESIAN_POINT ( 'NONE',  ( 7.230423224971703533, 5.087425595857490102, -6.829441393621446643 ) ) ;
#8029 = CARTESIAN_POINT ( 'NONE',  ( -6.933725504110718418, 3.574044987627310377, 7.677814380889185664 ) ) ;
#8030 = CARTESIAN_POINT ( 'NONE',  ( 7.230423224971600504, 4.633854167286061809, 8.726907792482629489 ) ) ;
#8031 = CARTESIAN_POINT ( 'NONE',  ( -8.325925961132364606, 5.389806548238442296, 6.829441393621498158 ) ) ;
#8032 = CARTESIAN_POINT ( 'NONE',  ( 7.134330090070868380, 3.391232834933464613, 8.333299628893831468 ) ) ;
#8033 = CARTESIAN_POINT ( 'NONE',  ( -7.218557174269539800, 3.957147012382464357, 8.420273295812087611 ) ) ;
#8034 = EDGE_CURVE ( 'NONE', #7742, #731, #2934, .T. ) ;
#8035 = CYLINDRICAL_SURFACE ( 'NONE', #4924, 4.000000000000000000 ) ;
#8036 = CARTESIAN_POINT ( 'NONE',  ( -7.075585790429014033, 4.063045463254471024, 7.299762509408449063 ) ) ;
#8037 = CARTESIAN_POINT ( 'NONE',  ( 7.778174593052059826, 5.153571429810217097, -8.759670050674348118 ) ) ;
#8038 = DIRECTION ( 'NONE',  ( -0.000000000000000000, -1.000000000000000000, -0.000000000000000000 ) ) ;
#8039 = CARTESIAN_POINT ( 'NONE',  ( -8.325925961132364606, 4.482663691095584824, 6.829441393621498158 ) ) ;
#8040 = CARTESIAN_POINT ( 'NONE',  ( -6.965067280173623310, 4.452449470699025191, -7.530010851131692107 ) ) ;
#8041 = CARTESIAN_POINT ( 'NONE',  ( 7.778152113398282275, 3.906248000761004313, 8.628174592754833228 ) ) ;
#8042 = CARTESIAN_POINT ( 'NONE',  ( 7.230423224971600504, 3.065252976809870855, 6.829441393621548784 ) ) ;
#8043 = CARTESIAN_POINT ( 'NONE',  ( 7.778152113398105527, 4.359819429332417506, 8.628174592754833228 ) ) ;
#8044 = CARTESIAN_POINT ( 'NONE',  ( 7.778174593052066044, 3.225892857142856673, -8.628174593051985752 ) ) ;
#8045 = FACE_OUTER_BOUND ( 'NONE', #6472, .T. ) ;
#8046 = ADVANCED_BREP_SHAPE_REPRESENTATION ( 'DP030', ( #6511, #3675, #993, #6596, #2837 ), #3396 ) ;
#8047 = CARTESIAN_POINT ( 'NONE',  ( -8.203174593052008134, 3.263690476190476364, 7.042052999835266114 ) ) ;
#8048 = DIRECTION ( 'NONE',  ( -0.000000000000000000, -1.000000000000000000, -0.000000000000000000 ) ) ;
#8049 = CARTESIAN_POINT ( 'NONE',  ( -7.188524982899911819, 4.078294098919941213, -8.390411679264675016 ) ) ;
#8050 = EDGE_CURVE ( 'NONE', #6531, #2677, #6142, .T. ) ;
#8051 = CARTESIAN_POINT ( 'NONE',  ( 6.682671856891243323, 5.408705357762252142, 7.778174593052089136 ) ) ;
#8052 = FACE_OUTER_BOUND ( 'NONE', #6639, .T. ) ;
#8053 = ADVANCED_FACE ( 'NONE', ( #2587, #1148 ), #7669, .T. ) ;
#8054 = CARTESIAN_POINT ( 'NONE',  ( -8.617979565106976381, 4.700000000000001066, 8.095937024003660554 ) ) ;
#8055 = EDGE_CURVE ( 'NONE', #5285, #6129, #4175, .T. ) ;
#8056 = ORIENTED_EDGE ( 'NONE', *, *, #3473, .F. ) ;
#8057 = ORIENTED_EDGE ( 'NONE', *, *, #3028, .F. ) ;
#8058 = CARTESIAN_POINT ( 'NONE',  ( -7.184808510799953751, 4.531455804696099321, 7.169553463051364872 ) ) ;
#8059 = CARTESIAN_POINT ( 'NONE',  ( 6.682671856891347240, 5.011830357762251609, -7.778174593051986108 ) ) ;
#8060 = CARTESIAN_POINT ( 'NONE',  ( -8.325925961132361053, 3.575520833952730904, 6.829441393621502598 ) ) ;
#8061 = DIRECTION ( 'NONE',  ( 0.000000000000000000, 1.000000000000000000, 0.000000000000000000 ) ) ;
#8062 = CARTESIAN_POINT ( 'NONE',  ( -7.353174593052007602, 5.569345239334026587, 7.042052999835266114 ) ) ;
#8063 = PLANE ( 'NONE',  #8145 ) ;
#8064 = CARTESIAN_POINT ( 'NONE',  ( 0.000000000000000000, 1.500000000000000000, -13.50000000000000000 ) ) ;
#8065 = AXIS2_PLACEMENT_3D ( 'NONE', #5369, #6122, #2154 ) ;
#8066 = VERTEX_POINT ( 'NONE', #6401 ) ;
#8067 = ORIENTED_EDGE ( 'NONE', *, *, #3768, .F. ) ;
#8068 = CARTESIAN_POINT ( 'NONE',  ( 7.230423224971703533, 5.994568453000346686, -6.829441393621446643 ) ) ;
#8069 = CARTESIAN_POINT ( 'NONE',  ( 8.188988110136252274, 4.699999999999999289, -6.762616372605454451 ) ) ;
#8070 = CARTESIAN_POINT ( 'NONE',  ( -8.628174593052010621, 5.266964286953074392, -7.778174593052033181 ) ) ;
#8071 = CARTESIAN_POINT ( 'NONE',  ( -7.776468648439679221, 3.452830290008308989, 8.628174638465818447 ) ) ;
#8072 = CARTESIAN_POINT ( 'NONE',  ( 8.325925961132314868, 4.709449405381298526, 8.726907792482629489 ) ) ;
#8073 = CARTESIAN_POINT ( 'NONE',  ( -7.778174593052006536, 5.805580357762250898, 6.513196993811319224 ) ) ;
#8074 = CARTESIAN_POINT ( 'NONE',  ( 7.084101871769349579, 3.384016906883930531, 8.268912862808045716 ) ) ;
#8075 = CARTESIAN_POINT ( 'NONE',  ( 7.778174593051957686, 4.161383929190823672, 9.043152192292808422 ) ) ;
#8076 = AXIS2_PLACEMENT_3D ( 'NONE', #4727, #7285, #3281 ) ;
#8077 = DIRECTION ( 'NONE',  ( -0.000000000000000000, 1.000000000000000000, -0.000000000000000000 ) ) ;
#8078 = CARTESIAN_POINT ( 'NONE',  ( -7.105266711027882209, 4.067529189918669630, 7.258761456170554460 ) ) ;
#8079 = DIRECTION ( 'NONE',  ( 0.000000000000000000, 0.000000000000000000, 1.000000000000000000 ) ) ;
#8080 = CARTESIAN_POINT ( 'NONE',  ( 6.682671856891347240, 4.463764881571775867, -8.410663392672345751 ) ) ;
#8081 = CARTESIAN_POINT ( 'NONE',  ( -7.877978186526060966, 3.091038739841321270, 6.570818625369655663 ) ) ;
#8082 = CARTESIAN_POINT ( 'NONE',  ( -7.134337340040623587, 4.525162380097568438, -8.333308011120125869 ) ) ;
#8083 = CARTESIAN_POINT ( 'NONE',  ( 7.182330180849212375, 3.850824756817191830, 8.384369630804815898 ) ) ;
#8084 = CARTESIAN_POINT ( 'NONE',  ( 8.628174593051957331, 3.263690477429264103, 7.287426864240906355 ) ) ;
#8085 = AXIS2_PLACEMENT_3D ( 'NONE', #4295, #1105, #3670 ) ;
#8086 = CARTESIAN_POINT ( 'NONE',  ( 7.230423224971704421, 3.726711310143204336, -6.829441393621446643 ) ) ;
#8087 = CARTESIAN_POINT ( 'NONE',  ( 11.00000000000001243, 4.700000000000000178, -2.289248920926628591E-13 ) ) ;
#8088 = AXIS2_PLACEMENT_3D ( 'NONE', #7077, #2, #8257 ) ;
#8089 = CARTESIAN_POINT ( 'NONE',  ( 7.556960654692780999, 4.340421431454011270, -6.950043820730799737 ) ) ;
#8090 = CARTESIAN_POINT ( 'NONE',  ( -7.479837137753868603, 3.199360044241692069, 6.982250750736561429 ) ) ;
#8091 = ADVANCED_FACE ( 'NONE', ( #3217 ), #6313, .F. ) ;
#8092 = CYLINDRICAL_SURFACE ( 'NONE', #6106, 4.699999999999999289 ) ;
#8093 = CARTESIAN_POINT ( 'NONE',  ( 8.873677329212670273, 4.785044643476537019, 7.778174593052089136 ) ) ;
#8094 = CARTESIAN_POINT ( 'NONE',  ( -7.105266711036775540, 4.067529189919818045, -8.297587729945066215 ) ) ;
#8095 = CARTESIAN_POINT ( 'NONE',  ( -8.628174593052010621, 4.284226190476190688, -7.287426864240852176 ) ) ;
#8096 = CARTESIAN_POINT ( 'NONE',  ( 7.778174593051957686, 5.607142858381645389, 6.796679135429724461 ) ) ;
#8097 = CARTESIAN_POINT ( 'NONE',  ( 6.928174593052061070, 4.246428571428571885, -7.778174593051986108 ) ) ;
#8098 = DIRECTION ( 'NONE',  ( -0.000000000000000000, -1.000000000000000000, -0.000000000000000000 ) ) ;
#8099 = EDGE_CURVE ( 'NONE', #6255, #5251, #1628, .T. ) ;
#8100 = B_SPLINE_CURVE_WITH_KNOTS ( 'NONE', 3,
 ( #770, #1325, #3885, #6444, #846, #1408 ),
 .UNSPECIFIED., .F., .F.,
 ( 4, 2, 4 ),
 ( 0.000000000000000000, 0.0004262722180928986675, 0.0008525444361857973351 ),
 .UNSPECIFIED. ) ;
#8101 = ORIENTED_EDGE ( 'NONE', *, *, #607, .T. ) ;
#8102 = ORIENTED_EDGE ( 'NONE', *, *, #3578, .T. ) ;
#8103 = CARTESIAN_POINT ( 'NONE',  ( -7.285311690750027047, 4.541958439409723880, 7.085101042229864809 ) ) ;
#8104 = CARTESIAN_POINT ( 'NONE',  ( 7.778174593052059826, 4.841741072047965666, -9.043152192292705394 ) ) ;
#8105 = CARTESIAN_POINT ( 'NONE',  ( -8.371548807038347917, 4.304669193177111275, 8.386787794950720354 ) ) ;
#8106 = CARTESIAN_POINT ( 'NONE',  ( -8.005936255703367976, 3.545815315554808667, -6.928177392672507651 ) ) ;
#8107 = DIRECTION ( 'NONE',  ( 0.000000000000000000, 0.000000000000000000, 1.000000000000000000 ) ) ;
#8108 = CARTESIAN_POINT ( 'NONE',  ( 7.778174593051956798, 3.200000000000000178, 7.778174593052089136 ) ) ;
#8109 = EDGE_CURVE ( 'NONE', #5213, #4710, #6602, .T. ) ;
#8110 = CARTESIAN_POINT ( 'NONE',  ( 8.128381864060568063, 4.390798830917906237, -7.003619317136662303 ) ) ;
#8111 = ORIENTED_EDGE ( 'NONE', *, *, #6574, .F. ) ;
#8112 = ORIENTED_EDGE ( 'NONE', *, *, #6190, .F. ) ;
#8113 = CARTESIAN_POINT ( 'NONE',  ( 6.682671856891347240, 5.049627976809870411, -7.145685793431626465 ) ) ;
#8114 = CARTESIAN_POINT ( 'NONE',  ( -11.00000000000000000, 2.500000000000000000, -7.681258945454893382E-14 ) ) ;
#8115 = CARTESIAN_POINT ( 'NONE',  ( -8.873677329212725340, 5.824479167286061632, -8.410663392672393712 ) ) ;
#8116 = CARTESIAN_POINT ( 'NONE',  ( -7.613549662982224575, 3.467318975102474887, 8.612935012566520498 ) ) ;
#8117 = CARTESIAN_POINT ( 'NONE',  ( 7.778174593051957686, 5.748883929190823139, 6.513196993811369850 ) ) ;
#8118 = CARTESIAN_POINT ( 'NONE',  ( 7.403522063424883726, 4.326497419341418293, 8.543154676251292656 ) ) ;
#8119 = CARTESIAN_POINT ( 'NONE',  ( 7.449296870685672367, 3.255137447665043204, 6.994376313266853273 ) ) ;
#8120 = CARTESIAN_POINT ( 'NONE',  ( -8.867643126252019670, 3.200000000000000178, -7.595339401184494577 ) ) ;
#8121 = CARTESIAN_POINT ( 'NONE',  ( -8.395792808387499306, 3.737559609208388256, 7.193547947341263793 ) ) ;
#8122 = CARTESIAN_POINT ( 'NONE',  ( -6.937242950329645552, 4.029811084638784457, 7.651302903719778392 ) ) ;
#8123 = DIRECTION ( 'NONE',  ( -3.689284128500214800E-16, 0.000000000000000000, -1.000000000000000000 ) ) ;
#8124 = CARTESIAN_POINT ( 'NONE',  ( 6.928174593051956265, 3.414880953619740644, 7.287426864240906355 ) ) ;
#8125 = CARTESIAN_POINT ( 'NONE',  ( -8.873677329212721787, 4.463764881571775867, 7.145685793431678867 ) ) ;
#8126 = CARTESIAN_POINT ( 'NONE',  ( -6.682671856891298390, 4.312574405381298881, -8.410663392672393712 ) ) ;
#8127 = CARTESIAN_POINT ( 'NONE',  ( 7.445865414588695330, 3.199999999999998845, 6.883056634987054778 ) ) ;
#8128 = CARTESIAN_POINT ( 'NONE',  ( 6.683426347833807846, 3.199999999999954436, -7.737523338124681516 ) ) ;
#8129 = CARTESIAN_POINT ( 'NONE',  ( 7.818574773590261096, 4.363411758453359823, 8.627345429236454422 ) ) ;
#8130 = CARTESIAN_POINT ( 'NONE',  ( -8.477349517404848100, 3.383223502982916742, -7.294786991817145960 ) ) ;
#8131 =( BOUNDED_CURVE ( )  B_SPLINE_CURVE ( 2, ( #3244, #1849, #621, #533, #5673, #668, #8331, #5169, #4451 ),
 .UNSPECIFIED., .F., .F. ) 
 B_SPLINE_CURVE_WITH_KNOTS ( ( 3, 2, 2, 2, 3 ),
 ( 0.001333840655342779808, 0.001778292290959080941, 0.002667195562192328957, 0.003556098833425576974, 0.004000550455451393032 ),
 .UNSPECIFIED. ) 
 CURVE ( )  GEOMETRIC_REPRESENTATION_ITEM ( )  RATIONAL_B_SPLINE_CURVE ( ( 0.9330127018922194093, 0.9330127018922680371, 1.000000000000000000, 0.8660254037844387076, 1.000000000000000000, 0.8660254037844387076, 1.000000000000000000, 0.9330127039406121980, 0.9330127018922194093 ) ) 
 REPRESENTATION_ITEM ( '' )  );
#8132 = CARTESIAN_POINT ( 'NONE',  ( 13.35102992281864864, 4.700000000000000178, 1.999999999999763745 ) ) ;
#8133 = CARTESIAN_POINT ( 'NONE',  ( -7.778174593052006536, 4.586607142857142883, 6.796679135429674723 ) ) ;
#8134 = VERTEX_POINT ( 'NONE', #2671 ) ;
#8135 = DIRECTION ( 'NONE',  ( 1.000000000000000000, -0.000000000000000000, 1.224646799147353207E-16 ) ) ;
#8136 = DIRECTION ( 'NONE',  ( 0.000000000000000000, 1.000000000000000000, 0.000000000000000000 ) ) ;
#8137 = CARTESIAN_POINT ( 'NONE',  ( -6.928174593052012220, 4.473214285714286476, -7.778174593052033181 ) ) ;
#8138 = CARTESIAN_POINT ( 'NONE',  ( 6.928174593051957153, 4.359821429810216920, 7.778174593052089136 ) ) ;
#8139 = CARTESIAN_POINT ( 'NONE',  ( 7.778174593052059826, 3.679464285714285854, -8.759670050674348118 ) ) ;
#8140 = EDGE_CURVE ( 'NONE', #1276, #359, #151, .T. ) ;
#8141 = ADVANCED_FACE ( 'NONE', ( #7758 ), #5442, .F. ) ;
#8142 = CARTESIAN_POINT ( 'NONE',  ( 7.550417779485606218, 4.266684255666617354, -8.628174593051983976 ) ) ;
#8143 = ORIENTED_EDGE ( 'NONE', *, *, #7525, .T. ) ;
#8144 = ORIENTED_EDGE ( 'NONE', *, *, #6475, .F. ) ;
#8145 = AXIS2_PLACEMENT_3D ( 'NONE', #485, #991, #319 ) ;
#8146 = FACE_OUTER_BOUND ( 'NONE', #3407, .T. ) ;
#8147 = CARTESIAN_POINT ( 'NONE',  ( 8.325925961132416120, 5.616592262524155998, -6.829441393621446643 ) ) ;
#8148 = CARTESIAN_POINT ( 'NONE',  ( -6.682671856891297502, 3.424330357762254362, 7.778174593052038510 ) ) ;
#8149 = CARTESIAN_POINT ( 'NONE',  ( -8.628174593052010621, 3.490476191714978693, -7.287426864240851287 ) ) ;
#8150 = CARTESIAN_POINT ( 'NONE',  ( 0.000000000000000000, 1.499999999999999556, 0.000000000000000000 ) ) ;
#8151 = DIRECTION ( 'NONE',  ( 0.000000000000000000, 0.000000000000000000, -1.000000000000000000 ) ) ;
#8152 = CIRCLE ( 'NONE', #1447, 0.8500000000000000888 ) ;
#8153 = CARTESIAN_POINT ( 'NONE',  ( 7.779880537664066509, 4.359973147151117168, -6.928174547638207947 ) ) ;
#8154 = ORIENTED_EDGE ( 'NONE', *, *, #5651, .T. ) ;
#8155 = ORIENTED_EDGE ( 'NONE', *, *, #1059, .T. ) ;
#8156 = CARTESIAN_POINT ( 'NONE',  ( -8.472247314340011215, 3.837588335454636734, -7.287436323303755792 ) ) ;
#8157 = CARTESIAN_POINT ( 'NONE',  ( 8.787935552007395401, 4.700000000284662249, -7.353311025885758134 ) ) ;
#8158 = CARTESIAN_POINT ( 'NONE',  ( -8.873677329212725340, 5.446502976809870056, -7.145685793431673538 ) ) ;
#8159 = CARTESIAN_POINT ( 'NONE',  ( 7.558354301060935754, 4.700000000000004619, 8.785143560383616546 ) ) ;
#8160 = CARTESIAN_POINT ( 'NONE',  ( -8.325925961132368158, 4.633854167286061809, -6.829441393621494605 ) ) ;
#8161 = CARTESIAN_POINT ( 'NONE',  ( 6.972019013158467615, 4.223656002422625733, 7.507893812933232880 ) ) ;
#8162 = DIRECTION ( 'NONE',  ( 0.000000000000000000, -0.000000000000000000, 1.000000000000000000 ) ) ;
#8163 = DIRECTION ( 'NONE',  ( 0.000000000000000000, 1.000000000000000000, 0.000000000000000000 ) ) ;
#8164 = CIRCLE ( 'NONE', #5339, 4.500000000000000000 ) ;
#8165 = ADVANCED_FACE ( 'NONE', ( #6054 ), #1045, .T. ) ;
#8166 = DIRECTION ( 'NONE',  ( 0.000000000000000000, 0.000000000000000000, 1.000000000000000000 ) ) ;
#8167 = CARTESIAN_POINT ( 'NONE',  ( 7.353174593052060004, 4.888988096476883705, -7.042052999835213711 ) ) ;
#8168 = FACE_OUTER_BOUND ( 'NONE', #4711, .T. ) ;
#8169 = CARTESIAN_POINT ( 'NONE',  ( -8.325925961132364606, 3.065252976809870855, 6.829441393621498158 ) ) ;
#8170 = FACE_OUTER_BOUND ( 'NONE', #2476, .T. ) ;
#8171 = CARTESIAN_POINT ( 'NONE',  ( 7.218548164252100108, 3.730362328508307623, 7.136083821162600316 ) ) ;
#8172 = CARTESIAN_POINT ( 'NONE',  ( 7.353174593051956975, 4.284226191714978427, 7.042052999835315852 ) ) ;
#8173 = CARTESIAN_POINT ( 'NONE',  ( 7.886788191818125959, 4.369472364280010623, 8.621418132938718060 ) ) ;
#8174 = CARTESIAN_POINT ( 'NONE',  ( -7.888814352430570054, 3.442838798517948717, -6.928177518805941126 ) ) ;
#8175 = CARTESIAN_POINT ( 'NONE',  ( -7.230423224971657348, 4.255877976809873786, -6.829441393621499046 ) ) ;
#8176 = CARTESIAN_POINT ( 'NONE',  ( 8.572040082992614884, 3.200000000000000622, -7.474402336449375461 ) ) ;
#8177 = ORIENTED_EDGE ( 'NONE', *, *, #1776, .F. ) ;
#8178 = CARTESIAN_POINT ( 'NONE',  ( 7.778174593052066044, 3.225892857142856673, -8.628174593051985752 ) ) ;
#8179 = CARTESIAN_POINT ( 'NONE',  ( -8.432956696068693248, 3.389753518512560237, 8.320521832945892982 ) ) ;
#8180 = CARTESIAN_POINT ( 'NONE',  ( 7.230423224971600504, 3.065252976809870855, 6.829441393621548784 ) ) ;
#8181 = UNCERTAINTY_MEASURE_WITH_UNIT (LENGTH_MEASURE( 1.000000000000000082E-05 ), #1544, 'distance_accuracy_value', 'NONE');
#8182 = FACE_OUTER_BOUND ( 'NONE', #3770, .T. ) ;
#8183 = CARTESIAN_POINT ( 'NONE',  ( 8.268300657520665453, 6.009490824672343301, 8.764388393229799235 ) ) ;
#8184 =( BOUNDED_SURFACE ( )  B_SPLINE_SURFACE ( 1, 2, ( 
 ( #3256, #3338, #7709, #2038, #5178, #6527, #3880, #5900, #3209, #4630, #4668, #6439, #5138, #679, #122, #1442, #7189, #1953, #7790, #5261, #2697, #7749, #5932, #7151, #42, #82, #4507, #5814, #2116, #2618, #633, #764, #1995, #6566, #1477, #4549, #7071, #3962, #7831, #3301, #2079, #7112, #4590 ),
 ( #5770, #5221, #5300, #1359, #1318, #3998, #803, #3374, #3922, #1403, #166, #6486, #2738, #5859, #7870, #2660, #727, #7227, #4036, #2578, #8341, #6123, #875, #356, #1635, #1676, #2930, #6753, #5492, #201, #953, #7907, #8062, #7984, #5370, #4747, #4154, #279, #3526, #5450, #2307, #3413, #4074 ) ),
 .UNSPECIFIED., .F., .F., .F. ) 
 B_SPLINE_SURFACE_WITH_KNOTS ( ( 2, 2 ),
 ( 3, 2, 2, 2, 2, 2, 2, 2, 2, 2, 2, 2, 2, 2, 2, 2, 2, 2, 2, 2, 2, 3 ),
 ( 0.000000000000000000, 1.000000000000000000 ),
 ( 0.000000000000000000, 0.04166666666666666435, 0.08333333333333332871, 0.1250000000000000000, 0.1666666666666666574, 0.2083333333333333426, 0.2500000000000000000, 0.2916666666666666852, 0.3333333333333333148, 0.3750000000000000000, 0.4166666666666666852, 0.4583333333333333148, 0.5000000000000000000, 0.5416666666666666297, 0.5833333333333333703, 0.6250000000000000000, 0.6666666666666666297, 0.7083333333333333703, 0.7500000000000000000, 0.7916666666666666297, 0.8265944055485122677, 0.8348603496039973537 ),
 .UNSPECIFIED. ) 
 GEOMETRIC_REPRESENTATION_ITEM ( )  RATIONAL_B_SPLINE_SURFACE ( (
 ( 1.000000000000000000, 0.8660254037844387076, 1.000000000000000000, 0.8660254037844387076, 1.000000000000000000, 0.8660254037844387076, 1.000000000000000000, 0.8660254037844387076, 1.000000000000000000, 0.8660254037844387076, 1.000000000000000000, 0.8660254037844387076, 1.000000000000000000, 0.8660254037844387076, 1.000000000000000000, 0.8660254037844387076, 1.000000000000000000, 0.8660254037844387076, 1.000000000000000000, 0.8660254037844387076, 1.000000000000000000, 0.8660254037844387076, 1.000000000000000000, 0.8660254037844387076, 1.000000000000000000, 0.8660254037844387076, 1.000000000000000000, 0.8660254037844387076, 1.000000000000000000, 0.8660254037844387076, 1.000000000000000000, 0.8660254037844387076, 1.000000000000000000, 0.8660254037844387076, 1.000000000000000000, 0.8660254037844387076, 1.000000000000000000, 0.8660254037844387076, 1.000000000000000000, 0.8876936868779722323, 0.9636724415723751935, 0.9636724415723751935, 0.9636724415723751935),
 ( 1.000000000000000000, 0.8660254037844387076, 1.000000000000000000, 0.8660254037844387076, 1.000000000000000000, 0.8660254037844387076, 1.000000000000000000, 0.8660254037844387076, 1.000000000000000000, 0.8660254037844387076, 1.000000000000000000, 0.8660254037844387076, 1.000000000000000000, 0.8660254037844387076, 1.000000000000000000, 0.8660254037844387076, 1.000000000000000000, 0.8660254037844387076, 1.000000000000000000, 0.8660254037844387076, 1.000000000000000000, 0.8660254037844387076, 1.000000000000000000, 0.8660254037844387076, 1.000000000000000000, 0.8660254037844387076, 1.000000000000000000, 0.8660254037844387076, 1.000000000000000000, 0.8660254037844387076, 1.000000000000000000, 0.8660254037844387076, 1.000000000000000000, 0.8660254037844387076, 1.000000000000000000, 0.8660254037844387076, 1.000000000000000000, 0.8660254037844387076, 1.000000000000000000, 0.8876936868779722323, 0.9636724415723751935, 0.9636724415723751935, 0.9636724415723751935) ) ) 
 REPRESENTATION_ITEM ( '' )  SURFACE ( )  );
#8185 = CARTESIAN_POINT ( 'NONE',  ( 7.230423224971600504, 3.121949405381299503, 6.829441393621548784 ) ) ;
#8186 = CARTESIAN_POINT ( 'NONE',  ( -7.682459067461882896, 4.700000000000002842, 8.835124653824077967 ) ) ;
#8187 = ORIENTED_EDGE ( 'NONE', *, *, #6580, .F. ) ;
#8188 = EDGE_LOOP ( 'NONE', ( #3852, #350 ) ) ;
#8189 = CARTESIAN_POINT ( 'NONE',  ( 8.787935552007395401, 4.700000000284662249, -7.353311025885757246 ) ) ;
#8190 = CARTESIAN_POINT ( 'NONE',  ( 8.873677329212773301, 5.729985119667015070, -8.410663392672345751 ) ) ;
#8191 = CARTESIAN_POINT ( 'NONE',  ( 7.778174593052060715, 3.792857144095930888, -8.628174593051983976 ) ) ;
#8192 = DIRECTION ( 'NONE',  ( 1.000000000000000000, -0.000000000000000000, 1.224646799147353207E-16 ) ) ;
#8193 = EDGE_CURVE ( 'NONE', #1805, #3520, #2971, .T. ) ;
#8194 = DIRECTION ( 'NONE',  ( 0.000000000000000000, 0.000000000000000000, -1.000000000000000000 ) ) ;
#8195 = FACE_OUTER_BOUND ( 'NONE', #1711, .T. ) ;
#8196 = CARTESIAN_POINT ( 'NONE',  ( 8.628174831685775814, 4.474934458396046644, -7.800507746021802191 ) ) ;
#8197 = VERTEX_POINT ( 'NONE', #924 ) ;
#8198 = ORIENTED_EDGE ( 'NONE', *, *, #138, .T. ) ;
#8199 = CARTESIAN_POINT ( 'NONE',  ( -8.128396614280656962, 3.710442904095563321, -8.552723197865285343 ) ) ;
#8200 = ADVANCED_FACE ( 'NONE', ( #2986 ), #2896, .T. ) ;
#8201 = CARTESIAN_POINT ( 'NONE',  ( 8.833881095888655111, 4.700000000000001066, -7.671136246244782519 ) ) ;
#8202 = CARTESIAN_POINT ( 'NONE',  ( -7.778174593052010977, 5.295312500619395735, -9.043152192292751579 ) ) ;
#8203 = LINE ( 'NONE', #495, #6665 ) ;
#8204 = CARTESIAN_POINT ( 'NONE',  ( 8.325925961132314868, 5.257514881571775156, 6.829441393621549672 ) ) ;
#8205 = CARTESIAN_POINT ( 'NONE',  ( 7.015188581722758165, 4.279189249424692143, 8.153080607127613177 ) ) ;
#8206 = CARTESIAN_POINT ( 'NONE',  ( 7.465959101177406687, 3.253798988514950530, 6.987397543765256458 ) ) ;
#8207 = CARTESIAN_POINT ( 'NONE',  ( -7.778174593052007424, 4.700000000000000178, 7.778174593052038510 ) ) ;
#8208 = DIRECTION ( 'NONE',  ( 0.000000000000000000, 1.000000000000000000, 0.000000000000000000 ) ) ;
#8209 = CARTESIAN_POINT ( 'NONE',  ( 8.203174593052059649, 5.115773810762597407, -8.514296186268758504 ) ) ;
#8210 = CARTESIAN_POINT ( 'NONE',  ( 8.325925961132416120, 4.350372024428918571, -8.726907792482524684 ) ) ;
#8211 = EDGE_LOOP ( 'NONE', ( #3178, #7015, #7864, #6339 ) ) ;
#8212 = CARTESIAN_POINT ( 'NONE',  ( -8.295453588946239520, 4.632898780872102940, -8.454846440946413466 ) ) ;
#8213 = EDGE_CURVE ( 'NONE', #1805, #2187, #6556, .T. ) ;
#8214 = VECTOR ( 'NONE', #4279, 1000.000000000000000 ) ;
#8215 = DIRECTION ( 'NONE',  ( 0.000000000000000000, 0.000000000000000000, 1.000000000000000000 ) ) ;
#8216 = CARTESIAN_POINT ( 'NONE',  ( 7.015188581722906491, 3.825617820853293605, 8.153080607127916934 ) ) ;
#8217 = CARTESIAN_POINT ( 'NONE',  ( 8.628174593051957331, 4.095238096476882639, 8.268922321863270142 ) ) ;
#8218 = CARTESIAN_POINT ( 'NONE',  ( 6.682671856891347240, 3.235342262524156354, -7.145685793431625576 ) ) ;
#8219 = CARTESIAN_POINT ( 'NONE',  ( -8.304497449821093724, 3.404677866520097407, -7.109725679993077030 ) ) ;
#8220 = EDGE_CURVE ( 'NONE', #535, #8266, #7275, .T. ) ;
#8221 = CARTESIAN_POINT ( 'NONE',  ( -7.628063673542536449, 3.212542656318137624, 6.928174593052043306 ) ) ;
#8222 = CARTESIAN_POINT ( 'NONE',  ( -7.778174593052006536, 4.671651786333679723, 9.043152192292756908 ) ) ;
#8223 = VERTEX_POINT ( 'NONE', #6805 ) ;
#8224 = CARTESIAN_POINT ( 'NONE',  ( -6.968223281324354090, 3.588247179008961840, -8.043456210813085150 ) ) ;
#8225 = CARTESIAN_POINT ( 'NONE',  ( -8.619106558790784689, 3.349453754000097927, 7.905044026326970119 ) ) ;
#8226 = CARTESIAN_POINT ( 'NONE',  ( -7.140627168466020969, 3.966942538577938659, -7.215292166535193452 ) ) ;
#8227 = CARTESIAN_POINT ( 'NONE',  ( -6.928174593052012220, 3.981845238095238493, -7.287426864240853064 ) ) ;
#8228 = CARTESIAN_POINT ( 'NONE',  ( 7.353174593051956975, 4.435416667905455412, 8.514296186268863309 ) ) ;
#8229 = CARTESIAN_POINT ( 'NONE',  ( 8.203174593052059649, 4.397619047619047983, -7.042052999835213711 ) ) ;
#8230 = AXIS2_PLACEMENT_3D ( 'NONE', #1139, #8163, #5507 ) ;
#8231 = CARTESIAN_POINT ( 'NONE',  ( -7.353174593052007602, 3.301488096476883793, 7.042052999835266114 ) ) ;
#8232 = ORIENTED_EDGE ( 'NONE', *, *, #1691, .T. ) ;
#8233 = ORIENTED_EDGE ( 'NONE', *, *, #2766, .T. ) ;
#8234 = DIRECTION ( 'NONE',  ( -0.000000000000000000, -1.000000000000000000, -0.000000000000000000 ) ) ;
#8235 = CARTESIAN_POINT ( 'NONE',  ( 8.873677329212773301, 4.690550595857490457, -7.145685793431626465 ) ) ;
#8236 = CARTESIAN_POINT ( 'NONE',  ( -8.873677329212716458, 3.688913691095588199, 8.410663392672395489 ) ) ;
#8237 = CARTESIAN_POINT ( 'NONE',  ( 6.928174593052061070, 4.700000000000000178, -7.778174593051986108 ) ) ;
#8238 = ORIENTED_EDGE ( 'NONE', *, *, #371, .F. ) ;
#8239 = CARTESIAN_POINT ( 'NONE',  ( -7.778174593052007424, 3.200000000000000178, 7.778174593052038510 ) ) ;
#8240 = DIRECTION ( 'NONE',  ( -0.000000000000000000, -1.000000000000000000, -0.000000000000000000 ) ) ;
#8241 = ORIENTED_EDGE ( 'NONE', *, *, #6179, .F. ) ;
#8242 = ORIENTED_EDGE ( 'NONE', *, *, #7731, .F. ) ;
#8243 = CARTESIAN_POINT ( 'NONE',  ( -7.778174593052012753, 3.679464285714285854, -8.628174593052031938 ) ) ;
#8244 = CARTESIAN_POINT ( 'NONE',  ( 6.928174593052061070, 4.700000000000000178, -7.778174593051986108 ) ) ;
#8245 = CARTESIAN_POINT ( 'NONE',  ( -8.325925961132368158, 5.333110119667013649, -8.726907792482572646 ) ) ;
#8246 = CARTESIAN_POINT ( 'NONE',  ( 6.928174593051957153, 4.700000000000000178, 7.778174593052089136 ) ) ;
#8247 = CARTESIAN_POINT ( 'NONE',  ( 6.682671856891243323, 4.539360119667013471, 8.410663392672448779 ) ) ;
#8248 = EDGE_CURVE ( 'NONE', #7388, #6329, #7538, .T. ) ;
#8249 = CARTESIAN_POINT ( 'NONE',  ( 6.928174354422285575, 4.248148714969983253, 7.800507367686286386 ) ) ;
#8250 = CARTESIAN_POINT ( 'NONE',  ( 7.446667889723211253, 3.255348973278332725, 6.995482956123230345 ) ) ;
#8251 = CARTESIAN_POINT ( 'NONE',  ( -8.873677329212721787, 4.010193453000346686, 7.145685793431678867 ) ) ;
#8252 = B_SPLINE_CURVE_WITH_KNOTS ( 'NONE', 1,
 ( #4248, #373 ),
 .UNSPECIFIED., .F., .F.,
 ( 2, 2 ),
 ( 0.000000000000000000, 1.000000000000000000 ),
 .UNSPECIFIED. ) ;
#8253 = EDGE_CURVE ( 'NONE', #5029, #5852, #1143, .T. ) ;
#8254 = CARTESIAN_POINT ( 'NONE',  ( 7.886788191780587987, 3.462329507134373152, 8.621418132943448498 ) ) ;
#8255 = CARTESIAN_POINT ( 'NONE',  ( -6.682671856891298390, 4.728348214905108371, -7.778174593052033181 ) ) ;
#8256 = EDGE_LOOP ( 'NONE', ( #8143, #3305, #7577, #3596, #8155 ) ) ;
#8257 = DIRECTION ( 'NONE',  ( 0.000000000000000000, 0.000000000000000000, 1.000000000000000000 ) ) ;
#8258 = CARTESIAN_POINT ( 'NONE',  ( -8.873677329212725340, 3.613318453000347485, -8.410663392672393712 ) ) ;
#8259 = CARTESIAN_POINT ( 'NONE',  ( 7.260899282394341014, 3.725755540132525745, 7.101499965078327037 ) ) ;
#8260 = CARTESIAN_POINT ( 'NONE',  ( 8.610151822922595954, 4.005240943370791840, -7.601889664000013092 ) ) ;
#8261 = CARTESIAN_POINT ( 'NONE',  ( 6.682671856891347240, 4.047991072047966377, -7.778174593051986108 ) ) ;
#8262 =( BOUNDED_CURVE ( )  B_SPLINE_CURVE ( 2, ( #4706, #841, #6673, #7384, #318, #1594, #2809, #5972, #5335, #7265, #3560, #1517, #2887, #6635, #990, #3448, #7946, #6008, #7301, #240, #2268, #2195, #4820, #1554, #3486, #6044, #6968, #1846, #5583, #1126, #5713, #3777, #398, #2432, #3101, #577, #4905 ),
 .UNSPECIFIED., .F., .F. ) 
 B_SPLINE_CURVE_WITH_KNOTS ( ( 3, 2, 2, 2, 2, 2, 2, 2, 2, 2, 2, 2, 2, 2, 2, 2, 2, 2, 3 ),
 ( 0.000000000000000000, 0.05040771599770284966, 0.1008154319954056993, 0.1512231479931085421, 0.2016308639908113987, 0.2520385799885142553, 0.3024462959862170841, 0.3528540119839199685, 0.4032617279816227973, 0.4536694439793256817, 0.5040771599770285105, 0.5544848759747312839, 0.6048925919724341682, 0.6553003079701369415, 0.7057080239678399369, 0.7561157399655427103, 0.8065234559632455946, 0.8569311719609484790, 0.9054770039350384936 ),
 .UNSPECIFIED. ) 
 CURVE ( )  GEOMETRIC_REPRESENTATION_ITEM ( )  RATIONAL_B_SPLINE_CURVE ( ( 1.000000000000000000, 0.8660254037844387076, 1.000000000000000000, 0.8660254037844387076, 1.000000000000000000, 0.8660254037844387076, 1.000000000000000000, 0.8660254037844387076, 1.000000000000000000, 0.8660254037844387076, 1.000000000000000000, 0.8660254037844387076, 1.000000000000000000, 0.8660254037844387076, 1.000000000000000000, 0.8660254037844387076, 1.000000000000000000, 0.8660254037844387076, 1.000000000000000000, 0.8660254037844387076, 1.000000000000000000, 0.8660254037844387076, 1.000000000000000000, 0.8660254037844387076, 1.000000000000000000, 0.8660254037844387076, 1.000000000000000000, 0.8660254037844387076, 1.000000000000000000, 0.8660254037844387076, 1.000000000000000000, 0.8660254037844387076, 1.000000000000000000, 0.8660254037844387076, 1.000000000000000000, 0.8709739549204409403, 0.9904684619325142547 ) ) 
 REPRESENTATION_ITEM ( '' )  );
#8263 = CARTESIAN_POINT ( 'NONE',  ( -8.128396614280262611, 3.256871475523646087, -8.552723197865464755 ) ) ;
#8264 = CARTESIAN_POINT ( 'NONE',  ( -7.778174593052011865, 3.764508929190825803, -6.513196993811321001 ) ) ;
#8265 = CARTESIAN_POINT ( 'NONE',  ( -7.778174593052006536, 4.218080357762252319, 9.043152192292756908 ) ) ;
#8266 = VERTEX_POINT ( 'NONE', #5093 ) ;
#8267 = CARTESIAN_POINT ( 'NONE',  ( -7.079008096084995927, 3.610010531327485062, -8.261574382942633576 ) ) ;
#8268 = CARTESIAN_POINT ( 'NONE',  ( 7.778164144709860395, 4.019641929152755644, 8.628174592987873481 ) ) ;
#8269 = AXIS2_PLACEMENT_3D ( 'NONE', #125, #3341, #7230 ) ;
#8270 = CARTESIAN_POINT ( 'NONE',  ( -8.873677329212725340, 4.104687500619395024, -7.778174593052033181 ) ) ;
#8271 = AXIS2_PLACEMENT_3D ( 'NONE', #977, #8135, #6911 ) ;
#8272 = CARTESIAN_POINT ( 'NONE',  ( 8.873677329212670273, 4.274776786333680967, 7.778174593052089136 ) ) ;
#8273 = CARTESIAN_POINT ( 'NONE',  ( 7.230423224971703533, 3.575520833952728239, -8.726907792482524684 ) ) ;
#8274 = CARTESIAN_POINT ( 'NONE',  ( -8.628174593052007069, 3.906250001238788627, 7.778174593052038510 ) ) ;
#8275 = ORIENTED_EDGE ( 'NONE', *, *, #3640, .T. ) ;
#8276 = ORIENTED_EDGE ( 'NONE', *, *, #1214, .T. ) ;
#8277 = CARTESIAN_POINT ( 'NONE',  ( -7.669560994303214585, 4.369472364278522925, 8.621418132940860346 ) ) ;
#8278 = CARTESIAN_POINT ( 'NONE',  ( -7.617175199471268421, 4.700000000000000178, -8.652975085031828328 ) ) ;
#8279 = CARTESIAN_POINT ( 'NONE',  ( -8.622623877912722890, 4.254401985709006517, 7.878533036414761881 ) ) ;
#8280 = CARTESIAN_POINT ( 'NONE',  ( 0.000000000000000000, 2.500000000000000000, 0.000000000000000000 ) ) ;
#8281 = VERTEX_POINT ( 'NONE', #4505 ) ;
#8282 = DIRECTION ( 'NONE',  ( 0.000000000000000000, 1.000000000000000000, 0.000000000000000000 ) ) ;
#8283 = CARTESIAN_POINT ( 'NONE',  ( 8.628174593052339247, 4.624404763143770580, 7.287426864240686974 ) ) ;
#8284 = ORIENTED_EDGE ( 'NONE', *, *, #3684, .F. ) ;
#8285 = ORIENTED_EDGE ( 'NONE', *, *, #4956, .T. ) ;
#8286 = CARTESIAN_POINT ( 'NONE',  ( -8.451808720373534811, 3.745154822542758222, -8.297328115602811138 ) ) ;
#8287 = CARTESIAN_POINT ( 'NONE',  ( -8.201911009086035875, 4.321925469335357484, -7.039252069796044786 ) ) ;
#8288 = CARTESIAN_POINT ( 'NONE',  ( -8.325925961132364606, 3.972395833952728328, 6.829441393621498158 ) ) ;
#8289 = CARTESIAN_POINT ( 'NONE',  ( -8.325925961132368158, 4.936235119667014004, -8.726907792482572646 ) ) ;
#8290 = AXIS2_PLACEMENT_3D ( 'NONE', #7084, #694, #5233 ) ;
#8291 = CARTESIAN_POINT ( 'NONE',  ( 7.778174593051955021, 4.133035714285713702, 6.928174593052087715 ) ) ;
#8292 = CARTESIAN_POINT ( 'NONE',  ( -6.928174593052006891, 3.717261906000693283, 7.287426864240856617 ) ) ;
#8293 = DIRECTION ( 'NONE',  ( 0.000000000000000000, 1.000000000000000000, 0.000000000000000000 ) ) ;
#8294 = AXIS2_PLACEMENT_3D ( 'NONE', #5646, #6273, #8215 ) ;
#8295 = CARTESIAN_POINT ( 'NONE',  ( 0.000000000000000000, 5.200000000000000178, 0.000000000000000000 ) ) ;
#8296 = CARTESIAN_POINT ( 'NONE',  ( 8.090381219421214354, 3.480583922511520711, 8.568955236177968615 ) ) ;
#8297 = CARTESIAN_POINT ( 'NONE',  ( 8.628174593052058583, 3.679464286953074037, -7.778174593051986108 ) ) ;
#8298 = ORIENTED_EDGE ( 'NONE', *, *, #2033, .F. ) ;
#8299 = DIRECTION ( 'NONE',  ( 0.000000000000000000, 1.000000000000000000, 0.000000000000000000 ) ) ;
#8300 = UNCERTAINTY_MEASURE_WITH_UNIT (LENGTH_MEASURE( 1.000000000000000082E-05 ), #5439, 'distance_accuracy_value', 'NONE');
#8301 = EDGE_CURVE ( 'NONE', #5938, #3554, #3878, .T. ) ;
#8302 = CARTESIAN_POINT ( 'NONE',  ( -7.230423224971655571, 4.407068453000347219, -8.726907792482570869 ) ) ;
#8303 = COLOUR_RGB ( '',1.000000000000000000, 1.000000000000000000, 1.000000000000000000 ) ;
#8304 = CARTESIAN_POINT ( 'NONE',  ( 7.160556377716495113, 3.737559609207932176, 7.193547947341287774 ) ) ;
#8305 = CARTESIAN_POINT ( 'NONE',  ( 8.541157634225069017, 4.052404133426821708, -8.153086660881339043 ) ) ;
#8306 = CARTESIAN_POINT ( 'NONE',  ( 7.230423224971703533, 3.065252976809870855, -8.726907792482524684 ) ) ;
#8307 = CYLINDRICAL_SURFACE ( 'NONE', #4728, 4.500000000000000000 ) ;
#8308 = CARTESIAN_POINT ( 'NONE',  ( -7.776468648439733400, 3.452830290008294334, -6.928174547638255021 ) ) ;
#8309 = CARTESIAN_POINT ( 'NONE',  ( 7.095763246539547708, 4.292931486380258121, -7.271190159286196497 ) ) ;
#8310 = CARTESIAN_POINT ( 'NONE',  ( -6.682671856891293061, 3.462127976809870500, 7.145685793431678867 ) ) ;
#8311 = ORIENTED_EDGE ( 'NONE', *, *, #4703, .T. ) ;
#8312 = CARTESIAN_POINT ( 'NONE',  ( -7.105266711018299652, 3.613957761346003217, -8.297587729921065858 ) ) ;
#8313 = ADVANCED_FACE ( 'NONE', ( #2105 ), #5323, .F. ) ;
#8314 = CARTESIAN_POINT ( 'NONE',  ( -8.500051918783992022, 3.379616741124042090, 8.227843157764100468 ) ) ;
#8315 =( BOUNDED_CURVE ( )  B_SPLINE_CURVE ( 2, ( #7750, #2533, #3302, #4508, #7029 ),
 .UNSPECIFIED., .F., .F. ) 
 B_SPLINE_CURVE_WITH_KNOTS ( ( 3, 2, 3 ),
 ( 0.000000000000000000, 0.05040767777690189494, 0.09391603028572821643 ),
 .UNSPECIFIED. ) 
 CURVE ( )  GEOMETRIC_REPRESENTATION_ITEM ( )  RATIONAL_B_SPLINE_CURVE ( ( 1.000000000000000000, 0.8660254037844387076, 1.000000000000000000, 0.8843625769635173883, 0.9683452906431515572 ) ) 
 REPRESENTATION_ITEM ( '' )  );
#8316 = CARTESIAN_POINT ( 'NONE',  ( -8.325925961132368158, 3.726711310143204336, -6.829441393621494605 ) ) ;
#8317 = CARTESIAN_POINT ( 'NONE',  ( 8.203174593051956620, 3.301488096476883793, 7.042052999835315852 ) ) ;
#8318 = CARTESIAN_POINT ( 'NONE',  ( 7.778174593051956798, 3.792857144095930888, 6.928174593052087715 ) ) ;
#8319 = ORIENTED_EDGE ( 'NONE', *, *, #3163, .F. ) ;
#8320 = DIRECTION ( 'NONE',  ( -0.000000000000000000, -1.000000000000000000, -0.000000000000000000 ) ) ;
#8321 = EDGE_LOOP ( 'NONE', ( #5632, #1721, #4541, #2979, #4404, #1244, #795, #4040, #3082 ) ) ;
#8322 = ORIENTED_EDGE ( 'NONE', *, *, #1321, .T. ) ;
#8323 = CARTESIAN_POINT ( 'NONE',  ( -7.087600249757988635, 4.428009631024259818, 8.274572035694273353 ) ) ;
#8324 = EDGE_CURVE ( 'NONE', #7687, #100, #228, .T. ) ;
#8325 = CARTESIAN_POINT ( 'NONE',  ( -6.732382472617833180, 4.700000000000001954, -7.510453709064877970 ) ) ;
#8326 = CARTESIAN_POINT ( 'NONE',  ( -8.192516622043898522, 4.169464116595743342, 7.035128181129181257 ) ) ;
#8327 = CARTESIAN_POINT ( 'NONE',  ( 7.073121243655400292, 3.835869312225173466, -7.303408404854357272 ) ) ;
#8328 = ORIENTED_EDGE ( 'NONE', *, *, #2866, .T. ) ;
#8329 = DIRECTION ( 'NONE',  ( 0.000000000000000000, 0.000000000000000000, -1.000000000000000000 ) ) ;
#8330 = CARTESIAN_POINT ( 'NONE',  ( -6.928174354418295877, 4.021363029825613111, 7.755841440071528758 ) ) ;
#8331 = CARTESIAN_POINT ( 'NONE',  ( -7.353174593051815755, 4.662202382191396488, -8.514296186269145750 ) ) ;
#8332 = EDGE_CURVE ( 'NONE', #3759, #4710, #3207, .T. ) ;
#8333 = VERTEX_POINT ( 'NONE', #4736 ) ;
#8334 = ORIENTED_EDGE ( 'NONE', *, *, #6732, .T. ) ;
#8335 = CARTESIAN_POINT ( 'NONE',  ( -8.604096236052628299, 3.809953774106053181, -7.569840399924033569 ) ) ;
#8336 = CARTESIAN_POINT ( 'NONE',  ( 7.353174593051957864, 5.077976190476190865, 7.042052999835314964 ) ) ;
#8337 = CARTESIAN_POINT ( 'NONE',  ( -8.628174115647153641, 4.242986186109734881, -7.822867384000108615 ) ) ;
#8338 = CARTESIAN_POINT ( 'NONE',  ( -6.682671856891293061, 4.274776786333680967, 7.778174593052038510 ) ) ;
#8339 = CARTESIAN_POINT ( 'NONE',  ( -7.230423224971655571, 4.652752976809870766, -6.829441393621494605 ) ) ;
#8340 = CARTESIAN_POINT ( 'NONE',  ( 7.778152113398395073, 3.906248000761005201, -6.928174593349243793 ) ) ;
#8341 = CARTESIAN_POINT ( 'NONE',  ( -7.353174593052007602, 5.115773810762597407, 7.042052999835266114 ) ) ;
#8342 = DIRECTION ( 'NONE',  ( 0.000000000000000000, 1.000000000000000000, 0.000000000000000000 ) ) ;
#8343 = CARTESIAN_POINT ( 'NONE',  ( 8.381273594931203164, 3.623233565644750520, 7.179160919905465121 ) ) ;
#8344 = CARTESIAN_POINT ( 'NONE',  ( 7.353174593052060004, 3.377083334572121842, -8.514296186268758504 ) ) ;
ENDSEC;
END-ISO-10303-21;
