ISO-10303-21;
HEADER;
FILE_DESCRIPTION((''),'2;1');
FILE_NAME('XG11-115_ASM','2025-03-04T10:59:30',('haicaihuang'),(''),
'CREO PARAMETRIC BY PTC INC, 2018050','CREO PARAMETRIC BY PTC INC, 2018050','');
FILE_SCHEMA(('CONFIG_CONTROL_DESIGN'));
ENDSEC;
DATA;
#1=CARTESIAN_POINT('',(-8.E0,0.E0,-5.E0));
#2=DIRECTION('',(0.E0,1.E0,0.E0));
#3=DIRECTION('',(1.E0,0.E0,0.E0));
#4=AXIS2_PLACEMENT_3D('',#1,#2,#3);
#6=CARTESIAN_POINT('',(-8.E0,0.E0,-5.E0));
#7=DIRECTION('',(0.E0,1.E0,0.E0));
#8=DIRECTION('',(-1.E0,0.E0,0.E0));
#9=AXIS2_PLACEMENT_3D('',#6,#7,#8);
#11=CARTESIAN_POINT('',(8.E0,0.E0,-5.E0));
#12=DIRECTION('',(0.E0,1.E0,0.E0));
#13=DIRECTION('',(1.E0,0.E0,0.E0));
#14=AXIS2_PLACEMENT_3D('',#11,#12,#13);
#16=CARTESIAN_POINT('',(8.E0,0.E0,-5.E0));
#17=DIRECTION('',(0.E0,1.E0,0.E0));
#18=DIRECTION('',(-1.E0,0.E0,0.E0));
#19=AXIS2_PLACEMENT_3D('',#16,#17,#18);
#21=CARTESIAN_POINT('',(-8.E0,0.E0,5.E0));
#22=DIRECTION('',(0.E0,1.E0,0.E0));
#23=DIRECTION('',(1.E0,0.E0,0.E0));
#24=AXIS2_PLACEMENT_3D('',#21,#22,#23);
#26=CARTESIAN_POINT('',(-8.E0,0.E0,5.E0));
#27=DIRECTION('',(0.E0,1.E0,0.E0));
#28=DIRECTION('',(-1.E0,0.E0,0.E0));
#29=AXIS2_PLACEMENT_3D('',#26,#27,#28);
#31=CARTESIAN_POINT('',(8.E0,0.E0,5.E0));
#32=DIRECTION('',(0.E0,1.E0,0.E0));
#33=DIRECTION('',(1.E0,0.E0,0.E0));
#34=AXIS2_PLACEMENT_3D('',#31,#32,#33);
#36=CARTESIAN_POINT('',(8.E0,0.E0,5.E0));
#37=DIRECTION('',(0.E0,1.E0,0.E0));
#38=DIRECTION('',(-1.E0,0.E0,0.E0));
#39=AXIS2_PLACEMENT_3D('',#36,#37,#38);
#41=CARTESIAN_POINT('',(0.E0,0.E0,0.E0));
#42=DIRECTION('',(0.E0,1.E0,0.E0));
#43=DIRECTION('',(7.146780594903E-1,0.E0,6.994535519126E-1));
#44=AXIS2_PLACEMENT_3D('',#41,#42,#43);
#46=CARTESIAN_POINT('',(6.539304244337E0,0.E0,-6.4E0));
#47=DIRECTION('',(0.E0,-1.E0,0.E0));
#48=DIRECTION('',(0.E0,0.E0,-1.E0));
#49=AXIS2_PLACEMENT_3D('',#46,#47,#48);
#51=CARTESIAN_POINT('',(-6.539304244337E0,0.E0,-6.4E0));
#52=DIRECTION('',(0.E0,-1.E0,0.E0));
#53=DIRECTION('',(-7.146780594903E-1,0.E0,-6.994535519126E-1));
#54=AXIS2_PLACEMENT_3D('',#51,#52,#53);
#56=CARTESIAN_POINT('',(0.E0,0.E0,0.E0));
#57=DIRECTION('',(0.E0,1.E0,0.E0));
#58=DIRECTION('',(-7.146780594903E-1,0.E0,-6.994535519126E-1));
#59=AXIS2_PLACEMENT_3D('',#56,#57,#58);
#61=CARTESIAN_POINT('',(-6.539304244337E0,0.E0,6.4E0));
#62=DIRECTION('',(0.E0,-1.E0,0.E0));
#63=DIRECTION('',(0.E0,0.E0,1.E0));
#64=AXIS2_PLACEMENT_3D('',#61,#62,#63);
#66=CARTESIAN_POINT('',(6.539304244337E0,0.E0,6.4E0));
#67=DIRECTION('',(0.E0,-1.E0,0.E0));
#68=DIRECTION('',(7.146780594903E-1,0.E0,6.994535519126E-1));
#69=AXIS2_PLACEMENT_3D('',#66,#67,#68);
#71=CARTESIAN_POINT('',(0.E0,0.E0,0.E0));
#72=DIRECTION('',(0.E0,1.E0,0.E0));
#73=DIRECTION('',(-1.E0,0.E0,0.E0));
#74=AXIS2_PLACEMENT_3D('',#71,#72,#73);
#76=CARTESIAN_POINT('',(0.E0,0.E0,0.E0));
#77=DIRECTION('',(0.E0,1.E0,0.E0));
#78=DIRECTION('',(1.E0,0.E0,0.E0));
#79=AXIS2_PLACEMENT_3D('',#76,#77,#78);
#81=CARTESIAN_POINT('',(-8.E0,1.8E0,-5.E0));
#82=DIRECTION('',(0.E0,-1.E0,0.E0));
#83=DIRECTION('',(-1.E0,0.E0,0.E0));
#84=AXIS2_PLACEMENT_3D('',#81,#82,#83);
#86=DIRECTION('',(9.056646798744E-10,-1.E0,-5.021982834138E-9));
#87=VECTOR('',#86,1.799999998370E0);
#88=CARTESIAN_POINT('',(-6.800000001630E0,1.799999998370E0,-4.999999990960E0));
#89=LINE('',#88,#87);
#90=DIRECTION('',(7.071067811865E-1,-7.071067811866E-1,1.775539378961E-8));
#91=VECTOR('',#90,2.828427111938E-1);
#92=CARTESIAN_POINT('',(-9.399999997464E0,1.999999997464E0,-5.000000014062E0));
#93=LINE('',#92,#91);
#94=CARTESIAN_POINT('',(0.E0,2.E0,0.E0));
#95=DIRECTION('',(0.E0,1.E0,0.E0));
#96=DIRECTION('',(1.E0,0.E0,0.E0));
#97=AXIS2_PLACEMENT_3D('',#94,#95,#96);
#99=CARTESIAN_POINT('',(0.E0,2.E0,0.E0));
#100=DIRECTION('',(0.E0,1.E0,0.E0));
#101=DIRECTION('',(-1.E0,0.E0,0.E0));
#102=AXIS2_PLACEMENT_3D('',#99,#100,#101);
#104=CARTESIAN_POINT('',(0.E0,2.E0,0.E0));
#105=DIRECTION('',(0.E0,1.E0,0.E0));
#106=DIRECTION('',(7.146780594903E-1,0.E0,6.994535519126E-1));
#107=AXIS2_PLACEMENT_3D('',#104,#105,#106);
#109=CARTESIAN_POINT('',(6.539304244337E0,2.E0,6.4E0));
#110=DIRECTION('',(0.E0,1.E0,0.E0));
#111=DIRECTION('',(0.E0,0.E0,1.E0));
#112=AXIS2_PLACEMENT_3D('',#109,#110,#111);
#114=CARTESIAN_POINT('',(-6.539304244337E0,2.E0,6.4E0));
#115=DIRECTION('',(0.E0,1.E0,0.E0));
#116=DIRECTION('',(-7.146780594903E-1,0.E0,6.994535519126E-1));
#117=AXIS2_PLACEMENT_3D('',#114,#115,#116);
#119=CARTESIAN_POINT('',(0.E0,2.E0,0.E0));
#120=DIRECTION('',(0.E0,1.E0,0.E0));
#121=DIRECTION('',(-7.146780594903E-1,0.E0,-6.994535519126E-1));
#122=AXIS2_PLACEMENT_3D('',#119,#120,#121);
#124=CARTESIAN_POINT('',(-6.539304244337E0,2.E0,-6.4E0));
#125=DIRECTION('',(0.E0,1.E0,0.E0));
#126=DIRECTION('',(0.E0,0.E0,-1.E0));
#127=AXIS2_PLACEMENT_3D('',#124,#125,#126);
#129=CARTESIAN_POINT('',(6.539304244337E0,2.E0,-6.4E0));
#130=DIRECTION('',(0.E0,1.E0,0.E0));
#131=DIRECTION('',(7.146780594903E-1,0.E0,-6.994535519126E-1));
#132=AXIS2_PLACEMENT_3D('',#129,#130,#131);
#134=CARTESIAN_POINT('',(-8.E0,2.E0,-5.E0));
#135=DIRECTION('',(0.E0,-1.E0,0.E0));
#136=DIRECTION('',(1.E0,0.E0,0.E0));
#137=AXIS2_PLACEMENT_3D('',#134,#135,#136);
#139=CARTESIAN_POINT('',(-8.E0,2.E0,-5.E0));
#140=DIRECTION('',(0.E0,-1.E0,0.E0));
#141=DIRECTION('',(-1.E0,0.E0,0.E0));
#142=AXIS2_PLACEMENT_3D('',#139,#140,#141);
#144=CARTESIAN_POINT('',(-8.E0,2.E0,5.E0));
#145=DIRECTION('',(0.E0,-1.E0,0.E0));
#146=DIRECTION('',(1.E0,0.E0,0.E0));
#147=AXIS2_PLACEMENT_3D('',#144,#145,#146);
#149=CARTESIAN_POINT('',(-8.E0,2.E0,5.E0));
#150=DIRECTION('',(0.E0,-1.E0,0.E0));
#151=DIRECTION('',(-1.E0,0.E0,0.E0));
#152=AXIS2_PLACEMENT_3D('',#149,#150,#151);
#154=CARTESIAN_POINT('',(8.E0,2.E0,5.E0));
#155=DIRECTION('',(0.E0,-1.E0,0.E0));
#156=DIRECTION('',(1.E0,0.E0,0.E0));
#157=AXIS2_PLACEMENT_3D('',#154,#155,#156);
#159=CARTESIAN_POINT('',(8.E0,2.E0,5.E0));
#160=DIRECTION('',(0.E0,-1.E0,0.E0));
#161=DIRECTION('',(-1.E0,0.E0,0.E0));
#162=AXIS2_PLACEMENT_3D('',#159,#160,#161);
#164=CARTESIAN_POINT('',(8.E0,2.E0,-5.E0));
#165=DIRECTION('',(0.E0,-1.E0,0.E0));
#166=DIRECTION('',(1.E0,0.E0,0.E0));
#167=AXIS2_PLACEMENT_3D('',#164,#165,#166);
#169=CARTESIAN_POINT('',(8.E0,2.E0,-5.E0));
#170=DIRECTION('',(0.E0,-1.E0,0.E0));
#171=DIRECTION('',(-1.E0,0.E0,0.E0));
#172=AXIS2_PLACEMENT_3D('',#169,#170,#171);
#174=CARTESIAN_POINT('',(0.E0,1.25E1,0.E0));
#175=DIRECTION('',(0.E0,1.E0,0.E0));
#176=DIRECTION('',(1.E0,0.E0,0.E0));
#177=AXIS2_PLACEMENT_3D('',#174,#175,#176);
#179=DIRECTION('',(0.E0,1.E0,-4.669029353630E-14));
#180=VECTOR('',#179,1.05E1);
#181=CARTESIAN_POINT('',(6.9E0,2.E0,0.E0));
#182=LINE('',#181,#180);
#183=CARTESIAN_POINT('',(5.9E0,1.25E1,1.959224449344E-12));
#184=DIRECTION('',(3.320720434741E-13,0.E0,-1.E0));
#185=DIRECTION('',(0.E0,1.E0,0.E0));
#186=AXIS2_PLACEMENT_3D('',#183,#184,#185);
#188=CARTESIAN_POINT('',(0.E0,1.35E1,0.E0));
#189=DIRECTION('',(0.E0,1.E0,0.E0));
#190=DIRECTION('',(0.E0,0.E0,-1.E0));
#191=AXIS2_PLACEMENT_3D('',#188,#189,#190);
#193=CARTESIAN_POINT('',(0.E0,1.35E1,0.E0));
#194=DIRECTION('',(0.E0,1.E0,0.E0));
#195=DIRECTION('',(0.E0,0.E0,1.E0));
#196=AXIS2_PLACEMENT_3D('',#193,#194,#195);
#198=CARTESIAN_POINT('',(0.E0,1.35E1,0.E0));
#199=DIRECTION('',(0.E0,1.E0,0.E0));
#200=DIRECTION('',(1.E0,0.E0,0.E0));
#201=AXIS2_PLACEMENT_3D('',#198,#199,#200);
#203=CARTESIAN_POINT('',(0.E0,1.35E1,0.E0));
#204=DIRECTION('',(0.E0,1.E0,0.E0));
#205=DIRECTION('',(-1.E0,0.E0,0.E0));
#206=AXIS2_PLACEMENT_3D('',#203,#204,#205);
#208=DIRECTION('',(0.E0,-1.E0,0.E0));
#209=VECTOR('',#208,5.E-1);
#210=CARTESIAN_POINT('',(0.E0,1.35E1,-4.05E0));
#211=LINE('',#210,#209);
#212=DIRECTION('',(0.E0,-1.E0,0.E0));
#213=VECTOR('',#212,5.E-1);
#214=CARTESIAN_POINT('',(0.E0,1.35E1,4.05E0));
#215=LINE('',#214,#213);
#216=CARTESIAN_POINT('',(0.E0,1.3E1,0.E0));
#217=DIRECTION('',(0.E0,-1.E0,0.E0));
#218=DIRECTION('',(1.E0,0.E0,0.E0));
#219=AXIS2_PLACEMENT_3D('',#216,#217,#218);
#221=CARTESIAN_POINT('',(0.E0,1.3E1,0.E0));
#222=DIRECTION('',(0.E0,-1.E0,0.E0));
#223=DIRECTION('',(-1.E0,0.E0,0.E0));
#224=AXIS2_PLACEMENT_3D('',#221,#222,#223);
#226=CARTESIAN_POINT('',(0.E0,1.3E1,0.E0));
#227=DIRECTION('',(0.E0,1.E0,0.E0));
#228=DIRECTION('',(0.E0,0.E0,-1.E0));
#229=AXIS2_PLACEMENT_3D('',#226,#227,#228);
#231=CARTESIAN_POINT('',(0.E0,1.3E1,0.E0));
#232=DIRECTION('',(0.E0,1.E0,0.E0));
#233=DIRECTION('',(0.E0,0.E0,1.E0));
#234=AXIS2_PLACEMENT_3D('',#231,#232,#233);
#236=CARTESIAN_POINT('',(0.E0,1.E0,5.25E0));
#237=CARTESIAN_POINT('',(-2.749163562143E-1,9.916658481851E-1,5.25E0));
#238=CARTESIAN_POINT('',(-8.247393415118E-1,9.749977354956E-1,
5.206722464766E0));
#239=CARTESIAN_POINT('',(-1.629130576875E0,9.499966565381E-1,5.013589611887E0));
#240=CARTESIAN_POINT('',(-2.393417507114E0,9.249951158898E-1,4.696990149209E0));
#241=CARTESIAN_POINT('',(-3.098783833448E0,8.999928131309E-1,4.264705019585E0));
#242=CARTESIAN_POINT('',(-3.727826385364E0,8.749907715630E-1,3.727394051918E0));
#243=CARTESIAN_POINT('',(-4.265044546643E0,8.499896378938E-1,3.098311993496E0));
#244=CARTESIAN_POINT('',(-4.697231215199E0,8.249887597372E-1,2.392941011265E0));
#245=CARTESIAN_POINT('',(-5.013755277342E0,7.999872631044E-1,1.628624287675E0));
#246=CARTESIAN_POINT('',(-5.206809619735E0,7.749854937902E-1,
8.241910653282E-1));
#247=CARTESIAN_POINT('',(-5.271633457059E0,7.499846011134E-1,
-5.100851516723E-4));
#248=CARTESIAN_POINT('',(-5.206656411960E0,7.249860485061E-1,
-8.251212863210E-1));
#249=CARTESIAN_POINT('',(-5.013490693018E0,6.999873310277E-1,
-1.629423059309E0));
#250=CARTESIAN_POINT('',(-4.696883406762E0,6.749883454263E-1,
-2.393614903878E0));
#251=CARTESIAN_POINT('',(-4.264639065181E0,6.499897042064E-1,
-3.098863171558E0));
#252=CARTESIAN_POINT('',(-3.727400825612E0,6.249912167297E-1,
-3.727812287541E0));
#253=CARTESIAN_POINT('',(-3.098389936020E0,5.999926416275E-1,
-4.264982521319E0));
#254=CARTESIAN_POINT('',(-2.393111207828E0,5.749946128233E-1,
-4.697138364925E0));
#255=CARTESIAN_POINT('',(-1.628914830280E0,5.499965460333E-1,
-5.013654142782E0));
#256=CARTESIAN_POINT('',(-8.246155214115E-1,5.249985073515E-1,
-5.206736280873E0));
#257=CARTESIAN_POINT('',(-2.748739444140E-1,5.083328660915E-1,-5.25E0));
#258=CARTESIAN_POINT('',(-2.915215389545E-13,5.E-1,-5.25E0));
#260=CARTESIAN_POINT('',(0.E0,5.E-1,0.E0));
#261=DIRECTION('',(0.E0,1.E0,0.E0));
#262=DIRECTION('',(-5.613893746098E-14,0.E0,-1.E0));
#263=AXIS2_PLACEMENT_3D('',#260,#261,#262);
#265=CARTESIAN_POINT('',(0.E0,5.E-1,0.E0));
#266=DIRECTION('',(0.E0,1.E0,0.E0));
#267=DIRECTION('',(-1.E0,0.E0,0.E0));
#268=AXIS2_PLACEMENT_3D('',#265,#266,#267);
#270=DIRECTION('',(0.E0,-1.E0,0.E0));
#271=VECTOR('',#270,5.E-1);
#272=CARTESIAN_POINT('',(0.E0,1.E0,5.25E0));
#273=LINE('',#272,#271);
#274=CARTESIAN_POINT('',(5.25E0,5.25E0,0.E0));
#275=CARTESIAN_POINT('',(5.25E0,5.241738613111E0,2.725160797598E-1));
#276=CARTESIAN_POINT('',(5.207644091713E0,5.225167046803E0,8.191981871743E-1));
#277=CARTESIAN_POINT('',(5.014071230237E0,5.200015009530E0,1.628662717484E0));
#278=CARTESIAN_POINT('',(4.696799790253E0,5.175013215099E0,2.392647208165E0));
#279=CARTESIAN_POINT('',(4.273407860606E0,5.150464801591E0,3.085791013844E0));
#280=CARTESIAN_POINT('',(3.739530191898E0,5.125500292745E0,3.716046899249E0));
#281=CARTESIAN_POINT('',(3.105148442326E0,5.100230790603E0,4.260893894469E0));
#282=CARTESIAN_POINT('',(2.390879329700E0,5.074917510599E0,4.698387596348E0));
#283=CARTESIAN_POINT('',(1.632558779238E0,5.050116988588E0,5.011994337215E0));
#284=CARTESIAN_POINT('',(8.324610088636E-1,5.025237449019E0,5.205559297376E0));
#285=CARTESIAN_POINT('',(2.783742138463E-1,5.008438977555E0,5.25E0));
#286=CARTESIAN_POINT('',(0.E0,5.E0,5.25E0));
#288=DIRECTION('',(0.E0,1.E0,0.E0));
#289=VECTOR('',#288,7.75E0);
#290=CARTESIAN_POINT('',(5.25E0,5.25E0,0.E0));
#291=LINE('',#290,#289);
#292=CARTESIAN_POINT('',(0.E0,6.E0,5.25E0));
#293=CARTESIAN_POINT('',(-2.740481649348E-1,5.991692167601E0,5.25E0));
#294=CARTESIAN_POINT('',(-8.221961436660E-1,5.975075388832E0,5.207046523587E0));
#295=CARTESIAN_POINT('',(-1.624997913955E0,5.950125396404E0,5.014722834611E0));
#296=CARTESIAN_POINT('',(-2.386997327141E0,5.925215026792E0,4.700405327903E0));
#297=CARTESIAN_POINT('',(-3.097588271205E0,5.900039185139E0,4.265690592697E0));
#298=CARTESIAN_POINT('',(-3.723139924825E0,5.875180640681E0,3.731574059139E0));
#299=CARTESIAN_POINT('',(-4.258170550235E0,5.850332799293E0,3.107392601569E0));
#300=CARTESIAN_POINT('',(-4.692024447773E0,5.825352106741E0,2.403798431607E0));
#301=CARTESIAN_POINT('',(-5.013925959502E0,5.800025852736E0,1.630026798945E0));
#302=CARTESIAN_POINT('',(-5.207715133699E0,5.774822658058E0,8.188562778545E-1));
#303=CARTESIAN_POINT('',(-5.25E0,5.758244748267E0,2.719672261522E-1));
#304=CARTESIAN_POINT('',(-5.25E0,5.75E0,0.E0));
#306=DIRECTION('',(0.E0,-1.E0,0.E0));
#307=VECTOR('',#306,1.E0);
#308=CARTESIAN_POINT('',(0.E0,6.E0,5.25E0));
#309=LINE('',#308,#307);
#310=CARTESIAN_POINT('',(0.E0,2.5E0,-5.25E0));
#311=CARTESIAN_POINT('',(2.800871477277E-1,2.491509094465E0,-5.25E0));
#312=CARTESIAN_POINT('',(8.370623479600E-1,2.474623476173E0,-5.205133388267E0));
#313=CARTESIAN_POINT('',(1.642639310407E0,2.449564868682E0,-5.008882942564E0));
#314=CARTESIAN_POINT('',(2.398063731030E0,2.424832356294E0,-4.694240463774E0));
#315=CARTESIAN_POINT('',(3.103812919096E0,2.399812145332E0,-4.261463043962E0));
#316=CARTESIAN_POINT('',(3.737636627916E0,2.374580019219E0,-3.717954783207E0));
#317=CARTESIAN_POINT('',(4.273016407848E0,2.349570825702E0,-3.086940327981E0));
#318=CARTESIAN_POINT('',(4.700089785248E0,2.324772729548E0,-2.386376419314E0));
#319=CARTESIAN_POINT('',(5.014002910428E0,2.299955855219E0,-1.627609088826E0));
#320=CARTESIAN_POINT('',(5.207239183927E0,2.274907020872E0,-8.216346032330E-1));
#321=CARTESIAN_POINT('',(5.25E0,2.258300618059E0,-2.738101875163E-1));
#322=CARTESIAN_POINT('',(5.25E0,2.25E0,0.E0));
#324=CARTESIAN_POINT('',(0.E0,5.E-1,6.116025403784E0));
#325=CARTESIAN_POINT('',(3.234690316111E-1,5.084175084175E-1,6.116025403784E0));
#326=CARTESIAN_POINT('',(9.704031376049E-1,5.252525252525E-1,6.064594007985E0));
#327=CARTESIAN_POINT('',(1.916428780605E0,5.505050505051E-1,5.835090833353E0));
#328=CARTESIAN_POINT('',(2.814308624311E0,5.757575757576E-1,5.458997207638E0));
#329=CARTESIAN_POINT('',(3.641487007589E0,6.010101010101E-1,4.945761438642E0));
#330=CARTESIAN_POINT('',(4.377183082555E0,6.262626262626E-1,4.308277149625E0));
#331=CARTESIAN_POINT('',(5.002914605883E0,6.515151515152E-1,3.562559362829E0));
#332=CARTESIAN_POINT('',(5.502961790222E0,6.767676767677E-1,2.727342166527E0));
#333=CARTESIAN_POINT('',(5.864762344420E0,7.020202020202E-1,1.823608073081E0));
#334=CARTESIAN_POINT('',(6.079227032914E0,7.272727272727E-1,8.740608916025E-1));
#335=CARTESIAN_POINT('',(6.140968026449E0,7.525252525253E-1,
-9.744464220207E-2));
#336=CARTESIAN_POINT('',(6.048434253931E0,7.777777777778E-1,-1.066502150010E0));
#337=CARTESIAN_POINT('',(5.803950369425E0,8.030303030303E-1,-2.008766753351E0));
#338=CARTESIAN_POINT('',(5.413658351504E0,8.282828282828E-1,-2.900566671068E0));
#339=CARTESIAN_POINT('',(4.887363203140E0,8.535353535354E-1,-3.719497907071E0));
#340=CARTESIAN_POINT('',(4.238286628229E0,8.787878787879E-1,-4.444987088518E0));
#341=CARTESIAN_POINT('',(3.482734873001E0,9.040404040404E-1,-5.058808314662E0));
#342=CARTESIAN_POINT('',(2.639689076873E0,9.292929292929E-1,-5.545541031996E0));
#343=CARTESIAN_POINT('',(1.730328424036E0,9.545454545455E-1,-5.892957432825E0));
#344=CARTESIAN_POINT('',(7.774980752769E-1,9.797979797980E-1,
-6.092329644976E0));
#345=CARTESIAN_POINT('',(-1.948647532366E-1,1.005050505051E0,
-6.138648995346E0));
#346=CARTESIAN_POINT('',(-1.162332146033E0,1.030303030303E0,-6.030751838901E0));
#347=CARTESIAN_POINT('',(-2.100599171867E0,1.055555555556E0,-5.771348792030E0));
#348=CARTESIAN_POINT('',(-2.986094477613E0,1.080808080808E0,-5.366956635831E0));
#349=CARTESIAN_POINT('',(-3.796572453046E0,1.106060606061E0,-4.827734600088E0));
#350=CARTESIAN_POINT('',(-4.511672090018E0,1.131313131313E0,-4.167229140840E0));
#351=CARTESIAN_POINT('',(-5.113428496234E0,1.156565656566E0,-3.402033623294E0));
#352=CARTESIAN_POINT('',(-5.586724213276E0,1.181818181818E0,-2.551371459610E0));
#353=CARTESIAN_POINT('',(-5.919669000764E0,1.207070707071E0,-1.636613174063E0));
#354=CARTESIAN_POINT('',(-6.103898545616E0,1.232323232323E0,
-6.807395279687E-1));
#355=CARTESIAN_POINT('',(-6.134784592190E0,1.257575757576E0,2.922358081115E-1));
#356=CARTESIAN_POINT('',(-6.011551214346E0,1.282828282828E0,1.257869531155E0));
#357=CARTESIAN_POINT('',(-5.737294308440E0,1.308080808081E0,2.191902775776E0));
#358=CARTESIAN_POINT('',(-5.318903817525E0,1.333333333333E0,3.070870550842E0));
#359=CARTESIAN_POINT('',(-4.766890640667E0,1.358585858586E0,3.872691232210E0));
#360=CARTESIAN_POINT('',(-4.095122575800E0,1.383838383838E0,4.577221302198E0));
#361=CARTESIAN_POINT('',(-3.320475929815E0,1.409090909091E0,5.166761399526E0));
#362=CARTESIAN_POINT('',(-2.462411548227E0,1.434343434343E0,5.626500966611E0));
#363=CARTESIAN_POINT('',(-1.542485915475E0,1.459595959596E0,5.944890323688E0));
#364=CARTESIAN_POINT('',(-5.838096081248E-1,1.484848484848E0,6.113930822440E0));
#365=CARTESIAN_POINT('',(3.895332941846E-1,1.510101010101E0,6.129375789820E0));
#366=CARTESIAN_POINT('',(1.353090254349E0,1.535353535354E0,5.990837213921E0));
#367=CARTESIAN_POINT('',(2.282654579882E0,1.560606060606E0,5.701795491690E0));
#368=CARTESIAN_POINT('',(3.154873548832E0,1.585858585859E0,5.269511993628E0));
#369=CARTESIAN_POINT('',(3.947835082065E0,1.611111111111E0,4.704846642021E0));
#370=CARTESIAN_POINT('',(4.641618223392E0,1.636363636364E0,4.021985085551E0));
#371=CARTESIAN_POINT('',(5.218793598267E0,1.661616161616E0,3.238082324278E0));
#372=CARTESIAN_POINT('',(5.664861278417E0,1.686868686869E0,2.372831737905E0));
#373=CARTESIAN_POINT('',(5.968615052265E0,1.712121212121E0,1.447970344308E0));
#374=CARTESIAN_POINT('',(6.122423949874E0,1.737373737374E0,4.867327173340E-1));
#375=CARTESIAN_POINT('',(6.122423949874E0,1.762626262626E0,-4.867327173340E-1));
#376=CARTESIAN_POINT('',(5.968615052265E0,1.787878787879E0,-1.447970344308E0));
#377=CARTESIAN_POINT('',(5.664861278417E0,1.813131313131E0,-2.372831737905E0));
#378=CARTESIAN_POINT('',(5.218793598267E0,1.838383838384E0,-3.238082324278E0));
#379=CARTESIAN_POINT('',(4.641618223392E0,1.863636363636E0,-4.021985085551E0));
#380=CARTESIAN_POINT('',(3.947835082065E0,1.888888888889E0,-4.704846642021E0));
#381=CARTESIAN_POINT('',(3.154873548832E0,1.914141414141E0,-5.269511993628E0));
#382=CARTESIAN_POINT('',(2.282654579882E0,1.939393939394E0,-5.701795491690E0));
#383=CARTESIAN_POINT('',(1.353090254349E0,1.964646464646E0,-5.990837213921E0));
#384=CARTESIAN_POINT('',(3.895332941846E-1,1.989898989899E0,-6.129375789820E0));
#385=CARTESIAN_POINT('',(-5.838096081248E-1,2.015151515152E0,
-6.113930822440E0));
#386=CARTESIAN_POINT('',(-1.542485915475E0,2.040404040404E0,-5.944890323688E0));
#387=CARTESIAN_POINT('',(-2.462411548227E0,2.065656565657E0,-5.626500966611E0));
#388=CARTESIAN_POINT('',(-3.320475929815E0,2.090909090909E0,-5.166761399526E0));
#389=CARTESIAN_POINT('',(-4.095122575800E0,2.116161616162E0,-4.577221302198E0));
#390=CARTESIAN_POINT('',(-4.766890640667E0,2.141414141414E0,-3.872691232210E0));
#391=CARTESIAN_POINT('',(-5.318903817525E0,2.166666666667E0,-3.070870550842E0));
#392=CARTESIAN_POINT('',(-5.737294308440E0,2.191919191919E0,-2.191902775776E0));
#393=CARTESIAN_POINT('',(-6.011551214346E0,2.217171717172E0,-1.257869531155E0));
#394=CARTESIAN_POINT('',(-6.134784592190E0,2.242424242424E0,
-2.922358081115E-1));
#395=CARTESIAN_POINT('',(-6.103898545616E0,2.267676767677E0,6.807395279687E-1));
#396=CARTESIAN_POINT('',(-5.919669000764E0,2.292929292929E0,1.636613174063E0));
#397=CARTESIAN_POINT('',(-5.586724213276E0,2.318181818182E0,2.551371459610E0));
#398=CARTESIAN_POINT('',(-5.113428496234E0,2.343434343434E0,3.402033623294E0));
#399=CARTESIAN_POINT('',(-4.511672090018E0,2.368686868687E0,4.167229140840E0));
#400=CARTESIAN_POINT('',(-3.796572453046E0,2.393939393939E0,4.827734600088E0));
#401=CARTESIAN_POINT('',(-2.986094477613E0,2.419191919192E0,5.366956635831E0));
#402=CARTESIAN_POINT('',(-2.100599171867E0,2.444444444444E0,5.771348792030E0));
#403=CARTESIAN_POINT('',(-1.162332146033E0,2.469696969697E0,6.030751838901E0));
#404=CARTESIAN_POINT('',(-1.948647532366E-1,2.494949494949E0,6.138648995346E0));
#405=CARTESIAN_POINT('',(7.774980752769E-1,2.520202020202E0,6.092329644976E0));
#406=CARTESIAN_POINT('',(1.730328424036E0,2.545454545455E0,5.892957432825E0));
#407=CARTESIAN_POINT('',(2.639689076873E0,2.570707070707E0,5.545541031996E0));
#408=CARTESIAN_POINT('',(3.482734873001E0,2.595959595960E0,5.058808314662E0));
#409=CARTESIAN_POINT('',(4.238286628229E0,2.621212121212E0,4.444987088518E0));
#410=CARTESIAN_POINT('',(4.887363203140E0,2.646464646465E0,3.719497907071E0));
#411=CARTESIAN_POINT('',(5.413658351504E0,2.671717171717E0,2.900566671068E0));
#412=CARTESIAN_POINT('',(5.803950369425E0,2.696969696970E0,2.008766753351E0));
#413=CARTESIAN_POINT('',(6.048434253931E0,2.722222222222E0,1.066502150010E0));
#414=CARTESIAN_POINT('',(6.140968026449E0,2.747474747475E0,9.744464220208E-2));
#415=CARTESIAN_POINT('',(6.079227032914E0,2.772727272727E0,-8.740608916025E-1));
#416=CARTESIAN_POINT('',(5.864762344420E0,2.797979797980E0,-1.823608073081E0));
#417=CARTESIAN_POINT('',(5.502961790222E0,2.823232323232E0,-2.727342166526E0));
#418=CARTESIAN_POINT('',(5.002914605883E0,2.848484848485E0,-3.562559362829E0));
#419=CARTESIAN_POINT('',(4.377183082555E0,2.873737373737E0,-4.308277149625E0));
#420=CARTESIAN_POINT('',(3.641487007589E0,2.898989898990E0,-4.945761438642E0));
#421=CARTESIAN_POINT('',(2.814308624311E0,2.924242424242E0,-5.458997207638E0));
#422=CARTESIAN_POINT('',(1.916428780605E0,2.949494949495E0,-5.835090833353E0));
#423=CARTESIAN_POINT('',(9.704031376049E-1,2.974747474747E0,-6.064594007985E0));
#424=CARTESIAN_POINT('',(3.234690316111E-1,2.991582491582E0,-6.116025403784E0));
#425=CARTESIAN_POINT('',(0.E0,3.E0,-6.116025403784E0));
#427=CARTESIAN_POINT('',(5.25E0,1.25E0,0.E0));
#428=CARTESIAN_POINT('',(5.25E0,1.241666723389E0,2.748874860921E-1));
#429=CARTESIAN_POINT('',(5.206732738544E0,1.225000165879E0,8.246594807127E-1));
#430=CARTESIAN_POINT('',(5.013621231195E0,1.199999932635E0,1.629026744325E0));
#431=CARTESIAN_POINT('',(4.697066179520E0,1.175000454742E0,2.393257848080E0));
#432=CARTESIAN_POINT('',(4.264860863368E0,1.150001006262E0,3.098561547655E0));
#433=CARTESIAN_POINT('',(3.727629668581E0,1.125000882971E0,3.727588293181E0));
#434=CARTESIAN_POINT('',(3.098594121602E0,1.100000180034E0,4.264838834535E0));
#435=CARTESIAN_POINT('',(2.393280237642E0,1.075000305904E0,4.697054677400E0));
#436=CARTESIAN_POINT('',(1.629061234305E0,1.050001167333E0,5.013609465544E0));
#437=CARTESIAN_POINT('',(8.246930927187E-1,1.025000856191E0,5.206728280745E0));
#438=CARTESIAN_POINT('',(2.749012594378E-1,1.008333694153E0,5.25E0));
#439=CARTESIAN_POINT('',(0.E0,1.E0,5.25E0));
#441=CARTESIAN_POINT('',(5.25E0,3.25E0,0.E0));
#442=CARTESIAN_POINT('',(5.25E0,3.258261071353E0,-2.725056712819E-1));
#443=CARTESIAN_POINT('',(5.207641807447E0,3.274834139226E0,-8.192365975534E-1));
#444=CARTESIAN_POINT('',(5.014025374127E0,3.299991797085E0,-1.628885522012E0));
#445=CARTESIAN_POINT('',(4.696442593152E0,3.325011669332E0,-2.393389744828E0));
#446=CARTESIAN_POINT('',(4.272913537714E0,3.349560458214E0,-3.086467053820E0));
#447=CARTESIAN_POINT('',(3.738958232476E0,3.374524183153E0,-3.716620892648E0));
#448=CARTESIAN_POINT('',(3.104514004862E0,3.399792927152E0,-4.261357302428E0));
#449=CARTESIAN_POINT('',(2.390113091790E0,3.425108521154E0,-4.698783884295E0));
#450=CARTESIAN_POINT('',(1.631744458955E0,3.449908734346E0,-5.012245276230E0));
#451=CARTESIAN_POINT('',(8.320681891028E-1,3.474774426186E0,-5.205597034389E0));
#452=CARTESIAN_POINT('',(2.782330901551E-1,3.491565300642E0,-5.25E0));
#453=CARTESIAN_POINT('',(0.E0,3.5E0,-5.25E0));
#455=CARTESIAN_POINT('',(-5.25E0,2.75E0,0.E0));
#456=CARTESIAN_POINT('',(-5.25E0,2.758739116573E0,2.882748164482E-1));
#457=CARTESIAN_POINT('',(-5.202576469584E0,2.776306254682E0,8.678164588451E-1));
#458=CARTESIAN_POINT('',(-4.984398863381E0,2.803075593932E0,1.726718960104E0));
#459=CARTESIAN_POINT('',(-4.624821612365E0,2.829807813684E0,2.535262105746E0));
#460=CARTESIAN_POINT('',(-4.147995732907E0,2.855926930392E0,3.256392183184E0));
#461=CARTESIAN_POINT('',(-3.557127199401E0,2.882197569994E0,3.894304883828E0));
#462=CARTESIAN_POINT('',(-2.857283334903E0,2.908892669276E0,4.433881762464E0));
#463=CARTESIAN_POINT('',(-2.079588131102E0,2.935491509676E0,4.846701245130E0));
#464=CARTESIAN_POINT('',(-1.260615431639E0,2.961581246992E0,5.120454454770E0));
#465=CARTESIAN_POINT('',(-4.088202318621E-1,2.987650722815E0,5.258013849716E0));
#466=CARTESIAN_POINT('',(4.666862366110E-1,3.014100615373E0,5.253682818845E0));
#467=CARTESIAN_POINT('',(1.328154745092E0,3.040517957836E0,5.103802824678E0));
#468=CARTESIAN_POINT('',(2.142657314906E0,3.066590086231E0,4.818685478787E0));
#469=CARTESIAN_POINT('',(2.903238791608E0,3.092783860749E0,4.402668096369E0));
#470=CARTESIAN_POINT('',(3.584832502098E0,3.118952091834E0,3.868150910835E0));
#471=CARTESIAN_POINT('',(4.171788269200E0,3.145235204353E0,3.226141881813E0));
#472=CARTESIAN_POINT('',(4.642816347997E0,3.171340648154E0,2.501685442281E0));
#473=CARTESIAN_POINT('',(4.992378814606E0,3.197760848705E0,1.700159755569E0));
#474=CARTESIAN_POINT('',(5.202487866522E0,3.223847166734E0,8.626418312987E-1));
#475=CARTESIAN_POINT('',(5.25E0,3.241289083980E0,2.873445726420E-1));
#476=CARTESIAN_POINT('',(5.25E0,3.25E0,0.E0));
#478=CARTESIAN_POINT('',(-5.25E0,1.75E0,0.E0));
#479=CARTESIAN_POINT('',(-5.25E0,1.758711876404E0,2.873762525470E-1));
#480=CARTESIAN_POINT('',(-5.202477216711E0,1.776153785665E0,8.626726311474E-1));
#481=CARTESIAN_POINT('',(-4.992420701243E0,1.802233522161E0,1.699976606947E0));
#482=CARTESIAN_POINT('',(-4.643063868188E0,1.828642921534E0,2.501200966071E0));
#483=CARTESIAN_POINT('',(-4.172165514580E0,1.854746022602E0,3.225645280999E0));
#484=CARTESIAN_POINT('',(-3.585315840564E0,1.881028451844E0,3.867726143022E0));
#485=CARTESIAN_POINT('',(-2.903450165996E0,1.907208482956E0,4.402525714233E0));
#486=CARTESIAN_POINT('',(-2.143313295931E0,1.933387919707E0,4.818370889299E0));
#487=CARTESIAN_POINT('',(-1.328908883697E0,1.959458577743E0,5.103606697645E0));
#488=CARTESIAN_POINT('',(-4.674731767997E-1,1.985875554357E0,5.253622807918E0));
#489=CARTESIAN_POINT('',(4.083902974999E-1,2.012336224669E0,5.258065074048E0));
#490=CARTESIAN_POINT('',(1.260280088827E0,2.038408379808E0,5.120529263965E0));
#491=CARTESIAN_POINT('',(2.079094482850E0,2.064492323087E0,4.846908361202E0));
#492=CARTESIAN_POINT('',(2.856898569819E0,2.091093461443E0,4.434136275969E0));
#493=CARTESIAN_POINT('',(3.556977240897E0,2.117795354162E0,3.894486457380E0));
#494=CARTESIAN_POINT('',(4.148281064838E0,2.144086543779E0,3.256049503627E0));
#495=CARTESIAN_POINT('',(4.624885994902E0,2.170197187448E0,2.535106793955E0));
#496=CARTESIAN_POINT('',(4.984422230683E0,2.196926679949E0,1.726648345693E0));
#497=CARTESIAN_POINT('',(5.202576103435E0,2.223694235633E0,8.677995537548E-1));
#498=CARTESIAN_POINT('',(5.25E0,2.241260929193E0,2.882733067927E-1));
#499=CARTESIAN_POINT('',(5.25E0,2.25E0,0.E0));
#501=CARTESIAN_POINT('',(5.25E0,1.25E0,0.E0));
#502=CARTESIAN_POINT('',(5.25E0,1.258716642420E0,-2.875334677976E-1));
#503=CARTESIAN_POINT('',(5.202843079843E0,1.276152999603E0,-8.627414136028E-1));
#504=CARTESIAN_POINT('',(4.989943094584E0,1.302450919414E0,-1.706717740152E0));
#505=CARTESIAN_POINT('',(4.644983543564E0,1.328489722245E0,-2.496507679634E0));
#506=CARTESIAN_POINT('',(4.176337522866E0,1.354541581591E0,-3.220251398232E0));
#507=CARTESIAN_POINT('',(3.589807274977E0,1.380853932405E0,-3.864091946056E0));
#508=CARTESIAN_POINT('',(2.899411798936E0,1.407362490458E0,-4.405661901978E0));
#509=CARTESIAN_POINT('',(2.139060186543E0,1.433524242107E0,-4.819949516147E0));
#510=CARTESIAN_POINT('',(1.328472380535E0,1.459472127616E0,-5.103707264976E0));
#511=CARTESIAN_POINT('',(4.632689190964E-1,1.486004620204E0,-5.254292951913E0));
#512=CARTESIAN_POINT('',(-4.206388986290E-1,1.512704267848E0,
-5.257893698461E0));
#513=CARTESIAN_POINT('',(-1.286485244284E0,1.539221697455E0,-5.114309118179E0));
#514=CARTESIAN_POINT('',(-2.100024159923E0,1.565181747591E0,-4.837663196370E0));
#515=CARTESIAN_POINT('',(-2.877305425814E0,1.591826793142E0,-4.420998971253E0));
#516=CARTESIAN_POINT('',(-3.575323645020E0,1.618539450184E0,-3.877972939122E0));
#517=CARTESIAN_POINT('',(-4.167185405944E0,1.645012216732E0,-3.231898180251E0));
#518=CARTESIAN_POINT('',(-4.635251107145E0,1.670889232777E0,-2.514621105684E0));
#519=CARTESIAN_POINT('',(-4.987231176234E0,1.697237199692E0,-1.716737541692E0));
#520=CARTESIAN_POINT('',(-5.202811380427E0,1.723788936577E0,
-8.646667685688E-1));
#521=CARTESIAN_POINT('',(-5.25E0,1.741278898091E0,-2.876805717394E-1));
#522=CARTESIAN_POINT('',(-5.25E0,1.75E0,0.E0));
#524=DIRECTION('',(0.E0,-5.E-1,-8.660254037844E-1));
#525=VECTOR('',#524,6.339745962156E-1);
#526=CARTESIAN_POINT('',(0.E0,5.E-1,6.116025403784E0));
#527=LINE('',#526,#525);
#528=DIRECTION('',(0.E0,-5.E-1,8.660254037844E-1));
#529=VECTOR('',#528,1.E0);
#530=CARTESIAN_POINT('',(0.E0,1.E0,5.25E0));
#531=LINE('',#530,#529);
#532=DIRECTION('',(0.E0,-7.071067811865E-1,7.071067811865E-1));
#533=VECTOR('',#532,4.482877360840E-1);
#534=CARTESIAN_POINT('',(0.E0,5.E-1,5.25E0));
#535=LINE('',#534,#533);
#536=DIRECTION('',(7.071067811865E-1,7.071067811865E-1,3.940482708370E-10));
#537=VECTOR('',#536,7.071067811575E-1);
#538=CARTESIAN_POINT('',(-5.749999999764E0,2.360807845510E-10,
-3.204291346694E-9));
#539=LINE('',#538,#537);
#540=CARTESIAN_POINT('',(0.E0,1.830127018922E-1,5.566987298108E0));
#541=CARTESIAN_POINT('',(2.895045913942E-1,1.882598969979E-1,5.561740103002E0));
#542=CARTESIAN_POINT('',(8.671273581088E-1,1.987586520997E-1,5.506022660389E0));
#543=CARTESIAN_POINT('',(1.708658094970E0,2.145279654974E-1,5.288809608623E0));
#544=CARTESIAN_POINT('',(2.503958231094E0,2.302942014186E-1,4.944683731534E0));
#545=CARTESIAN_POINT('',(3.241505259204E0,2.462393597504E-1,4.476060186699E0));
#546=CARTESIAN_POINT('',(3.886806836621E0,2.619978723304E-1,3.905829892555E0));
#547=CARTESIAN_POINT('',(4.434144121771E0,2.777487992555E-1,3.244838387651E0));
#548=CARTESIAN_POINT('',(4.873643191933E0,2.936023583646E-1,2.503989866625E0));
#549=CARTESIAN_POINT('',(5.194332754170E0,3.096885007990E-1,1.693621517801E0));
#550=CARTESIAN_POINT('',(5.380412880281E0,3.257147246827E-1,8.481492922230E-1));
#551=CARTESIAN_POINT('',(5.413739887164E0,3.362601126007E-1,2.812110319445E-1));
#552=CARTESIAN_POINT('',(5.408493649138E0,3.415063508618E-1,4.520975766376E-9));
#554=CARTESIAN_POINT('',(5.408493649138E0,3.415063508618E-1,4.520975766376E-9));
#555=CARTESIAN_POINT('',(5.403271069670E0,3.467289305643E-1,
-2.799428670895E-1));
#556=CARTESIAN_POINT('',(5.349367706232E0,3.572323382344E-1,
-8.413892001185E-1));
#557=CARTESIAN_POINT('',(5.134289030683E0,3.732483532979E-1,-1.671564822465E0));
#558=CARTESIAN_POINT('',(4.790723786678E0,3.892667956300E-1,-2.454676882902E0));
#559=CARTESIAN_POINT('',(4.337279970843E0,4.050235040179E-1,-3.160081826819E0));
#560=CARTESIAN_POINT('',(3.786147709061E0,4.206767542894E-1,-3.781580816886E0));
#561=CARTESIAN_POINT('',(3.132308403898E0,4.366807872576E-1,-4.319726170972E0));
#562=CARTESIAN_POINT('',(2.402496959486E0,4.527000749646E-1,-4.745890803052E0));
#563=CARTESIAN_POINT('',(1.627579234275E0,4.685072517213E-1,-5.046844233398E0));
#564=CARTESIAN_POINT('',(8.260170986315E-1,4.841558067682E-1,
-5.222248962444E0));
#565=CARTESIAN_POINT('',(2.752031736105E-1,4.947108471007E-1,
-5.255289152899E0));
#566=CARTESIAN_POINT('',(-2.915215389545E-13,5.E-1,-5.25E0));
#568=DIRECTION('',(-7.071067811865E-1,7.071067811865E-1,2.726264063183E-9));
#569=VECTOR('',#568,4.829629126914E-1);
#570=CARTESIAN_POINT('',(5.749999999764E0,2.360807845510E-10,
3.204291333655E-9));
#571=LINE('',#570,#569);
#572=CARTESIAN_POINT('',(-5.25E0,3.75E0,0.E0));
#573=CARTESIAN_POINT('',(-5.25E0,3.758716642420E0,2.875334677976E-1));
#574=CARTESIAN_POINT('',(-5.202843079843E0,3.776152999603E0,8.627414136028E-1));
#575=CARTESIAN_POINT('',(-4.989943094584E0,3.802450919414E0,1.706717740152E0));
#576=CARTESIAN_POINT('',(-4.644983543564E0,3.828489722245E0,2.496507679634E0));
#577=CARTESIAN_POINT('',(-4.176337522866E0,3.854541581591E0,3.220251398232E0));
#578=CARTESIAN_POINT('',(-3.589807274977E0,3.880853932405E0,3.864091946056E0));
#579=CARTESIAN_POINT('',(-2.899411798936E0,3.907362490458E0,4.405661901978E0));
#580=CARTESIAN_POINT('',(-2.139060186543E0,3.933524242107E0,4.819949516147E0));
#581=CARTESIAN_POINT('',(-1.328472380535E0,3.959472127616E0,5.103707264976E0));
#582=CARTESIAN_POINT('',(-4.632689190964E-1,3.986004620204E0,5.254292951913E0));
#583=CARTESIAN_POINT('',(4.206388986290E-1,4.012704267848E0,5.257893698461E0));
#584=CARTESIAN_POINT('',(1.286485244284E0,4.039221697455E0,5.114309118179E0));
#585=CARTESIAN_POINT('',(2.100024159923E0,4.065181747591E0,4.837663196370E0));
#586=CARTESIAN_POINT('',(2.877305425814E0,4.091826793142E0,4.420998971253E0));
#587=CARTESIAN_POINT('',(3.575323645020E0,4.118539450184E0,3.877972939122E0));
#588=CARTESIAN_POINT('',(4.167185405944E0,4.145012216732E0,3.231898180251E0));
#589=CARTESIAN_POINT('',(4.635251107145E0,4.170889232777E0,2.514621105684E0));
#590=CARTESIAN_POINT('',(4.987231176234E0,4.197237199692E0,1.716737541692E0));
#591=CARTESIAN_POINT('',(5.202811380427E0,4.223788936577E0,8.646667685687E-1));
#592=CARTESIAN_POINT('',(5.25E0,4.241278898091E0,2.876805717393E-1));
#593=CARTESIAN_POINT('',(5.25E0,4.25E0,-1.616116839377E-14));
#595=CARTESIAN_POINT('',(0.E0,3.5E0,-5.25E0));
#596=CARTESIAN_POINT('',(-2.800270357966E-1,3.508489083228E0,-5.25E0));
#597=CARTESIAN_POINT('',(-8.369361334381E-1,3.525372667724E0,
-5.205155614135E0));
#598=CARTESIAN_POINT('',(-1.642672981154E0,3.550436063297E0,-5.008885127007E0));
#599=CARTESIAN_POINT('',(-2.398193558810E0,3.575172183576E0,-4.694164198511E0));
#600=CARTESIAN_POINT('',(-3.103625654469E0,3.600181214865E0,-4.261578950868E0));
#601=CARTESIAN_POINT('',(-3.737412266916E0,3.625410357435E0,-3.718182113897E0));
#602=CARTESIAN_POINT('',(-4.272881261961E0,3.650421884827E0,-3.087140768089E0));
#603=CARTESIAN_POINT('',(-4.700094518433E0,3.675226710469E0,-2.386399089448E0));
#604=CARTESIAN_POINT('',(-5.014044787799E0,3.700048696286E0,-1.627464383019E0));
#605=CARTESIAN_POINT('',(-5.207215129319E0,3.725089894317E0,
-8.217338598069E-1));
#606=CARTESIAN_POINT('',(-5.25E0,3.741698063855E0,-2.738536668368E-1));
#607=CARTESIAN_POINT('',(-5.25E0,3.75E0,0.E0));
#609=DIRECTION('',(0.E0,-5.E-1,-8.660254037844E-1));
#610=VECTOR('',#609,1.E0);
#611=CARTESIAN_POINT('',(0.E0,3.5E0,-5.25E0));
#612=LINE('',#611,#610);
#613=CARTESIAN_POINT('',(5.25E0,4.25E0,-1.616116839377E-14));
#614=CARTESIAN_POINT('',(5.25E0,4.258711876404E0,-2.873762525470E-1));
#615=CARTESIAN_POINT('',(5.202477216711E0,4.276153785665E0,-8.626726311473E-1));
#616=CARTESIAN_POINT('',(4.992420701243E0,4.302233522161E0,-1.699976606947E0));
#617=CARTESIAN_POINT('',(4.643063868188E0,4.328642921534E0,-2.501200966071E0));
#618=CARTESIAN_POINT('',(4.172165514580E0,4.354746022602E0,-3.225645280999E0));
#619=CARTESIAN_POINT('',(3.585315840564E0,4.381028451844E0,-3.867726143022E0));
#620=CARTESIAN_POINT('',(2.903450165996E0,4.407208482956E0,-4.402525714233E0));
#621=CARTESIAN_POINT('',(2.143313295931E0,4.433387919707E0,-4.818370889299E0));
#622=CARTESIAN_POINT('',(1.328908883697E0,4.459458577743E0,-5.103606697645E0));
#623=CARTESIAN_POINT('',(4.674731767996E-1,4.485875554357E0,-5.253622807918E0));
#624=CARTESIAN_POINT('',(-4.083902974999E-1,4.512336224669E0,
-5.258065074047E0));
#625=CARTESIAN_POINT('',(-1.260280088827E0,4.538408379808E0,-5.120529263965E0));
#626=CARTESIAN_POINT('',(-2.079094482850E0,4.564492323087E0,-4.846908361202E0));
#627=CARTESIAN_POINT('',(-2.856898569819E0,4.591093461443E0,-4.434136275969E0));
#628=CARTESIAN_POINT('',(-3.556977240897E0,4.617795354162E0,-3.894486457380E0));
#629=CARTESIAN_POINT('',(-4.148281064839E0,4.644086543779E0,-3.256049503627E0));
#630=CARTESIAN_POINT('',(-4.624885994902E0,4.670197187448E0,-2.535106793955E0));
#631=CARTESIAN_POINT('',(-4.984422230683E0,4.696926679949E0,-1.726648345694E0));
#632=CARTESIAN_POINT('',(-5.202576103435E0,4.723694235633E0,
-8.677995537551E-1));
#633=CARTESIAN_POINT('',(-5.25E0,4.741260929193E0,-2.882733067929E-1));
#634=CARTESIAN_POINT('',(-5.25E0,4.75E0,0.E0));
#636=CARTESIAN_POINT('',(0.E0,5.E0,5.25E0));
#637=CARTESIAN_POINT('',(-2.800871477277E-1,4.991509094465E0,5.25E0));
#638=CARTESIAN_POINT('',(-8.370623479600E-1,4.974623476173E0,5.205133388267E0));
#639=CARTESIAN_POINT('',(-1.642639310407E0,4.949564868682E0,5.008882942564E0));
#640=CARTESIAN_POINT('',(-2.398063731030E0,4.924832356294E0,4.694240463774E0));
#641=CARTESIAN_POINT('',(-3.103812919096E0,4.899812145332E0,4.261463043962E0));
#642=CARTESIAN_POINT('',(-3.737636627916E0,4.874580019219E0,3.717954783207E0));
#643=CARTESIAN_POINT('',(-4.273016407848E0,4.849570825702E0,3.086940327981E0));
#644=CARTESIAN_POINT('',(-4.700089785248E0,4.824772729548E0,2.386376419314E0));
#645=CARTESIAN_POINT('',(-5.014002910428E0,4.799955855219E0,1.627609088826E0));
#646=CARTESIAN_POINT('',(-5.207239183927E0,4.774907020872E0,8.216346032330E-1));
#647=CARTESIAN_POINT('',(-5.25E0,4.758300618059E0,2.738101875163E-1));
#648=CARTESIAN_POINT('',(-5.25E0,4.75E0,0.E0));
#650=CARTESIAN_POINT('',(0.E0,3.E0,-6.116025403784E0));
#651=CARTESIAN_POINT('',(-3.234690316111E-1,3.008417508418E0,
-6.116025403784E0));
#652=CARTESIAN_POINT('',(-9.704031376049E-1,3.025252525253E0,
-6.064594007985E0));
#653=CARTESIAN_POINT('',(-1.916428780605E0,3.050505050505E0,-5.835090833353E0));
#654=CARTESIAN_POINT('',(-2.814308624311E0,3.075757575758E0,-5.458997207638E0));
#655=CARTESIAN_POINT('',(-3.641487007589E0,3.101010101010E0,-4.945761438642E0));
#656=CARTESIAN_POINT('',(-4.377183082555E0,3.126262626263E0,-4.308277149625E0));
#657=CARTESIAN_POINT('',(-5.002914605883E0,3.151515151515E0,-3.562559362829E0));
#658=CARTESIAN_POINT('',(-5.502961790222E0,3.176767676768E0,-2.727342166527E0));
#659=CARTESIAN_POINT('',(-5.864762344420E0,3.202020202020E0,-1.823608073081E0));
#660=CARTESIAN_POINT('',(-6.079227032914E0,3.227272727273E0,
-8.740608916026E-1));
#661=CARTESIAN_POINT('',(-6.140968026449E0,3.252525252525E0,9.744464220206E-2));
#662=CARTESIAN_POINT('',(-6.048434253931E0,3.277777777778E0,1.066502150010E0));
#663=CARTESIAN_POINT('',(-5.803950369425E0,3.303030303030E0,2.008766753351E0));
#664=CARTESIAN_POINT('',(-5.413658351504E0,3.328282828283E0,2.900566671068E0));
#665=CARTESIAN_POINT('',(-4.887363203140E0,3.353535353535E0,3.719497907071E0));
#666=CARTESIAN_POINT('',(-4.238286628229E0,3.378787878788E0,4.444987088518E0));
#667=CARTESIAN_POINT('',(-3.482734873001E0,3.404040404040E0,5.058808314662E0));
#668=CARTESIAN_POINT('',(-2.639689076873E0,3.429292929293E0,5.545541031996E0));
#669=CARTESIAN_POINT('',(-1.730328424036E0,3.454545454545E0,5.892957432825E0));
#670=CARTESIAN_POINT('',(-7.774980752769E-1,3.479797979798E0,6.092329644976E0));
#671=CARTESIAN_POINT('',(1.948647532366E-1,3.505050505051E0,6.138648995346E0));
#672=CARTESIAN_POINT('',(1.162332146033E0,3.530303030303E0,6.030751838901E0));
#673=CARTESIAN_POINT('',(2.100599171867E0,3.555555555556E0,5.771348792030E0));
#674=CARTESIAN_POINT('',(2.986094477613E0,3.580808080808E0,5.366956635831E0));
#675=CARTESIAN_POINT('',(3.796572453046E0,3.606060606061E0,4.827734600088E0));
#676=CARTESIAN_POINT('',(4.511672090018E0,3.631313131313E0,4.167229140840E0));
#677=CARTESIAN_POINT('',(5.113428496234E0,3.656565656566E0,3.402033623294E0));
#678=CARTESIAN_POINT('',(5.586724213276E0,3.681818181818E0,2.551371459610E0));
#679=CARTESIAN_POINT('',(5.919669000764E0,3.707070707071E0,1.636613174063E0));
#680=CARTESIAN_POINT('',(6.103898545616E0,3.732323232323E0,6.807395279687E-1));
#681=CARTESIAN_POINT('',(6.134784592190E0,3.757575757576E0,-2.922358081115E-1));
#682=CARTESIAN_POINT('',(6.011551214346E0,3.782828282828E0,-1.257869531155E0));
#683=CARTESIAN_POINT('',(5.737294308440E0,3.808080808081E0,-2.191902775776E0));
#684=CARTESIAN_POINT('',(5.318903817525E0,3.833333333333E0,-3.070870550842E0));
#685=CARTESIAN_POINT('',(4.766890640667E0,3.858585858586E0,-3.872691232210E0));
#686=CARTESIAN_POINT('',(4.095122575800E0,3.883838383838E0,-4.577221302198E0));
#687=CARTESIAN_POINT('',(3.320475929815E0,3.909090909091E0,-5.166761399526E0));
#688=CARTESIAN_POINT('',(2.462411548227E0,3.934343434343E0,-5.626500966611E0));
#689=CARTESIAN_POINT('',(1.542485915475E0,3.959595959596E0,-5.944890323688E0));
#690=CARTESIAN_POINT('',(5.838096081248E-1,3.984848484848E0,-6.113930822440E0));
#691=CARTESIAN_POINT('',(-3.895332941846E-1,4.010101010101E0,
-6.129375789820E0));
#692=CARTESIAN_POINT('',(-1.353090254349E0,4.035353535354E0,-5.990837213921E0));
#693=CARTESIAN_POINT('',(-2.282654579882E0,4.060606060606E0,-5.701795491690E0));
#694=CARTESIAN_POINT('',(-3.154873548832E0,4.085858585859E0,-5.269511993628E0));
#695=CARTESIAN_POINT('',(-3.947835082065E0,4.111111111111E0,-4.704846642021E0));
#696=CARTESIAN_POINT('',(-4.641618223392E0,4.136363636364E0,-4.021985085551E0));
#697=CARTESIAN_POINT('',(-5.218793598267E0,4.161616161616E0,-3.238082324278E0));
#698=CARTESIAN_POINT('',(-5.664861278417E0,4.186868686869E0,-2.372831737905E0));
#699=CARTESIAN_POINT('',(-5.968615052265E0,4.212121212121E0,-1.447970344308E0));
#700=CARTESIAN_POINT('',(-6.122423949874E0,4.237373737374E0,
-4.867327173340E-1));
#701=CARTESIAN_POINT('',(-6.122423949874E0,4.262626262626E0,4.867327173340E-1));
#702=CARTESIAN_POINT('',(-5.968615052265E0,4.287878787879E0,1.447970344308E0));
#703=CARTESIAN_POINT('',(-5.664861278417E0,4.313131313131E0,2.372831737905E0));
#704=CARTESIAN_POINT('',(-5.218793598267E0,4.338383838384E0,3.238082324278E0));
#705=CARTESIAN_POINT('',(-4.641618223392E0,4.363636363636E0,4.021985085551E0));
#706=CARTESIAN_POINT('',(-3.947835082065E0,4.388888888889E0,4.704846642021E0));
#707=CARTESIAN_POINT('',(-3.154873548832E0,4.414141414141E0,5.269511993628E0));
#708=CARTESIAN_POINT('',(-2.282654579882E0,4.439393939394E0,5.701795491690E0));
#709=CARTESIAN_POINT('',(-1.353090254349E0,4.464646464646E0,5.990837213921E0));
#710=CARTESIAN_POINT('',(-3.895332941846E-1,4.489898989899E0,6.129375789820E0));
#711=CARTESIAN_POINT('',(5.838096081248E-1,4.515151515152E0,6.113930822440E0));
#712=CARTESIAN_POINT('',(1.542485915475E0,4.540404040404E0,5.944890323688E0));
#713=CARTESIAN_POINT('',(2.462411548227E0,4.565656565657E0,5.626500966611E0));
#714=CARTESIAN_POINT('',(3.320475929815E0,4.590909090909E0,5.166761399526E0));
#715=CARTESIAN_POINT('',(4.095122575800E0,4.616161616162E0,4.577221302198E0));
#716=CARTESIAN_POINT('',(4.766890640667E0,4.641414141414E0,3.872691232210E0));
#717=CARTESIAN_POINT('',(5.318903817525E0,4.666666666667E0,3.070870550842E0));
#718=CARTESIAN_POINT('',(5.737294308440E0,4.691919191919E0,2.191902775776E0));
#719=CARTESIAN_POINT('',(6.011551214346E0,4.717171717172E0,1.257869531155E0));
#720=CARTESIAN_POINT('',(6.134784592190E0,4.742424242424E0,2.922358081116E-1));
#721=CARTESIAN_POINT('',(6.103898545616E0,4.767676767677E0,-6.807395279687E-1));
#722=CARTESIAN_POINT('',(5.919669000764E0,4.792929292929E0,-1.636613174063E0));
#723=CARTESIAN_POINT('',(5.586724213276E0,4.818181818182E0,-2.551371459610E0));
#724=CARTESIAN_POINT('',(5.113428496234E0,4.843434343434E0,-3.402033623294E0));
#725=CARTESIAN_POINT('',(4.511672090018E0,4.868686868687E0,-4.167229140840E0));
#726=CARTESIAN_POINT('',(3.796572453046E0,4.893939393939E0,-4.827734600088E0));
#727=CARTESIAN_POINT('',(2.986094477613E0,4.919191919192E0,-5.366956635831E0));
#728=CARTESIAN_POINT('',(2.100599171867E0,4.944444444444E0,-5.771348792030E0));
#729=CARTESIAN_POINT('',(1.162332146033E0,4.969696969697E0,-6.030751838901E0));
#730=CARTESIAN_POINT('',(1.948647532366E-1,4.994949494949E0,-6.138648995346E0));
#731=CARTESIAN_POINT('',(-7.774980752769E-1,5.020202020202E0,
-6.092329644976E0));
#732=CARTESIAN_POINT('',(-1.730328424036E0,5.045454545455E0,-5.892957432825E0));
#733=CARTESIAN_POINT('',(-2.639689076873E0,5.070707070707E0,-5.545541031996E0));
#734=CARTESIAN_POINT('',(-3.482734873001E0,5.095959595960E0,-5.058808314662E0));
#735=CARTESIAN_POINT('',(-4.238286628229E0,5.121212121212E0,-4.444987088518E0));
#736=CARTESIAN_POINT('',(-4.887363203140E0,5.146464646465E0,-3.719497907071E0));
#737=CARTESIAN_POINT('',(-5.413658351504E0,5.171717171717E0,-2.900566671068E0));
#738=CARTESIAN_POINT('',(-5.803950369425E0,5.196969696970E0,-2.008766753351E0));
#739=CARTESIAN_POINT('',(-6.048434253931E0,5.222222222222E0,-1.066502150010E0));
#740=CARTESIAN_POINT('',(-6.140968026449E0,5.247474747475E0,
-9.744464220208E-2));
#741=CARTESIAN_POINT('',(-6.079227032914E0,5.272727272727E0,8.740608916025E-1));
#742=CARTESIAN_POINT('',(-5.864762344420E0,5.297979797980E0,1.823608073081E0));
#743=CARTESIAN_POINT('',(-5.502961790222E0,5.323232323232E0,2.727342166526E0));
#744=CARTESIAN_POINT('',(-5.002914605883E0,5.348484848485E0,3.562559362829E0));
#745=CARTESIAN_POINT('',(-4.377183082555E0,5.373737373737E0,4.308277149625E0));
#746=CARTESIAN_POINT('',(-3.641487007589E0,5.398989898990E0,4.945761438642E0));
#747=CARTESIAN_POINT('',(-2.814308624311E0,5.424242424242E0,5.458997207638E0));
#748=CARTESIAN_POINT('',(-1.916428780605E0,5.449494949495E0,5.835090833353E0));
#749=CARTESIAN_POINT('',(-9.704031376049E-1,5.474747474747E0,6.064594007985E0));
#750=CARTESIAN_POINT('',(-3.234690316111E-1,5.491582491582E0,6.116025403784E0));
#751=CARTESIAN_POINT('',(0.E0,5.5E0,6.116025403784E0));
#753=DIRECTION('',(0.E0,-5.E-1,8.660254037844E-1));
#754=VECTOR('',#753,1.E0);
#755=CARTESIAN_POINT('',(0.E0,3.E0,-6.116025403784E0));
#756=LINE('',#755,#754);
#757=CARTESIAN_POINT('',(-5.25E0,2.75E0,0.E0));
#758=CARTESIAN_POINT('',(-5.25E0,2.741738613111E0,-2.725160797598E-1));
#759=CARTESIAN_POINT('',(-5.207644091713E0,2.725167046803E0,
-8.191981871743E-1));
#760=CARTESIAN_POINT('',(-5.014071230237E0,2.700015009530E0,-1.628662717483E0));
#761=CARTESIAN_POINT('',(-4.696799790253E0,2.675013215099E0,-2.392647208165E0));
#762=CARTESIAN_POINT('',(-4.273407860606E0,2.650464801591E0,-3.085791013844E0));
#763=CARTESIAN_POINT('',(-3.739530191898E0,2.625500292745E0,-3.716046899249E0));
#764=CARTESIAN_POINT('',(-3.105148442326E0,2.600230790603E0,-4.260893894469E0));
#765=CARTESIAN_POINT('',(-2.390879329700E0,2.574917510599E0,-4.698387596348E0));
#766=CARTESIAN_POINT('',(-1.632558779238E0,2.550116988588E0,-5.011994337215E0));
#767=CARTESIAN_POINT('',(-8.324610088636E-1,2.525237449019E0,
-5.205559297376E0));
#768=CARTESIAN_POINT('',(-2.783742138463E-1,2.508438977555E0,-5.25E0));
#769=CARTESIAN_POINT('',(0.E0,2.5E0,-5.25E0));
#771=DIRECTION('',(0.E0,-5.E-1,8.660254037844E-1));
#772=VECTOR('',#771,1.E0);
#773=CARTESIAN_POINT('',(0.E0,6.E0,5.25E0));
#774=LINE('',#773,#772);
#775=DIRECTION('',(0.E0,-5.E-1,-8.660254037844E-1));
#776=VECTOR('',#775,1.E0);
#777=CARTESIAN_POINT('',(0.E0,5.5E0,6.116025403784E0));
#778=LINE('',#777,#776);
#779=CARTESIAN_POINT('',(-5.25E0,5.75E0,0.E0));
#780=CARTESIAN_POINT('',(-5.25E0,5.741260929193E0,-2.882733067929E-1));
#781=CARTESIAN_POINT('',(-5.202576103435E0,5.723694235633E0,
-8.677995537551E-1));
#782=CARTESIAN_POINT('',(-4.984422230683E0,5.696926679949E0,-1.726648345694E0));
#783=CARTESIAN_POINT('',(-4.624885994902E0,5.670197187448E0,-2.535106793955E0));
#784=CARTESIAN_POINT('',(-4.148281064839E0,5.644086543779E0,-3.256049503627E0));
#785=CARTESIAN_POINT('',(-3.556977240897E0,5.617795354162E0,-3.894486457380E0));
#786=CARTESIAN_POINT('',(-2.856898569819E0,5.591093461443E0,-4.434136275969E0));
#787=CARTESIAN_POINT('',(-2.079094482850E0,5.564492323087E0,-4.846908361202E0));
#788=CARTESIAN_POINT('',(-1.260280088827E0,5.538408379808E0,-5.120529263965E0));
#789=CARTESIAN_POINT('',(-4.083902974999E-1,5.512336224669E0,
-5.258065074047E0));
#790=CARTESIAN_POINT('',(4.674731767996E-1,5.485875554357E0,-5.253622807918E0));
#791=CARTESIAN_POINT('',(1.328908883697E0,5.459458577743E0,-5.103606697645E0));
#792=CARTESIAN_POINT('',(2.143313295931E0,5.433387919707E0,-4.818370889299E0));
#793=CARTESIAN_POINT('',(2.903450165996E0,5.407208482956E0,-4.402525714233E0));
#794=CARTESIAN_POINT('',(3.585315840564E0,5.381028451844E0,-3.867726143022E0));
#795=CARTESIAN_POINT('',(4.172165514580E0,5.354746022602E0,-3.225645280999E0));
#796=CARTESIAN_POINT('',(4.643063868188E0,5.328642921534E0,-2.501200966071E0));
#797=CARTESIAN_POINT('',(4.992420701243E0,5.302233522161E0,-1.699976606947E0));
#798=CARTESIAN_POINT('',(5.202477216711E0,5.276153785665E0,-8.626726311474E-1));
#799=CARTESIAN_POINT('',(5.25E0,5.258711876404E0,-2.873762525470E-1));
#800=CARTESIAN_POINT('',(5.25E0,5.25E0,0.E0));
#802=DIRECTION('',(0.E0,1.E0,0.E0));
#803=VECTOR('',#802,7.25E0);
#804=CARTESIAN_POINT('',(-5.25E0,5.75E0,0.E0));
#805=LINE('',#804,#803);
#806=CARTESIAN_POINT('',(-5.9E0,1.25E1,-1.959696294129E-12));
#807=DIRECTION('',(-3.321527081157E-13,0.E0,1.E0));
#808=DIRECTION('',(0.E0,1.E0,0.E0));
#809=AXIS2_PLACEMENT_3D('',#806,#807,#808);
#811=CARTESIAN_POINT('',(0.E0,1.25E1,0.E0));
#812=DIRECTION('',(0.E0,1.E0,0.E0));
#813=DIRECTION('',(-1.E0,0.E0,0.E0));
#814=AXIS2_PLACEMENT_3D('',#811,#812,#813);
#816=DIRECTION('',(0.E0,1.E0,4.670000439286E-14));
#817=VECTOR('',#816,1.05E1);
#818=CARTESIAN_POINT('',(-6.9E0,2.E0,0.E0));
#819=LINE('',#818,#817);
#820=DIRECTION('',(0.E0,-1.E0,0.E0));
#821=VECTOR('',#820,2.E0);
#822=CARTESIAN_POINT('',(7.968660363317E0,2.E0,7.798907103825E0));
#823=LINE('',#822,#821);
#824=DIRECTION('',(0.E0,-1.E0,0.E0));
#825=VECTOR('',#824,2.E0);
#826=CARTESIAN_POINT('',(7.968660363317E0,2.E0,-7.798907103825E0));
#827=LINE('',#826,#825);
#828=DIRECTION('',(1.E0,0.E0,0.E0));
#829=VECTOR('',#828,1.307860848867E1);
#830=CARTESIAN_POINT('',(-6.539304244337E0,2.E0,8.4E0));
#831=LINE('',#830,#829);
#832=DIRECTION('',(0.E0,-1.E0,0.E0));
#833=VECTOR('',#832,2.E0);
#834=CARTESIAN_POINT('',(6.539304244337E0,2.E0,8.4E0));
#835=LINE('',#834,#833);
#836=DIRECTION('',(-1.E0,0.E0,0.E0));
#837=VECTOR('',#836,1.307860848867E1);
#838=CARTESIAN_POINT('',(6.539304244337E0,0.E0,8.4E0));
#839=LINE('',#838,#837);
#840=DIRECTION('',(0.E0,-1.E0,0.E0));
#841=VECTOR('',#840,2.E0);
#842=CARTESIAN_POINT('',(-6.539304244337E0,2.E0,8.4E0));
#843=LINE('',#842,#841);
#844=DIRECTION('',(0.E0,-1.E0,0.E0));
#845=VECTOR('',#844,2.E0);
#846=CARTESIAN_POINT('',(-7.968660363317E0,2.E0,-7.798907103825E0));
#847=LINE('',#846,#845);
#848=DIRECTION('',(0.E0,-1.E0,0.E0));
#849=VECTOR('',#848,2.E0);
#850=CARTESIAN_POINT('',(-7.968660363317E0,2.E0,7.798907103825E0));
#851=LINE('',#850,#849);
#852=DIRECTION('',(1.E0,0.E0,0.E0));
#853=VECTOR('',#852,1.307860848867E1);
#854=CARTESIAN_POINT('',(-6.539304244337E0,0.E0,-8.4E0));
#855=LINE('',#854,#853);
#856=DIRECTION('',(0.E0,-1.E0,0.E0));
#857=VECTOR('',#856,2.E0);
#858=CARTESIAN_POINT('',(6.539304244337E0,2.E0,-8.4E0));
#859=LINE('',#858,#857);
#860=DIRECTION('',(-1.E0,0.E0,0.E0));
#861=VECTOR('',#860,1.307860848867E1);
#862=CARTESIAN_POINT('',(6.539304244337E0,2.E0,-8.4E0));
#863=LINE('',#862,#861);
#864=DIRECTION('',(0.E0,-1.E0,0.E0));
#865=VECTOR('',#864,2.E0);
#866=CARTESIAN_POINT('',(-6.539304244337E0,2.E0,-8.4E0));
#867=LINE('',#866,#865);
#868=DIRECTION('',(-7.071067811865E-1,-7.071067811865E-1,-1.775538436906E-8));
#869=VECTOR('',#868,2.828427111938E-1);
#870=CARTESIAN_POINT('',(-6.600000002536E0,1.999999997464E0,-4.999999985938E0));
#871=LINE('',#870,#869);
#872=CARTESIAN_POINT('',(-8.E0,1.8E0,-5.E0));
#873=DIRECTION('',(0.E0,-1.E0,0.E0));
#874=DIRECTION('',(1.E0,0.E0,0.E0));
#875=AXIS2_PLACEMENT_3D('',#872,#873,#874);
#877=DIRECTION('',(-9.056636930095E-10,-1.E0,5.021982340705E-9));
#878=VECTOR('',#877,1.799999998370E0);
#879=CARTESIAN_POINT('',(-9.199999998370E0,1.799999998370E0,-5.000000009040E0));
#880=LINE('',#879,#878);
#881=DIRECTION('',(-7.071067811865E-1,-7.071067811865E-1,-1.775539064943E-8));
#882=VECTOR('',#881,2.828427111938E-1);
#883=CARTESIAN_POINT('',(-6.600000002536E0,1.999999997464E0,5.000000014062E0));
#884=LINE('',#883,#882);
#885=DIRECTION('',(7.071067811865E-1,-7.071067811866E-1,1.775539064943E-8));
#886=VECTOR('',#885,2.828427111938E-1);
#887=CARTESIAN_POINT('',(-9.399999997464E0,1.999999997464E0,4.999999985938E0));
#888=LINE('',#887,#886);
#889=CARTESIAN_POINT('',(-8.E0,1.8E0,5.E0));
#890=DIRECTION('',(0.E0,-1.E0,0.E0));
#891=DIRECTION('',(-1.E0,0.E0,0.E0));
#892=AXIS2_PLACEMENT_3D('',#889,#890,#891);
#894=DIRECTION('',(9.056646798744E-10,-1.E0,-5.021982834138E-9));
#895=VECTOR('',#894,1.799999998370E0);
#896=CARTESIAN_POINT('',(-6.800000001630E0,1.799999998370E0,5.000000009040E0));
#897=LINE('',#896,#895);
#898=CARTESIAN_POINT('',(-8.E0,1.8E0,5.E0));
#899=DIRECTION('',(0.E0,-1.E0,0.E0));
#900=DIRECTION('',(1.E0,0.E0,0.E0));
#901=AXIS2_PLACEMENT_3D('',#898,#899,#900);
#903=DIRECTION('',(-9.056636930095E-10,-1.E0,5.021982340705E-9));
#904=VECTOR('',#903,1.799999998370E0);
#905=CARTESIAN_POINT('',(-9.199999998370E0,1.799999998370E0,4.999999990960E0));
#906=LINE('',#905,#904);
#907=DIRECTION('',(-7.071067811865E-1,-7.071067811865E-1,-1.775539064943E-8));
#908=VECTOR('',#907,2.828427111938E-1);
#909=CARTESIAN_POINT('',(9.399999997464E0,1.999999997464E0,5.000000014062E0));
#910=LINE('',#909,#908);
#911=DIRECTION('',(7.071067811865E-1,-7.071067811865E-1,1.775538436906E-8));
#912=VECTOR('',#911,2.828427111938E-1);
#913=CARTESIAN_POINT('',(6.600000002536E0,1.999999997464E0,4.999999985938E0));
#914=LINE('',#913,#912);
#915=CARTESIAN_POINT('',(8.E0,1.8E0,5.E0));
#916=DIRECTION('',(0.E0,-1.E0,0.E0));
#917=DIRECTION('',(-1.E0,0.E0,0.E0));
#918=AXIS2_PLACEMENT_3D('',#915,#916,#917);
#920=DIRECTION('',(9.056636930095E-10,-1.E0,-5.021982340705E-9));
#921=VECTOR('',#920,1.799999998370E0);
#922=CARTESIAN_POINT('',(9.199999998370E0,1.799999998370E0,5.000000009040E0));
#923=LINE('',#922,#921);
#924=CARTESIAN_POINT('',(8.E0,1.8E0,5.E0));
#925=DIRECTION('',(0.E0,-1.E0,0.E0));
#926=DIRECTION('',(1.E0,0.E0,0.E0));
#927=AXIS2_PLACEMENT_3D('',#924,#925,#926);
#929=DIRECTION('',(-9.056646798744E-10,-1.E0,5.021983327570E-9));
#930=VECTOR('',#929,1.799999998370E0);
#931=CARTESIAN_POINT('',(6.800000001630E0,1.799999998370E0,4.999999990960E0));
#932=LINE('',#931,#930);
#933=DIRECTION('',(-7.071067811865E-1,-7.071067811866E-1,-1.775539064943E-8));
#934=VECTOR('',#933,2.828427111938E-1);
#935=CARTESIAN_POINT('',(9.399999997464E0,1.999999997464E0,-4.999999985938E0));
#936=LINE('',#935,#934);
#937=DIRECTION('',(7.071067811865E-1,-7.071067811865E-1,1.775539064943E-8));
#938=VECTOR('',#937,2.828427111938E-1);
#939=CARTESIAN_POINT('',(6.600000002536E0,1.999999997464E0,-5.000000014062E0));
#940=LINE('',#939,#938);
#941=CARTESIAN_POINT('',(8.E0,1.8E0,-5.E0));
#942=DIRECTION('',(0.E0,-1.E0,0.E0));
#943=DIRECTION('',(-1.E0,0.E0,0.E0));
#944=AXIS2_PLACEMENT_3D('',#941,#942,#943);
#946=DIRECTION('',(9.056636930095E-10,-1.E0,-5.021982834138E-9));
#947=VECTOR('',#946,1.799999998370E0);
#948=CARTESIAN_POINT('',(9.199999998370E0,1.799999998370E0,-4.999999990960E0));
#949=LINE('',#948,#947);
#950=CARTESIAN_POINT('',(8.E0,1.8E0,-5.E0));
#951=DIRECTION('',(0.E0,-1.E0,0.E0));
#952=DIRECTION('',(1.E0,0.E0,0.E0));
#953=AXIS2_PLACEMENT_3D('',#950,#951,#952);
#955=DIRECTION('',(-9.056646798744E-10,-1.E0,5.021982834138E-9));
#956=VECTOR('',#955,1.799999998370E0);
#957=CARTESIAN_POINT('',(6.800000001630E0,1.799999998370E0,-5.000000009040E0));
#958=LINE('',#957,#956);
#959=CARTESIAN_POINT('',(-6.8E0,0.E0,-5.E0));
#960=CARTESIAN_POINT('',(-9.2E0,0.E0,-5.E0));
#961=VERTEX_POINT('',#959);
#962=VERTEX_POINT('',#960);
#963=CARTESIAN_POINT('',(9.2E0,0.E0,-5.E0));
#964=CARTESIAN_POINT('',(6.8E0,0.E0,-5.E0));
#965=VERTEX_POINT('',#963);
#966=VERTEX_POINT('',#964);
#967=CARTESIAN_POINT('',(-6.8E0,0.E0,5.E0));
#968=CARTESIAN_POINT('',(-9.2E0,0.E0,5.E0));
#969=VERTEX_POINT('',#967);
#970=VERTEX_POINT('',#968);
#971=CARTESIAN_POINT('',(9.2E0,0.E0,5.E0));
#972=CARTESIAN_POINT('',(6.8E0,0.E0,5.E0));
#973=VERTEX_POINT('',#971);
#974=VERTEX_POINT('',#972);
#975=CARTESIAN_POINT('',(6.9E0,2.E0,0.E0));
#976=CARTESIAN_POINT('',(-6.9E0,2.E0,0.E0));
#977=VERTEX_POINT('',#975);
#978=VERTEX_POINT('',#976);
#979=CARTESIAN_POINT('',(7.968660363317E0,0.E0,7.798907103825E0));
#980=CARTESIAN_POINT('',(7.968660363317E0,0.E0,-7.798907103825E0));
#981=VERTEX_POINT('',#979);
#982=VERTEX_POINT('',#980);
#983=CARTESIAN_POINT('',(7.968660363317E0,2.E0,7.798907103825E0));
#984=CARTESIAN_POINT('',(7.968660363317E0,2.E0,-7.798907103825E0));
#985=VERTEX_POINT('',#983);
#986=VERTEX_POINT('',#984);
#987=CARTESIAN_POINT('',(5.25E0,1.3E1,0.E0));
#988=CARTESIAN_POINT('',(-5.25E0,1.3E1,0.E0));
#989=VERTEX_POINT('',#987);
#990=VERTEX_POINT('',#988);
#991=CARTESIAN_POINT('',(0.E0,1.35E1,-4.05E0));
#992=CARTESIAN_POINT('',(0.E0,1.35E1,4.05E0));
#993=VERTEX_POINT('',#991);
#994=VERTEX_POINT('',#992);
#995=CARTESIAN_POINT('',(0.E0,1.3E1,-4.05E0));
#996=CARTESIAN_POINT('',(0.E0,1.3E1,4.05E0));
#997=VERTEX_POINT('',#995);
#998=VERTEX_POINT('',#996);
#999=CARTESIAN_POINT('',(5.9E0,1.35E1,0.E0));
#1000=CARTESIAN_POINT('',(-5.9E0,1.35E1,0.E0));
#1001=VERTEX_POINT('',#999);
#1002=VERTEX_POINT('',#1000);
#1003=CARTESIAN_POINT('',(6.9E0,1.25E1,0.E0));
#1004=CARTESIAN_POINT('',(-6.9E0,1.25E1,0.E0));
#1005=VERTEX_POINT('',#1003);
#1006=VERTEX_POINT('',#1004);
#1007=CARTESIAN_POINT('',(-5.75E0,0.E0,0.E0));
#1008=CARTESIAN_POINT('',(5.75E0,0.E0,0.E0));
#1009=VERTEX_POINT('',#1007);
#1010=VERTEX_POINT('',#1008);
#1011=CARTESIAN_POINT('',(-5.249999999784E0,5.000000002156E-1,
-2.925657142282E-9));
#1012=VERTEX_POINT('',#1011);
#1013=VERTEX_POINT('',#324);
#1014=VERTEX_POINT('',#425);
#1015=VERTEX_POINT('',#751);
#1016=CARTESIAN_POINT('',(0.E0,1.E0,5.25E0));
#1017=CARTESIAN_POINT('',(0.E0,5.E-1,5.25E0));
#1018=VERTEX_POINT('',#1016);
#1019=VERTEX_POINT('',#1017);
#1020=VERTEX_POINT('',#478);
#1021=VERTEX_POINT('',#499);
#1022=CARTESIAN_POINT('',(0.E0,6.E0,5.25E0));
#1023=CARTESIAN_POINT('',(0.E0,5.E0,5.25E0));
#1024=VERTEX_POINT('',#1022);
#1025=VERTEX_POINT('',#1023);
#1026=VERTEX_POINT('',#304);
#1027=VERTEX_POINT('',#455);
#1028=VERTEX_POINT('',#476);
#1029=VERTEX_POINT('',#572);
#1030=VERTEX_POINT('',#593);
#1031=VERTEX_POINT('',#501);
#1032=VERTEX_POINT('',#800);
#1033=VERTEX_POINT('',#634);
#1034=VERTEX_POINT('',#554);
#1035=VERTEX_POINT('',#566);
#1036=CARTESIAN_POINT('',(0.E0,1.830127018922E-1,5.566987298108E0));
#1037=VERTEX_POINT('',#1036);
#1038=CARTESIAN_POINT('',(0.E0,3.5E0,-5.25E0));
#1039=VERTEX_POINT('',#1038);
#1040=CARTESIAN_POINT('',(0.E0,2.5E0,-5.25E0));
#1041=VERTEX_POINT('',#1040);
#1042=CARTESIAN_POINT('',(6.539304244337E0,0.E0,-8.4E0));
#1043=VERTEX_POINT('',#1042);
#1044=CARTESIAN_POINT('',(6.539304244337E0,2.E0,-8.4E0));
#1045=VERTEX_POINT('',#1044);
#1046=CARTESIAN_POINT('',(6.539304244337E0,0.E0,8.4E0));
#1047=VERTEX_POINT('',#1046);
#1048=CARTESIAN_POINT('',(6.539304244337E0,2.E0,8.4E0));
#1049=VERTEX_POINT('',#1048);
#1050=CARTESIAN_POINT('',(-7.968660363317E0,0.E0,-7.798907103825E0));
#1051=CARTESIAN_POINT('',(-6.539304244337E0,0.E0,-8.4E0));
#1052=VERTEX_POINT('',#1050);
#1053=VERTEX_POINT('',#1051);
#1054=CARTESIAN_POINT('',(-6.539304244337E0,2.E0,-8.4E0));
#1055=VERTEX_POINT('',#1054);
#1056=CARTESIAN_POINT('',(-7.968660363317E0,2.E0,-7.798907103825E0));
#1057=VERTEX_POINT('',#1056);
#1058=CARTESIAN_POINT('',(-6.539304244337E0,0.E0,8.4E0));
#1059=CARTESIAN_POINT('',(-7.968660363317E0,0.E0,7.798907103825E0));
#1060=VERTEX_POINT('',#1058);
#1061=VERTEX_POINT('',#1059);
#1062=CARTESIAN_POINT('',(-7.968660363317E0,2.E0,7.798907103825E0));
#1063=VERTEX_POINT('',#1062);
#1064=CARTESIAN_POINT('',(-6.539304244337E0,2.E0,8.4E0));
#1065=VERTEX_POINT('',#1064);
#1066=CARTESIAN_POINT('',(-6.6E0,2.E0,-5.E0));
#1067=CARTESIAN_POINT('',(-9.4E0,2.E0,-5.E0));
#1068=VERTEX_POINT('',#1066);
#1069=VERTEX_POINT('',#1067);
#1070=CARTESIAN_POINT('',(-6.8E0,1.8E0,-5.E0));
#1071=CARTESIAN_POINT('',(-9.2E0,1.8E0,-5.E0));
#1072=VERTEX_POINT('',#1070);
#1073=VERTEX_POINT('',#1071);
#1074=CARTESIAN_POINT('',(-6.6E0,2.E0,5.E0));
#1075=CARTESIAN_POINT('',(-9.4E0,2.E0,5.E0));
#1076=VERTEX_POINT('',#1074);
#1077=VERTEX_POINT('',#1075);
#1078=CARTESIAN_POINT('',(-6.8E0,1.8E0,5.E0));
#1079=CARTESIAN_POINT('',(-9.2E0,1.8E0,5.E0));
#1080=VERTEX_POINT('',#1078);
#1081=VERTEX_POINT('',#1079);
#1082=CARTESIAN_POINT('',(9.4E0,2.E0,5.E0));
#1083=CARTESIAN_POINT('',(6.6E0,2.E0,5.E0));
#1084=VERTEX_POINT('',#1082);
#1085=VERTEX_POINT('',#1083);
#1086=CARTESIAN_POINT('',(9.2E0,1.8E0,5.E0));
#1087=CARTESIAN_POINT('',(6.8E0,1.8E0,5.E0));
#1088=VERTEX_POINT('',#1086);
#1089=VERTEX_POINT('',#1087);
#1090=CARTESIAN_POINT('',(9.4E0,2.E0,-5.E0));
#1091=CARTESIAN_POINT('',(6.6E0,2.E0,-5.E0));
#1092=VERTEX_POINT('',#1090);
#1093=VERTEX_POINT('',#1091);
#1094=CARTESIAN_POINT('',(9.2E0,1.8E0,-5.E0));
#1095=CARTESIAN_POINT('',(6.8E0,1.8E0,-5.E0));
#1096=VERTEX_POINT('',#1094);
#1097=VERTEX_POINT('',#1095);
#1098=CARTESIAN_POINT('',(0.E0,0.E0,0.E0));
#1099=DIRECTION('',(0.E0,1.E0,0.E0));
#1100=DIRECTION('',(1.E0,0.E0,0.E0));
#1101=AXIS2_PLACEMENT_3D('',#1098,#1099,#1100);
#1102=PLANE('',#1101);
#1104=ORIENTED_EDGE('',*,*,#1103,.T.);
#1106=ORIENTED_EDGE('',*,*,#1105,.F.);
#1108=ORIENTED_EDGE('',*,*,#1107,.F.);
#1110=ORIENTED_EDGE('',*,*,#1109,.F.);
#1112=ORIENTED_EDGE('',*,*,#1111,.T.);
#1114=ORIENTED_EDGE('',*,*,#1113,.F.);
#1116=ORIENTED_EDGE('',*,*,#1115,.F.);
#1118=ORIENTED_EDGE('',*,*,#1117,.F.);
#1119=EDGE_LOOP('',(#1104,#1106,#1108,#1110,#1112,#1114,#1116,#1118));
#1120=FACE_OUTER_BOUND('',#1119,.F.);
#1122=ORIENTED_EDGE('',*,*,#1121,.F.);
#1124=ORIENTED_EDGE('',*,*,#1123,.F.);
#1125=EDGE_LOOP('',(#1122,#1124));
#1126=FACE_BOUND('',#1125,.F.);
#1128=ORIENTED_EDGE('',*,*,#1127,.F.);
#1130=ORIENTED_EDGE('',*,*,#1129,.F.);
#1131=EDGE_LOOP('',(#1128,#1130));
#1132=FACE_BOUND('',#1131,.F.);
#1134=ORIENTED_EDGE('',*,*,#1133,.F.);
#1136=ORIENTED_EDGE('',*,*,#1135,.F.);
#1137=EDGE_LOOP('',(#1134,#1136));
#1138=FACE_BOUND('',#1137,.F.);
#1140=ORIENTED_EDGE('',*,*,#1139,.F.);
#1142=ORIENTED_EDGE('',*,*,#1141,.F.);
#1143=EDGE_LOOP('',(#1140,#1142));
#1144=FACE_BOUND('',#1143,.F.);
#1146=ORIENTED_EDGE('',*,*,#1145,.F.);
#1148=ORIENTED_EDGE('',*,*,#1147,.F.);
#1149=EDGE_LOOP('',(#1146,#1148));
#1150=FACE_BOUND('',#1149,.F.);
#1151=ADVANCED_FACE('',(#1120,#1126,#1132,#1138,#1144,#1150),#1102,.F.);
#1152=CARTESIAN_POINT('',(-8.E0,2.E0,-5.E0));
#1153=DIRECTION('',(0.E0,1.E0,0.E0));
#1154=DIRECTION('',(1.E0,0.E0,0.E0));
#1155=AXIS2_PLACEMENT_3D('',#1152,#1153,#1154);
#1156=CYLINDRICAL_SURFACE('',#1155,1.2E0);
#1158=ORIENTED_EDGE('',*,*,#1157,.T.);
#1160=ORIENTED_EDGE('',*,*,#1159,.T.);
#1161=ORIENTED_EDGE('',*,*,#1139,.T.);
#1163=ORIENTED_EDGE('',*,*,#1162,.F.);
#1164=EDGE_LOOP('',(#1158,#1160,#1161,#1163));
#1165=FACE_OUTER_BOUND('',#1164,.F.);
#1166=ADVANCED_FACE('',(#1165),#1156,.F.);
#1167=CARTESIAN_POINT('',(-8.E0,1.899999998338E0,-5.E0));
#1168=DIRECTION('',(0.E0,1.E0,0.E0));
#1169=DIRECTION('',(0.E0,0.E0,-1.E0));
#1170=AXIS2_PLACEMENT_3D('',#1167,#1168,#1169);
#1171=CONICAL_SURFACE('',#1170,1.299999998338E0,4.5E1);
#1173=ORIENTED_EDGE('',*,*,#1172,.T.);
#1175=ORIENTED_EDGE('',*,*,#1174,.T.);
#1176=ORIENTED_EDGE('',*,*,#1157,.F.);
#1178=ORIENTED_EDGE('',*,*,#1177,.F.);
#1179=EDGE_LOOP('',(#1173,#1175,#1176,#1178));
#1180=FACE_OUTER_BOUND('',#1179,.F.);
#1181=ADVANCED_FACE('',(#1180),#1171,.F.);
#1182=CARTESIAN_POINT('',(0.E0,2.E0,0.E0));
#1183=DIRECTION('',(0.E0,1.E0,0.E0));
#1184=DIRECTION('',(1.E0,0.E0,0.E0));
#1185=AXIS2_PLACEMENT_3D('',#1182,#1183,#1184);
#1186=PLANE('',#1185);
#1188=ORIENTED_EDGE('',*,*,#1187,.F.);
#1190=ORIENTED_EDGE('',*,*,#1189,.F.);
#1192=ORIENTED_EDGE('',*,*,#1191,.F.);
#1194=ORIENTED_EDGE('',*,*,#1193,.F.);
#1196=ORIENTED_EDGE('',*,*,#1195,.F.);
#1198=ORIENTED_EDGE('',*,*,#1197,.F.);
#1200=ORIENTED_EDGE('',*,*,#1199,.F.);
#1202=ORIENTED_EDGE('',*,*,#1201,.F.);
#1203=EDGE_LOOP('',(#1188,#1190,#1192,#1194,#1196,#1198,#1200,#1202));
#1204=FACE_OUTER_BOUND('',#1203,.F.);
#1206=ORIENTED_EDGE('',*,*,#1205,.T.);
#1208=ORIENTED_EDGE('',*,*,#1207,.T.);
#1209=EDGE_LOOP('',(#1206,#1208));
#1210=FACE_BOUND('',#1209,.F.);
#1212=ORIENTED_EDGE('',*,*,#1211,.F.);
#1213=ORIENTED_EDGE('',*,*,#1172,.F.);
#1214=EDGE_LOOP('',(#1212,#1213));
#1215=FACE_BOUND('',#1214,.F.);
#1217=ORIENTED_EDGE('',*,*,#1216,.F.);
#1219=ORIENTED_EDGE('',*,*,#1218,.F.);
#1220=EDGE_LOOP('',(#1217,#1219));
#1221=FACE_BOUND('',#1220,.F.);
#1223=ORIENTED_EDGE('',*,*,#1222,.F.);
#1225=ORIENTED_EDGE('',*,*,#1224,.F.);
#1226=EDGE_LOOP('',(#1223,#1225));
#1227=FACE_BOUND('',#1226,.F.);
#1229=ORIENTED_EDGE('',*,*,#1228,.F.);
#1231=ORIENTED_EDGE('',*,*,#1230,.F.);
#1232=EDGE_LOOP('',(#1229,#1231));
#1233=FACE_BOUND('',#1232,.F.);
#1234=ADVANCED_FACE('',(#1204,#1210,#1215,#1221,#1227,#1233),#1186,.T.);
#1235=CARTESIAN_POINT('',(0.E0,2.E0,0.E0));
#1236=DIRECTION('',(0.E0,1.E0,0.E0));
#1237=DIRECTION('',(1.E0,0.E0,0.E0));
#1238=AXIS2_PLACEMENT_3D('',#1235,#1236,#1237);
#1239=CYLINDRICAL_SURFACE('',#1238,6.9E0);
#1241=ORIENTED_EDGE('',*,*,#1240,.T.);
#1243=ORIENTED_EDGE('',*,*,#1242,.F.);
#1244=ORIENTED_EDGE('',*,*,#1205,.F.);
#1246=ORIENTED_EDGE('',*,*,#1245,.T.);
#1247=EDGE_LOOP('',(#1241,#1243,#1244,#1246));
#1248=FACE_OUTER_BOUND('',#1247,.F.);
#1249=ADVANCED_FACE('',(#1248),#1239,.T.);
#1250=CARTESIAN_POINT('',(0.E0,1.25E1,0.E0));
#1251=DIRECTION('',(0.E0,1.E0,0.E0));
#1252=DIRECTION('',(9.999761014411E-1,0.E0,6.913504657694E-3));
#1253=AXIS2_PLACEMENT_3D('',#1250,#1251,#1252);
#1254=TOROIDAL_SURFACE('',#1253,5.9E0,1.E0);
#1256=ORIENTED_EDGE('',*,*,#1255,.T.);
#1258=ORIENTED_EDGE('',*,*,#1257,.T.);
#1259=ORIENTED_EDGE('',*,*,#1240,.F.);
#1261=ORIENTED_EDGE('',*,*,#1260,.F.);
#1262=EDGE_LOOP('',(#1256,#1258,#1259,#1261));
#1263=FACE_OUTER_BOUND('',#1262,.F.);
#1264=ADVANCED_FACE('',(#1263),#1254,.T.);
#1265=CARTESIAN_POINT('',(0.E0,1.35E1,0.E0));
#1266=DIRECTION('',(0.E0,1.E0,0.E0));
#1267=DIRECTION('',(1.E0,0.E0,0.E0));
#1268=AXIS2_PLACEMENT_3D('',#1265,#1266,#1267);
#1269=PLANE('',#1268);
#1270=ORIENTED_EDGE('',*,*,#1255,.F.);
#1272=ORIENTED_EDGE('',*,*,#1271,.F.);
#1273=EDGE_LOOP('',(#1270,#1272));
#1274=FACE_OUTER_BOUND('',#1273,.F.);
#1276=ORIENTED_EDGE('',*,*,#1275,.T.);
#1278=ORIENTED_EDGE('',*,*,#1277,.T.);
#1279=EDGE_LOOP('',(#1276,#1278));
#1280=FACE_BOUND('',#1279,.F.);
#1281=ADVANCED_FACE('',(#1274,#1280),#1269,.T.);
#1282=CARTESIAN_POINT('',(0.E0,1.35E1,0.E0));
#1283=DIRECTION('',(0.E0,1.E0,0.E0));
#1284=DIRECTION('',(0.E0,0.E0,-1.E0));
#1285=AXIS2_PLACEMENT_3D('',#1282,#1283,#1284);
#1286=CYLINDRICAL_SURFACE('',#1285,4.05E0);
#1287=ORIENTED_EDGE('',*,*,#1275,.F.);
#1289=ORIENTED_EDGE('',*,*,#1288,.T.);
#1291=ORIENTED_EDGE('',*,*,#1290,.T.);
#1293=ORIENTED_EDGE('',*,*,#1292,.F.);
#1294=EDGE_LOOP('',(#1287,#1289,#1291,#1293));
#1295=FACE_OUTER_BOUND('',#1294,.F.);
#1296=ADVANCED_FACE('',(#1295),#1286,.F.);
#1297=CARTESIAN_POINT('',(0.E0,1.35E1,0.E0));
#1298=DIRECTION('',(0.E0,1.E0,0.E0));
#1299=DIRECTION('',(0.E0,0.E0,-1.E0));
#1300=AXIS2_PLACEMENT_3D('',#1297,#1298,#1299);
#1301=CYLINDRICAL_SURFACE('',#1300,4.05E0);
#1302=ORIENTED_EDGE('',*,*,#1277,.F.);
#1303=ORIENTED_EDGE('',*,*,#1292,.T.);
#1305=ORIENTED_EDGE('',*,*,#1304,.T.);
#1306=ORIENTED_EDGE('',*,*,#1288,.F.);
#1307=EDGE_LOOP('',(#1302,#1303,#1305,#1306));
#1308=FACE_OUTER_BOUND('',#1307,.F.);
#1309=ADVANCED_FACE('',(#1308),#1301,.F.);
#1310=CARTESIAN_POINT('',(0.E0,1.3E1,0.E0));
#1311=DIRECTION('',(0.E0,-1.E0,0.E0));
#1312=DIRECTION('',(1.E0,0.E0,0.E0));
#1313=AXIS2_PLACEMENT_3D('',#1310,#1311,#1312);
#1314=PLANE('',#1313);
#1316=ORIENTED_EDGE('',*,*,#1315,.F.);
#1318=ORIENTED_EDGE('',*,*,#1317,.F.);
#1319=EDGE_LOOP('',(#1316,#1318));
#1320=FACE_OUTER_BOUND('',#1319,.F.);
#1321=ORIENTED_EDGE('',*,*,#1290,.F.);
#1322=ORIENTED_EDGE('',*,*,#1304,.F.);
#1323=EDGE_LOOP('',(#1321,#1322));
#1324=FACE_BOUND('',#1323,.F.);
#1325=ADVANCED_FACE('',(#1320,#1324),#1314,.T.);
#1326=CARTESIAN_POINT('',(0.E0,0.E0,0.E0));
#1327=DIRECTION('',(0.E0,-1.E0,0.E0));
#1328=DIRECTION('',(1.E0,0.E0,0.E0));
#1329=AXIS2_PLACEMENT_3D('',#1326,#1327,#1328);
#1330=CYLINDRICAL_SURFACE('',#1329,5.25E0);
#1332=ORIENTED_EDGE('',*,*,#1331,.T.);
#1334=ORIENTED_EDGE('',*,*,#1333,.T.);
#1336=ORIENTED_EDGE('',*,*,#1335,.T.);
#1338=ORIENTED_EDGE('',*,*,#1337,.F.);
#1339=EDGE_LOOP('',(#1332,#1334,#1336,#1338));
#1340=FACE_OUTER_BOUND('',#1339,.F.);
#1341=ADVANCED_FACE('',(#1340),#1330,.F.);
#1342=CARTESIAN_POINT('',(0.E0,0.E0,0.E0));
#1343=DIRECTION('',(0.E0,-1.E0,0.E0));
#1344=DIRECTION('',(1.E0,0.E0,0.E0));
#1345=AXIS2_PLACEMENT_3D('',#1342,#1343,#1344);
#1346=CYLINDRICAL_SURFACE('',#1345,5.25E0);
#1348=ORIENTED_EDGE('',*,*,#1347,.F.);
#1350=ORIENTED_EDGE('',*,*,#1349,.T.);
#1351=ORIENTED_EDGE('',*,*,#1315,.T.);
#1353=ORIENTED_EDGE('',*,*,#1352,.F.);
#1355=ORIENTED_EDGE('',*,*,#1354,.F.);
#1357=ORIENTED_EDGE('',*,*,#1356,.T.);
#1358=EDGE_LOOP('',(#1348,#1350,#1351,#1353,#1355,#1357));
#1359=FACE_OUTER_BOUND('',#1358,.F.);
#1360=ADVANCED_FACE('',(#1359),#1346,.F.);
#1361=CARTESIAN_POINT('',(-1.899931543659E0,4.686381507693E-1,
5.847388033679E0));
#1362=CARTESIAN_POINT('',(-9.048838488221E-1,4.957214841026E-1,
6.170698628422E0));
#1363=CARTESIAN_POINT('',(1.252537726501E0,5.498881507693E-1,6.297777630719E0));
#1364=CARTESIAN_POINT('',(4.170295620338E0,6.311381507693E-1,4.882748074720E0));
#1365=CARTESIAN_POINT('',(6.024318128892E0,7.123881507693E-1,2.222488861887E0));
#1366=CARTESIAN_POINT('',(6.342165546450E0,7.936381507693E-1,
-1.004498669263E0));
#1367=CARTESIAN_POINT('',(5.042690235979E0,8.748881507693E-1,
-3.975337472851E0));
#1368=CARTESIAN_POINT('',(2.457293968241E0,9.561381507693E-1,
-5.932431744815E0));
#1369=CARTESIAN_POINT('',(-7.547333113100E-1,1.037388150769E0,
-6.376709009755E0));
#1370=CARTESIAN_POINT('',(-3.774297187105E0,1.118638150769E0,
-5.194874429559E0));
#1371=CARTESIAN_POINT('',(-5.831385241606E0,1.199888150769E0,
-2.688305417589E0));
#1372=CARTESIAN_POINT('',(-6.401423463464E0,1.281138150769E0,
5.038029531983E-1));
#1373=CARTESIAN_POINT('',(-5.339047588656E0,1.362388150769E0,3.567437545234E0));
#1374=CARTESIAN_POINT('',(-2.915171939913E0,1.443638150769E0,5.721347074838E0));
#1375=CARTESIAN_POINT('',(2.520958331178E-1,1.524888150769E0,6.416267410342E0));
#1376=CARTESIAN_POINT('',(3.355077155645E0,1.606138150769E0,5.474988316878E0));
#1377=CARTESIAN_POINT('',(5.602487010287E0,1.687388150769E0,3.137543480138E0));
#1378=CARTESIAN_POINT('',(6.421217936671E0,1.768638150769E0,0.E0));
#1379=CARTESIAN_POINT('',(5.602487010287E0,1.849888150769E0,-3.137543480138E0));
#1380=CARTESIAN_POINT('',(3.355077155645E0,1.931138150769E0,-5.474988316878E0));
#1381=CARTESIAN_POINT('',(2.520958331178E-1,2.012388150769E0,
-6.416267410342E0));
#1382=CARTESIAN_POINT('',(-2.915171939913E0,2.093638150769E0,
-5.721347074838E0));
#1383=CARTESIAN_POINT('',(-5.339047588656E0,2.174888150769E0,
-3.567437545234E0));
#1384=CARTESIAN_POINT('',(-6.401423463464E0,2.256138150769E0,
-5.038029531983E-1));
#1385=CARTESIAN_POINT('',(-5.831385241606E0,2.337388150769E0,2.688305417589E0));
#1386=CARTESIAN_POINT('',(-3.774297187105E0,2.418638150769E0,5.194874429559E0));
#1387=CARTESIAN_POINT('',(-7.547333113100E-1,2.499888150769E0,
6.376709009755E0));
#1388=CARTESIAN_POINT('',(2.457293968241E0,2.581138150769E0,5.932431744815E0));
#1389=CARTESIAN_POINT('',(5.042690235979E0,2.662388150769E0,3.975337472851E0));
#1390=CARTESIAN_POINT('',(6.342165546450E0,2.743638150769E0,1.004498669263E0));
#1391=CARTESIAN_POINT('',(6.024318128892E0,2.824888150769E0,-2.222488861887E0));
#1392=CARTESIAN_POINT('',(4.170295620338E0,2.906138150769E0,-4.882748074720E0));
#1393=CARTESIAN_POINT('',(1.252537726501E0,2.987388150769E0,-6.297777630719E0));
#1394=CARTESIAN_POINT('',(-9.048838488221E-1,3.041554817436E0,
-6.170698628422E0));
#1395=CARTESIAN_POINT('',(-1.899931543659E0,3.068638150769E0,
-5.847388033679E0));
#1396=CARTESIAN_POINT('',(-1.804075517309E0,2.895460502564E-1,
5.552373519441E0));
#1397=CARTESIAN_POINT('',(-8.592303249642E-1,3.166293835898E-1,
5.859372332325E0));
#1398=CARTESIAN_POINT('',(1.189344244759E0,3.707960502564E-1,5.980039899308E0));
#1399=CARTESIAN_POINT('',(3.959894372880E0,4.520460502564E-1,4.636401921E0));
#1400=CARTESIAN_POINT('',(5.720377074156E0,5.332960502564E-1,2.110359058253E0));
#1401=CARTESIAN_POINT('',(6.022188340025E0,6.145460502564E-1,
-9.538193428261E-1));
#1402=CARTESIAN_POINT('',(4.788274623085E0,6.957960502564E-1,
-3.774772323637E0));
#1403=CARTESIAN_POINT('',(2.333317693329E0,7.770460502564E-1,
-5.633126574821E0));
#1404=CARTESIAN_POINT('',(-7.166552361194E-1,8.582960502564E-1,
-6.054989004154E0));
#1405=CARTESIAN_POINT('',(-3.583874994354E0,9.395460502564E-1,
-4.932780765254E0));
#1406=CARTESIAN_POINT('',(-5.537178105963E0,1.020796050256E0,
-2.552674070340E0));
#1407=CARTESIAN_POINT('',(-6.078456555398E0,1.102046050256E0,
4.783849062596E-1));
#1408=CARTESIAN_POINT('',(-5.069680048519E0,1.183296050256E0,3.387451909183E0));
#1409=CARTESIAN_POINT('',(-2.768094641670E0,1.264546050256E0,5.432691624174E0));
#1410=CARTESIAN_POINT('',(2.393770039038E-1,1.345796050256E0,6.092551590154E0));
#1411=CARTESIAN_POINT('',(3.185805601987E0,1.427046050256E0,5.198762246459E0));
#1412=CARTESIAN_POINT('',(5.319828330148E0,1.508296050256E0,2.979247013346E0));
#1413=CARTESIAN_POINT('',(6.097252350756E0,1.589546050256E0,0.E0));
#1414=CARTESIAN_POINT('',(5.319828330148E0,1.670796050256E0,-2.979247013346E0));
#1415=CARTESIAN_POINT('',(3.185805601987E0,1.752046050256E0,-5.198762246459E0));
#1416=CARTESIAN_POINT('',(2.393770039038E-1,1.833296050256E0,
-6.092551590154E0));
#1417=CARTESIAN_POINT('',(-2.768094641670E0,1.914546050256E0,
-5.432691624174E0));
#1418=CARTESIAN_POINT('',(-5.069680048519E0,1.995796050256E0,
-3.387451909183E0));
#1419=CARTESIAN_POINT('',(-6.078456555398E0,2.077046050256E0,
-4.783849062596E-1));
#1420=CARTESIAN_POINT('',(-5.537178105963E0,2.158296050256E0,2.552674070340E0));
#1421=CARTESIAN_POINT('',(-3.583874994354E0,2.239546050256E0,4.932780765254E0));
#1422=CARTESIAN_POINT('',(-7.166552361194E-1,2.320796050256E0,
6.054989004154E0));
#1423=CARTESIAN_POINT('',(2.333317693329E0,2.402046050256E0,5.633126574821E0));
#1424=CARTESIAN_POINT('',(4.788274623085E0,2.483296050256E0,3.774772323637E0));
#1425=CARTESIAN_POINT('',(6.022188340025E0,2.564546050256E0,9.538193428261E-1));
#1426=CARTESIAN_POINT('',(5.720377074156E0,2.645796050256E0,-2.110359058253E0));
#1427=CARTESIAN_POINT('',(3.959894372880E0,2.727046050256E0,-4.636401921E0));
#1428=CARTESIAN_POINT('',(1.189344244759E0,2.808296050256E0,-5.980039899308E0));
#1429=CARTESIAN_POINT('',(-8.592303249643E-1,2.862462716923E0,
-5.859372332325E0));
#1430=CARTESIAN_POINT('',(-1.804075517309E0,2.889546050256E0,
-5.552373519441E0));
#1431=CARTESIAN_POINT('',(-1.708219490958E0,1.104539497436E-1,
5.257359005204E0));
#1432=CARTESIAN_POINT('',(-8.135768011064E-1,1.375372830769E-1,
5.548046036228E0));
#1433=CARTESIAN_POINT('',(1.126150763016E0,1.917039497436E-1,5.662302167897E0));
#1434=CARTESIAN_POINT('',(3.749493125421E0,2.729539497436E-1,4.390055767280E0));
#1435=CARTESIAN_POINT('',(5.416436019420E0,3.542039497436E-1,1.998229254619E0));
#1436=CARTESIAN_POINT('',(5.702211133601E0,4.354539497436E-1,
-9.031400163887E-1));
#1437=CARTESIAN_POINT('',(4.533859010191E0,5.167039497436E-1,
-3.574207174424E0));
#1438=CARTESIAN_POINT('',(2.209341418417E0,5.979539497436E-1,
-5.333821404827E0));
#1439=CARTESIAN_POINT('',(-6.785771609289E-1,6.792039497436E-1,
-5.733268998553E0));
#1440=CARTESIAN_POINT('',(-3.393452801603E0,7.604539497436E-1,
-4.670687100949E0));
#1441=CARTESIAN_POINT('',(-5.242970970320E0,8.417039497436E-1,
-2.417042723092E0));
#1442=CARTESIAN_POINT('',(-5.755489647332E0,9.229539497436E-1,
4.529668593208E-1));
#1443=CARTESIAN_POINT('',(-4.800312508382E0,1.004203949744E0,3.207466273132E0));
#1444=CARTESIAN_POINT('',(-2.621017343427E0,1.085453949744E0,5.144036173511E0));
#1445=CARTESIAN_POINT('',(2.266581746898E-1,1.166703949744E0,5.768835769967E0));
#1446=CARTESIAN_POINT('',(3.016534048329E0,1.247953949744E0,4.922536176040E0));
#1447=CARTESIAN_POINT('',(5.037169650009E0,1.329203949744E0,2.820950546554E0));
#1448=CARTESIAN_POINT('',(5.773286764842E0,1.410453949744E0,0.E0));
#1449=CARTESIAN_POINT('',(5.037169650009E0,1.491703949744E0,-2.820950546554E0));
#1450=CARTESIAN_POINT('',(3.016534048329E0,1.572953949744E0,-4.922536176040E0));
#1451=CARTESIAN_POINT('',(2.266581746898E-1,1.654203949744E0,
-5.768835769967E0));
#1452=CARTESIAN_POINT('',(-2.621017343427E0,1.735453949744E0,
-5.144036173511E0));
#1453=CARTESIAN_POINT('',(-4.800312508382E0,1.816703949744E0,
-3.207466273132E0));
#1454=CARTESIAN_POINT('',(-5.755489647332E0,1.897953949744E0,
-4.529668593208E-1));
#1455=CARTESIAN_POINT('',(-5.242970970320E0,1.979203949744E0,2.417042723092E0));
#1456=CARTESIAN_POINT('',(-3.393452801603E0,2.060453949744E0,4.670687100949E0));
#1457=CARTESIAN_POINT('',(-6.785771609289E-1,2.141703949744E0,
5.733268998553E0));
#1458=CARTESIAN_POINT('',(2.209341418417E0,2.222953949744E0,5.333821404827E0));
#1459=CARTESIAN_POINT('',(4.533859010191E0,2.304203949744E0,3.574207174424E0));
#1460=CARTESIAN_POINT('',(5.702211133601E0,2.385453949744E0,9.031400163887E-1));
#1461=CARTESIAN_POINT('',(5.416436019420E0,2.466703949744E0,-1.998229254619E0));
#1462=CARTESIAN_POINT('',(3.749493125421E0,2.547953949744E0,-4.390055767280E0));
#1463=CARTESIAN_POINT('',(1.126150763016E0,2.629203949744E0,-5.662302167897E0));
#1464=CARTESIAN_POINT('',(-8.135768011064E-1,2.683370616410E0,
-5.548046036228E0));
#1465=CARTESIAN_POINT('',(-1.708219490958E0,2.710453949744E0,
-5.257359005204E0));
#1466=CARTESIAN_POINT('',(-1.612363464608E0,-6.863815076929E-2,
4.962344490967E0));
#1467=CARTESIAN_POINT('',(-7.679232772486E-1,-4.155481743595E-2,
5.236719740130E0));
#1468=CARTESIAN_POINT('',(1.062957281274E0,1.261184923071E-2,5.344564436486E0));
#1469=CARTESIAN_POINT('',(3.539091877963E0,9.386184923071E-2,4.143709613559E0));
#1470=CARTESIAN_POINT('',(5.112494964684E0,1.751118492307E-1,1.886099450986E0));
#1471=CARTESIAN_POINT('',(5.382233927176E0,2.563618492307E-1,
-8.524606899513E-1));
#1472=CARTESIAN_POINT('',(4.279443397297E0,3.376118492307E-1,
-3.373642025211E0));
#1473=CARTESIAN_POINT('',(2.085365143506E0,4.188618492307E-1,
-5.034516234832E0));
#1474=CARTESIAN_POINT('',(-6.404990857383E-1,5.001118492307E-1,
-5.411548992952E0));
#1475=CARTESIAN_POINT('',(-3.203030608851E0,5.813618492307E-1,
-4.408593436644E0));
#1476=CARTESIAN_POINT('',(-4.948763834676E0,6.626118492307E-1,
-2.281411375844E0));
#1477=CARTESIAN_POINT('',(-5.432522739265E0,7.438618492307E-1,
4.275488123821E-1));
#1478=CARTESIAN_POINT('',(-4.530944968246E0,8.251118492307E-1,
3.027480637081E0));
#1479=CARTESIAN_POINT('',(-2.473940045184E0,9.063618492307E-1,
4.855380722847E0));
#1480=CARTESIAN_POINT('',(2.139393454758E-1,9.876118492307E-1,
5.445119949779E0));
#1481=CARTESIAN_POINT('',(2.847262494671E0,1.068861849231E0,4.646310105620E0));
#1482=CARTESIAN_POINT('',(4.754510969870E0,1.150111849231E0,2.662654079763E0));
#1483=CARTESIAN_POINT('',(5.449321178928E0,1.231361849231E0,0.E0));
#1484=CARTESIAN_POINT('',(4.754510969870E0,1.312611849231E0,-2.662654079763E0));
#1485=CARTESIAN_POINT('',(2.847262494671E0,1.393861849231E0,-4.646310105620E0));
#1486=CARTESIAN_POINT('',(2.139393454758E-1,1.475111849231E0,
-5.445119949779E0));
#1487=CARTESIAN_POINT('',(-2.473940045184E0,1.556361849231E0,
-4.855380722847E0));
#1488=CARTESIAN_POINT('',(-4.530944968246E0,1.637611849231E0,
-3.027480637081E0));
#1489=CARTESIAN_POINT('',(-5.432522739265E0,1.718861849231E0,
-4.275488123821E-1));
#1490=CARTESIAN_POINT('',(-4.948763834676E0,1.800111849231E0,2.281411375844E0));
#1491=CARTESIAN_POINT('',(-3.203030608851E0,1.881361849231E0,4.408593436644E0));
#1492=CARTESIAN_POINT('',(-6.404990857383E-1,1.962611849231E0,
5.411548992952E0));
#1493=CARTESIAN_POINT('',(2.085365143506E0,2.043861849231E0,5.034516234832E0));
#1494=CARTESIAN_POINT('',(4.279443397297E0,2.125111849231E0,3.373642025211E0));
#1495=CARTESIAN_POINT('',(5.382233927176E0,2.206361849231E0,8.524606899513E-1));
#1496=CARTESIAN_POINT('',(5.112494964684E0,2.287611849231E0,-1.886099450986E0));
#1497=CARTESIAN_POINT('',(3.539091877963E0,2.368861849231E0,-4.143709613559E0));
#1498=CARTESIAN_POINT('',(1.062957281274E0,2.450111849231E0,-5.344564436486E0));
#1499=CARTESIAN_POINT('',(-7.679232772486E-1,2.504278515897E0,
-5.236719740130E0));
#1500=CARTESIAN_POINT('',(-1.612363464608E0,2.531361849231E0,
-4.962344490967E0));
#1501=B_SPLINE_SURFACE_WITH_KNOTS('',3,3,((#1361,#1362,#1363,#1364,#1365,#1366,
#1367,#1368,#1369,#1370,#1371,#1372,#1373,#1374,#1375,#1376,#1377,#1378,#1379,
#1380,#1381,#1382,#1383,#1384,#1385,#1386,#1387,#1388,#1389,#1390,#1391,#1392,
#1393,#1394,#1395),(#1396,#1397,#1398,#1399,#1400,#1401,#1402,#1403,#1404,#1405,
#1406,#1407,#1408,#1409,#1410,#1411,#1412,#1413,#1414,#1415,#1416,#1417,#1418,
#1419,#1420,#1421,#1422,#1423,#1424,#1425,#1426,#1427,#1428,#1429,#1430),(#1431,
#1432,#1433,#1434,#1435,#1436,#1437,#1438,#1439,#1440,#1441,#1442,#1443,#1444,
#1445,#1446,#1447,#1448,#1449,#1450,#1451,#1452,#1453,#1454,#1455,#1456,#1457,
#1458,#1459,#1460,#1461,#1462,#1463,#1464,#1465),(#1466,#1467,#1468,#1469,#1470,
#1471,#1472,#1473,#1474,#1475,#1476,#1477,#1478,#1479,#1480,#1481,#1482,#1483,
#1484,#1485,#1486,#1487,#1488,#1489,#1490,#1491,#1492,#1493,#1494,#1495,#1496,
#1497,#1498,#1499,#1500)),.UNSPECIFIED.,.F.,.F.,.F.,(4,4),(4,1,1,1,1,1,1,1,1,1,
1,1,1,1,1,1,1,1,1,1,1,1,1,1,1,1,1,1,1,1,1,1,4),(-3.727630153857E-2,
1.037276301539E0),(-2.E-2,1.25E-2,4.5E-2,7.75E-2,1.1E-1,1.425E-1,1.75E-1,
2.075E-1,2.4E-1,2.725E-1,3.05E-1,3.375E-1,3.7E-1,4.025E-1,4.35E-1,4.675E-1,
5.E-1,5.325E-1,5.65E-1,5.975E-1,6.3E-1,6.625E-1,6.95E-1,7.275E-1,7.6E-1,
7.925E-1,8.25E-1,8.575E-1,8.9E-1,9.225E-1,9.55E-1,9.875E-1,1.02E0),
.UNSPECIFIED.);
#1503=ORIENTED_EDGE('',*,*,#1502,.F.);
#1505=ORIENTED_EDGE('',*,*,#1504,.T.);
#1507=ORIENTED_EDGE('',*,*,#1506,.T.);
#1509=ORIENTED_EDGE('',*,*,#1508,.F.);
#1511=ORIENTED_EDGE('',*,*,#1510,.F.);
#1513=ORIENTED_EDGE('',*,*,#1512,.F.);
#1515=ORIENTED_EDGE('',*,*,#1514,.T.);
#1517=ORIENTED_EDGE('',*,*,#1516,.T.);
#1519=ORIENTED_EDGE('',*,*,#1518,.T.);
#1520=ORIENTED_EDGE('',*,*,#1331,.F.);
#1521=EDGE_LOOP('',(#1503,#1505,#1507,#1509,#1511,#1513,#1515,#1517,#1519,
#1520));
#1522=FACE_OUTER_BOUND('',#1521,.F.);
#1523=ADVANCED_FACE('',(#1522),#1501,.F.);
#1524=CARTESIAN_POINT('',(-1.612363464608E0,9.686381507693E-1,
4.962344490967E0));
#1525=CARTESIAN_POINT('',(-7.679232772486E-1,9.957214841026E-1,
5.236719740130E0));
#1526=CARTESIAN_POINT('',(1.062957281274E0,1.049888150769E0,5.344564436486E0));
#1527=CARTESIAN_POINT('',(3.539091877963E0,1.131138150769E0,4.143709613559E0));
#1528=CARTESIAN_POINT('',(5.112494964684E0,1.212388150769E0,1.886099450986E0));
#1529=CARTESIAN_POINT('',(5.382233927176E0,1.293638150769E0,
-8.524606899513E-1));
#1530=CARTESIAN_POINT('',(4.279443397297E0,1.374888150769E0,-3.373642025211E0));
#1531=CARTESIAN_POINT('',(2.085365143506E0,1.456138150769E0,-5.034516234832E0));
#1532=CARTESIAN_POINT('',(-6.404990857383E-1,1.537388150769E0,
-5.411548992952E0));
#1533=CARTESIAN_POINT('',(-3.203030608851E0,1.618638150769E0,
-4.408593436644E0));
#1534=CARTESIAN_POINT('',(-4.948763834676E0,1.699888150769E0,
-2.281411375844E0));
#1535=CARTESIAN_POINT('',(-5.432522739265E0,1.781138150769E0,
4.275488123821E-1));
#1536=CARTESIAN_POINT('',(-4.530944968246E0,1.862388150769E0,3.027480637081E0));
#1537=CARTESIAN_POINT('',(-2.473940045184E0,1.943638150769E0,4.855380722847E0));
#1538=CARTESIAN_POINT('',(2.139393454758E-1,2.024888150769E0,5.445119949779E0));
#1539=CARTESIAN_POINT('',(2.847262494671E0,2.106138150769E0,4.646310105620E0));
#1540=CARTESIAN_POINT('',(4.754510969870E0,2.187388150769E0,2.662654079763E0));
#1541=CARTESIAN_POINT('',(5.449321178928E0,2.268638150769E0,0.E0));
#1542=CARTESIAN_POINT('',(4.754510969870E0,2.349888150769E0,-2.662654079763E0));
#1543=CARTESIAN_POINT('',(2.847262494671E0,2.431138150769E0,-4.646310105620E0));
#1544=CARTESIAN_POINT('',(2.139393454758E-1,2.512388150769E0,
-5.445119949779E0));
#1545=CARTESIAN_POINT('',(-2.473940045184E0,2.593638150769E0,
-4.855380722847E0));
#1546=CARTESIAN_POINT('',(-4.530944968246E0,2.674888150769E0,
-3.027480637081E0));
#1547=CARTESIAN_POINT('',(-5.432522739265E0,2.756138150769E0,
-4.275488123821E-1));
#1548=CARTESIAN_POINT('',(-4.948763834676E0,2.837388150769E0,2.281411375844E0));
#1549=CARTESIAN_POINT('',(-3.203030608851E0,2.918638150769E0,4.408593436644E0));
#1550=CARTESIAN_POINT('',(-6.404990857383E-1,2.999888150769E0,
5.411548992952E0));
#1551=CARTESIAN_POINT('',(2.085365143506E0,3.081138150769E0,5.034516234832E0));
#1552=CARTESIAN_POINT('',(4.279443397297E0,3.162388150769E0,3.373642025211E0));
#1553=CARTESIAN_POINT('',(5.382233927176E0,3.243638150769E0,8.524606899513E-1));
#1554=CARTESIAN_POINT('',(5.112494964684E0,3.324888150769E0,-1.886099450986E0));
#1555=CARTESIAN_POINT('',(3.539091877963E0,3.406138150769E0,-4.143709613559E0));
#1556=CARTESIAN_POINT('',(1.062957281274E0,3.487388150769E0,-5.344564436486E0));
#1557=CARTESIAN_POINT('',(-7.679232772486E-1,3.541554817436E0,
-5.236719740130E0));
#1558=CARTESIAN_POINT('',(-1.612363464608E0,3.568638150769E0,
-4.962344490967E0));
#1559=CARTESIAN_POINT('',(-1.708219490958E0,7.895460502564E-1,
5.257359005204E0));
#1560=CARTESIAN_POINT('',(-8.135768011064E-1,8.166293835898E-1,
5.548046036228E0));
#1561=CARTESIAN_POINT('',(1.126150763016E0,8.707960502564E-1,5.662302167897E0));
#1562=CARTESIAN_POINT('',(3.749493125421E0,9.520460502564E-1,4.390055767280E0));
#1563=CARTESIAN_POINT('',(5.416436019420E0,1.033296050256E0,1.998229254619E0));
#1564=CARTESIAN_POINT('',(5.702211133601E0,1.114546050256E0,
-9.031400163887E-1));
#1565=CARTESIAN_POINT('',(4.533859010191E0,1.195796050256E0,-3.574207174424E0));
#1566=CARTESIAN_POINT('',(2.209341418418E0,1.277046050256E0,-5.333821404827E0));
#1567=CARTESIAN_POINT('',(-6.785771609289E-1,1.358296050256E0,
-5.733268998553E0));
#1568=CARTESIAN_POINT('',(-3.393452801603E0,1.439546050256E0,
-4.670687100949E0));
#1569=CARTESIAN_POINT('',(-5.242970970320E0,1.520796050256E0,
-2.417042723092E0));
#1570=CARTESIAN_POINT('',(-5.755489647332E0,1.602046050256E0,
4.529668593208E-1));
#1571=CARTESIAN_POINT('',(-4.800312508382E0,1.683296050256E0,3.207466273132E0));
#1572=CARTESIAN_POINT('',(-2.621017343427E0,1.764546050256E0,5.144036173511E0));
#1573=CARTESIAN_POINT('',(2.266581746898E-1,1.845796050256E0,5.768835769967E0));
#1574=CARTESIAN_POINT('',(3.016534048329E0,1.927046050256E0,4.922536176040E0));
#1575=CARTESIAN_POINT('',(5.037169650009E0,2.008296050256E0,2.820950546554E0));
#1576=CARTESIAN_POINT('',(5.773286764842E0,2.089546050256E0,0.E0));
#1577=CARTESIAN_POINT('',(5.037169650009E0,2.170796050256E0,-2.820950546554E0));
#1578=CARTESIAN_POINT('',(3.016534048329E0,2.252046050256E0,-4.922536176040E0));
#1579=CARTESIAN_POINT('',(2.266581746898E-1,2.333296050256E0,
-5.768835769967E0));
#1580=CARTESIAN_POINT('',(-2.621017343427E0,2.414546050256E0,
-5.144036173511E0));
#1581=CARTESIAN_POINT('',(-4.800312508382E0,2.495796050256E0,
-3.207466273132E0));
#1582=CARTESIAN_POINT('',(-5.755489647332E0,2.577046050256E0,
-4.529668593208E-1));
#1583=CARTESIAN_POINT('',(-5.242970970320E0,2.658296050256E0,2.417042723092E0));
#1584=CARTESIAN_POINT('',(-3.393452801603E0,2.739546050256E0,4.670687100949E0));
#1585=CARTESIAN_POINT('',(-6.785771609289E-1,2.820796050256E0,
5.733268998553E0));
#1586=CARTESIAN_POINT('',(2.209341418417E0,2.902046050256E0,5.333821404827E0));
#1587=CARTESIAN_POINT('',(4.533859010191E0,2.983296050256E0,3.574207174424E0));
#1588=CARTESIAN_POINT('',(5.702211133601E0,3.064546050256E0,9.031400163887E-1));
#1589=CARTESIAN_POINT('',(5.416436019420E0,3.145796050256E0,-1.998229254619E0));
#1590=CARTESIAN_POINT('',(3.749493125421E0,3.227046050256E0,-4.390055767280E0));
#1591=CARTESIAN_POINT('',(1.126150763016E0,3.308296050256E0,-5.662302167897E0));
#1592=CARTESIAN_POINT('',(-8.135768011064E-1,3.362462716923E0,
-5.548046036228E0));
#1593=CARTESIAN_POINT('',(-1.708219490958E0,3.389546050256E0,
-5.257359005204E0));
#1594=CARTESIAN_POINT('',(-1.804075517309E0,6.104539497436E-1,
5.552373519441E0));
#1595=CARTESIAN_POINT('',(-8.592303249642E-1,6.375372830769E-1,
5.859372332325E0));
#1596=CARTESIAN_POINT('',(1.189344244759E0,6.917039497436E-1,5.980039899308E0));
#1597=CARTESIAN_POINT('',(3.959894372880E0,7.729539497436E-1,4.636401921E0));
#1598=CARTESIAN_POINT('',(5.720377074156E0,8.542039497436E-1,2.110359058253E0));
#1599=CARTESIAN_POINT('',(6.022188340025E0,9.354539497436E-1,
-9.538193428261E-1));
#1600=CARTESIAN_POINT('',(4.788274623085E0,1.016703949744E0,-3.774772323637E0));
#1601=CARTESIAN_POINT('',(2.333317693329E0,1.097953949744E0,-5.633126574821E0));
#1602=CARTESIAN_POINT('',(-7.166552361194E-1,1.179203949744E0,
-6.054989004154E0));
#1603=CARTESIAN_POINT('',(-3.583874994354E0,1.260453949744E0,
-4.932780765254E0));
#1604=CARTESIAN_POINT('',(-5.537178105963E0,1.341703949744E0,
-2.552674070340E0));
#1605=CARTESIAN_POINT('',(-6.078456555398E0,1.422953949744E0,
4.783849062596E-1));
#1606=CARTESIAN_POINT('',(-5.069680048519E0,1.504203949744E0,3.387451909183E0));
#1607=CARTESIAN_POINT('',(-2.768094641670E0,1.585453949744E0,5.432691624174E0));
#1608=CARTESIAN_POINT('',(2.393770039038E-1,1.666703949744E0,6.092551590154E0));
#1609=CARTESIAN_POINT('',(3.185805601987E0,1.747953949744E0,5.198762246459E0));
#1610=CARTESIAN_POINT('',(5.319828330148E0,1.829203949744E0,2.979247013346E0));
#1611=CARTESIAN_POINT('',(6.097252350756E0,1.910453949744E0,
-1.097964776158E-14));
#1612=CARTESIAN_POINT('',(5.319828330148E0,1.991703949744E0,-2.979247013346E0));
#1613=CARTESIAN_POINT('',(3.185805601987E0,2.072953949744E0,-5.198762246459E0));
#1614=CARTESIAN_POINT('',(2.393770039038E-1,2.154203949744E0,
-6.092551590154E0));
#1615=CARTESIAN_POINT('',(-2.768094641670E0,2.235453949744E0,
-5.432691624174E0));
#1616=CARTESIAN_POINT('',(-5.069680048519E0,2.316703949744E0,
-3.387451909183E0));
#1617=CARTESIAN_POINT('',(-6.078456555398E0,2.397953949744E0,
-4.783849062596E-1));
#1618=CARTESIAN_POINT('',(-5.537178105963E0,2.479203949744E0,2.552674070340E0));
#1619=CARTESIAN_POINT('',(-3.583874994354E0,2.560453949744E0,4.932780765254E0));
#1620=CARTESIAN_POINT('',(-7.166552361194E-1,2.641703949744E0,
6.054989004154E0));
#1621=CARTESIAN_POINT('',(2.333317693329E0,2.722953949744E0,5.633126574821E0));
#1622=CARTESIAN_POINT('',(4.788274623085E0,2.804203949744E0,3.774772323637E0));
#1623=CARTESIAN_POINT('',(6.022188340025E0,2.885453949744E0,9.538193428261E-1));
#1624=CARTESIAN_POINT('',(5.720377074156E0,2.966703949744E0,-2.110359058253E0));
#1625=CARTESIAN_POINT('',(3.959894372880E0,3.047953949744E0,-4.636401921E0));
#1626=CARTESIAN_POINT('',(1.189344244759E0,3.129203949744E0,-5.980039899308E0));
#1627=CARTESIAN_POINT('',(-8.592303249643E-1,3.183370616410E0,
-5.859372332325E0));
#1628=CARTESIAN_POINT('',(-1.804075517309E0,3.210453949744E0,
-5.552373519441E0));
#1629=CARTESIAN_POINT('',(-1.899931543659E0,4.313618492307E-1,
5.847388033679E0));
#1630=CARTESIAN_POINT('',(-9.048838488220E-1,4.584451825640E-1,
6.170698628422E0));
#1631=CARTESIAN_POINT('',(1.252537726501E0,5.126118492307E-1,6.297777630719E0));
#1632=CARTESIAN_POINT('',(4.170295620338E0,5.938618492307E-1,4.882748074720E0));
#1633=CARTESIAN_POINT('',(6.024318128892E0,6.751118492307E-1,2.222488861887E0));
#1634=CARTESIAN_POINT('',(6.342165546450E0,7.563618492307E-1,
-1.004498669263E0));
#1635=CARTESIAN_POINT('',(5.042690235979E0,8.376118492307E-1,
-3.975337472851E0));
#1636=CARTESIAN_POINT('',(2.457293968241E0,9.188618492307E-1,
-5.932431744815E0));
#1637=CARTESIAN_POINT('',(-7.547333113100E-1,1.000111849231E0,
-6.376709009755E0));
#1638=CARTESIAN_POINT('',(-3.774297187105E0,1.081361849231E0,
-5.194874429559E0));
#1639=CARTESIAN_POINT('',(-5.831385241606E0,1.162611849231E0,
-2.688305417589E0));
#1640=CARTESIAN_POINT('',(-6.401423463464E0,1.243861849231E0,
5.038029531983E-1));
#1641=CARTESIAN_POINT('',(-5.339047588656E0,1.325111849231E0,3.567437545234E0));
#1642=CARTESIAN_POINT('',(-2.915171939913E0,1.406361849231E0,5.721347074838E0));
#1643=CARTESIAN_POINT('',(2.520958331178E-1,1.487611849231E0,6.416267410342E0));
#1644=CARTESIAN_POINT('',(3.355077155645E0,1.568861849231E0,5.474988316878E0));
#1645=CARTESIAN_POINT('',(5.602487010287E0,1.650111849231E0,3.137543480138E0));
#1646=CARTESIAN_POINT('',(6.421217936671E0,1.731361849231E0,
-1.154631945610E-14));
#1647=CARTESIAN_POINT('',(5.602487010287E0,1.812611849231E0,-3.137543480138E0));
#1648=CARTESIAN_POINT('',(3.355077155645E0,1.893861849231E0,-5.474988316878E0));
#1649=CARTESIAN_POINT('',(2.520958331179E-1,1.975111849231E0,
-6.416267410342E0));
#1650=CARTESIAN_POINT('',(-2.915171939913E0,2.056361849231E0,
-5.721347074838E0));
#1651=CARTESIAN_POINT('',(-5.339047588656E0,2.137611849231E0,
-3.567437545234E0));
#1652=CARTESIAN_POINT('',(-6.401423463464E0,2.218861849231E0,
-5.038029531983E-1));
#1653=CARTESIAN_POINT('',(-5.831385241606E0,2.300111849231E0,2.688305417589E0));
#1654=CARTESIAN_POINT('',(-3.774297187105E0,2.381361849231E0,5.194874429559E0));
#1655=CARTESIAN_POINT('',(-7.547333113100E-1,2.462611849231E0,
6.376709009755E0));
#1656=CARTESIAN_POINT('',(2.457293968241E0,2.543861849231E0,5.932431744815E0));
#1657=CARTESIAN_POINT('',(5.042690235979E0,2.625111849231E0,3.975337472851E0));
#1658=CARTESIAN_POINT('',(6.342165546450E0,2.706361849231E0,1.004498669263E0));
#1659=CARTESIAN_POINT('',(6.024318128892E0,2.787611849231E0,-2.222488861887E0));
#1660=CARTESIAN_POINT('',(4.170295620338E0,2.868861849231E0,-4.882748074720E0));
#1661=CARTESIAN_POINT('',(1.252537726501E0,2.950111849231E0,-6.297777630719E0));
#1662=CARTESIAN_POINT('',(-9.048838488221E-1,3.004278515897E0,
-6.170698628422E0));
#1663=CARTESIAN_POINT('',(-1.899931543659E0,3.031361849231E0,
-5.847388033679E0));
#1664=B_SPLINE_SURFACE_WITH_KNOTS('',3,3,((#1524,#1525,#1526,#1527,#1528,#1529,
#1530,#1531,#1532,#1533,#1534,#1535,#1536,#1537,#1538,#1539,#1540,#1541,#1542,
#1543,#1544,#1545,#1546,#1547,#1548,#1549,#1550,#1551,#1552,#1553,#1554,#1555,
#1556,#1557,#1558),(#1559,#1560,#1561,#1562,#1563,#1564,#1565,#1566,#1567,#1568,
#1569,#1570,#1571,#1572,#1573,#1574,#1575,#1576,#1577,#1578,#1579,#1580,#1581,
#1582,#1583,#1584,#1585,#1586,#1587,#1588,#1589,#1590,#1591,#1592,#1593),(#1594,
#1595,#1596,#1597,#1598,#1599,#1600,#1601,#1602,#1603,#1604,#1605,#1606,#1607,
#1608,#1609,#1610,#1611,#1612,#1613,#1614,#1615,#1616,#1617,#1618,#1619,#1620,
#1621,#1622,#1623,#1624,#1625,#1626,#1627,#1628),(#1629,#1630,#1631,#1632,#1633,
#1634,#1635,#1636,#1637,#1638,#1639,#1640,#1641,#1642,#1643,#1644,#1645,#1646,
#1647,#1648,#1649,#1650,#1651,#1652,#1653,#1654,#1655,#1656,#1657,#1658,#1659,
#1660,#1661,#1662,#1663)),.UNSPECIFIED.,.F.,.F.,.F.,(4,4),(4,1,1,1,1,1,1,1,1,1,
1,1,1,1,1,1,1,1,1,1,1,1,1,1,1,1,1,1,1,1,1,1,4),(-3.727630153857E-2,
1.037276301539E0),(-2.E-2,1.25E-2,4.5E-2,7.75E-2,1.1E-1,1.425E-1,1.75E-1,
2.075E-1,2.4E-1,2.725E-1,3.05E-1,3.375E-1,3.7E-1,4.025E-1,4.35E-1,4.675E-1,
5.E-1,5.325E-1,5.65E-1,5.975E-1,6.3E-1,6.625E-1,6.95E-1,7.275E-1,7.6E-1,
7.925E-1,8.25E-1,8.575E-1,8.9E-1,9.225E-1,9.55E-1,9.875E-1,1.02E0),
.UNSPECIFIED.);
#1665=ORIENTED_EDGE('',*,*,#1502,.T.);
#1667=ORIENTED_EDGE('',*,*,#1666,.T.);
#1668=ORIENTED_EDGE('',*,*,#1512,.T.);
#1670=ORIENTED_EDGE('',*,*,#1669,.F.);
#1672=ORIENTED_EDGE('',*,*,#1671,.F.);
#1674=ORIENTED_EDGE('',*,*,#1673,.F.);
#1676=ORIENTED_EDGE('',*,*,#1675,.T.);
#1677=ORIENTED_EDGE('',*,*,#1508,.T.);
#1678=ORIENTED_EDGE('',*,*,#1506,.F.);
#1679=ORIENTED_EDGE('',*,*,#1504,.F.);
#1680=EDGE_LOOP('',(#1665,#1667,#1668,#1670,#1672,#1674,#1676,#1677,#1678,
#1679));
#1681=FACE_OUTER_BOUND('',#1680,.F.);
#1682=ADVANCED_FACE('',(#1681),#1664,.F.);
#1683=CARTESIAN_POINT('',(0.E0,0.E0,5.25E0));
#1684=DIRECTION('',(1.E0,0.E0,0.E0));
#1685=DIRECTION('',(0.E0,0.E0,-1.E0));
#1686=AXIS2_PLACEMENT_3D('',#1683,#1684,#1685);
#1687=PLANE('',#1686);
#1688=ORIENTED_EDGE('',*,*,#1337,.T.);
#1690=ORIENTED_EDGE('',*,*,#1689,.T.);
#1691=ORIENTED_EDGE('',*,*,#1514,.F.);
#1692=ORIENTED_EDGE('',*,*,#1666,.F.);
#1693=EDGE_LOOP('',(#1688,#1690,#1691,#1692));
#1694=FACE_OUTER_BOUND('',#1693,.F.);
#1695=ADVANCED_FACE('',(#1694),#1687,.T.);
#1696=CARTESIAN_POINT('',(0.E0,2.500000002085E-1,0.E0));
#1697=DIRECTION('',(0.E0,-1.E0,0.E0));
#1698=DIRECTION('',(0.E0,0.E0,-1.E0));
#1699=AXIS2_PLACEMENT_3D('',#1696,#1697,#1698);
#1700=CONICAL_SURFACE('',#1699,5.499999999791E0,4.5E1);
#1701=ORIENTED_EDGE('',*,*,#1689,.F.);
#1702=ORIENTED_EDGE('',*,*,#1335,.F.);
#1704=ORIENTED_EDGE('',*,*,#1703,.F.);
#1705=ORIENTED_EDGE('',*,*,#1145,.T.);
#1707=ORIENTED_EDGE('',*,*,#1706,.T.);
#1708=ORIENTED_EDGE('',*,*,#1516,.F.);
#1709=EDGE_LOOP('',(#1701,#1702,#1704,#1705,#1707,#1708));
#1710=FACE_OUTER_BOUND('',#1709,.F.);
#1711=ADVANCED_FACE('',(#1710),#1700,.F.);
#1712=CARTESIAN_POINT('',(0.E0,2.500000001148E-1,0.E0));
#1713=DIRECTION('',(0.E0,-1.E0,0.E0));
#1714=DIRECTION('',(0.E0,0.E0,-1.E0));
#1715=AXIS2_PLACEMENT_3D('',#1712,#1713,#1714);
#1716=CONICAL_SURFACE('',#1715,5.499999999885E0,4.5E1);
#1717=ORIENTED_EDGE('',*,*,#1518,.F.);
#1718=ORIENTED_EDGE('',*,*,#1706,.F.);
#1719=ORIENTED_EDGE('',*,*,#1147,.T.);
#1720=ORIENTED_EDGE('',*,*,#1703,.T.);
#1721=ORIENTED_EDGE('',*,*,#1333,.F.);
#1722=EDGE_LOOP('',(#1717,#1718,#1719,#1720,#1721));
#1723=FACE_OUTER_BOUND('',#1722,.F.);
#1724=ADVANCED_FACE('',(#1723),#1716,.F.);
#1725=CARTESIAN_POINT('',(1.612363464608E0,3.468638150769E0,-4.962344490967E0));
#1726=CARTESIAN_POINT('',(7.679232772486E-1,3.495721484103E0,
-5.236719740130E0));
#1727=CARTESIAN_POINT('',(-1.062957281274E0,3.549888150769E0,
-5.344564436486E0));
#1728=CARTESIAN_POINT('',(-3.539091877963E0,3.631138150769E0,
-4.143709613559E0));
#1729=CARTESIAN_POINT('',(-5.112494964684E0,3.712388150769E0,
-1.886099450986E0));
#1730=CARTESIAN_POINT('',(-5.382233927176E0,3.793638150769E0,
8.524606899513E-1));
#1731=CARTESIAN_POINT('',(-4.279443397297E0,3.874888150769E0,3.373642025211E0));
#1732=CARTESIAN_POINT('',(-2.085365143506E0,3.956138150769E0,5.034516234832E0));
#1733=CARTESIAN_POINT('',(6.404990857383E-1,4.037388150769E0,5.411548992952E0));
#1734=CARTESIAN_POINT('',(3.203030608851E0,4.118638150769E0,4.408593436644E0));
#1735=CARTESIAN_POINT('',(4.948763834676E0,4.199888150769E0,2.281411375844E0));
#1736=CARTESIAN_POINT('',(5.432522739265E0,4.281138150769E0,
-4.275488123821E-1));
#1737=CARTESIAN_POINT('',(4.530944968246E0,4.362388150769E0,-3.027480637081E0));
#1738=CARTESIAN_POINT('',(2.473940045184E0,4.443638150769E0,-4.855380722847E0));
#1739=CARTESIAN_POINT('',(-2.139393454758E-1,4.524888150769E0,
-5.445119949779E0));
#1740=CARTESIAN_POINT('',(-2.847262494671E0,4.606138150769E0,
-4.646310105620E0));
#1741=CARTESIAN_POINT('',(-4.754510969870E0,4.687388150769E0,
-2.662654079763E0));
#1742=CARTESIAN_POINT('',(-5.449321178928E0,4.768638150769E0,0.E0));
#1743=CARTESIAN_POINT('',(-4.754510969870E0,4.849888150769E0,2.662654079763E0));
#1744=CARTESIAN_POINT('',(-2.847262494671E0,4.931138150769E0,4.646310105620E0));
#1745=CARTESIAN_POINT('',(-2.139393454758E-1,5.012388150769E0,
5.445119949779E0));
#1746=CARTESIAN_POINT('',(2.473940045184E0,5.093638150769E0,4.855380722847E0));
#1747=CARTESIAN_POINT('',(4.530944968246E0,5.174888150769E0,3.027480637081E0));
#1748=CARTESIAN_POINT('',(5.432522739265E0,5.256138150769E0,4.275488123821E-1));
#1749=CARTESIAN_POINT('',(4.948763834676E0,5.337388150769E0,-2.281411375844E0));
#1750=CARTESIAN_POINT('',(3.203030608851E0,5.418638150769E0,-4.408593436644E0));
#1751=CARTESIAN_POINT('',(6.404990857383E-1,5.499888150769E0,
-5.411548992952E0));
#1752=CARTESIAN_POINT('',(-2.085365143506E0,5.581138150769E0,
-5.034516234832E0));
#1753=CARTESIAN_POINT('',(-4.279443397297E0,5.662388150769E0,
-3.373642025211E0));
#1754=CARTESIAN_POINT('',(-5.382233927176E0,5.743638150769E0,
-8.524606899513E-1));
#1755=CARTESIAN_POINT('',(-5.112494964684E0,5.824888150769E0,1.886099450986E0));
#1756=CARTESIAN_POINT('',(-3.539091877963E0,5.906138150769E0,4.143709613559E0));
#1757=CARTESIAN_POINT('',(-1.062957281274E0,5.987388150769E0,5.344564436486E0));
#1758=CARTESIAN_POINT('',(7.679232772486E-1,6.041554817436E0,5.236719740130E0));
#1759=CARTESIAN_POINT('',(1.612363464608E0,6.068638150769E0,4.962344490967E0));
#1760=CARTESIAN_POINT('',(1.708219490958E0,3.289546050256E0,-5.257359005204E0));
#1761=CARTESIAN_POINT('',(8.135768011064E-1,3.316629383590E0,
-5.548046036228E0));
#1762=CARTESIAN_POINT('',(-1.126150763016E0,3.370796050256E0,
-5.662302167897E0));
#1763=CARTESIAN_POINT('',(-3.749493125421E0,3.452046050256E0,
-4.390055767280E0));
#1764=CARTESIAN_POINT('',(-5.416436019420E0,3.533296050256E0,
-1.998229254619E0));
#1765=CARTESIAN_POINT('',(-5.702211133601E0,3.614546050256E0,
9.031400163887E-1));
#1766=CARTESIAN_POINT('',(-4.533859010191E0,3.695796050256E0,3.574207174424E0));
#1767=CARTESIAN_POINT('',(-2.209341418417E0,3.777046050256E0,5.333821404827E0));
#1768=CARTESIAN_POINT('',(6.785771609289E-1,3.858296050256E0,5.733268998553E0));
#1769=CARTESIAN_POINT('',(3.393452801603E0,3.939546050256E0,4.670687100949E0));
#1770=CARTESIAN_POINT('',(5.242970970320E0,4.020796050256E0,2.417042723092E0));
#1771=CARTESIAN_POINT('',(5.755489647332E0,4.102046050256E0,
-4.529668593208E-1));
#1772=CARTESIAN_POINT('',(4.800312508382E0,4.183296050256E0,-3.207466273132E0));
#1773=CARTESIAN_POINT('',(2.621017343427E0,4.264546050256E0,-5.144036173511E0));
#1774=CARTESIAN_POINT('',(-2.266581746898E-1,4.345796050256E0,
-5.768835769967E0));
#1775=CARTESIAN_POINT('',(-3.016534048329E0,4.427046050256E0,
-4.922536176040E0));
#1776=CARTESIAN_POINT('',(-5.037169650009E0,4.508296050256E0,
-2.820950546554E0));
#1777=CARTESIAN_POINT('',(-5.773286764842E0,4.589546050256E0,0.E0));
#1778=CARTESIAN_POINT('',(-5.037169650009E0,4.670796050256E0,2.820950546554E0));
#1779=CARTESIAN_POINT('',(-3.016534048329E0,4.752046050256E0,4.922536176040E0));
#1780=CARTESIAN_POINT('',(-2.266581746898E-1,4.833296050256E0,
5.768835769967E0));
#1781=CARTESIAN_POINT('',(2.621017343427E0,4.914546050256E0,5.144036173511E0));
#1782=CARTESIAN_POINT('',(4.800312508382E0,4.995796050256E0,3.207466273132E0));
#1783=CARTESIAN_POINT('',(5.755489647332E0,5.077046050256E0,4.529668593208E-1));
#1784=CARTESIAN_POINT('',(5.242970970320E0,5.158296050256E0,-2.417042723092E0));
#1785=CARTESIAN_POINT('',(3.393452801603E0,5.239546050256E0,-4.670687100949E0));
#1786=CARTESIAN_POINT('',(6.785771609289E-1,5.320796050256E0,
-5.733268998553E0));
#1787=CARTESIAN_POINT('',(-2.209341418417E0,5.402046050256E0,
-5.333821404827E0));
#1788=CARTESIAN_POINT('',(-4.533859010191E0,5.483296050256E0,
-3.574207174424E0));
#1789=CARTESIAN_POINT('',(-5.702211133601E0,5.564546050256E0,
-9.031400163887E-1));
#1790=CARTESIAN_POINT('',(-5.416436019420E0,5.645796050256E0,1.998229254619E0));
#1791=CARTESIAN_POINT('',(-3.749493125421E0,5.727046050256E0,4.390055767280E0));
#1792=CARTESIAN_POINT('',(-1.126150763016E0,5.808296050256E0,5.662302167897E0));
#1793=CARTESIAN_POINT('',(8.135768011064E-1,5.862462716923E0,5.548046036228E0));
#1794=CARTESIAN_POINT('',(1.708219490958E0,5.889546050256E0,5.257359005204E0));
#1795=CARTESIAN_POINT('',(1.804075517309E0,3.110453949744E0,-5.552373519441E0));
#1796=CARTESIAN_POINT('',(8.592303249643E-1,3.137537283077E0,
-5.859372332325E0));
#1797=CARTESIAN_POINT('',(-1.189344244759E0,3.191703949744E0,
-5.980039899308E0));
#1798=CARTESIAN_POINT('',(-3.959894372880E0,3.272953949744E0,-4.636401921E0));
#1799=CARTESIAN_POINT('',(-5.720377074156E0,3.354203949744E0,
-2.110359058253E0));
#1800=CARTESIAN_POINT('',(-6.022188340025E0,3.435453949744E0,
9.538193428261E-1));
#1801=CARTESIAN_POINT('',(-4.788274623085E0,3.516703949744E0,3.774772323637E0));
#1802=CARTESIAN_POINT('',(-2.333317693329E0,3.597953949744E0,5.633126574821E0));
#1803=CARTESIAN_POINT('',(7.166552361194E-1,3.679203949744E0,6.054989004154E0));
#1804=CARTESIAN_POINT('',(3.583874994354E0,3.760453949744E0,4.932780765254E0));
#1805=CARTESIAN_POINT('',(5.537178105963E0,3.841703949744E0,2.552674070340E0));
#1806=CARTESIAN_POINT('',(6.078456555398E0,3.922953949744E0,
-4.783849062596E-1));
#1807=CARTESIAN_POINT('',(5.069680048519E0,4.004203949744E0,-3.387451909183E0));
#1808=CARTESIAN_POINT('',(2.768094641670E0,4.085453949744E0,-5.432691624174E0));
#1809=CARTESIAN_POINT('',(-2.393770039038E-1,4.166703949744E0,
-6.092551590154E0));
#1810=CARTESIAN_POINT('',(-3.185805601987E0,4.247953949744E0,
-5.198762246459E0));
#1811=CARTESIAN_POINT('',(-5.319828330148E0,4.329203949744E0,
-2.979247013346E0));
#1812=CARTESIAN_POINT('',(-6.097252350756E0,4.410453949744E0,0.E0));
#1813=CARTESIAN_POINT('',(-5.319828330148E0,4.491703949744E0,2.979247013346E0));
#1814=CARTESIAN_POINT('',(-3.185805601987E0,4.572953949744E0,5.198762246459E0));
#1815=CARTESIAN_POINT('',(-2.393770039038E-1,4.654203949744E0,
6.092551590154E0));
#1816=CARTESIAN_POINT('',(2.768094641670E0,4.735453949744E0,5.432691624174E0));
#1817=CARTESIAN_POINT('',(5.069680048519E0,4.816703949744E0,3.387451909183E0));
#1818=CARTESIAN_POINT('',(6.078456555398E0,4.897953949744E0,4.783849062596E-1));
#1819=CARTESIAN_POINT('',(5.537178105963E0,4.979203949744E0,-2.552674070340E0));
#1820=CARTESIAN_POINT('',(3.583874994354E0,5.060453949744E0,-4.932780765254E0));
#1821=CARTESIAN_POINT('',(7.166552361194E-1,5.141703949744E0,
-6.054989004154E0));
#1822=CARTESIAN_POINT('',(-2.333317693329E0,5.222953949744E0,
-5.633126574821E0));
#1823=CARTESIAN_POINT('',(-4.788274623085E0,5.304203949744E0,
-3.774772323637E0));
#1824=CARTESIAN_POINT('',(-6.022188340025E0,5.385453949744E0,
-9.538193428261E-1));
#1825=CARTESIAN_POINT('',(-5.720377074156E0,5.466703949744E0,2.110359058253E0));
#1826=CARTESIAN_POINT('',(-3.959894372880E0,5.547953949744E0,4.636401921E0));
#1827=CARTESIAN_POINT('',(-1.189344244759E0,5.629203949744E0,5.980039899308E0));
#1828=CARTESIAN_POINT('',(8.592303249643E-1,5.683370616410E0,5.859372332325E0));
#1829=CARTESIAN_POINT('',(1.804075517309E0,5.710453949744E0,5.552373519441E0));
#1830=CARTESIAN_POINT('',(1.899931543659E0,2.931361849231E0,-5.847388033679E0));
#1831=CARTESIAN_POINT('',(9.048838488221E-1,2.958445182564E0,
-6.170698628422E0));
#1832=CARTESIAN_POINT('',(-1.252537726501E0,3.012611849231E0,
-6.297777630719E0));
#1833=CARTESIAN_POINT('',(-4.170295620338E0,3.093861849231E0,
-4.882748074720E0));
#1834=CARTESIAN_POINT('',(-6.024318128892E0,3.175111849231E0,
-2.222488861887E0));
#1835=CARTESIAN_POINT('',(-6.342165546450E0,3.256361849231E0,1.004498669263E0));
#1836=CARTESIAN_POINT('',(-5.042690235979E0,3.337611849231E0,3.975337472851E0));
#1837=CARTESIAN_POINT('',(-2.457293968241E0,3.418861849231E0,5.932431744815E0));
#1838=CARTESIAN_POINT('',(7.547333113100E-1,3.500111849231E0,6.376709009755E0));
#1839=CARTESIAN_POINT('',(3.774297187105E0,3.581361849231E0,5.194874429559E0));
#1840=CARTESIAN_POINT('',(5.831385241606E0,3.662611849231E0,2.688305417589E0));
#1841=CARTESIAN_POINT('',(6.401423463464E0,3.743861849231E0,
-5.038029531983E-1));
#1842=CARTESIAN_POINT('',(5.339047588656E0,3.825111849231E0,-3.567437545234E0));
#1843=CARTESIAN_POINT('',(2.915171939913E0,3.906361849231E0,-5.721347074838E0));
#1844=CARTESIAN_POINT('',(-2.520958331178E-1,3.987611849231E0,
-6.416267410342E0));
#1845=CARTESIAN_POINT('',(-3.355077155645E0,4.068861849231E0,
-5.474988316878E0));
#1846=CARTESIAN_POINT('',(-5.602487010287E0,4.150111849231E0,
-3.137543480138E0));
#1847=CARTESIAN_POINT('',(-6.421217936671E0,4.231361849231E0,0.E0));
#1848=CARTESIAN_POINT('',(-5.602487010287E0,4.312611849231E0,3.137543480138E0));
#1849=CARTESIAN_POINT('',(-3.355077155645E0,4.393861849231E0,5.474988316878E0));
#1850=CARTESIAN_POINT('',(-2.520958331179E-1,4.475111849231E0,
6.416267410342E0));
#1851=CARTESIAN_POINT('',(2.915171939913E0,4.556361849231E0,5.721347074838E0));
#1852=CARTESIAN_POINT('',(5.339047588656E0,4.637611849231E0,3.567437545234E0));
#1853=CARTESIAN_POINT('',(6.401423463464E0,4.718861849231E0,5.038029531983E-1));
#1854=CARTESIAN_POINT('',(5.831385241606E0,4.800111849231E0,-2.688305417589E0));
#1855=CARTESIAN_POINT('',(3.774297187105E0,4.881361849231E0,-5.194874429559E0));
#1856=CARTESIAN_POINT('',(7.547333113100E-1,4.962611849231E0,
-6.376709009755E0));
#1857=CARTESIAN_POINT('',(-2.457293968241E0,5.043861849231E0,
-5.932431744815E0));
#1858=CARTESIAN_POINT('',(-5.042690235979E0,5.125111849231E0,
-3.975337472851E0));
#1859=CARTESIAN_POINT('',(-6.342165546450E0,5.206361849231E0,
-1.004498669263E0));
#1860=CARTESIAN_POINT('',(-6.024318128892E0,5.287611849231E0,2.222488861887E0));
#1861=CARTESIAN_POINT('',(-4.170295620338E0,5.368861849231E0,4.882748074720E0));
#1862=CARTESIAN_POINT('',(-1.252537726501E0,5.450111849231E0,6.297777630719E0));
#1863=CARTESIAN_POINT('',(9.048838488221E-1,5.504278515897E0,6.170698628422E0));
#1864=CARTESIAN_POINT('',(1.899931543659E0,5.531361849231E0,5.847388033679E0));
#1865=B_SPLINE_SURFACE_WITH_KNOTS('',3,3,((#1725,#1726,#1727,#1728,#1729,#1730,
#1731,#1732,#1733,#1734,#1735,#1736,#1737,#1738,#1739,#1740,#1741,#1742,#1743,
#1744,#1745,#1746,#1747,#1748,#1749,#1750,#1751,#1752,#1753,#1754,#1755,#1756,
#1757,#1758,#1759),(#1760,#1761,#1762,#1763,#1764,#1765,#1766,#1767,#1768,#1769,
#1770,#1771,#1772,#1773,#1774,#1775,#1776,#1777,#1778,#1779,#1780,#1781,#1782,
#1783,#1784,#1785,#1786,#1787,#1788,#1789,#1790,#1791,#1792,#1793,#1794),(#1795,
#1796,#1797,#1798,#1799,#1800,#1801,#1802,#1803,#1804,#1805,#1806,#1807,#1808,
#1809,#1810,#1811,#1812,#1813,#1814,#1815,#1816,#1817,#1818,#1819,#1820,#1821,
#1822,#1823,#1824,#1825,#1826,#1827,#1828,#1829),(#1830,#1831,#1832,#1833,#1834,
#1835,#1836,#1837,#1838,#1839,#1840,#1841,#1842,#1843,#1844,#1845,#1846,#1847,
#1848,#1849,#1850,#1851,#1852,#1853,#1854,#1855,#1856,#1857,#1858,#1859,#1860,
#1861,#1862,#1863,#1864)),.UNSPECIFIED.,.F.,.F.,.F.,(4,4),(4,1,1,1,1,1,1,1,1,1,
1,1,1,1,1,1,1,1,1,1,1,1,1,1,1,1,1,1,1,1,1,1,4),(-3.727630153857E-2,
1.037276301539E0),(-2.E-2,1.25E-2,4.5E-2,7.75E-2,1.1E-1,1.425E-1,1.75E-1,
2.075E-1,2.4E-1,2.725E-1,3.05E-1,3.375E-1,3.7E-1,4.025E-1,4.35E-1,4.675E-1,
5.E-1,5.325E-1,5.65E-1,5.975E-1,6.3E-1,6.625E-1,6.95E-1,7.275E-1,7.6E-1,
7.925E-1,8.25E-1,8.575E-1,8.9E-1,9.225E-1,9.55E-1,9.875E-1,1.02E0),
.UNSPECIFIED.);
#1867=ORIENTED_EDGE('',*,*,#1866,.F.);
#1869=ORIENTED_EDGE('',*,*,#1868,.F.);
#1870=ORIENTED_EDGE('',*,*,#1669,.T.);
#1872=ORIENTED_EDGE('',*,*,#1871,.T.);
#1874=ORIENTED_EDGE('',*,*,#1873,.F.);
#1875=ORIENTED_EDGE('',*,*,#1354,.T.);
#1877=ORIENTED_EDGE('',*,*,#1876,.T.);
#1878=ORIENTED_EDGE('',*,*,#1347,.T.);
#1880=ORIENTED_EDGE('',*,*,#1879,.T.);
#1882=ORIENTED_EDGE('',*,*,#1881,.F.);
#1883=EDGE_LOOP('',(#1867,#1869,#1870,#1872,#1874,#1875,#1877,#1878,#1880,
#1882));
#1884=FACE_OUTER_BOUND('',#1883,.F.);
#1885=ADVANCED_FACE('',(#1884),#1865,.F.);
#1886=CARTESIAN_POINT('',(1.899931543659E0,2.968638150769E0,-5.847388033679E0));
#1887=CARTESIAN_POINT('',(9.048838488221E-1,2.995721484103E0,
-6.170698628422E0));
#1888=CARTESIAN_POINT('',(-1.252537726501E0,3.049888150769E0,
-6.297777630719E0));
#1889=CARTESIAN_POINT('',(-4.170295620338E0,3.131138150769E0,
-4.882748074720E0));
#1890=CARTESIAN_POINT('',(-6.024318128892E0,3.212388150769E0,
-2.222488861887E0));
#1891=CARTESIAN_POINT('',(-6.342165546450E0,3.293638150769E0,1.004498669263E0));
#1892=CARTESIAN_POINT('',(-5.042690235979E0,3.374888150769E0,3.975337472851E0));
#1893=CARTESIAN_POINT('',(-2.457293968241E0,3.456138150769E0,5.932431744815E0));
#1894=CARTESIAN_POINT('',(7.547333113100E-1,3.537388150769E0,6.376709009755E0));
#1895=CARTESIAN_POINT('',(3.774297187105E0,3.618638150769E0,5.194874429559E0));
#1896=CARTESIAN_POINT('',(5.831385241606E0,3.699888150769E0,2.688305417589E0));
#1897=CARTESIAN_POINT('',(6.401423463464E0,3.781138150769E0,
-5.038029531983E-1));
#1898=CARTESIAN_POINT('',(5.339047588656E0,3.862388150769E0,-3.567437545234E0));
#1899=CARTESIAN_POINT('',(2.915171939913E0,3.943638150769E0,-5.721347074838E0));
#1900=CARTESIAN_POINT('',(-2.520958331178E-1,4.024888150769E0,
-6.416267410342E0));
#1901=CARTESIAN_POINT('',(-3.355077155645E0,4.106138150769E0,
-5.474988316878E0));
#1902=CARTESIAN_POINT('',(-5.602487010287E0,4.187388150769E0,
-3.137543480138E0));
#1903=CARTESIAN_POINT('',(-6.421217936671E0,4.268638150769E0,0.E0));
#1904=CARTESIAN_POINT('',(-5.602487010287E0,4.349888150769E0,3.137543480138E0));
#1905=CARTESIAN_POINT('',(-3.355077155645E0,4.431138150769E0,5.474988316878E0));
#1906=CARTESIAN_POINT('',(-2.520958331179E-1,4.512388150769E0,
6.416267410342E0));
#1907=CARTESIAN_POINT('',(2.915171939913E0,4.593638150769E0,5.721347074838E0));
#1908=CARTESIAN_POINT('',(5.339047588656E0,4.674888150769E0,3.567437545234E0));
#1909=CARTESIAN_POINT('',(6.401423463464E0,4.756138150769E0,5.038029531983E-1));
#1910=CARTESIAN_POINT('',(5.831385241606E0,4.837388150769E0,-2.688305417589E0));
#1911=CARTESIAN_POINT('',(3.774297187105E0,4.918638150769E0,-5.194874429559E0));
#1912=CARTESIAN_POINT('',(7.547333113100E-1,4.999888150769E0,
-6.376709009755E0));
#1913=CARTESIAN_POINT('',(-2.457293968241E0,5.081138150769E0,
-5.932431744815E0));
#1914=CARTESIAN_POINT('',(-5.042690235979E0,5.162388150769E0,
-3.975337472851E0));
#1915=CARTESIAN_POINT('',(-6.342165546450E0,5.243638150769E0,
-1.004498669263E0));
#1916=CARTESIAN_POINT('',(-6.024318128892E0,5.324888150769E0,2.222488861887E0));
#1917=CARTESIAN_POINT('',(-4.170295620338E0,5.406138150769E0,4.882748074720E0));
#1918=CARTESIAN_POINT('',(-1.252537726501E0,5.487388150769E0,6.297777630719E0));
#1919=CARTESIAN_POINT('',(9.048838488221E-1,5.541554817436E0,6.170698628422E0));
#1920=CARTESIAN_POINT('',(1.899931543659E0,5.568638150769E0,5.847388033679E0));
#1921=CARTESIAN_POINT('',(1.804075517309E0,2.789546050256E0,-5.552373519441E0));
#1922=CARTESIAN_POINT('',(8.592303249643E-1,2.816629383590E0,
-5.859372332325E0));
#1923=CARTESIAN_POINT('',(-1.189344244759E0,2.870796050256E0,
-5.980039899308E0));
#1924=CARTESIAN_POINT('',(-3.959894372880E0,2.952046050256E0,-4.636401921E0));
#1925=CARTESIAN_POINT('',(-5.720377074156E0,3.033296050256E0,
-2.110359058253E0));
#1926=CARTESIAN_POINT('',(-6.022188340025E0,3.114546050256E0,
9.538193428261E-1));
#1927=CARTESIAN_POINT('',(-4.788274623085E0,3.195796050256E0,3.774772323637E0));
#1928=CARTESIAN_POINT('',(-2.333317693329E0,3.277046050256E0,5.633126574821E0));
#1929=CARTESIAN_POINT('',(7.166552361194E-1,3.358296050256E0,6.054989004154E0));
#1930=CARTESIAN_POINT('',(3.583874994354E0,3.439546050256E0,4.932780765254E0));
#1931=CARTESIAN_POINT('',(5.537178105963E0,3.520796050256E0,2.552674070340E0));
#1932=CARTESIAN_POINT('',(6.078456555398E0,3.602046050256E0,
-4.783849062596E-1));
#1933=CARTESIAN_POINT('',(5.069680048519E0,3.683296050256E0,-3.387451909183E0));
#1934=CARTESIAN_POINT('',(2.768094641670E0,3.764546050256E0,-5.432691624174E0));
#1935=CARTESIAN_POINT('',(-2.393770039038E-1,3.845796050256E0,
-6.092551590154E0));
#1936=CARTESIAN_POINT('',(-3.185805601987E0,3.927046050256E0,
-5.198762246459E0));
#1937=CARTESIAN_POINT('',(-5.319828330148E0,4.008296050256E0,
-2.979247013346E0));
#1938=CARTESIAN_POINT('',(-6.097252350756E0,4.089546050256E0,0.E0));
#1939=CARTESIAN_POINT('',(-5.319828330148E0,4.170796050256E0,2.979247013346E0));
#1940=CARTESIAN_POINT('',(-3.185805601987E0,4.252046050256E0,5.198762246459E0));
#1941=CARTESIAN_POINT('',(-2.393770039038E-1,4.333296050256E0,
6.092551590154E0));
#1942=CARTESIAN_POINT('',(2.768094641670E0,4.414546050256E0,5.432691624174E0));
#1943=CARTESIAN_POINT('',(5.069680048519E0,4.495796050256E0,3.387451909183E0));
#1944=CARTESIAN_POINT('',(6.078456555398E0,4.577046050256E0,4.783849062596E-1));
#1945=CARTESIAN_POINT('',(5.537178105963E0,4.658296050256E0,-2.552674070340E0));
#1946=CARTESIAN_POINT('',(3.583874994354E0,4.739546050256E0,-4.932780765254E0));
#1947=CARTESIAN_POINT('',(7.166552361194E-1,4.820796050256E0,
-6.054989004154E0));
#1948=CARTESIAN_POINT('',(-2.333317693329E0,4.902046050256E0,
-5.633126574821E0));
#1949=CARTESIAN_POINT('',(-4.788274623085E0,4.983296050256E0,
-3.774772323637E0));
#1950=CARTESIAN_POINT('',(-6.022188340025E0,5.064546050256E0,
-9.538193428261E-1));
#1951=CARTESIAN_POINT('',(-5.720377074156E0,5.145796050256E0,2.110359058253E0));
#1952=CARTESIAN_POINT('',(-3.959894372880E0,5.227046050256E0,4.636401921E0));
#1953=CARTESIAN_POINT('',(-1.189344244759E0,5.308296050256E0,5.980039899308E0));
#1954=CARTESIAN_POINT('',(8.592303249643E-1,5.362462716923E0,5.859372332325E0));
#1955=CARTESIAN_POINT('',(1.804075517309E0,5.389546050256E0,5.552373519441E0));
#1956=CARTESIAN_POINT('',(1.708219490958E0,2.610453949744E0,-5.257359005204E0));
#1957=CARTESIAN_POINT('',(8.135768011064E-1,2.637537283077E0,
-5.548046036228E0));
#1958=CARTESIAN_POINT('',(-1.126150763016E0,2.691703949744E0,
-5.662302167897E0));
#1959=CARTESIAN_POINT('',(-3.749493125421E0,2.772953949744E0,
-4.390055767280E0));
#1960=CARTESIAN_POINT('',(-5.416436019420E0,2.854203949744E0,
-1.998229254619E0));
#1961=CARTESIAN_POINT('',(-5.702211133601E0,2.935453949744E0,
9.031400163887E-1));
#1962=CARTESIAN_POINT('',(-4.533859010191E0,3.016703949744E0,3.574207174424E0));
#1963=CARTESIAN_POINT('',(-2.209341418417E0,3.097953949744E0,5.333821404827E0));
#1964=CARTESIAN_POINT('',(6.785771609289E-1,3.179203949744E0,5.733268998553E0));
#1965=CARTESIAN_POINT('',(3.393452801603E0,3.260453949744E0,4.670687100949E0));
#1966=CARTESIAN_POINT('',(5.242970970320E0,3.341703949744E0,2.417042723092E0));
#1967=CARTESIAN_POINT('',(5.755489647332E0,3.422953949744E0,
-4.529668593208E-1));
#1968=CARTESIAN_POINT('',(4.800312508382E0,3.504203949744E0,-3.207466273132E0));
#1969=CARTESIAN_POINT('',(2.621017343427E0,3.585453949744E0,-5.144036173511E0));
#1970=CARTESIAN_POINT('',(-2.266581746898E-1,3.666703949744E0,
-5.768835769967E0));
#1971=CARTESIAN_POINT('',(-3.016534048329E0,3.747953949744E0,
-4.922536176040E0));
#1972=CARTESIAN_POINT('',(-5.037169650009E0,3.829203949744E0,
-2.820950546554E0));
#1973=CARTESIAN_POINT('',(-5.773286764842E0,3.910453949744E0,0.E0));
#1974=CARTESIAN_POINT('',(-5.037169650009E0,3.991703949744E0,2.820950546554E0));
#1975=CARTESIAN_POINT('',(-3.016534048329E0,4.072953949744E0,4.922536176040E0));
#1976=CARTESIAN_POINT('',(-2.266581746898E-1,4.154203949744E0,
5.768835769967E0));
#1977=CARTESIAN_POINT('',(2.621017343427E0,4.235453949744E0,5.144036173511E0));
#1978=CARTESIAN_POINT('',(4.800312508382E0,4.316703949744E0,3.207466273132E0));
#1979=CARTESIAN_POINT('',(5.755489647332E0,4.397953949744E0,4.529668593208E-1));
#1980=CARTESIAN_POINT('',(5.242970970320E0,4.479203949744E0,-2.417042723092E0));
#1981=CARTESIAN_POINT('',(3.393452801603E0,4.560453949744E0,-4.670687100949E0));
#1982=CARTESIAN_POINT('',(6.785771609289E-1,4.641703949744E0,
-5.733268998553E0));
#1983=CARTESIAN_POINT('',(-2.209341418417E0,4.722953949744E0,
-5.333821404827E0));
#1984=CARTESIAN_POINT('',(-4.533859010191E0,4.804203949744E0,
-3.574207174424E0));
#1985=CARTESIAN_POINT('',(-5.702211133601E0,4.885453949744E0,
-9.031400163887E-1));
#1986=CARTESIAN_POINT('',(-5.416436019420E0,4.966703949744E0,1.998229254619E0));
#1987=CARTESIAN_POINT('',(-3.749493125421E0,5.047953949744E0,4.390055767280E0));
#1988=CARTESIAN_POINT('',(-1.126150763016E0,5.129203949744E0,5.662302167897E0));
#1989=CARTESIAN_POINT('',(8.135768011064E-1,5.183370616410E0,5.548046036228E0));
#1990=CARTESIAN_POINT('',(1.708219490958E0,5.210453949744E0,5.257359005204E0));
#1991=CARTESIAN_POINT('',(1.612363464608E0,2.431361849231E0,-4.962344490967E0));
#1992=CARTESIAN_POINT('',(7.679232772486E-1,2.458445182564E0,
-5.236719740130E0));
#1993=CARTESIAN_POINT('',(-1.062957281274E0,2.512611849231E0,
-5.344564436486E0));
#1994=CARTESIAN_POINT('',(-3.539091877963E0,2.593861849231E0,
-4.143709613559E0));
#1995=CARTESIAN_POINT('',(-5.112494964684E0,2.675111849231E0,
-1.886099450986E0));
#1996=CARTESIAN_POINT('',(-5.382233927176E0,2.756361849231E0,
8.524606899513E-1));
#1997=CARTESIAN_POINT('',(-4.279443397297E0,2.837611849231E0,3.373642025211E0));
#1998=CARTESIAN_POINT('',(-2.085365143506E0,2.918861849231E0,5.034516234832E0));
#1999=CARTESIAN_POINT('',(6.404990857383E-1,3.000111849231E0,5.411548992952E0));
#2000=CARTESIAN_POINT('',(3.203030608851E0,3.081361849231E0,4.408593436644E0));
#2001=CARTESIAN_POINT('',(4.948763834676E0,3.162611849231E0,2.281411375844E0));
#2002=CARTESIAN_POINT('',(5.432522739265E0,3.243861849231E0,
-4.275488123821E-1));
#2003=CARTESIAN_POINT('',(4.530944968246E0,3.325111849231E0,-3.027480637081E0));
#2004=CARTESIAN_POINT('',(2.473940045184E0,3.406361849231E0,-4.855380722847E0));
#2005=CARTESIAN_POINT('',(-2.139393454758E-1,3.487611849231E0,
-5.445119949779E0));
#2006=CARTESIAN_POINT('',(-2.847262494671E0,3.568861849231E0,
-4.646310105620E0));
#2007=CARTESIAN_POINT('',(-4.754510969870E0,3.650111849231E0,
-2.662654079763E0));
#2008=CARTESIAN_POINT('',(-5.449321178928E0,3.731361849231E0,0.E0));
#2009=CARTESIAN_POINT('',(-4.754510969870E0,3.812611849231E0,2.662654079763E0));
#2010=CARTESIAN_POINT('',(-2.847262494671E0,3.893861849231E0,4.646310105620E0));
#2011=CARTESIAN_POINT('',(-2.139393454758E-1,3.975111849231E0,
5.445119949779E0));
#2012=CARTESIAN_POINT('',(2.473940045184E0,4.056361849231E0,4.855380722847E0));
#2013=CARTESIAN_POINT('',(4.530944968246E0,4.137611849231E0,3.027480637081E0));
#2014=CARTESIAN_POINT('',(5.432522739265E0,4.218861849231E0,4.275488123821E-1));
#2015=CARTESIAN_POINT('',(4.948763834676E0,4.300111849231E0,-2.281411375844E0));
#2016=CARTESIAN_POINT('',(3.203030608851E0,4.381361849231E0,-4.408593436644E0));
#2017=CARTESIAN_POINT('',(6.404990857383E-1,4.462611849231E0,
-5.411548992952E0));
#2018=CARTESIAN_POINT('',(-2.085365143506E0,4.543861849231E0,
-5.034516234832E0));
#2019=CARTESIAN_POINT('',(-4.279443397297E0,4.625111849231E0,
-3.373642025211E0));
#2020=CARTESIAN_POINT('',(-5.382233927176E0,4.706361849231E0,
-8.524606899513E-1));
#2021=CARTESIAN_POINT('',(-5.112494964684E0,4.787611849231E0,1.886099450986E0));
#2022=CARTESIAN_POINT('',(-3.539091877963E0,4.868861849231E0,4.143709613559E0));
#2023=CARTESIAN_POINT('',(-1.062957281274E0,4.950111849231E0,5.344564436486E0));
#2024=CARTESIAN_POINT('',(7.679232772486E-1,5.004278515897E0,5.236719740130E0));
#2025=CARTESIAN_POINT('',(1.612363464608E0,5.031361849231E0,4.962344490967E0));
#2026=B_SPLINE_SURFACE_WITH_KNOTS('',3,3,((#1886,#1887,#1888,#1889,#1890,#1891,
#1892,#1893,#1894,#1895,#1896,#1897,#1898,#1899,#1900,#1901,#1902,#1903,#1904,
#1905,#1906,#1907,#1908,#1909,#1910,#1911,#1912,#1913,#1914,#1915,#1916,#1917,
#1918,#1919,#1920),(#1921,#1922,#1923,#1924,#1925,#1926,#1927,#1928,#1929,#1930,
#1931,#1932,#1933,#1934,#1935,#1936,#1937,#1938,#1939,#1940,#1941,#1942,#1943,
#1944,#1945,#1946,#1947,#1948,#1949,#1950,#1951,#1952,#1953,#1954,#1955),(#1956,
#1957,#1958,#1959,#1960,#1961,#1962,#1963,#1964,#1965,#1966,#1967,#1968,#1969,
#1970,#1971,#1972,#1973,#1974,#1975,#1976,#1977,#1978,#1979,#1980,#1981,#1982,
#1983,#1984,#1985,#1986,#1987,#1988,#1989,#1990),(#1991,#1992,#1993,#1994,#1995,
#1996,#1997,#1998,#1999,#2000,#2001,#2002,#2003,#2004,#2005,#2006,#2007,#2008,
#2009,#2010,#2011,#2012,#2013,#2014,#2015,#2016,#2017,#2018,#2019,#2020,#2021,
#2022,#2023,#2024,#2025)),.UNSPECIFIED.,.F.,.F.,.F.,(4,4),(4,1,1,1,1,1,1,1,1,1,
1,1,1,1,1,1,1,1,1,1,1,1,1,1,1,1,1,1,1,1,1,1,4),(-3.727630153857E-2,
1.037276301539E0),(-2.E-2,1.25E-2,4.5E-2,7.75E-2,1.1E-1,1.425E-1,1.75E-1,
2.075E-1,2.4E-1,2.725E-1,3.05E-1,3.375E-1,3.7E-1,4.025E-1,4.35E-1,4.675E-1,
5.E-1,5.325E-1,5.65E-1,5.975E-1,6.3E-1,6.625E-1,6.95E-1,7.275E-1,7.6E-1,
7.925E-1,8.25E-1,8.575E-1,8.9E-1,9.225E-1,9.55E-1,9.875E-1,1.02E0),
.UNSPECIFIED.);
#2027=ORIENTED_EDGE('',*,*,#1673,.T.);
#2028=ORIENTED_EDGE('',*,*,#1671,.T.);
#2029=ORIENTED_EDGE('',*,*,#1868,.T.);
#2030=ORIENTED_EDGE('',*,*,#1866,.T.);
#2031=ORIENTED_EDGE('',*,*,#1881,.T.);
#2032=ORIENTED_EDGE('',*,*,#1879,.F.);
#2034=ORIENTED_EDGE('',*,*,#2033,.F.);
#2035=ORIENTED_EDGE('',*,*,#1871,.F.);
#2036=ORIENTED_EDGE('',*,*,#1510,.T.);
#2037=ORIENTED_EDGE('',*,*,#1675,.F.);
#2038=EDGE_LOOP('',(#2027,#2028,#2029,#2030,#2031,#2032,#2034,#2035,#2036,
#2037));
#2039=FACE_OUTER_BOUND('',#2038,.F.);
#2040=ADVANCED_FACE('',(#2039),#2026,.F.);
#2041=CARTESIAN_POINT('',(0.E0,5.E0,5.25E0));
#2042=DIRECTION('',(1.E0,0.E0,0.E0));
#2043=DIRECTION('',(0.E0,0.E0,-1.E0));
#2044=AXIS2_PLACEMENT_3D('',#2041,#2042,#2043);
#2045=PLANE('',#2044);
#2046=ORIENTED_EDGE('',*,*,#1356,.F.);
#2047=ORIENTED_EDGE('',*,*,#1873,.T.);
#2048=ORIENTED_EDGE('',*,*,#2033,.T.);
#2049=EDGE_LOOP('',(#2046,#2047,#2048));
#2050=FACE_OUTER_BOUND('',#2049,.F.);
#2051=ADVANCED_FACE('',(#2050),#2045,.F.);
#2052=CARTESIAN_POINT('',(0.E0,0.E0,0.E0));
#2053=DIRECTION('',(0.E0,-1.E0,0.E0));
#2054=DIRECTION('',(1.E0,0.E0,0.E0));
#2055=AXIS2_PLACEMENT_3D('',#2052,#2053,#2054);
#2056=CYLINDRICAL_SURFACE('',#2055,5.25E0);
#2057=ORIENTED_EDGE('',*,*,#1876,.F.);
#2058=ORIENTED_EDGE('',*,*,#1352,.T.);
#2059=ORIENTED_EDGE('',*,*,#1317,.T.);
#2060=ORIENTED_EDGE('',*,*,#1349,.F.);
#2061=EDGE_LOOP('',(#2057,#2058,#2059,#2060));
#2062=FACE_OUTER_BOUND('',#2061,.F.);
#2063=ADVANCED_FACE('',(#2062),#2056,.F.);
#2064=CARTESIAN_POINT('',(0.E0,1.25E1,0.E0));
#2065=DIRECTION('',(0.E0,1.E0,0.E0));
#2066=DIRECTION('',(-9.999761014411E-1,0.E0,-6.913504657694E-3));
#2067=AXIS2_PLACEMENT_3D('',#2064,#2065,#2066);
#2068=TOROIDAL_SURFACE('',#2067,5.9E0,1.E0);
#2069=ORIENTED_EDGE('',*,*,#1271,.T.);
#2070=ORIENTED_EDGE('',*,*,#1260,.T.);
#2072=ORIENTED_EDGE('',*,*,#2071,.F.);
#2073=ORIENTED_EDGE('',*,*,#1257,.F.);
#2074=EDGE_LOOP('',(#2069,#2070,#2072,#2073));
#2075=FACE_OUTER_BOUND('',#2074,.F.);
#2076=ADVANCED_FACE('',(#2075),#2068,.T.);
#2077=CARTESIAN_POINT('',(0.E0,2.E0,0.E0));
#2078=DIRECTION('',(0.E0,1.E0,0.E0));
#2079=DIRECTION('',(1.E0,0.E0,0.E0));
#2080=AXIS2_PLACEMENT_3D('',#2077,#2078,#2079);
#2081=CYLINDRICAL_SURFACE('',#2080,6.9E0);
#2082=ORIENTED_EDGE('',*,*,#2071,.T.);
#2083=ORIENTED_EDGE('',*,*,#1245,.F.);
#2084=ORIENTED_EDGE('',*,*,#1207,.F.);
#2085=ORIENTED_EDGE('',*,*,#1242,.T.);
#2086=EDGE_LOOP('',(#2082,#2083,#2084,#2085));
#2087=FACE_OUTER_BOUND('',#2086,.F.);
#2088=ADVANCED_FACE('',(#2087),#2081,.T.);
#2089=CARTESIAN_POINT('',(0.E0,0.E0,0.E0));
#2090=DIRECTION('',(0.E0,1.E0,0.E0));
#2091=DIRECTION('',(1.E0,0.E0,0.E0));
#2092=AXIS2_PLACEMENT_3D('',#2089,#2090,#2091);
#2093=CYLINDRICAL_SURFACE('',#2092,1.115E1);
#2094=ORIENTED_EDGE('',*,*,#1103,.F.);
#2096=ORIENTED_EDGE('',*,*,#2095,.F.);
#2097=ORIENTED_EDGE('',*,*,#1187,.T.);
#2099=ORIENTED_EDGE('',*,*,#2098,.T.);
#2100=EDGE_LOOP('',(#2094,#2096,#2097,#2099));
#2101=FACE_OUTER_BOUND('',#2100,.F.);
#2102=ADVANCED_FACE('',(#2101),#2093,.T.);
#2103=CARTESIAN_POINT('',(6.539304244337E0,3.10986E1,6.4E0));
#2104=DIRECTION('',(0.E0,-1.E0,0.E0));
#2105=DIRECTION('',(7.146780594903E-1,0.E0,6.994535519126E-1));
#2106=AXIS2_PLACEMENT_3D('',#2103,#2104,#2105);
#2107=CYLINDRICAL_SURFACE('',#2106,2.E0);
#2108=ORIENTED_EDGE('',*,*,#1117,.T.);
#2110=ORIENTED_EDGE('',*,*,#2109,.F.);
#2111=ORIENTED_EDGE('',*,*,#1189,.T.);
#2112=ORIENTED_EDGE('',*,*,#2095,.T.);
#2113=EDGE_LOOP('',(#2108,#2110,#2111,#2112));
#2114=FACE_OUTER_BOUND('',#2113,.F.);
#2115=ADVANCED_FACE('',(#2114),#2107,.T.);
#2116=CARTESIAN_POINT('',(-7.332291592674E0,0.E0,8.4E0));
#2117=DIRECTION('',(0.E0,0.E0,1.E0));
#2118=DIRECTION('',(1.E0,0.E0,0.E0));
#2119=AXIS2_PLACEMENT_3D('',#2116,#2117,#2118);
#2120=PLANE('',#2119);
#2121=ORIENTED_EDGE('',*,*,#1191,.T.);
#2122=ORIENTED_EDGE('',*,*,#2109,.T.);
#2123=ORIENTED_EDGE('',*,*,#1115,.T.);
#2125=ORIENTED_EDGE('',*,*,#2124,.F.);
#2126=EDGE_LOOP('',(#2121,#2122,#2123,#2125));
#2127=FACE_OUTER_BOUND('',#2126,.F.);
#2128=ADVANCED_FACE('',(#2127),#2120,.T.);
#2129=CARTESIAN_POINT('',(-6.539304244337E0,3.10986E1,6.4E0));
#2130=DIRECTION('',(0.E0,-1.E0,0.E0));
#2131=DIRECTION('',(0.E0,0.E0,1.E0));
#2132=AXIS2_PLACEMENT_3D('',#2129,#2130,#2131);
#2133=CYLINDRICAL_SURFACE('',#2132,2.E0);
#2134=ORIENTED_EDGE('',*,*,#1113,.T.);
#2136=ORIENTED_EDGE('',*,*,#2135,.F.);
#2137=ORIENTED_EDGE('',*,*,#1193,.T.);
#2138=ORIENTED_EDGE('',*,*,#2124,.T.);
#2139=EDGE_LOOP('',(#2134,#2136,#2137,#2138));
#2140=FACE_OUTER_BOUND('',#2139,.F.);
#2141=ADVANCED_FACE('',(#2140),#2133,.T.);
#2142=CARTESIAN_POINT('',(0.E0,0.E0,0.E0));
#2143=DIRECTION('',(0.E0,1.E0,0.E0));
#2144=DIRECTION('',(1.E0,0.E0,0.E0));
#2145=AXIS2_PLACEMENT_3D('',#2142,#2143,#2144);
#2146=CYLINDRICAL_SURFACE('',#2145,1.115E1);
#2148=ORIENTED_EDGE('',*,*,#2147,.F.);
#2149=ORIENTED_EDGE('',*,*,#1195,.T.);
#2150=ORIENTED_EDGE('',*,*,#2135,.T.);
#2151=ORIENTED_EDGE('',*,*,#1111,.F.);
#2152=EDGE_LOOP('',(#2148,#2149,#2150,#2151));
#2153=FACE_OUTER_BOUND('',#2152,.F.);
#2154=ADVANCED_FACE('',(#2153),#2146,.T.);
#2155=CARTESIAN_POINT('',(-6.539304244337E0,3.10986E1,-6.4E0));
#2156=DIRECTION('',(0.E0,-1.E0,0.E0));
#2157=DIRECTION('',(-7.146780594903E-1,0.E0,-6.994535519126E-1));
#2158=AXIS2_PLACEMENT_3D('',#2155,#2156,#2157);
#2159=CYLINDRICAL_SURFACE('',#2158,2.E0);
#2160=ORIENTED_EDGE('',*,*,#1109,.T.);
#2162=ORIENTED_EDGE('',*,*,#2161,.F.);
#2163=ORIENTED_EDGE('',*,*,#1197,.T.);
#2164=ORIENTED_EDGE('',*,*,#2147,.T.);
#2165=EDGE_LOOP('',(#2160,#2162,#2163,#2164));
#2166=FACE_OUTER_BOUND('',#2165,.F.);
#2167=ADVANCED_FACE('',(#2166),#2159,.T.);
#2168=CARTESIAN_POINT('',(0.E0,0.E0,-8.4E0));
#2169=DIRECTION('',(0.E0,0.E0,-1.E0));
#2170=DIRECTION('',(-1.E0,0.E0,0.E0));
#2171=AXIS2_PLACEMENT_3D('',#2168,#2169,#2170);
#2172=PLANE('',#2171);
#2173=ORIENTED_EDGE('',*,*,#1107,.T.);
#2175=ORIENTED_EDGE('',*,*,#2174,.F.);
#2176=ORIENTED_EDGE('',*,*,#1199,.T.);
#2177=ORIENTED_EDGE('',*,*,#2161,.T.);
#2178=EDGE_LOOP('',(#2173,#2175,#2176,#2177));
#2179=FACE_OUTER_BOUND('',#2178,.F.);
#2180=ADVANCED_FACE('',(#2179),#2172,.T.);
#2181=CARTESIAN_POINT('',(6.539304244337E0,3.10986E1,-6.4E0));
#2182=DIRECTION('',(0.E0,-1.E0,0.E0));
#2183=DIRECTION('',(0.E0,0.E0,-1.E0));
#2184=AXIS2_PLACEMENT_3D('',#2181,#2182,#2183);
#2185=CYLINDRICAL_SURFACE('',#2184,2.E0);
#2186=ORIENTED_EDGE('',*,*,#1105,.T.);
#2187=ORIENTED_EDGE('',*,*,#2098,.F.);
#2188=ORIENTED_EDGE('',*,*,#1201,.T.);
#2189=ORIENTED_EDGE('',*,*,#2174,.T.);
#2190=EDGE_LOOP('',(#2186,#2187,#2188,#2189));
#2191=FACE_OUTER_BOUND('',#2190,.F.);
#2192=ADVANCED_FACE('',(#2191),#2185,.T.);
#2193=CARTESIAN_POINT('',(-8.E0,1.899999998338E0,-5.E0));
#2194=DIRECTION('',(0.E0,1.E0,0.E0));
#2195=DIRECTION('',(0.E0,0.E0,-1.E0));
#2196=AXIS2_PLACEMENT_3D('',#2193,#2194,#2195);
#2197=CONICAL_SURFACE('',#2196,1.299999998338E0,4.5E1);
#2198=ORIENTED_EDGE('',*,*,#1211,.T.);
#2199=ORIENTED_EDGE('',*,*,#1177,.T.);
#2201=ORIENTED_EDGE('',*,*,#2200,.F.);
#2202=ORIENTED_EDGE('',*,*,#1174,.F.);
#2203=EDGE_LOOP('',(#2198,#2199,#2201,#2202));
#2204=FACE_OUTER_BOUND('',#2203,.F.);
#2205=ADVANCED_FACE('',(#2204),#2197,.F.);
#2206=CARTESIAN_POINT('',(-8.E0,2.E0,-5.E0));
#2207=DIRECTION('',(0.E0,1.E0,0.E0));
#2208=DIRECTION('',(1.E0,0.E0,0.E0));
#2209=AXIS2_PLACEMENT_3D('',#2206,#2207,#2208);
#2210=CYLINDRICAL_SURFACE('',#2209,1.2E0);
#2211=ORIENTED_EDGE('',*,*,#2200,.T.);
#2212=ORIENTED_EDGE('',*,*,#1162,.T.);
#2213=ORIENTED_EDGE('',*,*,#1141,.T.);
#2214=ORIENTED_EDGE('',*,*,#1159,.F.);
#2215=EDGE_LOOP('',(#2211,#2212,#2213,#2214));
#2216=FACE_OUTER_BOUND('',#2215,.F.);
#2217=ADVANCED_FACE('',(#2216),#2210,.F.);
#2218=CARTESIAN_POINT('',(-8.E0,1.899999998338E0,5.E0));
#2219=DIRECTION('',(0.E0,1.E0,0.E0));
#2220=DIRECTION('',(0.E0,0.E0,-1.E0));
#2221=AXIS2_PLACEMENT_3D('',#2218,#2219,#2220);
#2222=CONICAL_SURFACE('',#2221,1.299999998338E0,4.5E1);
#2223=ORIENTED_EDGE('',*,*,#1216,.T.);
#2225=ORIENTED_EDGE('',*,*,#2224,.T.);
#2227=ORIENTED_EDGE('',*,*,#2226,.F.);
#2229=ORIENTED_EDGE('',*,*,#2228,.F.);
#2230=EDGE_LOOP('',(#2223,#2225,#2227,#2229));
#2231=FACE_OUTER_BOUND('',#2230,.F.);
#2232=ADVANCED_FACE('',(#2231),#2222,.F.);
#2233=CARTESIAN_POINT('',(-8.E0,1.899999998338E0,5.E0));
#2234=DIRECTION('',(0.E0,1.E0,0.E0));
#2235=DIRECTION('',(0.E0,0.E0,-1.E0));
#2236=AXIS2_PLACEMENT_3D('',#2233,#2234,#2235);
#2237=CONICAL_SURFACE('',#2236,1.299999998338E0,4.5E1);
#2238=ORIENTED_EDGE('',*,*,#1218,.T.);
#2239=ORIENTED_EDGE('',*,*,#2228,.T.);
#2241=ORIENTED_EDGE('',*,*,#2240,.F.);
#2242=ORIENTED_EDGE('',*,*,#2224,.F.);
#2243=EDGE_LOOP('',(#2238,#2239,#2241,#2242));
#2244=FACE_OUTER_BOUND('',#2243,.F.);
#2245=ADVANCED_FACE('',(#2244),#2237,.F.);
#2246=CARTESIAN_POINT('',(-8.E0,2.E0,5.E0));
#2247=DIRECTION('',(0.E0,1.E0,0.E0));
#2248=DIRECTION('',(1.E0,0.E0,0.E0));
#2249=AXIS2_PLACEMENT_3D('',#2246,#2247,#2248);
#2250=CYLINDRICAL_SURFACE('',#2249,1.2E0);
#2251=ORIENTED_EDGE('',*,*,#2240,.T.);
#2253=ORIENTED_EDGE('',*,*,#2252,.T.);
#2254=ORIENTED_EDGE('',*,*,#1127,.T.);
#2256=ORIENTED_EDGE('',*,*,#2255,.F.);
#2257=EDGE_LOOP('',(#2251,#2253,#2254,#2256));
#2258=FACE_OUTER_BOUND('',#2257,.F.);
#2259=ADVANCED_FACE('',(#2258),#2250,.F.);
#2260=CARTESIAN_POINT('',(-8.E0,2.E0,5.E0));
#2261=DIRECTION('',(0.E0,1.E0,0.E0));
#2262=DIRECTION('',(1.E0,0.E0,0.E0));
#2263=AXIS2_PLACEMENT_3D('',#2260,#2261,#2262);
#2264=CYLINDRICAL_SURFACE('',#2263,1.2E0);
#2265=ORIENTED_EDGE('',*,*,#2226,.T.);
#2266=ORIENTED_EDGE('',*,*,#2255,.T.);
#2267=ORIENTED_EDGE('',*,*,#1129,.T.);
#2268=ORIENTED_EDGE('',*,*,#2252,.F.);
#2269=EDGE_LOOP('',(#2265,#2266,#2267,#2268));
#2270=FACE_OUTER_BOUND('',#2269,.F.);
#2271=ADVANCED_FACE('',(#2270),#2264,.F.);
#2272=CARTESIAN_POINT('',(8.E0,1.899999998338E0,5.E0));
#2273=DIRECTION('',(0.E0,1.E0,0.E0));
#2274=DIRECTION('',(0.E0,0.E0,-1.E0));
#2275=AXIS2_PLACEMENT_3D('',#2272,#2273,#2274);
#2276=CONICAL_SURFACE('',#2275,1.299999998338E0,4.5E1);
#2277=ORIENTED_EDGE('',*,*,#1222,.T.);
#2279=ORIENTED_EDGE('',*,*,#2278,.T.);
#2281=ORIENTED_EDGE('',*,*,#2280,.F.);
#2283=ORIENTED_EDGE('',*,*,#2282,.F.);
#2284=EDGE_LOOP('',(#2277,#2279,#2281,#2283));
#2285=FACE_OUTER_BOUND('',#2284,.F.);
#2286=ADVANCED_FACE('',(#2285),#2276,.F.);
#2287=CARTESIAN_POINT('',(8.E0,1.899999998338E0,5.E0));
#2288=DIRECTION('',(0.E0,1.E0,0.E0));
#2289=DIRECTION('',(0.E0,0.E0,-1.E0));
#2290=AXIS2_PLACEMENT_3D('',#2287,#2288,#2289);
#2291=CONICAL_SURFACE('',#2290,1.299999998338E0,4.5E1);
#2292=ORIENTED_EDGE('',*,*,#1224,.T.);
#2293=ORIENTED_EDGE('',*,*,#2282,.T.);
#2295=ORIENTED_EDGE('',*,*,#2294,.F.);
#2296=ORIENTED_EDGE('',*,*,#2278,.F.);
#2297=EDGE_LOOP('',(#2292,#2293,#2295,#2296));
#2298=FACE_OUTER_BOUND('',#2297,.F.);
#2299=ADVANCED_FACE('',(#2298),#2291,.F.);
#2300=CARTESIAN_POINT('',(8.E0,2.E0,5.E0));
#2301=DIRECTION('',(0.E0,1.E0,0.E0));
#2302=DIRECTION('',(1.E0,0.E0,0.E0));
#2303=AXIS2_PLACEMENT_3D('',#2300,#2301,#2302);
#2304=CYLINDRICAL_SURFACE('',#2303,1.2E0);
#2305=ORIENTED_EDGE('',*,*,#2294,.T.);
#2307=ORIENTED_EDGE('',*,*,#2306,.T.);
#2308=ORIENTED_EDGE('',*,*,#1133,.T.);
#2310=ORIENTED_EDGE('',*,*,#2309,.F.);
#2311=EDGE_LOOP('',(#2305,#2307,#2308,#2310));
#2312=FACE_OUTER_BOUND('',#2311,.F.);
#2313=ADVANCED_FACE('',(#2312),#2304,.F.);
#2314=CARTESIAN_POINT('',(8.E0,2.E0,5.E0));
#2315=DIRECTION('',(0.E0,1.E0,0.E0));
#2316=DIRECTION('',(1.E0,0.E0,0.E0));
#2317=AXIS2_PLACEMENT_3D('',#2314,#2315,#2316);
#2318=CYLINDRICAL_SURFACE('',#2317,1.2E0);
#2319=ORIENTED_EDGE('',*,*,#2280,.T.);
#2320=ORIENTED_EDGE('',*,*,#2309,.T.);
#2321=ORIENTED_EDGE('',*,*,#1135,.T.);
#2322=ORIENTED_EDGE('',*,*,#2306,.F.);
#2323=EDGE_LOOP('',(#2319,#2320,#2321,#2322));
#2324=FACE_OUTER_BOUND('',#2323,.F.);
#2325=ADVANCED_FACE('',(#2324),#2318,.F.);
#2326=CARTESIAN_POINT('',(8.E0,1.899999998338E0,-5.E0));
#2327=DIRECTION('',(0.E0,1.E0,0.E0));
#2328=DIRECTION('',(0.E0,0.E0,-1.E0));
#2329=AXIS2_PLACEMENT_3D('',#2326,#2327,#2328);
#2330=CONICAL_SURFACE('',#2329,1.299999998338E0,4.5E1);
#2331=ORIENTED_EDGE('',*,*,#1228,.T.);
#2333=ORIENTED_EDGE('',*,*,#2332,.T.);
#2335=ORIENTED_EDGE('',*,*,#2334,.F.);
#2337=ORIENTED_EDGE('',*,*,#2336,.F.);
#2338=EDGE_LOOP('',(#2331,#2333,#2335,#2337));
#2339=FACE_OUTER_BOUND('',#2338,.F.);
#2340=ADVANCED_FACE('',(#2339),#2330,.F.);
#2341=CARTESIAN_POINT('',(8.E0,1.899999998338E0,-5.E0));
#2342=DIRECTION('',(0.E0,1.E0,0.E0));
#2343=DIRECTION('',(0.E0,0.E0,-1.E0));
#2344=AXIS2_PLACEMENT_3D('',#2341,#2342,#2343);
#2345=CONICAL_SURFACE('',#2344,1.299999998338E0,4.5E1);
#2346=ORIENTED_EDGE('',*,*,#1230,.T.);
#2347=ORIENTED_EDGE('',*,*,#2336,.T.);
#2349=ORIENTED_EDGE('',*,*,#2348,.F.);
#2350=ORIENTED_EDGE('',*,*,#2332,.F.);
#2351=EDGE_LOOP('',(#2346,#2347,#2349,#2350));
#2352=FACE_OUTER_BOUND('',#2351,.F.);
#2353=ADVANCED_FACE('',(#2352),#2345,.F.);
#2354=CARTESIAN_POINT('',(8.E0,2.E0,-5.E0));
#2355=DIRECTION('',(0.E0,1.E0,0.E0));
#2356=DIRECTION('',(1.E0,0.E0,0.E0));
#2357=AXIS2_PLACEMENT_3D('',#2354,#2355,#2356);
#2358=CYLINDRICAL_SURFACE('',#2357,1.2E0);
#2359=ORIENTED_EDGE('',*,*,#2348,.T.);
#2361=ORIENTED_EDGE('',*,*,#2360,.T.);
#2362=ORIENTED_EDGE('',*,*,#1121,.T.);
#2364=ORIENTED_EDGE('',*,*,#2363,.F.);
#2365=EDGE_LOOP('',(#2359,#2361,#2362,#2364));
#2366=FACE_OUTER_BOUND('',#2365,.F.);
#2367=ADVANCED_FACE('',(#2366),#2358,.F.);
#2368=CARTESIAN_POINT('',(8.E0,2.E0,-5.E0));
#2369=DIRECTION('',(0.E0,1.E0,0.E0));
#2370=DIRECTION('',(1.E0,0.E0,0.E0));
#2371=AXIS2_PLACEMENT_3D('',#2368,#2369,#2370);
#2372=CYLINDRICAL_SURFACE('',#2371,1.2E0);
#2373=ORIENTED_EDGE('',*,*,#2334,.T.);
#2374=ORIENTED_EDGE('',*,*,#2363,.T.);
#2375=ORIENTED_EDGE('',*,*,#1123,.T.);
#2376=ORIENTED_EDGE('',*,*,#2360,.F.);
#2377=EDGE_LOOP('',(#2373,#2374,#2375,#2376));
#2378=FACE_OUTER_BOUND('',#2377,.F.);
#2379=ADVANCED_FACE('',(#2378),#2372,.F.);
#2380=CLOSED_SHELL('',(#1151,#1166,#1181,#1234,#1249,#1264,#1281,#1296,#1309,
#1325,#1341,#1360,#1523,#1682,#1695,#1711,#1724,#1885,#2040,#2051,#2063,#2076,
#2088,#2102,#2115,#2128,#2141,#2154,#2167,#2180,#2192,#2205,#2217,#2232,#2245,
#2259,#2271,#2286,#2299,#2313,#2325,#2340,#2353,#2367,#2379));
#2381=MANIFOLD_SOLID_BREP('',#2380);
#2383=DIMENSIONAL_EXPONENTS(0.E0,0.E0,0.E0,0.E0,0.E0,0.E0,0.E0);
#2385=PLANE_ANGLE_MEASURE_WITH_UNIT(PLANE_ANGLE_MEASURE(1.745329251994E-2),
#2384);
#2386=(CONVERSION_BASED_UNIT('DEGREE',#2385)NAMED_UNIT(*)PLANE_ANGLE_UNIT());
#2388=UNCERTAINTY_MEASURE_WITH_UNIT(LENGTH_MEASURE(3.106234207209E-3),#2382,
'closure',
'Maximum model space distance between geometric entities at asserted connectivities');
#2389=(GEOMETRIC_REPRESENTATION_CONTEXT(3)GLOBAL_UNCERTAINTY_ASSIGNED_CONTEXT((
#2388))GLOBAL_UNIT_ASSIGNED_CONTEXT((#2382,#2386,#2387))REPRESENTATION_CONTEXT(
'ID1','3'));
#2390=CARTESIAN_POINT('',(0.E0,0.E0,0.E0));
#2391=DIRECTION('',(0.E0,0.E0,1.E0));
#2392=DIRECTION('',(1.E0,0.E0,0.E0));
#2395=APPLICATION_CONTEXT(
'CONFIGURATION CONTROLLED 3D DESIGNS OF MECHANICAL PARTS AND ASSEMBLIES');
#2396=APPLICATION_PROTOCOL_DEFINITION('international standard',
'config_control_design',1994,#2395);
#2397=DESIGN_CONTEXT('',#2395,'design');
#2398=MECHANICAL_CONTEXT('',#2395,'mechanical');
#2399=PRODUCT('PRT0001','PRT0001','NOT SPECIFIED',(#2398));
#2400=PRODUCT_DEFINITION_FORMATION_WITH_SPECIFIED_SOURCE('3','LAST_VERSION',
#2399,.MADE.);
#2409=CARTESIAN_POINT('',(1.115E1,9.000000000001E-2,-8.4E0));
#2410=DIRECTION('',(0.E0,0.E0,1.E0));
#2411=DIRECTION('',(1.E0,0.E0,0.E0));
#2412=AXIS2_PLACEMENT_3D('',#2409,#2410,#2411);
#2413=ITEM_DEFINED_TRANSFORMATION('','',#2393,#2412);
#2414=(REPRESENTATION_RELATIONSHIP('','',#2394,#2406)REPRESENTATION_RELATIONSHIP_WITH_TRANSFORMATION(#2413)SHAPE_REPRESENTATION_RELATIONSHIP());
#2415=CONTEXT_DEPENDENT_SHAPE_REPRESENTATION(#2414,#2408);
#2416=CARTESIAN_POINT('',(0.E0,0.E0,4.330127018922E0));
#2417=DIRECTION('',(0.E0,0.E0,1.E0));
#2418=DIRECTION('',(0.E0,1.E0,0.E0));
#2419=AXIS2_PLACEMENT_3D('',#2416,#2417,#2418);
#2421=CARTESIAN_POINT('',(0.E0,0.E0,4.330127018922E0));
#2422=DIRECTION('',(0.E0,0.E0,1.E0));
#2423=DIRECTION('',(1.E0,0.E0,0.E0));
#2424=AXIS2_PLACEMENT_3D('',#2421,#2422,#2423);
#2426=CARTESIAN_POINT('',(0.E0,0.E0,8.688711258507E0));
#2427=DIRECTION('',(0.E0,0.E0,1.E0));
#2428=DIRECTION('',(0.E0,1.E0,0.E0));
#2429=AXIS2_PLACEMENT_3D('',#2426,#2427,#2428);
#2431=CARTESIAN_POINT('',(0.E0,0.E0,8.688711258507E0));
#2432=DIRECTION('',(0.E0,0.E0,1.E0));
#2433=DIRECTION('',(-1.E0,0.E0,0.E0));
#2434=AXIS2_PLACEMENT_3D('',#2431,#2432,#2433);
#2436=DIRECTION('',(8.431602923524E-13,0.E0,1.E0));
#2437=VECTOR('',#2436,4.358584239585E0);
#2438=CARTESIAN_POINT('',(0.E0,2.5E0,4.330127018922E0));
#2439=LINE('',#2438,#2437);
#2440=CARTESIAN_POINT('',(0.E0,0.E0,9.308884931453E0));
#2441=DIRECTION('',(0.E0,0.E0,1.E0));
#2442=DIRECTION('',(1.E0,0.E0,0.E0));
#2443=AXIS2_PLACEMENT_3D('',#2440,#2441,#2442);
#2445=CARTESIAN_POINT('',(0.E0,0.E0,8.688711258507E0));
#2446=DIRECTION('',(0.E0,0.E0,-1.E0));
#2447=DIRECTION('',(0.E0,1.E0,0.E0));
#2448=AXIS2_PLACEMENT_3D('',#2445,#2446,#2447);
#2450=CARTESIAN_POINT('',(-5.062897878716E-10,-7.5E0,8.688711258507E0));
#2451=DIRECTION('',(1.E0,-6.750530343047E-11,0.E0));
#2452=DIRECTION('',(6.750530343047E-11,1.E0,0.E0));
#2453=AXIS2_PLACEMENT_3D('',#2450,#2451,#2452);
#2455=CARTESIAN_POINT('',(0.E0,0.E0,9.308884931453E0));
#2456=DIRECTION('',(0.E0,0.E0,1.E0));
#2457=DIRECTION('',(-1.E0,0.E0,0.E0));
#2458=AXIS2_PLACEMENT_3D('',#2455,#2456,#2457);
#2460=DIRECTION('',(1.240347345892E-1,7.463652394121E-12,-9.922778767137E-1));
#2461=VECTOR('',#2460,3.719840132656E0);
#2462=CARTESIAN_POINT('',(-3.E0,0.E0,1.3E1));
#2463=LINE('',#2462,#2461);
#2464=DIRECTION('',(-1.240347345892E-1,-4.683124025675E-12,-9.922778767137E-1));
#2465=VECTOR('',#2464,3.719840132656E0);
#2466=CARTESIAN_POINT('',(3.E0,0.E0,1.3E1));
#2467=LINE('',#2466,#2465);
#2468=CARTESIAN_POINT('',(0.E0,0.E0,9.308884931453E0));
#2469=DIRECTION('',(0.E0,0.E0,1.E0));
#2470=DIRECTION('',(0.E0,-1.E0,0.E0));
#2471=AXIS2_PLACEMENT_3D('',#2468,#2469,#2470);
#2473=CARTESIAN_POINT('',(-7.5E0,7.266561241615E-10,8.688711258507E0));
#2474=DIRECTION('',(-9.688748414671E-11,-1.E0,0.E0));
#2475=DIRECTION('',(1.E0,-9.688748414671E-11,0.E0));
#2476=AXIS2_PLACEMENT_3D('',#2473,#2474,#2475);
#2478=CARTESIAN_POINT('',(0.E0,0.E0,1.3E1));
#2479=DIRECTION('',(0.E0,0.E0,1.E0));
#2480=DIRECTION('',(0.E0,1.E0,0.E0));
#2481=AXIS2_PLACEMENT_3D('',#2478,#2479,#2480);
#2483=DIRECTION('',(0.E0,0.E0,1.E0));
#2484=VECTOR('',#2483,5.E-1);
#2485=CARTESIAN_POINT('',(0.E0,3.E0,1.3E1));
#2486=LINE('',#2485,#2484);
#2487=CARTESIAN_POINT('',(0.E0,0.E0,1.3E1));
#2488=DIRECTION('',(0.E0,0.E0,1.E0));
#2489=DIRECTION('',(-1.E0,0.E0,0.E0));
#2490=AXIS2_PLACEMENT_3D('',#2487,#2488,#2489);
#2492=CARTESIAN_POINT('',(0.E0,0.E0,1.3E1));
#2493=DIRECTION('',(0.E0,0.E0,1.E0));
#2494=DIRECTION('',(1.E0,0.E0,0.E0));
#2495=AXIS2_PLACEMENT_3D('',#2492,#2493,#2494);
#2497=CARTESIAN_POINT('',(0.E0,0.E0,1.3E1));
#2498=DIRECTION('',(0.E0,0.E0,1.E0));
#2499=DIRECTION('',(0.E0,-1.E0,0.E0));
#2500=AXIS2_PLACEMENT_3D('',#2497,#2498,#2499);
#2502=DIRECTION('',(0.E0,0.E0,1.E0));
#2503=VECTOR('',#2502,5.E-1);
#2504=CARTESIAN_POINT('',(0.E0,-3.E0,1.3E1));
#2505=LINE('',#2504,#2503);
#2506=CARTESIAN_POINT('',(0.E0,0.E0,1.35E1));
#2507=DIRECTION('',(0.E0,0.E0,1.E0));
#2508=DIRECTION('',(0.E0,1.E0,0.E0));
#2509=AXIS2_PLACEMENT_3D('',#2506,#2507,#2508);
#2511=CARTESIAN_POINT('',(0.E0,0.E0,1.35E1));
#2512=DIRECTION('',(0.E0,0.E0,1.E0));
#2513=DIRECTION('',(0.E0,-1.E0,0.E0));
#2514=AXIS2_PLACEMENT_3D('',#2511,#2512,#2513);
#2516=CARTESIAN_POINT('',(0.E0,0.E0,1.35E1));
#2517=DIRECTION('',(0.E0,0.E0,1.E0));
#2518=DIRECTION('',(8.E-1,6.E-1,0.E0));
#2519=AXIS2_PLACEMENT_3D('',#2516,#2517,#2518);
#2521=DIRECTION('',(0.E0,1.E0,0.E0));
#2522=VECTOR('',#2521,3.E0);
#2523=CARTESIAN_POINT('',(-2.E0,-1.5E0,1.35E1));
#2524=LINE('',#2523,#2522);
#2525=CARTESIAN_POINT('',(0.E0,0.E0,1.35E1));
#2526=DIRECTION('',(0.E0,0.E0,1.E0));
#2527=DIRECTION('',(-8.E-1,-6.E-1,0.E0));
#2528=AXIS2_PLACEMENT_3D('',#2525,#2526,#2527);
#2530=DIRECTION('',(0.E0,-1.E0,0.E0));
#2531=VECTOR('',#2530,3.E0);
#2532=CARTESIAN_POINT('',(2.E0,1.5E0,1.35E1));
#2533=LINE('',#2532,#2531);
#2534=DIRECTION('',(0.E0,0.E0,1.E0));
#2535=VECTOR('',#2534,8.306989079381E-1);
#2536=CARTESIAN_POINT('',(2.E0,1.5E0,1.35E1));
#2537=LINE('',#2536,#2535);
#2538=CARTESIAN_POINT('',(-2.E0,1.5E0,1.459930109206E1));
#2539=CARTESIAN_POINT('',(-1.907689560514E0,1.623080585981E0,1.459038815E1));
#2540=CARTESIAN_POINT('',(-1.699884111379E0,1.852516165255E0,1.457252999583E1));
#2541=CARTESIAN_POINT('',(-1.330224353201E0,2.133855457480E0,1.454573562477E1));
#2542=CARTESIAN_POINT('',(-9.104960503594E-1,2.343709032434E0,
1.451866510301E1));
#2543=CARTESIAN_POINT('',(-4.675942290527E-1,2.470169084331E0,
1.449209654885E1));
#2544=CARTESIAN_POINT('',(-7.348645017058E-3,2.514197338380E0,
1.446542202238E1));
#2545=CARTESIAN_POINT('',(4.556389965578E-1,2.472984568473E0,1.443861085853E1));
#2546=CARTESIAN_POINT('',(9.119002710647E-1,2.343877407081E0,1.441126309874E1));
#2547=CARTESIAN_POINT('',(1.333071972652E0,2.131724372931E0,1.438406114911E1));
#2548=CARTESIAN_POINT('',(1.697671054190E0,1.854274106816E0,1.435763228028E1));
#2549=CARTESIAN_POINT('',(1.906936480130E0,1.624084693160E0,1.433968456292E1));
#2550=CARTESIAN_POINT('',(2.E0,1.5E0,1.433069890794E1));
#2552=DIRECTION('',(0.E0,0.E0,1.E0));
#2553=VECTOR('',#2552,1.099301092062E0);
#2554=CARTESIAN_POINT('',(-2.E0,1.5E0,1.35E1));
#2555=LINE('',#2554,#2553);
#2556=DIRECTION('',(-1.211152390500E-14,2.422304781E-14,1.E0));
#2557=VECTOR('',#2556,1.1E-1);
#2558=CARTESIAN_POINT('',(2.E0,1.5E0,1.513069890794E1));
#2559=LINE('',#2558,#2557);
#2560=CARTESIAN_POINT('',(-2.E0,1.5E0,1.550930109206E1));
#2561=CARTESIAN_POINT('',(-1.906794514003E0,1.624273981329E0,1.550030172968E1));
#2562=CARTESIAN_POINT('',(-1.697577241012E0,1.854649558350E0,1.548235041941E1));
#2563=CARTESIAN_POINT('',(-1.329820793755E0,2.133601255291E0,1.545572197561E1));
#2564=CARTESIAN_POINT('',(-9.147679480959E-1,2.342373914310E0,
1.542892321908E1));
#2565=CARTESIAN_POINT('',(-4.601023785797E-1,2.472183187504E0,
1.540164923231E1));
#2566=CARTESIAN_POINT('',(3.095123817779E-3,2.514266942389E0,1.537482289486E1));
#2567=CARTESIAN_POINT('',(4.660493463524E-1,2.470737846407E0,1.534799743407E1));
#2568=CARTESIAN_POINT('',(9.122027022274E-1,2.343012551093E0,1.532122852732E1));
#2569=CARTESIAN_POINT('',(1.328596196190E0,2.134650303578E0,1.529436873799E1));
#2570=CARTESIAN_POINT('',(1.698507354754E0,1.853882760032E0,1.526758085533E1));
#2571=CARTESIAN_POINT('',(1.907155339657E0,1.623792880457E0,1.524966343116E1));
#2572=CARTESIAN_POINT('',(2.E0,1.5E0,1.524069890794E1));
#2574=DIRECTION('',(0.E0,0.E0,1.E0));
#2575=VECTOR('',#2574,1.1E-1);
#2576=CARTESIAN_POINT('',(-2.E0,1.5E0,1.539930109206E1));
#2577=LINE('',#2576,#2575);
#2578=CARTESIAN_POINT('',(2.E0,1.5E0,1.513069890794E1));
#2579=CARTESIAN_POINT('',(1.906936480130E0,1.624084693160E0,1.513968456292E1));
#2580=CARTESIAN_POINT('',(1.697671054190E0,1.854274106816E0,1.515763228028E1));
#2581=CARTESIAN_POINT('',(1.333071972652E0,2.131724372931E0,1.518406114911E1));
#2582=CARTESIAN_POINT('',(9.119002710647E-1,2.343877407081E0,1.521126309874E1));
#2583=CARTESIAN_POINT('',(4.556389965578E-1,2.472984568473E0,1.523861085853E1));
#2584=CARTESIAN_POINT('',(-7.348645017058E-3,2.514197338380E0,
1.526542202238E1));
#2585=CARTESIAN_POINT('',(-4.675942290527E-1,2.470169084331E0,
1.529209654885E1));
#2586=CARTESIAN_POINT('',(-9.104960503594E-1,2.343709032434E0,
1.531866510301E1));
#2587=CARTESIAN_POINT('',(-1.330224353201E0,2.133855457480E0,1.534573562477E1));
#2588=CARTESIAN_POINT('',(-1.699884111379E0,1.852516165255E0,1.537252999583E1));
#2589=CARTESIAN_POINT('',(-1.907689560514E0,1.623080585981E0,1.539038815E1));
#2590=CARTESIAN_POINT('',(-2.E0,1.5E0,1.539930109206E1));
#2592=DIRECTION('',(2.826022244501E-14,-4.239033366751E-14,1.E0));
#2593=VECTOR('',#2592,1.1E-1);
#2594=CARTESIAN_POINT('',(2.E0,1.5E0,1.604069890794E1));
#2595=LINE('',#2594,#2593);
#2596=CARTESIAN_POINT('',(-2.E0,1.5E0,1.641930109206E1));
#2597=CARTESIAN_POINT('',(-1.908135868345E0,1.622485508874E0,1.641043124280E1));
#2598=CARTESIAN_POINT('',(-1.700772276972E0,1.851600813229E0,1.639260293344E1));
#2599=CARTESIAN_POINT('',(-1.331748354191E0,2.133084414019E0,1.636583266895E1));
#2600=CARTESIAN_POINT('',(-9.052189472202E-1,2.346644969264E0,
1.633832050768E1));
#2601=CARTESIAN_POINT('',(-4.478584724642E-1,2.474434019260E0,
1.631093490861E1));
#2602=CARTESIAN_POINT('',(1.377941493755E-2,2.513741808611E0,1.628420599657E1));
#2603=CARTESIAN_POINT('',(4.658278690428E-1,2.470420687979E0,1.625800697984E1));
#2604=CARTESIAN_POINT('',(9.147938803403E-1,2.342464685324E0,1.623107677852E1));
#2605=CARTESIAN_POINT('',(1.335638824076E0,2.130453787181E0,1.620389747550E1));
#2606=CARTESIAN_POINT('',(1.703761811031E0,1.848733649854E0,1.617715798119E1));
#2607=CARTESIAN_POINT('',(1.909000806131E0,1.621332258491E0,1.615948524399E1));
#2608=CARTESIAN_POINT('',(2.E0,1.5E0,1.615069890794E1));
#2610=DIRECTION('',(0.E0,0.E0,1.E0));
#2611=VECTOR('',#2610,1.1E-1);
#2612=CARTESIAN_POINT('',(-2.E0,1.5E0,1.630930109206E1));
#2613=LINE('',#2612,#2611);
#2614=CARTESIAN_POINT('',(2.E0,1.5E0,1.604069890794E1));
#2615=CARTESIAN_POINT('',(1.907155339657E0,1.623792880457E0,1.604966343116E1));
#2616=CARTESIAN_POINT('',(1.698507354754E0,1.853882760032E0,1.606758085533E1));
#2617=CARTESIAN_POINT('',(1.328596196190E0,2.134650303578E0,1.609436873799E1));
#2618=CARTESIAN_POINT('',(9.122027022275E-1,2.343012551093E0,1.612122852732E1));
#2619=CARTESIAN_POINT('',(4.660493463524E-1,2.470737846407E0,1.614799743407E1));
#2620=CARTESIAN_POINT('',(3.095123817765E-3,2.514266942389E0,1.617482289486E1));
#2621=CARTESIAN_POINT('',(-4.601023785797E-1,2.472183187504E0,
1.620164923231E1));
#2622=CARTESIAN_POINT('',(-9.147679480959E-1,2.342373914310E0,
1.622892321908E1));
#2623=CARTESIAN_POINT('',(-1.329820793755E0,2.133601255291E0,1.625572197561E1));
#2624=CARTESIAN_POINT('',(-1.697577241012E0,1.854649558350E0,1.628235041941E1));
#2625=CARTESIAN_POINT('',(-1.906794514003E0,1.624273981329E0,1.630030172968E1));
#2626=CARTESIAN_POINT('',(-2.E0,1.5E0,1.630930109206E1));
#2628=DIRECTION('',(1.009293658750E-14,-1.009293658750E-14,1.E0));
#2629=VECTOR('',#2628,1.1E-1);
#2630=CARTESIAN_POINT('',(2.E0,1.5E0,1.695069890794E1));
#2631=LINE('',#2630,#2629);
#2632=CARTESIAN_POINT('',(-2.E0,1.5E0,1.732930109206E1));
#2633=CARTESIAN_POINT('',(-1.909459711321E0,1.620720384905E0,1.732055906514E1));
#2634=CARTESIAN_POINT('',(-1.705019739978E0,1.847551634835E0,1.730294140073E1));
#2635=CARTESIAN_POINT('',(-1.336605313474E0,2.129926035203E0,1.727616545519E1));
#2636=CARTESIAN_POINT('',(-9.142602142882E-1,2.342882078141E0,
1.724888591246E1));
#2637=CARTESIAN_POINT('',(-4.614275242952E-1,2.471454117651E0,
1.722173298808E1));
#2638=CARTESIAN_POINT('',(-7.695966594386E-3,2.513757941721E0,
1.719544367417E1));
#2639=CARTESIAN_POINT('',(4.529378642418E-1,2.473462701714E0,1.716876752745E1));
#2640=CARTESIAN_POINT('',(9.096123801781E-1,2.344882793137E0,1.714140649704E1));
#2641=CARTESIAN_POINT('',(1.334963741312E0,2.131093992113E0,1.711394995514E1));
#2642=CARTESIAN_POINT('',(1.704019405383E0,1.848525971009E0,1.708713939379E1));
#2643=CARTESIAN_POINT('',(1.909198054919E0,1.621069260108E0,1.706946619884E1));
#2644=CARTESIAN_POINT('',(2.E0,1.5E0,1.706069890794E1));
#2646=DIRECTION('',(0.E0,0.E0,1.E0));
#2647=VECTOR('',#2646,1.1E-1);
#2648=CARTESIAN_POINT('',(-2.E0,1.5E0,1.721930109206E1));
#2649=LINE('',#2648,#2647);
#2650=CARTESIAN_POINT('',(2.E0,1.5E0,1.695069890794E1));
#2651=CARTESIAN_POINT('',(1.909000806132E0,1.621332258491E0,1.695948524399E1));
#2652=CARTESIAN_POINT('',(1.703761811031E0,1.848733649853E0,1.697715798119E1));
#2653=CARTESIAN_POINT('',(1.335638824076E0,2.130453787181E0,1.700389747550E1));
#2654=CARTESIAN_POINT('',(9.147938803409E-1,2.342464685324E0,1.703107677852E1));
#2655=CARTESIAN_POINT('',(4.658278690435E-1,2.470420687979E0,1.705800697984E1));
#2656=CARTESIAN_POINT('',(1.377941493848E-2,2.513741808611E0,1.708420599657E1));
#2657=CARTESIAN_POINT('',(-4.478584724631E-1,2.474434019260E0,
1.711093490861E1));
#2658=CARTESIAN_POINT('',(-9.052189472190E-1,2.346644969264E0,
1.713832050768E1));
#2659=CARTESIAN_POINT('',(-1.331748354190E0,2.133084414019E0,1.716583266895E1));
#2660=CARTESIAN_POINT('',(-1.700772276970E0,1.851600813231E0,1.719260293344E1));
#2661=CARTESIAN_POINT('',(-1.908135868344E0,1.622485508874E0,1.721043124280E1));
#2662=CARTESIAN_POINT('',(-2.E0,1.5E0,1.721930109206E1));
#2664=DIRECTION('',(0.E0,0.E0,1.E0));
#2665=VECTOR('',#2664,1.1E-1);
#2666=CARTESIAN_POINT('',(2.E0,1.5E0,1.786069890794E1));
#2667=LINE('',#2666,#2665);
#2668=CARTESIAN_POINT('',(-2.E0,1.5E0,1.823930109206E1));
#2669=CARTESIAN_POINT('',(-1.908104957619E0,1.622526723175E0,1.823042825825E1));
#2670=CARTESIAN_POINT('',(-1.701170090170E0,1.851369585730E0,1.821262945451E1));
#2671=CARTESIAN_POINT('',(-1.330646676975E0,2.133607500390E0,1.818576353901E1));
#2672=CARTESIAN_POINT('',(-9.119278202401E-1,2.343100979481E0,
1.815875481821E1));
#2673=CARTESIAN_POINT('',(-4.685096751070E-1,2.470097946888E0,
1.813214899835E1));
#2674=CARTESIAN_POINT('',(-6.675122254336E-3,2.514253080083E0,
1.810538312136E1));
#2675=CARTESIAN_POINT('',(4.565235516736E-1,2.472839844232E0,1.807855972699E1));
#2676=CARTESIAN_POINT('',(9.126341000877E-1,2.343485325462E0,1.805121515221E1));
#2677=CARTESIAN_POINT('',(1.331855288764E0,2.132424875850E0,1.802414225134E1));
#2678=CARTESIAN_POINT('',(1.697428676078E0,1.854593800639E0,1.799765457142E1));
#2679=CARTESIAN_POINT('',(1.906819885142E0,1.624240153144E0,1.797969582064E1));
#2680=CARTESIAN_POINT('',(2.E0,1.5E0,1.797069890794E1));
#2682=DIRECTION('',(0.E0,-1.413011122250E-14,1.E0));
#2683=VECTOR('',#2682,1.1E-1);
#2684=CARTESIAN_POINT('',(-2.E0,1.5E0,1.812930109206E1));
#2685=LINE('',#2684,#2683);
#2686=CARTESIAN_POINT('',(2.E0,1.5E0,1.786069890794E1));
#2687=CARTESIAN_POINT('',(1.909198054919E0,1.621069260108E0,1.786946619884E1));
#2688=CARTESIAN_POINT('',(1.704019405383E0,1.848525971009E0,1.788713939379E1));
#2689=CARTESIAN_POINT('',(1.334963741312E0,2.131093992113E0,1.791394995514E1));
#2690=CARTESIAN_POINT('',(9.096123801781E-1,2.344882793137E0,1.794140649704E1));
#2691=CARTESIAN_POINT('',(4.529378642418E-1,2.473462701714E0,1.796876752745E1));
#2692=CARTESIAN_POINT('',(-7.695966594385E-3,2.513757941721E0,
1.799544367417E1));
#2693=CARTESIAN_POINT('',(-4.614275242952E-1,2.471454117651E0,
1.802173298808E1));
#2694=CARTESIAN_POINT('',(-9.142602142882E-1,2.342882078141E0,
1.804888591246E1));
#2695=CARTESIAN_POINT('',(-1.336605313474E0,2.129926035203E0,1.807616545519E1));
#2696=CARTESIAN_POINT('',(-1.705019739978E0,1.847551634835E0,1.810294140073E1));
#2697=CARTESIAN_POINT('',(-1.909459711321E0,1.620720384905E0,1.812055906514E1));
#2698=CARTESIAN_POINT('',(-2.E0,1.5E0,1.812930109206E1));
#2700=DIRECTION('',(0.E0,0.E0,1.E0));
#2701=VECTOR('',#2700,1.1E-1);
#2702=CARTESIAN_POINT('',(2.E0,1.5E0,1.877069890794E1));
#2703=LINE('',#2702,#2701);
#2704=CARTESIAN_POINT('',(-2.E0,1.5E0,1.914930109206E1));
#2705=CARTESIAN_POINT('',(-1.906805242968E0,1.624259676042E0,1.914030276560E1));
#2706=CARTESIAN_POINT('',(-1.697516428165E0,1.854601234023E0,1.912234932402E1));
#2707=CARTESIAN_POINT('',(-1.330995904899E0,2.132895644868E0,1.909580111964E1));
#2708=CARTESIAN_POINT('',(-9.140860635854E-1,2.342778165766E0,
1.906887790129E1));
#2709=CARTESIAN_POINT('',(-4.586053335074E-1,2.472460405233E0,
1.904156175070E1));
#2710=CARTESIAN_POINT('',(4.540699018137E-3,2.514266215337E0,1.901473988633E1));
#2711=CARTESIAN_POINT('',(4.669501920315E-1,2.470451311543E0,1.898794305117E1));
#2712=CARTESIAN_POINT('',(9.111462859972E-1,2.343406003045E0,1.896129368776E1));
#2713=CARTESIAN_POINT('',(1.329012501657E0,2.134495390981E0,1.893434329590E1));
#2714=CARTESIAN_POINT('',(1.698907769802E0,1.853480881178E0,1.890754859901E1));
#2715=CARTESIAN_POINT('',(1.907322601034E0,1.623569865288E0,1.888964728141E1));
#2716=CARTESIAN_POINT('',(2.E0,1.5E0,1.888069890794E1));
#2718=DIRECTION('',(0.E0,0.E0,1.E0));
#2719=VECTOR('',#2718,1.1E-1);
#2720=CARTESIAN_POINT('',(-2.E0,1.5E0,1.903930109206E1));
#2721=LINE('',#2720,#2719);
#2722=CARTESIAN_POINT('',(2.E0,1.5E0,1.877069890794E1));
#2723=CARTESIAN_POINT('',(1.906855333683E0,1.624192888422E0,1.877969239794E1));
#2724=CARTESIAN_POINT('',(1.697555734874E0,1.854462723446E0,1.879764407070E1));
#2725=CARTESIAN_POINT('',(1.332156695898E0,2.132222181603E0,1.882412133503E1));
#2726=CARTESIAN_POINT('',(9.131760212029E-1,2.343257917078E0,1.885118132386E1));
#2727=CARTESIAN_POINT('',(4.573088340825E-1,2.472685550577E0,1.887851364665E1));
#2728=CARTESIAN_POINT('',(-5.769892200969E-3,2.514247013417E0,
1.890533093135E1));
#2729=CARTESIAN_POINT('',(-4.673729627107E-1,2.470289778888E0,
1.893208272343E1));
#2730=CARTESIAN_POINT('',(-9.106333327585E-1,2.343616519314E0,
1.895867432535E1));
#2731=CARTESIAN_POINT('',(-1.329486469477E0,2.134264365867E0,1.898568707232E1));
#2732=CARTESIAN_POINT('',(-1.699304008830E0,1.853086956468E0,1.901248332417E1));
#2733=CARTESIAN_POINT('',(-1.907476914761E0,1.623364113652E0,1.903036761820E1));
#2734=CARTESIAN_POINT('',(-2.E0,1.5E0,1.903930109206E1));
#2736=DIRECTION('',(0.E0,0.E0,1.E0));
#2737=VECTOR('',#2736,1.1E-1);
#2738=CARTESIAN_POINT('',(2.E0,1.5E0,1.968069890794E1));
#2739=LINE('',#2738,#2737);
#2740=CARTESIAN_POINT('',(-2.E0,1.5E0,2.005930109206E1));
#2741=CARTESIAN_POINT('',(-1.907895505675E0,1.622805992434E0,2.005040803483E1));
#2742=CARTESIAN_POINT('',(-1.700086618017E0,1.852189817688E0,2.003255083700E1));
#2743=CARTESIAN_POINT('',(-1.331928066972E0,2.132911840606E0,2.000584684814E1));
#2744=CARTESIAN_POINT('',(-9.055315771387E-1,2.346530755031E0,
1.997833949328E1));
#2745=CARTESIAN_POINT('',(-4.482124540760E-1,2.474374770297E0,
1.995095558338E1));
#2746=CARTESIAN_POINT('',(1.378393471258E-2,2.513779502722E0,1.992420582747E1));
#2747=CARTESIAN_POINT('',(4.661826170969E-1,2.470329068662E0,1.989798588966E1));
#2748=CARTESIAN_POINT('',(9.142429204539E-1,2.342628149064E0,1.987110985998E1));
#2749=CARTESIAN_POINT('',(1.334962855552E0,2.130878240955E0,1.984394329416E1));
#2750=CARTESIAN_POINT('',(1.703252566093E0,1.849228727345E0,1.981719889128E1));
#2751=CARTESIAN_POINT('',(1.908828622787E0,1.621561836283E0,1.979950186898E1));
#2752=CARTESIAN_POINT('',(2.E0,1.5E0,1.979069890794E1));
#2754=DIRECTION('',(0.E0,0.E0,1.E0));
#2755=VECTOR('',#2754,1.1E-1);
#2756=CARTESIAN_POINT('',(-2.E0,1.5E0,1.994930109206E1));
#2757=LINE('',#2756,#2755);
#2758=CARTESIAN_POINT('',(2.E0,1.5E0,1.968069890794E1));
#2759=CARTESIAN_POINT('',(1.907322601034E0,1.623569865288E0,1.968964728141E1));
#2760=CARTESIAN_POINT('',(1.698907769802E0,1.853480881178E0,1.970754859901E1));
#2761=CARTESIAN_POINT('',(1.329012501657E0,2.134495390981E0,1.973434329590E1));
#2762=CARTESIAN_POINT('',(9.111462859972E-1,2.343406003045E0,1.976129368776E1));
#2763=CARTESIAN_POINT('',(4.669501920315E-1,2.470451311543E0,1.978794305117E1));
#2764=CARTESIAN_POINT('',(4.540699018139E-3,2.514266215337E0,1.981473988633E1));
#2765=CARTESIAN_POINT('',(-4.586053335074E-1,2.472460405233E0,
1.984156175070E1));
#2766=CARTESIAN_POINT('',(-9.140860635854E-1,2.342778165766E0,
1.986887790129E1));
#2767=CARTESIAN_POINT('',(-1.330995904899E0,2.132895644868E0,1.989580111964E1));
#2768=CARTESIAN_POINT('',(-1.697516428165E0,1.854601234023E0,1.992234932402E1));
#2769=CARTESIAN_POINT('',(-1.906805242968E0,1.624259676042E0,1.994030276560E1));
#2770=CARTESIAN_POINT('',(-2.E0,1.5E0,1.994930109206E1));
#2772=DIRECTION('',(0.E0,0.E0,1.E0));
#2773=VECTOR('',#2772,1.1E-1);
#2774=CARTESIAN_POINT('',(2.E0,1.5E0,2.059069890794E1));
#2775=LINE('',#2774,#2773);
#2776=CARTESIAN_POINT('',(-2.E0,1.5E0,2.096930109206E1));
#2777=CARTESIAN_POINT('',(-1.909194607243E0,1.621073857009E0,2.096053346828E1));
#2778=CARTESIAN_POINT('',(-1.704287208532E0,1.848242406240E0,2.094288344668E1));
#2779=CARTESIAN_POINT('',(-1.336015781190E0,2.130251479744E0,2.091612690084E1));
#2780=CARTESIAN_POINT('',(-9.144594934380E-1,2.342701157981E0,
2.088890041566E1));
#2781=CARTESIAN_POINT('',(-4.635865140850E-1,2.470928203738E0,
2.086186071356E1));
#2782=CARTESIAN_POINT('',(-1.109610179319E-2,2.513740259895E0,
2.083563953271E1));
#2783=CARTESIAN_POINT('',(4.501764845156E-1,2.473999416372E0,2.080892933428E1));
#2784=CARTESIAN_POINT('',(9.072226204502E-1,2.345840501108E0,2.078155498650E1));
#2785=CARTESIAN_POINT('',(1.333265676058E0,2.132158062303E0,2.075406514464E1));
#2786=CARTESIAN_POINT('',(1.702422762608E0,1.850046424882E0,2.072726644028E1));
#2787=CARTESIAN_POINT('',(1.908679134601E0,1.621761153865E0,2.070951630267E1));
#2788=CARTESIAN_POINT('',(2.E0,1.5E0,2.070069890794E1));
#2790=DIRECTION('',(0.E0,0.E0,1.E0));
#2791=VECTOR('',#2790,1.1E-1);
#2792=CARTESIAN_POINT('',(-2.E0,1.5E0,2.085930109206E1));
#2793=LINE('',#2792,#2791);
#2794=CARTESIAN_POINT('',(2.E0,1.5E0,2.059069890794E1));
#2795=CARTESIAN_POINT('',(1.908828622787E0,1.621561836283E0,2.059950186898E1));
#2796=CARTESIAN_POINT('',(1.703252566093E0,1.849228727345E0,2.061719889128E1));
#2797=CARTESIAN_POINT('',(1.334962855551E0,2.130878240955E0,2.064394329416E1));
#2798=CARTESIAN_POINT('',(9.142429204538E-1,2.342628149064E0,2.067110985998E1));
#2799=CARTESIAN_POINT('',(4.661826170968E-1,2.470329068662E0,2.069798588966E1));
#2800=CARTESIAN_POINT('',(1.378393471237E-2,2.513779502722E0,2.072420582747E1));
#2801=CARTESIAN_POINT('',(-4.482124540762E-1,2.474374770297E0,
2.075095558338E1));
#2802=CARTESIAN_POINT('',(-9.055315771389E-1,2.346530755031E0,
2.077833949328E1));
#2803=CARTESIAN_POINT('',(-1.331928066972E0,2.132911840606E0,2.080584684814E1));
#2804=CARTESIAN_POINT('',(-1.700086618017E0,1.852189817688E0,2.083255083700E1));
#2805=CARTESIAN_POINT('',(-1.907895505675E0,1.622805992434E0,2.085040803483E1));
#2806=CARTESIAN_POINT('',(-2.E0,1.5E0,2.085930109206E1));
#2808=DIRECTION('',(0.E0,1.009293658750E-14,1.E0));
#2809=VECTOR('',#2808,1.1E-1);
#2810=CARTESIAN_POINT('',(2.E0,1.5E0,2.150069890794E1));
#2811=LINE('',#2810,#2809);
#2812=CARTESIAN_POINT('',(-2.E0,1.5E0,2.187930109206E1));
#2813=CARTESIAN_POINT('',(-1.907288224179E0,1.623615701095E0,2.187034939937E1));
#2814=CARTESIAN_POINT('',(-1.698819359089E0,1.853567925913E0,2.185244431489E1));
#2815=CARTESIAN_POINT('',(-1.328921113E0,2.134536678720E0,2.182565093096E1));
#2816=CARTESIAN_POINT('',(-9.112672706711E-1,2.343361046437E0,
2.179871376957E1));
#2817=CARTESIAN_POINT('',(-4.667852046767E-1,2.470501279270E0,
2.177204703925E1));
#2818=CARTESIAN_POINT('',(-4.258608734918E-3,2.514266330110E0,
2.174524388853E1));
#2819=CARTESIAN_POINT('',(4.588602133871E-1,2.472412634508E0,2.171842336676E1));
#2820=CARTESIAN_POINT('',(9.142255158995E-1,2.342700921282E0,2.169111293614E1));
#2821=CARTESIAN_POINT('',(1.330809418799E0,2.133008376706E0,2.166421147874E1));
#2822=CARTESIAN_POINT('',(1.697564745319E0,1.854575515812E0,2.163764755025E1));
#2823=CARTESIAN_POINT('',(1.906816108003E0,1.624245189329E0,2.161969618534E1));
#2824=CARTESIAN_POINT('',(2.E0,1.5E0,2.161069890794E1));
#2826=DIRECTION('',(-3.633457171501E-14,-5.046468293751E-14,1.E0));
#2827=VECTOR('',#2826,1.1E-1);
#2828=CARTESIAN_POINT('',(-2.E0,1.5E0,2.176930109206E1));
#2829=LINE('',#2828,#2827);
#2830=CARTESIAN_POINT('',(2.E0,1.5E0,2.150069890794E1));
#2831=CARTESIAN_POINT('',(1.908679134601E0,1.621761153865E0,2.150951630267E1));
#2832=CARTESIAN_POINT('',(1.702422762608E0,1.850046424882E0,2.152726644028E1));
#2833=CARTESIAN_POINT('',(1.333265676058E0,2.132158062303E0,2.155406514464E1));
#2834=CARTESIAN_POINT('',(9.072226204502E-1,2.345840501108E0,2.158155498650E1));
#2835=CARTESIAN_POINT('',(4.501764845156E-1,2.473999416372E0,2.160892933428E1));
#2836=CARTESIAN_POINT('',(-1.109610179318E-2,2.513740259895E0,
2.163563953271E1));
#2837=CARTESIAN_POINT('',(-4.635865140850E-1,2.470928203738E0,
2.166186071356E1));
#2838=CARTESIAN_POINT('',(-9.144594934380E-1,2.342701157981E0,
2.168890041566E1));
#2839=CARTESIAN_POINT('',(-1.336015781190E0,2.130251479744E0,2.171612690084E1));
#2840=CARTESIAN_POINT('',(-1.704287208532E0,1.848242406240E0,2.174288344668E1));
#2841=CARTESIAN_POINT('',(-1.909194607243E0,1.621073857009E0,2.176053346828E1));
#2842=CARTESIAN_POINT('',(-2.E0,1.5E0,2.176930109206E1));
#2844=DIRECTION('',(0.E0,0.E0,1.E0));
#2845=VECTOR('',#2844,5.893010920619E-1);
#2846=CARTESIAN_POINT('',(2.E0,1.5E0,2.241069890794E1));
#2847=LINE('',#2846,#2845);
#2848=CARTESIAN_POINT('',(0.E0,0.E0,2.3E1));
#2849=DIRECTION('',(0.E0,0.E0,1.E0));
#2850=DIRECTION('',(8.E-1,6.E-1,0.E0));
#2851=AXIS2_PLACEMENT_3D('',#2848,#2849,#2850);
#2853=DIRECTION('',(0.E0,0.E0,1.E0));
#2854=VECTOR('',#2853,3.206989079381E-1);
#2855=CARTESIAN_POINT('',(-2.E0,1.5E0,2.267930109206E1));
#2856=LINE('',#2855,#2854);
#2857=CARTESIAN_POINT('',(-2.E0,1.5E0,2.267930109206E1));
#2858=CARTESIAN_POINT('',(-1.907270554452E0,1.623639260730E0,2.267034769329E1));
#2859=CARTESIAN_POINT('',(-1.698817702885E0,1.853667921862E0,2.265244088843E1));
#2860=CARTESIAN_POINT('',(-1.327878295544E0,2.135136756279E0,2.262558099471E1));
#2861=CARTESIAN_POINT('',(-9.113871774706E-1,2.343382272973E0,
2.259872040806E1));
#2862=CARTESIAN_POINT('',(-4.636588998877E-1,2.471251778848E0,
2.257186107227E1));
#2863=CARTESIAN_POINT('',(-1.932768907963E-5,2.514371922699E0,
2.254500110681E1));
#2864=CARTESIAN_POINT('',(4.636224311153E-1,2.471260529924E0,2.251814109203E1));
#2865=CARTESIAN_POINT('',(9.114002077081E-1,2.343379444571E0,2.249127882991E1));
#2866=CARTESIAN_POINT('',(1.327886922254E0,2.135129876215E0,2.246441837995E1));
#2867=CARTESIAN_POINT('',(1.698812945991E0,1.853671664735E0,2.243755945641E1));
#2868=CARTESIAN_POINT('',(1.907268743740E0,1.623641675013E0,2.241965248154E1));
#2869=CARTESIAN_POINT('',(2.E0,1.5E0,2.241069890794E1));
#2871=DIRECTION('',(0.E0,0.E0,1.E0));
#2872=VECTOR('',#2871,1.343010920619E-1);
#2873=CARTESIAN_POINT('',(-2.E0,-1.5E0,2.286569890794E1));
#2874=LINE('',#2873,#2872);
#2875=CARTESIAN_POINT('',(0.E0,0.E0,2.3E1));
#2876=DIRECTION('',(0.E0,0.E0,1.E0));
#2877=DIRECTION('',(-8.E-1,-6.E-1,0.E0));
#2878=AXIS2_PLACEMENT_3D('',#2875,#2876,#2877);
#2880=CARTESIAN_POINT('',(0.E0,-2.5E0,2.3E1));
#2881=CARTESIAN_POINT('',(-1.545361254699E-1,-2.5E0,2.299104735148E1));
#2882=CARTESIAN_POINT('',(-4.636182585604E-1,-2.471260793528E0,
2.297314129798E1));
#2883=CARTESIAN_POINT('',(-9.113991092745E-1,-2.343381347868E0,
2.294627893520E1));
#2884=CARTESIAN_POINT('',(-1.327918386341E0,-2.135113093916E0,
2.291941632952E1));
#2885=CARTESIAN_POINT('',(-1.698851553749E0,-1.853635288661E0,
2.289255640762E1));
#2886=CARTESIAN_POINT('',(-1.907282463029E0,-1.623623382628E0,
2.287465115689E1));
#2887=CARTESIAN_POINT('',(-2.E0,-1.5E0,2.286569890794E1));
#2889=DIRECTION('',(0.E0,0.E0,1.E0));
#2890=VECTOR('',#2889,6.443010920619E-1);
#2891=CARTESIAN_POINT('',(2.E0,-1.5E0,1.35E1));
#2892=LINE('',#2891,#2890);
#2893=DIRECTION('',(0.E0,0.E0,-1.E0));
#2894=VECTOR('',#2893,3.756989079381E-1);
#2895=CARTESIAN_POINT('',(-2.E0,-1.5E0,1.387569890794E1));
#2896=LINE('',#2895,#2894);
#2897=CARTESIAN_POINT('',(2.E0,-1.5E0,1.414430109206E1));
#2898=CARTESIAN_POINT('',(1.906876228728E0,-1.624165028363E0,1.413530961956E1));
#2899=CARTESIAN_POINT('',(1.697552144846E0,-1.854414963063E0,1.411735738430E1));
#2900=CARTESIAN_POINT('',(1.332699747371E0,-2.131916282443E0,1.409091469370E1));
#2901=CARTESIAN_POINT('',(9.125298789334E-1,-2.343579368788E0,
1.406377706618E1));
#2902=CARTESIAN_POINT('',(4.564181862993E-1,-2.472846897761E0,
1.403643448388E1));
#2903=CARTESIAN_POINT('',(-6.660295687936E-3,-2.514225442055E0,
1.400961771830E1));
#2904=CARTESIAN_POINT('',(-4.675819591031E-1,-2.470203693454E0,
1.398290450882E1));
#2905=CARTESIAN_POINT('',(-9.105119377656E-1,-2.343678974087E0,
1.395633346748E1));
#2906=CARTESIAN_POINT('',(-1.329861008933E0,-2.134062516089E0,
1.392928843480E1));
#2907=CARTESIAN_POINT('',(-1.699618153186E0,-1.852779006961E0,
1.390249145770E1));
#2908=CARTESIAN_POINT('',(-1.907592783796E0,-1.623209621606E0,
1.388462119418E1));
#2909=CARTESIAN_POINT('',(-2.E0,-1.5E0,1.387569890794E1));
#2911=DIRECTION('',(0.E0,0.E0,1.E0));
#2912=VECTOR('',#2911,1.1E-1);
#2913=CARTESIAN_POINT('',(2.E0,-1.5E0,1.494430109206E1));
#2914=LINE('',#2913,#2912);
#2915=CARTESIAN_POINT('',(-2.E0,-1.5E0,1.467569890794E1));
#2916=CARTESIAN_POINT('',(-1.907592783796E0,-1.623209621606E0,
1.468462119418E1));
#2917=CARTESIAN_POINT('',(-1.699618153186E0,-1.852779006961E0,
1.470249145770E1));
#2918=CARTESIAN_POINT('',(-1.329861008933E0,-2.134062516089E0,
1.472928843480E1));
#2919=CARTESIAN_POINT('',(-9.105119377656E-1,-2.343678974087E0,
1.475633346748E1));
#2920=CARTESIAN_POINT('',(-4.675819591031E-1,-2.470203693454E0,
1.478290450882E1));
#2921=CARTESIAN_POINT('',(-6.660295687936E-3,-2.514225442055E0,
1.480961771830E1));
#2922=CARTESIAN_POINT('',(4.564181862993E-1,-2.472846897761E0,
1.483643448388E1));
#2923=CARTESIAN_POINT('',(9.125298789334E-1,-2.343579368788E0,
1.486377706618E1));
#2924=CARTESIAN_POINT('',(1.332699747371E0,-2.131916282443E0,1.489091469370E1));
#2925=CARTESIAN_POINT('',(1.697552144846E0,-1.854414963063E0,1.491735738430E1));
#2926=CARTESIAN_POINT('',(1.906876228728E0,-1.624165028363E0,1.493530961956E1));
#2927=CARTESIAN_POINT('',(2.E0,-1.5E0,1.494430109206E1));
#2929=DIRECTION('',(0.E0,0.E0,1.E0));
#2930=VECTOR('',#2929,1.1E-1);
#2931=CARTESIAN_POINT('',(-2.E0,-1.5E0,1.467569890794E1));
#2932=LINE('',#2931,#2930);
#2933=CARTESIAN_POINT('',(2.E0,-1.5E0,1.505430109206E1));
#2934=CARTESIAN_POINT('',(1.909424321738E0,-1.620767571016E0,1.504555564813E1));
#2935=CARTESIAN_POINT('',(1.704730105825E0,-1.847836931523E0,1.502791764873E1));
#2936=CARTESIAN_POINT('',(1.335899708374E0,-2.130490786682E0,1.500111405336E1));
#2937=CARTESIAN_POINT('',(9.109996405835E-1,-2.344329406582E0,
1.497367964670E1));
#2938=CARTESIAN_POINT('',(4.545058949617E-1,-2.473151903226E0,
1.494632436944E1));
#2939=CARTESIAN_POINT('',(-5.709174285087E-3,-2.513776882088E0,
1.491967083051E1));
#2940=CARTESIAN_POINT('',(-4.604272608150E-1,-2.471713000858E0,
1.489332628391E1));
#2941=CARTESIAN_POINT('',(-9.141426058985E-1,-2.342972500114E0,
1.486612236360E1));
#2942=CARTESIAN_POINT('',(-1.336922282459E0,-2.129755828796E0,
1.483881391869E1));
#2943=CARTESIAN_POINT('',(-1.705432730203E0,-1.847162179228E0,
1.481202594440E1));
#2944=CARTESIAN_POINT('',(-1.909609123207E0,-1.620521169057E0,
1.479442650855E1));
#2945=CARTESIAN_POINT('',(-2.E0,-1.5E0,1.478569890794E1));
#2947=DIRECTION('',(0.E0,-1.413011122250E-14,1.E0));
#2948=VECTOR('',#2947,1.1E-1);
#2949=CARTESIAN_POINT('',(2.E0,-1.5E0,1.585430109206E1));
#2950=LINE('',#2949,#2948);
#2951=CARTESIAN_POINT('',(-2.E0,-1.5E0,1.558569890794E1));
#2952=CARTESIAN_POINT('',(-1.909609123207E0,-1.620521169057E0,
1.559442650855E1));
#2953=CARTESIAN_POINT('',(-1.705432730203E0,-1.847162179228E0,
1.561202594440E1));
#2954=CARTESIAN_POINT('',(-1.336922282459E0,-2.129755828796E0,
1.563881391869E1));
#2955=CARTESIAN_POINT('',(-9.141426058985E-1,-2.342972500114E0,
1.566612236360E1));
#2956=CARTESIAN_POINT('',(-4.604272608150E-1,-2.471713000858E0,
1.569332628391E1));
#2957=CARTESIAN_POINT('',(-5.709174285101E-3,-2.513776882088E0,
1.571967083051E1));
#2958=CARTESIAN_POINT('',(4.545058949617E-1,-2.473151903226E0,
1.574632436944E1));
#2959=CARTESIAN_POINT('',(9.109996405834E-1,-2.344329406582E0,
1.577367964670E1));
#2960=CARTESIAN_POINT('',(1.335899708374E0,-2.130490786682E0,1.580111405336E1));
#2961=CARTESIAN_POINT('',(1.704730105825E0,-1.847836931523E0,1.582791764873E1));
#2962=CARTESIAN_POINT('',(1.909424321738E0,-1.620767571016E0,1.584555564813E1));
#2963=CARTESIAN_POINT('',(2.E0,-1.5E0,1.585430109206E1));
#2965=DIRECTION('',(1.211152390500E-14,-2.018587317500E-14,1.E0));
#2966=VECTOR('',#2965,1.1E-1);
#2967=CARTESIAN_POINT('',(-2.E0,-1.5E0,1.558569890794E1));
#2968=LINE('',#2967,#2966);
#2969=CARTESIAN_POINT('',(2.E0,-1.5E0,1.596430109206E1));
#2970=CARTESIAN_POINT('',(1.908309202275E0,-1.622254396967E0,1.595544797889E1));
#2971=CARTESIAN_POINT('',(1.701685782448E0,-1.850759050971E0,1.593767488878E1));
#2972=CARTESIAN_POINT('',(1.332696056981E0,-2.132329820499E0,1.591090227827E1));
#2973=CARTESIAN_POINT('',(9.119929863294E-1,-2.343345250884E0,
1.588375384466E1));
#2974=CARTESIAN_POINT('',(4.665600930140E-1,-2.470258053923E0,
1.585703656572E1));
#2975=CARTESIAN_POINT('',(1.128251710400E-2,-2.513960335916E0,
1.583064952362E1));
#2976=CARTESIAN_POINT('',(-4.514240530242E-1,-2.473779535131E0,
1.580385670946E1));
#2977=CARTESIAN_POINT('',(-9.083537059007E-1,-2.345414004721E0,
1.577648596112E1));
#2978=CARTESIAN_POINT('',(-1.333324902613E0,-2.131826553393E0,
1.574905162945E1));
#2979=CARTESIAN_POINT('',(-1.698892634216E0,-1.853148318154E0,
1.572253717574E1));
#2980=CARTESIAN_POINT('',(-1.907440247065E0,-1.623413003914E0,
1.570463592221E1));
#2981=CARTESIAN_POINT('',(-2.E0,-1.5E0,1.569569890794E1));
#2983=DIRECTION('',(-2.018587317500E-14,-3.633457171500E-14,1.E0));
#2984=VECTOR('',#2983,1.1E-1);
#2985=CARTESIAN_POINT('',(2.E0,-1.5E0,1.676430109206E1));
#2986=LINE('',#2985,#2984);
#2987=CARTESIAN_POINT('',(-2.E0,-1.5E0,1.649569890794E1));
#2988=CARTESIAN_POINT('',(-1.907440247065E0,-1.623413003914E0,
1.650463592221E1));
#2989=CARTESIAN_POINT('',(-1.698892634216E0,-1.853148318154E0,
1.652253717574E1));
#2990=CARTESIAN_POINT('',(-1.333324902613E0,-2.131826553393E0,
1.654905162945E1));
#2991=CARTESIAN_POINT('',(-9.083537059007E-1,-2.345414004721E0,
1.657648596112E1));
#2992=CARTESIAN_POINT('',(-4.514240530242E-1,-2.473779535131E0,
1.660385670946E1));
#2993=CARTESIAN_POINT('',(1.128251710401E-2,-2.513960335916E0,
1.663064952362E1));
#2994=CARTESIAN_POINT('',(4.665600930140E-1,-2.470258053923E0,
1.665703656572E1));
#2995=CARTESIAN_POINT('',(9.119929863294E-1,-2.343345250884E0,
1.668375384466E1));
#2996=CARTESIAN_POINT('',(1.332696056981E0,-2.132329820499E0,1.671090227827E1));
#2997=CARTESIAN_POINT('',(1.701685782448E0,-1.850759050971E0,1.673767488878E1));
#2998=CARTESIAN_POINT('',(1.908309202275E0,-1.622254396967E0,1.675544797889E1));
#2999=CARTESIAN_POINT('',(2.E0,-1.5E0,1.676430109206E1));
#3001=DIRECTION('',(2.018587317500E-14,-2.018587317500E-14,1.E0));
#3002=VECTOR('',#3001,1.1E-1);
#3003=CARTESIAN_POINT('',(-2.E0,-1.5E0,1.649569890794E1));
#3004=LINE('',#3003,#3002);
#3005=CARTESIAN_POINT('',(2.E0,-1.5E0,1.687430109206E1));
#3006=CARTESIAN_POINT('',(1.907043695275E0,-1.623941739634E0,1.686532578913E1));
#3007=CARTESIAN_POINT('',(1.698199344973E0,-1.854158142696E0,1.684739540381E1));
#3008=CARTESIAN_POINT('',(1.328573306118E0,-2.134625360924E0,1.682063086251E1));
#3009=CARTESIAN_POINT('',(9.124472341436E-1,-2.342933415488E0,
1.679378623281E1));
#3010=CARTESIAN_POINT('',(4.656418269012E-1,-2.470866012525E0,
1.676697797715E1));
#3011=CARTESIAN_POINT('',(1.946603650780E-3,-2.514311024744E0,
1.674011131084E1));
#3012=CARTESIAN_POINT('',(-4.612171400875E-1,-2.471884918130E0,
1.671328419798E1));
#3013=CARTESIAN_POINT('',(-9.141780713833E-1,-2.342585522378E0,
1.668611313823E1));
#3014=CARTESIAN_POINT('',(-1.330394067819E0,-2.133314882061E0,
1.665924091670E1));
#3015=CARTESIAN_POINT('',(-1.697849168969E0,-1.854352721616E0,
1.663262683348E1));
#3016=CARTESIAN_POINT('',(-1.906909154427E0,-1.624121127431E0,
1.661468720133E1));
#3017=CARTESIAN_POINT('',(-2.E0,-1.5E0,1.660569890794E1));
#3019=DIRECTION('',(0.E0,0.E0,1.E0));
#3020=VECTOR('',#3019,1.1E-1);
#3021=CARTESIAN_POINT('',(2.E0,-1.5E0,1.767430109206E1));
#3022=LINE('',#3021,#3020);
#3023=CARTESIAN_POINT('',(-2.E0,-1.5E0,1.740569890794E1));
#3024=CARTESIAN_POINT('',(-1.906909154427E0,-1.624121127431E0,
1.741468720133E1));
#3025=CARTESIAN_POINT('',(-1.697849168969E0,-1.854352721616E0,
1.743262683348E1));
#3026=CARTESIAN_POINT('',(-1.330394067819E0,-2.133314882061E0,
1.745924091670E1));
#3027=CARTESIAN_POINT('',(-9.141780713833E-1,-2.342585522378E0,
1.748611313823E1));
#3028=CARTESIAN_POINT('',(-4.612171400875E-1,-2.471884918130E0,
1.751328419798E1));
#3029=CARTESIAN_POINT('',(1.946603650804E-3,-2.514311024744E0,
1.754011131084E1));
#3030=CARTESIAN_POINT('',(4.656418269012E-1,-2.470866012525E0,
1.756697797715E1));
#3031=CARTESIAN_POINT('',(9.124472341436E-1,-2.342933415488E0,
1.759378623281E1));
#3032=CARTESIAN_POINT('',(1.328573306118E0,-2.134625360924E0,1.762063086251E1));
#3033=CARTESIAN_POINT('',(1.698199344973E0,-1.854158142696E0,1.764739540381E1));
#3034=CARTESIAN_POINT('',(1.907043695275E0,-1.623941739634E0,1.766532578913E1));
#3035=CARTESIAN_POINT('',(2.E0,-1.5E0,1.767430109206E1));
#3037=DIRECTION('',(0.E0,0.E0,1.E0));
#3038=VECTOR('',#3037,1.1E-1);
#3039=CARTESIAN_POINT('',(-2.E0,-1.5E0,1.740569890794E1));
#3040=LINE('',#3039,#3038);
#3041=CARTESIAN_POINT('',(2.E0,-1.5E0,1.778430109206E1));
#3042=CARTESIAN_POINT('',(1.906996091067E0,-1.624005211910E0,1.777532119275E1));
#3043=CARTESIAN_POINT('',(1.697786627964E0,-1.854143046997E0,1.775737754410E1));
#3044=CARTESIAN_POINT('',(1.333351711210E0,-2.131593133169E0,1.773095663287E1));
#3045=CARTESIAN_POINT('',(9.111928900923E-1,-2.344204411843E0,
1.770369194796E1));
#3046=CARTESIAN_POINT('',(4.547155697186E-1,-2.473157876964E0,
1.767633529430E1));
#3047=CARTESIAN_POINT('',(-8.263985378232E-3,-2.514159055318E0,
1.764952511660E1));
#3048=CARTESIAN_POINT('',(-4.675826026107E-1,-2.470135604280E0,
1.762290380706E1));
#3049=CARTESIAN_POINT('',(-9.106166366173E-1,-2.343694024243E0,
1.759632799779E1));
#3050=CARTESIAN_POINT('',(-1.330678636194E0,-2.133588975380E0,
1.756923411333E1));
#3051=CARTESIAN_POINT('',(-1.700244261725E0,-1.852165339045E0,
1.754244110340E1));
#3052=CARTESIAN_POINT('',(-1.907816885024E0,-1.622910819968E0,
1.752459955631E1));
#3053=CARTESIAN_POINT('',(-2.E0,-1.5E0,1.751569890794E1));
#3055=DIRECTION('',(0.E0,0.E0,1.E0));
#3056=VECTOR('',#3055,1.1E-1);
#3057=CARTESIAN_POINT('',(2.E0,-1.5E0,1.858430109206E1));
#3058=LINE('',#3057,#3056);
#3059=CARTESIAN_POINT('',(-2.E0,-1.5E0,1.831569890794E1));
#3060=CARTESIAN_POINT('',(-1.907810481323E0,-1.622919358236E0,
1.832460017461E1));
#3061=CARTESIAN_POINT('',(-1.700226356140E0,-1.852180866122E0,
1.834244246837E1));
#3062=CARTESIAN_POINT('',(-1.330682388982E0,-2.133584719287E0,
1.836923379689E1));
#3063=CARTESIAN_POINT('',(-9.106298630838E-1,-2.343689082525E0,
1.839632719331E1));
#3064=CARTESIAN_POINT('',(-4.675820797351E-1,-2.470137777882E0,
1.842290385168E1));
#3065=CARTESIAN_POINT('',(-8.237309567861E-3,-2.514158243692E0,
1.844952665889E1));
#3066=CARTESIAN_POINT('',(4.547006924322E-1,-2.473159232314E0,
1.847633443051E1));
#3067=CARTESIAN_POINT('',(9.111923566115E-1,-2.344205958734E0,
1.850369189517E1));
#3068=CARTESIAN_POINT('',(1.333355701588E0,-2.131590649770E0,1.853095689857E1));
#3069=CARTESIAN_POINT('',(1.697790604358E0,-1.854139322023E0,1.855737785927E1));
#3070=CARTESIAN_POINT('',(1.906997523763E0,-1.624003301649E0,1.857532133108E1));
#3071=CARTESIAN_POINT('',(2.E0,-1.5E0,1.858430109206E1));
#3073=DIRECTION('',(0.E0,0.E0,1.E0));
#3074=VECTOR('',#3073,1.1E-1);
#3075=CARTESIAN_POINT('',(-2.E0,-1.5E0,1.831569890794E1));
#3076=LINE('',#3075,#3074);
#3077=CARTESIAN_POINT('',(2.E0,-1.5E0,1.869430109206E1));
#3078=CARTESIAN_POINT('',(1.909745545474E0,-1.620339272701E0,1.868558666357E1));
#3079=CARTESIAN_POINT('',(1.705753498940E0,-1.846836873684E0,1.866800011900E1));
#3080=CARTESIAN_POINT('',(1.337364839827E0,-2.129534387876E0,1.864121460526E1));
#3081=CARTESIAN_POINT('',(9.132774585848E-1,-2.343415011344E0,
1.861382129705E1));
#3082=CARTESIAN_POINT('',(4.572901358720E-1,-2.472565244653E0,
1.858648780080E1));
#3083=CARTESIAN_POINT('',(-1.756873740659E-3,-2.513820982507E0,
1.855989868620E1));
#3084=CARTESIAN_POINT('',(-4.589257415146E-1,-2.472148323675E0,
1.853341558017E1));
#3085=CARTESIAN_POINT('',(-9.141094470828E-1,-2.343055076445E0,
1.850612618542E1));
#3086=CARTESIAN_POINT('',(-1.337593919972E0,-2.129365840989E0,
1.847876919209E1));
#3087=CARTESIAN_POINT('',(-1.705954684757E0,-1.846648403851E0,
1.845198389837E1));
#3088=CARTESIAN_POINT('',(-1.909799144724E0,-1.620267807035E0,
1.843440816121E1));
#3089=CARTESIAN_POINT('',(-2.E0,-1.5E0,1.842569890794E1));
#3091=DIRECTION('',(-1.009293658750E-14,0.E0,1.E0));
#3092=VECTOR('',#3091,1.1E-1);
#3093=CARTESIAN_POINT('',(2.E0,-1.5E0,1.949430109206E1));
#3094=LINE('',#3093,#3092);
#3095=CARTESIAN_POINT('',(-2.E0,-1.5E0,1.922569890794E1));
#3096=CARTESIAN_POINT('',(-1.909799144724E0,-1.620267807035E0,
1.923440816121E1));
#3097=CARTESIAN_POINT('',(-1.705954684757E0,-1.846648403851E0,
1.925198389837E1));
#3098=CARTESIAN_POINT('',(-1.337593919972E0,-2.129365840989E0,
1.927876919209E1));
#3099=CARTESIAN_POINT('',(-9.141094470829E-1,-2.343055076445E0,
1.930612618542E1));
#3100=CARTESIAN_POINT('',(-4.589257415146E-1,-2.472148323675E0,
1.933341558017E1));
#3101=CARTESIAN_POINT('',(-1.756873740636E-3,-2.513820982507E0,
1.935989868620E1));
#3102=CARTESIAN_POINT('',(4.572901358720E-1,-2.472565244653E0,
1.938648780080E1));
#3103=CARTESIAN_POINT('',(9.132774585848E-1,-2.343415011344E0,
1.941382129705E1));
#3104=CARTESIAN_POINT('',(1.337364839827E0,-2.129534387876E0,1.944121460526E1));
#3105=CARTESIAN_POINT('',(1.705753498940E0,-1.846836873684E0,1.946800011900E1));
#3106=CARTESIAN_POINT('',(1.909745545474E0,-1.620339272701E0,1.948558666357E1));
#3107=CARTESIAN_POINT('',(2.E0,-1.5E0,1.949430109206E1));
#3109=DIRECTION('',(0.E0,0.E0,1.E0));
#3110=VECTOR('',#3109,1.1E-1);
#3111=CARTESIAN_POINT('',(-2.E0,-1.5E0,1.922569890794E1));
#3112=LINE('',#3111,#3110);
#3113=CARTESIAN_POINT('',(-1.636163325345E0,-1.890230031714E0,
1.936666666667E1));
#3114=CARTESIAN_POINT('',(-1.702597153941E0,-1.832725605223E0,
1.936157645143E1));
#3115=CARTESIAN_POINT('',(-1.830328923628E0,-1.709898431274E0,
1.935132494307E1));
#3116=CARTESIAN_POINT('',(-1.945808862715E0,-1.572254849713E0,
1.934093127894E1));
#3117=CARTESIAN_POINT('',(-2.E0,-1.5E0,1.933569890794E1));
#3119=CARTESIAN_POINT('',(2.E0,-1.5E0,1.960430109206E1));
#3120=CARTESIAN_POINT('',(1.910104922514E0,-1.619860103314E0,1.959562136286E1));
#3121=CARTESIAN_POINT('',(1.707895406205E0,-1.844320641654E0,1.957818947174E1));
#3122=CARTESIAN_POINT('',(1.347126282976E0,-2.122611368929E0,1.955190376635E1));
#3123=CARTESIAN_POINT('',(9.358478256391E-1,-2.333421843937E0,
1.952524190400E1));
#3124=CARTESIAN_POINT('',(4.985408495059E-1,-2.463558503503E0,
1.949891910958E1));
#3125=CARTESIAN_POINT('',(5.251389931455E-2,-2.512838823890E0,
1.947302575760E1));
#3126=CARTESIAN_POINT('',(-4.006346683496E-1,-2.481924519163E0,
1.944682007832E1));
#3127=CARTESIAN_POINT('',(-8.516594213385E-1,-2.365945228088E0,
1.941995715932E1));
#3128=CARTESIAN_POINT('',(-1.274421317104E0,-2.167281121162E0,
1.939301280947E1));
#3129=CARTESIAN_POINT('',(-1.522031421083E0,-1.989021413119E0,
1.937541154816E1));
#3130=CARTESIAN_POINT('',(-1.636163325345E0,-1.890230031714E0,
1.936666666667E1));
#3132=DIRECTION('',(0.E0,-1.211152390500E-14,1.E0));
#3133=VECTOR('',#3132,1.1E-1);
#3134=CARTESIAN_POINT('',(2.E0,-1.5E0,2.040430109206E1));
#3135=LINE('',#3134,#3133);
#3136=CARTESIAN_POINT('',(-1.636163325345E0,-1.890230031714E0,
2.016666666667E1));
#3137=CARTESIAN_POINT('',(-1.522031421083E0,-1.989021413119E0,
2.017541154816E1));
#3138=CARTESIAN_POINT('',(-1.274421317104E0,-2.167281121162E0,
2.019301280947E1));
#3139=CARTESIAN_POINT('',(-8.516594213385E-1,-2.365945228088E0,
2.021995715932E1));
#3140=CARTESIAN_POINT('',(-4.006346683497E-1,-2.481924519163E0,
2.024682007832E1));
#3141=CARTESIAN_POINT('',(5.251389931456E-2,-2.512838823890E0,
2.027302575760E1));
#3142=CARTESIAN_POINT('',(4.985408495059E-1,-2.463558503503E0,
2.029891910958E1));
#3143=CARTESIAN_POINT('',(9.358478256391E-1,-2.333421843937E0,
2.032524190400E1));
#3144=CARTESIAN_POINT('',(1.347126282976E0,-2.122611368929E0,2.035190376635E1));
#3145=CARTESIAN_POINT('',(1.707895406205E0,-1.844320641654E0,2.037818947174E1));
#3146=CARTESIAN_POINT('',(1.910104922514E0,-1.619860103314E0,2.039562136286E1));
#3147=CARTESIAN_POINT('',(2.E0,-1.5E0,2.040430109206E1));
#3149=CARTESIAN_POINT('',(-2.E0,-1.5E0,2.013569890794E1));
#3150=CARTESIAN_POINT('',(-1.945808862715E0,-1.572254849713E0,
2.014093127894E1));
#3151=CARTESIAN_POINT('',(-1.830328923628E0,-1.709898431274E0,
2.015132494307E1));
#3152=CARTESIAN_POINT('',(-1.702597153941E0,-1.832725605223E0,
2.016157645143E1));
#3153=CARTESIAN_POINT('',(-1.636163325345E0,-1.890230031714E0,
2.016666666667E1));
#3155=DIRECTION('',(-1.211152390500E-14,1.614869854E-14,1.E0));
#3156=VECTOR('',#3155,1.1E-1);
#3157=CARTESIAN_POINT('',(-2.E0,-1.5E0,2.013569890794E1));
#3158=LINE('',#3157,#3156);
#3159=CARTESIAN_POINT('',(2.E0,-1.5E0,2.051430109206E1));
#3160=CARTESIAN_POINT('',(1.906946773797E0,-1.624070968271E0,2.050531643097E1));
#3161=CARTESIAN_POINT('',(1.698035916599E0,-1.854349864616E0,2.048738156766E1));
#3162=CARTESIAN_POINT('',(1.328321505821E0,-2.134648340796E0,2.046061718118E1));
#3163=CARTESIAN_POINT('',(9.140914317810E-1,-2.342355076059E0,
2.043388710755E1));
#3164=CARTESIAN_POINT('',(4.641267417693E-1,-2.471282022090E0,
2.040688721892E1));
#3165=CARTESIAN_POINT('',(9.222970878134E-4,-2.514249197552E0,
2.038005275787E1));
#3166=CARTESIAN_POINT('',(-4.623266201250E-1,-2.471720183283E0,
2.035321975852E1));
#3167=CARTESIAN_POINT('',(-9.149114898937E-1,-2.342146401999E0,
2.032606428481E1));
#3168=CARTESIAN_POINT('',(-1.328725447361E0,-2.134310161148E0,
2.029935311868E1));
#3169=CARTESIAN_POINT('',(-1.697791748188E0,-1.854547087350E0,
2.027263628610E1));
#3170=CARTESIAN_POINT('',(-1.906849865524E0,-1.624200179302E0,
2.025469292591E1));
#3171=CARTESIAN_POINT('',(-2.E0,-1.5E0,2.024569890794E1));
#3173=DIRECTION('',(0.E0,0.E0,1.E0));
#3174=VECTOR('',#3173,1.1E-1);
#3175=CARTESIAN_POINT('',(2.E0,-1.5E0,2.131430109206E1));
#3176=LINE('',#3175,#3174);
#3177=CARTESIAN_POINT('',(-2.E0,-1.5E0,2.104569890794E1));
#3178=CARTESIAN_POINT('',(-1.906849865524E0,-1.624200179302E0,
2.105469292591E1));
#3179=CARTESIAN_POINT('',(-1.697791748188E0,-1.854547087350E0,
2.107263628610E1));
#3180=CARTESIAN_POINT('',(-1.328725447361E0,-2.134310161148E0,
2.109935311868E1));
#3181=CARTESIAN_POINT('',(-9.149114898937E-1,-2.342146401999E0,
2.112606428481E1));
#3182=CARTESIAN_POINT('',(-4.623266201250E-1,-2.471720183283E0,
2.115321975852E1));
#3183=CARTESIAN_POINT('',(9.222970878217E-4,-2.514249197552E0,
2.118005275787E1));
#3184=CARTESIAN_POINT('',(4.641267417693E-1,-2.471282022090E0,
2.120688721892E1));
#3185=CARTESIAN_POINT('',(9.140914317810E-1,-2.342355076058E0,
2.123388710755E1));
#3186=CARTESIAN_POINT('',(1.328321505821E0,-2.134648340796E0,2.126061718118E1));
#3187=CARTESIAN_POINT('',(1.698035916599E0,-1.854349864616E0,2.128738156766E1));
#3188=CARTESIAN_POINT('',(1.906946773797E0,-1.624070968271E0,2.130531643097E1));
#3189=CARTESIAN_POINT('',(2.E0,-1.5E0,2.131430109206E1));
#3191=DIRECTION('',(-2.220446049250E-14,2.220446049250E-14,1.E0));
#3192=VECTOR('',#3191,1.1E-1);
#3193=CARTESIAN_POINT('',(-2.E0,-1.5E0,2.104569890794E1));
#3194=LINE('',#3193,#3192);
#3195=CARTESIAN_POINT('',(2.E0,-1.5E0,2.142430109206E1));
#3196=CARTESIAN_POINT('',(1.907212429270E0,-1.623716760974E0,2.141534208107E1));
#3197=CARTESIAN_POINT('',(1.698313836158E0,-1.853650040802E0,2.139741885878E1));
#3198=CARTESIAN_POINT('',(1.333562523659E0,-2.131568599183E0,2.137096780661E1));
#3199=CARTESIAN_POINT('',(9.097704607250E-1,-2.344827992802E0,
2.134360238916E1));
#3200=CARTESIAN_POINT('',(4.529964086332E-1,-2.473482918111E0,
2.131623502449E1));
#3201=CARTESIAN_POINT('',(-9.894396977131E-3,-2.514064001070E0,
2.128943084168E1));
#3202=CARTESIAN_POINT('',(-4.671704293516E-1,-2.470164769452E0,
2.126292764247E1));
#3203=CARTESIAN_POINT('',(-9.111466316744E-1,-2.343575567848E0,
2.123629675999E1));
#3204=CARTESIAN_POINT('',(-1.331666170604E0,-2.132984252731E0,
2.120916766451E1));
#3205=CARTESIAN_POINT('',(-1.700971960284E0,-1.851455643179E0,
2.118238259578E1));
#3206=CARTESIAN_POINT('',(-1.908068682410E0,-1.622575090120E0,
2.116457524427E1));
#3207=CARTESIAN_POINT('',(-2.E0,-1.5E0,2.115569890794E1));
#3209=DIRECTION('',(0.E0,0.E0,1.E0));
#3210=VECTOR('',#3209,7.756989079381E-1);
#3211=CARTESIAN_POINT('',(2.E0,-1.5E0,2.222430109206E1));
#3212=LINE('',#3211,#3210);
#3213=CARTESIAN_POINT('',(-2.E0,-1.5E0,2.195569890794E1));
#3214=CARTESIAN_POINT('',(-1.908068682410E0,-1.622575090120E0,
2.196457524427E1));
#3215=CARTESIAN_POINT('',(-1.700971960284E0,-1.851455643179E0,
2.198238259578E1));
#3216=CARTESIAN_POINT('',(-1.331666170604E0,-2.132984252731E0,
2.200916766451E1));
#3217=CARTESIAN_POINT('',(-9.111466316745E-1,-2.343575567847E0,
2.203629675999E1));
#3218=CARTESIAN_POINT('',(-4.671704293516E-1,-2.470164769452E0,
2.206292764247E1));
#3219=CARTESIAN_POINT('',(-9.894396977143E-3,-2.514064001070E0,
2.208943084168E1));
#3220=CARTESIAN_POINT('',(4.529964086332E-1,-2.473482918111E0,
2.211623502449E1));
#3221=CARTESIAN_POINT('',(9.097704607250E-1,-2.344827992802E0,
2.214360238916E1));
#3222=CARTESIAN_POINT('',(1.333562523659E0,-2.131568599183E0,2.217096780661E1));
#3223=CARTESIAN_POINT('',(1.698313836158E0,-1.853650040802E0,2.219741885878E1));
#3224=CARTESIAN_POINT('',(1.907212429270E0,-1.623716760974E0,2.221534208107E1));
#3225=CARTESIAN_POINT('',(2.E0,-1.5E0,2.222430109206E1));
#3227=DIRECTION('',(-1.816728585750E-14,2.624163512750E-14,1.E0));
#3228=VECTOR('',#3227,1.1E-1);
#3229=CARTESIAN_POINT('',(-2.E0,-1.5E0,2.195569890794E1));
#3230=LINE('',#3229,#3228);
#3231=CARTESIAN_POINT('',(0.E0,-2.5E0,2.22E1));
#3232=CARTESIAN_POINT('',(-1.518387975225E-1,-2.5E0,2.219120361415E1));
#3233=CARTESIAN_POINT('',(-4.583123200424E-1,-2.472398128815E0,
2.217345283475E1));
#3234=CARTESIAN_POINT('',(-9.136925784613E-1,-2.343198993547E0,
2.214615192676E1));
#3235=CARTESIAN_POINT('',(-1.337471423738E0,-2.129478002806E0,
2.211877842712E1));
#3236=CARTESIAN_POINT('',(-1.706062790622E0,-1.846556810785E0,
2.209197583861E1));
#3237=CARTESIAN_POINT('',(-1.909844203553E0,-1.620207728595E0,
2.207440381060E1));
#3238=CARTESIAN_POINT('',(-2.E0,-1.5E0,2.206569890794E1));
#3240=DIRECTION('',(0.E0,0.E0,1.E0));
#3241=VECTOR('',#3240,8.E-1);
#3242=CARTESIAN_POINT('',(0.E0,-2.5E0,2.22E1));
#3243=LINE('',#3242,#3241);
#3244=CARTESIAN_POINT('',(0.E0,0.E0,2.3E1));
#3245=DIRECTION('',(0.E0,0.E0,1.E0));
#3246=DIRECTION('',(0.E0,-1.E0,0.E0));
#3247=AXIS2_PLACEMENT_3D('',#3244,#3245,#3246);
#3249=CARTESIAN_POINT('',(2.E0,-1.5E0,1.596430109206E1));
#3250=CARTESIAN_POINT('',(2.E0,-1.445931904901E0,1.598553666520E1));
#3251=CARTESIAN_POINT('',(2.E0,-1.337266568904E0,1.602712056409E1));
#3252=CARTESIAN_POINT('',(2.E0,-1.171838527055E0,1.608655077524E1));
#3253=CARTESIAN_POINT('',(2.E0,-1.005676145454E0,1.614177178757E1));
#3254=CARTESIAN_POINT('',(2.E0,-8.398624530640E-1,1.619185140313E1));
#3255=CARTESIAN_POINT('',(2.E0,-6.720355138963E-1,1.623688663537E1));
#3256=CARTESIAN_POINT('',(2.E0,-4.928335258971E-1,1.627812114593E1));
#3257=CARTESIAN_POINT('',(2.E0,-2.913542443951E-1,1.631507274717E1));
#3258=CARTESIAN_POINT('',(2.E0,-7.248460662239E-2,1.634247668469E1));
#3259=CARTESIAN_POINT('',(2.E0,1.412253375853E-1,1.635556074792E1));
#3260=CARTESIAN_POINT('',(2.E0,3.364137673592E-1,1.635575010810E1));
#3261=CARTESIAN_POINT('',(2.E0,5.129685455071E-1,1.634643926948E1));
#3262=CARTESIAN_POINT('',(2.E0,6.680020464638E-1,1.633108198526E1));
#3263=CARTESIAN_POINT('',(2.E0,8.043684634931E-1,1.631236447713E1));
#3264=CARTESIAN_POINT('',(2.E0,9.277274693869E-1,1.629145509302E1));
#3265=CARTESIAN_POINT('',(2.E0,1.043419183477E0,1.626860835365E1));
#3266=CARTESIAN_POINT('',(2.E0,1.157440908602E0,1.624319103184E1));
#3267=CARTESIAN_POINT('',(2.E0,1.272070470032E0,1.621488053629E1));
#3268=CARTESIAN_POINT('',(2.E0,1.386740121100E0,1.618396309405E1));
#3269=CARTESIAN_POINT('',(2.E0,1.462330868910E0,1.616200206721E1));
#3270=CARTESIAN_POINT('',(2.E0,1.5E0,1.615069890794E1));
#3272=CARTESIAN_POINT('',(-2.E0,1.5E0,1.550930109206E1));
#3273=CARTESIAN_POINT('',(-2.E0,1.443019804034E0,1.553168041052E1));
#3274=CARTESIAN_POINT('',(-2.E0,1.328034865287E0,1.557563585249E1));
#3275=CARTESIAN_POINT('',(-2.E0,1.150020007430E0,1.563918728546E1));
#3276=CARTESIAN_POINT('',(-2.E0,9.726736729501E-1,1.569726162781E1));
#3277=CARTESIAN_POINT('',(-2.E0,7.996863453580E-1,1.574821280717E1));
#3278=CARTESIAN_POINT('',(-2.E0,6.306743762158E-1,1.579200358629E1));
#3279=CARTESIAN_POINT('',(-2.E0,4.561721988967E-1,1.583039130367E1));
#3280=CARTESIAN_POINT('',(-2.E0,2.690695758650E-1,1.586316463388E1));
#3281=CARTESIAN_POINT('',(-2.E0,5.860731675202E-2,1.588881957669E1));
#3282=CARTESIAN_POINT('',(-2.E0,-1.718427489988E-1,1.590195135605E1));
#3283=CARTESIAN_POINT('',(-2.E0,-3.995376313275E-1,1.589931864009E1));
#3284=CARTESIAN_POINT('',(-2.E0,-6.219738417379E-1,1.588250208151E1));
#3285=CARTESIAN_POINT('',(-2.E0,-8.429508975061E-1,1.585258949617E1));
#3286=CARTESIAN_POINT('',(-2.E0,-1.063288169567E0,1.581069022399E1));
#3287=CARTESIAN_POINT('',(-2.E0,-1.282309530530E0,1.575834541165E1));
#3288=CARTESIAN_POINT('',(-2.E0,-1.427518504107E0,1.571744801307E1));
#3289=CARTESIAN_POINT('',(-2.E0,-1.5E0,1.569569890794E1));
#3291=CARTESIAN_POINT('',(2.E0,-1.5E0,1.505430109206E1));
#3292=CARTESIAN_POINT('',(2.E0,-1.411142363790E0,1.508920046902E1));
#3293=CARTESIAN_POINT('',(2.E0,-1.233337321256E0,1.515607010920E1));
#3294=CARTESIAN_POINT('',(2.E0,-9.658363958153E-1,1.524567836647E1));
#3295=CARTESIAN_POINT('',(2.E0,-6.960216078761E-1,1.532247107324E1));
#3296=CARTESIAN_POINT('',(2.E0,-4.241381925111E-1,1.538343414441E1));
#3297=CARTESIAN_POINT('',(2.E0,-1.488524006472E-1,1.542581275770E1));
#3298=CARTESIAN_POINT('',(2.E0,1.284301814296E-1,1.544687654573E1));
#3299=CARTESIAN_POINT('',(2.E0,4.075966487224E-1,1.544525364700E1));
#3300=CARTESIAN_POINT('',(2.E0,6.841686196409E-1,1.542157018122E1));
#3301=CARTESIAN_POINT('',(2.E0,9.586428030745E-1,1.537803251274E1));
#3302=CARTESIAN_POINT('',(2.E0,1.230095856934E0,1.531757376848E1));
#3303=CARTESIAN_POINT('',(2.E0,1.410139535027E0,1.526766282025E1));
#3304=CARTESIAN_POINT('',(2.E0,1.5E0,1.524069890794E1));
#3306=CARTESIAN_POINT('',(-2.E0,1.5E0,1.459930109206E1));
#3307=CARTESIAN_POINT('',(-2.E0,1.431460394966E0,1.462622043872E1));
#3308=CARTESIAN_POINT('',(-2.E0,1.293817926486E0,1.467851705143E1));
#3309=CARTESIAN_POINT('',(-2.E0,1.085206337678E0,1.475140607629E1));
#3310=CARTESIAN_POINT('',(-2.E0,8.742321036629E-1,1.481749187099E1));
#3311=CARTESIAN_POINT('',(-2.E0,6.611482689803E-1,1.487522176355E1));
#3312=CARTESIAN_POINT('',(-2.E0,4.448338681808E-1,1.492328935596E1));
#3313=CARTESIAN_POINT('',(-2.E0,2.216961463057E-1,1.496051711016E1));
#3314=CARTESIAN_POINT('',(-2.E0,-1.288826125369E-2,1.498486869858E1));
#3315=CARTESIAN_POINT('',(-2.E0,-2.570045073902E-1,1.499316740549E1));
#3316=CARTESIAN_POINT('',(-2.E0,-5.068731575429E-1,1.498358831366E1));
#3317=CARTESIAN_POINT('',(-2.E0,-7.606974489638E-1,1.495589217351E1));
#3318=CARTESIAN_POINT('',(-2.E0,-1.015118544069E0,1.491142961457E1));
#3319=CARTESIAN_POINT('',(-2.E0,-1.265841474506E0,1.485300959879E1));
#3320=CARTESIAN_POINT('',(-2.E0,-1.423052065850E0,1.480878823148E1));
#3321=CARTESIAN_POINT('',(-2.E0,-1.5E0,1.478569890794E1));
#3323=CARTESIAN_POINT('',(2.E0,-1.5E0,1.414430109206E1));
#3324=CARTESIAN_POINT('',(2.E0,-1.434699500377E0,1.416994826038E1));
#3325=CARTESIAN_POINT('',(2.E0,-1.303936964280E0,1.421970222492E1));
#3326=CARTESIAN_POINT('',(2.E0,-1.107222555819E0,1.428890756070E1));
#3327=CARTESIAN_POINT('',(2.E0,-9.089819411076E-1,1.435201680196E1));
#3328=CARTESIAN_POINT('',(2.E0,-7.088314436299E-1,1.440796691302E1));
#3329=CARTESIAN_POINT('',(2.E0,-5.063651702360E-1,1.445552282626E1));
#3330=CARTESIAN_POINT('',(2.E0,-3.033314958894E-1,1.449302256627E1));
#3331=CARTESIAN_POINT('',(2.E0,-1.000484399428E-1,1.451944840437E1));
#3332=CARTESIAN_POINT('',(2.E0,1.026678297062E-1,1.453407995540E1));
#3333=CARTESIAN_POINT('',(2.E0,3.051844214906E-1,1.453672090648E1));
#3334=CARTESIAN_POINT('',(2.E0,5.074797066013E-1,1.452748097098E1));
#3335=CARTESIAN_POINT('',(2.E0,7.094452557790E-1,1.450681582849E1));
#3336=CARTESIAN_POINT('',(2.E0,9.092293625210E-1,1.447583329011E1));
#3337=CARTESIAN_POINT('',(2.E0,1.107291964998E0,1.443565241677E1));
#3338=CARTESIAN_POINT('',(2.E0,1.303871837881E0,1.438737273384E1));
#3339=CARTESIAN_POINT('',(2.E0,1.434668244926E0,1.435030263151E1));
#3340=CARTESIAN_POINT('',(2.E0,1.5E0,1.433069890794E1));
#3342=CARTESIAN_POINT('',(-2.E0,1.280891741489E0,1.377216165450E1));
#3343=CARTESIAN_POINT('',(-2.E0,1.198809540838E0,1.380193523694E1));
#3344=CARTESIAN_POINT('',(-2.E0,1.033545214019E0,1.385890163644E1));
#3345=CARTESIAN_POINT('',(-2.E0,7.797114081820E-1,1.393499563662E1));
#3346=CARTESIAN_POINT('',(-2.E0,5.245844929500E-1,1.399760582998E1));
#3347=CARTESIAN_POINT('',(-2.E0,2.723871625819E-1,1.404374018835E1));
#3348=CARTESIAN_POINT('',(-2.E0,2.628151930788E-2,1.407198974143E1));
#3349=CARTESIAN_POINT('',(-2.E0,-2.103287588908E-1,1.408257333358E1));
#3350=CARTESIAN_POINT('',(-2.E0,-4.354210779191E-1,1.407748069641E1));
#3351=CARTESIAN_POINT('',(-2.E0,-6.534504425482E-1,1.405892297879E1));
#3352=CARTESIAN_POINT('',(-2.E0,-8.682138904249E-1,1.402825230225E1));
#3353=CARTESIAN_POINT('',(-2.E0,-1.081069848084E0,1.398669500112E1));
#3354=CARTESIAN_POINT('',(-2.E0,-1.291592413621E0,1.393578887500E1));
#3355=CARTESIAN_POINT('',(-2.E0,-1.430701448471E0,1.389649292528E1));
#3356=CARTESIAN_POINT('',(-2.E0,-1.5E0,1.387569890794E1));
#3358=CARTESIAN_POINT('',(-1.521827605193E0,9.746482057310E-1,1.41E1));
#3359=CARTESIAN_POINT('',(-1.592446394951E0,8.643831654155E-1,
1.411049382716E1));
#3360=CARTESIAN_POINT('',(-1.709618422229E0,6.284471193033E-1,
1.413148148148E1));
#3361=CARTESIAN_POINT('',(-1.804919677440E0,2.449628470330E-1,
1.416296296296E1));
#3362=CARTESIAN_POINT('',(-1.815275929385E0,-1.500490144360E-1,
1.419444444444E1));
#3363=CARTESIAN_POINT('',(-1.740200611857E0,-5.379994404419E-1,
1.422592592593E1));
#3364=CARTESIAN_POINT('',(-1.583226748730E0,-9.006300996243E-1,
1.425740740741E1));
#3365=CARTESIAN_POINT('',(-1.351742009531E0,-1.220874715189E0,
1.428888888889E1));
#3366=CARTESIAN_POINT('',(-1.056640669798E0,-1.483661693496E0,
1.432037037037E1));
#3367=CARTESIAN_POINT('',(-7.118109927373E-1,-1.676623582600E0,
1.435185185185E1));
#3368=CARTESIAN_POINT('',(-3.334815848137E-1,-1.790679077714E0,
1.438333333333E1));
#3369=CARTESIAN_POINT('',(6.054235905609E-2,-1.820460422425E0,
1.441481481481E1));
#3370=CARTESIAN_POINT('',(4.517170174724E-1,-1.764566026808E0,
1.444629629630E1));
#3371=CARTESIAN_POINT('',(8.216326639318E-1,-1.625626430765E0,
1.447777777778E1));
#3372=CARTESIAN_POINT('',(1.152880077965E0,-1.410180503578E0,1.450925925926E1));
#3373=CARTESIAN_POINT('',(1.429869869618E0,-1.128367707266E0,1.454074074074E1));
#3374=CARTESIAN_POINT('',(1.639566157876E0,-7.934509063500E-1,
1.457222222222E1));
#3375=CARTESIAN_POINT('',(1.772100074122E0,-4.211921819531E-1,
1.460370370370E1));
#3376=CARTESIAN_POINT('',(1.821234217503E0,-2.911102606909E-2,
1.463518518519E1));
#3377=CARTESIAN_POINT('',(1.784656203714E0,3.643401726231E-1,1.466666666667E1));
#3378=CARTESIAN_POINT('',(1.664087491993E0,7.406445475631E-1,1.469814814815E1));
#3379=CARTESIAN_POINT('',(1.465202368639E0,1.082092207613E0,1.472962962963E1));
#3380=CARTESIAN_POINT('',(1.197360899912E0,1.372613711939E0,1.476111111111E1));
#3381=CARTESIAN_POINT('',(8.731684222629E-1,1.598536340908E0,1.479259259259E1));
#3382=CARTESIAN_POINT('',(5.078823014535E-1,1.749227570876E0,1.482407407407E1));
#3383=CARTESIAN_POINT('',(1.186938800902E-1,1.817595469204E0,1.485555555556E1));
#3384=CARTESIAN_POINT('',(-2.760805929778E-1,1.800422459597E0,
1.488703703704E1));
#3385=CARTESIAN_POINT('',(-6.578619743558E-1,1.698516749855E0,
1.491851851852E1));
#3386=CARTESIAN_POINT('',(-1.008682610323E0,1.516674295448E0,1.495E1));
#3387=CARTESIAN_POINT('',(-1.312031942710E0,1.263453089019E0,1.498148148148E1));
#3388=CARTESIAN_POINT('',(-1.553633539959E0,9.507703983376E-1,
1.501296296296E1));
#3389=CARTESIAN_POINT('',(-1.722116984211E0,5.933419077856E-1,
1.504444444444E1));
#3390=CARTESIAN_POINT('',(-1.809552993598E0,2.079891588562E-1,
1.507592592593E1));
#3391=CARTESIAN_POINT('',(-1.811826595480E0,-1.871521166132E-1,
1.510740740741E1));
#3392=CARTESIAN_POINT('',(-1.728830788066E0,-5.734855125250E-1,
1.513888888889E1));
#3393=CARTESIAN_POINT('',(-1.564471576208E0,-9.328291451699E-1,
1.517037037037E1));
#3394=CARTESIAN_POINT('',(-1.326484144356E0,-1.248271341341E0,
1.520185185185E1));
#3395=CARTESIAN_POINT('',(-1.026068818073E0,-1.504966546944E0,
1.523333333333E1));
#3396=CARTESIAN_POINT('',(-6.773639467348E-1,-1.690833998506E0,
1.526481481481E1));
#3397=CARTESIAN_POINT('',(-2.967805149650E-1,-1.797126276247E0,
1.529629629630E1));
#3398=CARTESIAN_POINT('',(9.777020223091E-2,-1.818840981064E0,
1.532777777778E1));
#3399=CARTESIAN_POINT('',(4.877195920085E-1,-1.754956160823E0,
1.535925925926E1));
#3400=CARTESIAN_POINT('',(8.547155923082E-1,-1.608478406167E0,
1.539074074074E1));
#3401=CARTESIAN_POINT('',(1.181486389018E0,-1.386301352306E0,1.542222222222E1));
#3402=CARTESIAN_POINT('',(1.452653273779E0,-1.098881246095E0,1.545370370370E1));
#3403=CARTESIAN_POINT('',(1.655454407162E0,-7.597448470701E-1,
1.548518518519E1));
#3404=CARTESIAN_POINT('',(1.780345424992E0,-3.848528219344E-1,
1.551666666667E1));
#3405=CARTESIAN_POINT('',(1.821448621675E0,8.151407136368E-3,1.554814814815E1));
#3406=CARTESIAN_POINT('',(1.776829570755E0,4.007720091684E-1,1.557962962963E1));
#3407=CARTESIAN_POINT('',(1.648588164198E0,7.745312077034E-1,1.561111111111E1));
#3408=CARTESIAN_POINT('',(1.442759785862E0,1.111838894418E0,1.564259259259E1));
#3409=CARTESIAN_POINT('',(1.169031270171E0,1.396820466704E0,1.567407407407E1));
#3410=CARTESIAN_POINT('',(8.402850137624E-1,1.616063928961E0,1.570555555556E1));
#3411=CARTESIAN_POINT('',(4.719926954168E-1,1.759251097005E0,1.573703703704E1));
#3412=CARTESIAN_POINT('',(8.148713744302E-2,1.819643199441E0,1.576851851852E1));
#3413=CARTESIAN_POINT('',(-3.128534233353E-1,1.794398022276E0,1.58E1));
#3414=CARTESIAN_POINT('',(-6.924702645974E-1,1.684703671121E0,
1.583148148148E1));
#3415=CARTESIAN_POINT('',(-1.039497601674E0,1.495722655761E0,1.586296296296E1));
#3416=CARTESIAN_POINT('',(-1.337603399194E0,1.236348928622E0,1.589444444444E1));
#3417=CARTESIAN_POINT('',(-1.572758000388E0,9.187893115700E-1,
1.592592592593E1));
#3418=CARTESIAN_POINT('',(-1.733894400286E0,5.579890101940E-1,
1.595740740741E1));
#3419=CARTESIAN_POINT('',(-1.813429088595E0,1.709282524302E-1,
1.598888888889E1));
#3420=CARTESIAN_POINT('',(-1.807618949992E0,-2.241768464163E-1,
1.602037037037E1));
#3421=CARTESIAN_POINT('',(-1.716737425153E0,-6.087315828167E-1,
1.605185185185E1));
#3422=CARTESIAN_POINT('',(-1.545061641899E0,-9.646377815392E-1,
1.608333333333E1));
#3423=CARTESIAN_POINT('',(-1.300671122114E0,-1.275145544218E0,
1.611481481481E1));
#3424=CARTESIAN_POINT('',(-9.950675378181E-1,-1.525641544407E0,
1.614629629630E1));
#3425=CARTESIAN_POINT('',(-6.426334116973E-1,-1.704336769835E0,
1.617777777778E1));
#3426=CARTESIAN_POINT('',(-2.599552370866E-1,-1.802821344879E0,
1.620925925926E1));
#3427=CARTESIAN_POINT('',(1.349571268030E-1,-1.816460321825E0,
1.624074074074E1));
#3428=CARTESIAN_POINT('',(5.235180470659E-1,-1.744611813911E0,
1.627222222222E1));
#3429=CARTESIAN_POINT('',(8.874408067341E-1,-1.590657204235E0,
1.630370370370E1));
#3430=CARTESIAN_POINT('',(1.209598226626E0,-1.361842008819E0,1.633518518519E1));
#3431=CARTESIAN_POINT('',(1.474828716245E0,-1.068934883228E0,1.636666666667E1));
#3432=CARTESIAN_POINT('',(1.670649818805E0,-7.257208208163E-1,
1.639814814815E1));
#3433=CARTESIAN_POINT('',(1.787845669068E0,-3.483523940418E-1,
1.642962962963E1));
#3434=CARTESIAN_POINT('',(1.820900716622E0,4.541042883037E-2,1.646111111111E1));
#3435=CARTESIAN_POINT('',(1.768259302450E0,4.370361153718E-1,1.649259259259E1));
#3436=CARTESIAN_POINT('',(1.632398872409E0,8.080937125101E-1,1.652407407407E1));
#3437=CARTESIAN_POINT('',(1.419713381994E0,1.141120256515E0,1.655555555556E1));
#3438=CARTESIAN_POINT('',(1.140212379678E0,1.420442626813E0,1.658703703704E1));
#3439=CARTESIAN_POINT('',(8.070499307694E-1,1.632915165005E0,1.661851851852E1));
#3440=CARTESIAN_POINT('',(4.359055518944E-1,1.768538344679E0,1.665E1));
#3441=CARTESIAN_POINT('',(4.424629094266E-2,1.820929376129E0,1.668148148148E1));
#3442=CARTESIAN_POINT('',(-3.494953188307E-1,1.787622596617E0,
1.671296296296E1));
#3443=CARTESIAN_POINT('',(-7.267887436458E-1,1.670185514435E0,
1.674444444444E1));
#3444=CARTESIAN_POINT('',(-1.069877543898E0,1.474145025195E0,1.677592592593E1));
#3445=CARTESIAN_POINT('',(-1.362615046529E0,1.208727348245E0,1.680740740741E1));
#3446=CARTESIAN_POINT('',(-1.591224225319E0,8.864236409855E-1,
1.683888888889E1));
#3447=CARTESIAN_POINT('',(-1.744946179275E0,5.224027850895E-1,
1.687037037037E1));
#3448=CARTESIAN_POINT('',(-1.816546122036E0,1.337950593296E-1,
1.690185185185E1));
#3449=CARTESIAN_POINT('',(-1.807285499835E0,-1.294716167006E-1,
1.692283950617E1));
#3450=CARTESIAN_POINT('',(-1.788515156703E0,-2.590596825142E-1,
1.693333333333E1));
#3452=DIRECTION('',(-8.570811084781E-1,-1.241449696522E-1,-5.E-1));
#3453=VECTOR('',#3452,2.467500930829E-1);
#3454=CARTESIAN_POINT('',(-1.788515156703E0,-2.590596825142E-1,
1.693333333333E1));
#3455=LINE('',#3454,#3453);
#3456=CARTESIAN_POINT('',(-2.E0,1.5E0,1.641930109206E1));
#3457=CARTESIAN_POINT('',(-2.E0,1.413581115710E0,1.645324263438E1));
#3458=CARTESIAN_POINT('',(-2.E0,1.250015127030E0,1.651462796597E1));
#3459=CARTESIAN_POINT('',(-2.E0,1.036116031696E0,1.658740353930E1));
#3460=CARTESIAN_POINT('',(-2.E0,8.448445981544E-1,1.664561702485E1));
#3461=CARTESIAN_POINT('',(-2.E0,6.708045904215E-1,1.669214573182E1));
#3462=CARTESIAN_POINT('',(-2.E0,5.084453005527E-1,1.672941989947E1));
#3463=CARTESIAN_POINT('',(-2.E0,3.518072687053E-1,1.675931162801E1));
#3464=CARTESIAN_POINT('',(-2.E0,1.932655494546E-1,1.678302861472E1));
#3465=CARTESIAN_POINT('',(-2.E0,3.258844514822E-2,1.679991154861E1));
#3466=CARTESIAN_POINT('',(-2.E0,-1.289454720970E-1,1.680936820828E1));
#3467=CARTESIAN_POINT('',(-2.E0,-2.361339397400E-1,1.681059220023E1));
#3468=CARTESIAN_POINT('',(-2.E0,-2.896924653317E-1,1.680995828679E1));
#3470=DIRECTION('',(0.E0,0.E0,-1.E0));
#3471=VECTOR('',#3470,6.556766910087E-1);
#3472=CARTESIAN_POINT('',(-2.E0,1.280891741489E0,1.442783834550E1));
#3473=LINE('',#3472,#3471);
#3474=DIRECTION('',(7.292807588925E-1,-4.670648506462E-1,-5.E-1));
#3475=VECTOR('',#3474,6.556766910087E-1);
#3476=CARTESIAN_POINT('',(-2.E0,1.280891741489E0,1.442783834550E1));
#3477=LINE('',#3476,#3475);
#3478=DIRECTION('',(-7.292807588925E-1,4.670648506462E-1,-5.E-1));
#3479=VECTOR('',#3478,6.556766910087E-1);
#3480=CARTESIAN_POINT('',(-1.521827605193E0,9.746482057310E-1,1.41E1));
#3481=LINE('',#3480,#3479);
#3482=CARTESIAN_POINT('',(2.E0,1.5E0,1.695069890794E1));
#3483=CARTESIAN_POINT('',(2.E0,1.460117910563E0,1.693503497479E1));
#3484=CARTESIAN_POINT('',(2.E0,1.380105013700E0,1.690420561438E1));
#3485=CARTESIAN_POINT('',(2.E0,1.258672391995E0,1.685944190532E1));
#3486=CARTESIAN_POINT('',(2.E0,1.137508044992E0,1.681701769557E1));
#3487=CARTESIAN_POINT('',(2.E0,1.017413682144E0,1.677736249008E1));
#3488=CARTESIAN_POINT('',(2.E0,8.940382864552E-1,1.673929699497E1));
#3489=CARTESIAN_POINT('',(2.E0,7.608393299936E-1,1.670150369252E1));
#3490=CARTESIAN_POINT('',(2.E0,6.107917936367E-1,1.666339483275E1));
#3491=CARTESIAN_POINT('',(2.E0,4.380240109975E-1,1.662599117418E1));
#3492=CARTESIAN_POINT('',(2.E0,2.427417716368E-1,1.659283766164E1));
#3493=CARTESIAN_POINT('',(2.E0,2.425875174958E-2,1.656814903229E1));
#3494=CARTESIAN_POINT('',(2.E0,-2.085189982834E-1,1.655743456370E1));
#3495=CARTESIAN_POINT('',(2.E0,-4.301082575514E-1,1.656247586689E1));
#3496=CARTESIAN_POINT('',(2.E0,-6.262038410872E-1,1.657861904387E1));
#3497=CARTESIAN_POINT('',(2.E0,-8.048923604903E-1,1.660212720314E1));
#3498=CARTESIAN_POINT('',(2.E0,-9.792275925294E-1,1.663267980318E1));
#3499=CARTESIAN_POINT('',(2.E0,-1.154105393705E0,1.667040737164E1));
#3500=CARTESIAN_POINT('',(2.E0,-1.328462826326E0,1.671447813023E1));
#3501=CARTESIAN_POINT('',(2.E0,-1.442996833627E0,1.674719648015E1));
#3502=CARTESIAN_POINT('',(2.E0,-1.5E0,1.676430109206E1));
#3504=CARTESIAN_POINT('',(-2.E0,-2.896924653317E-1,1.705670837987E1));
#3505=CARTESIAN_POINT('',(-2.E0,-2.375588216818E-1,1.704869592241E1));
#3506=CARTESIAN_POINT('',(-2.E0,-1.328938328665E-1,1.703480524817E1));
#3507=CARTESIAN_POINT('',(-2.E0,2.594282047074E-2,1.702081853470E1));
#3508=CARTESIAN_POINT('',(-2.E0,1.849623115289E-1,1.701416943225E1));
#3509=CARTESIAN_POINT('',(-2.E0,3.429342326128E-1,1.701490015673E1));
#3510=CARTESIAN_POINT('',(-2.E0,4.998229645790E-1,1.702269234534E1));
#3511=CARTESIAN_POINT('',(-2.E0,6.630555990229E-1,1.703800208356E1));
#3512=CARTESIAN_POINT('',(-2.E0,8.385073373265E-1,1.706230885563E1));
#3513=CARTESIAN_POINT('',(-2.E0,1.031535885622E0,1.709783956614E1));
#3514=CARTESIAN_POINT('',(-2.E0,1.247650988853E0,1.714751678610E1));
#3515=CARTESIAN_POINT('',(-2.E0,1.412786902359E0,1.719313156002E1));
#3516=CARTESIAN_POINT('',(-2.E0,1.5E0,1.721930109206E1));
#3518=DIRECTION('',(8.570811084781E-1,1.241449696521E-1,-5.E-1));
#3519=VECTOR('',#3518,2.467500930829E-1);
#3520=CARTESIAN_POINT('',(-2.E0,-2.896924653317E-1,1.705670837987E1));
#3521=LINE('',#3520,#3519);
#3522=CARTESIAN_POINT('',(-2.E0,-1.5E0,1.467569890794E1));
#3523=CARTESIAN_POINT('',(-2.E0,-1.430896706694E0,1.464855816928E1));
#3524=CARTESIAN_POINT('',(-2.E0,-1.292126385828E0,1.459584775848E1));
#3525=CARTESIAN_POINT('',(-2.E0,-1.081826024826E0,1.452245119386E1));
#3526=CARTESIAN_POINT('',(-2.E0,-8.691155881836E-1,1.445598659226E1));
#3527=CARTESIAN_POINT('',(-2.E0,-6.542137853852E-1,1.439803579555E1));
#3528=CARTESIAN_POINT('',(-2.E0,-4.358360952550E-1,1.434992403629E1));
#3529=CARTESIAN_POINT('',(-2.E0,-2.105130486478E-1,1.431293334415E1));
#3530=CARTESIAN_POINT('',(-2.E0,2.619110635056E-2,1.428919553303E1));
#3531=CARTESIAN_POINT('',(-2.E0,2.720464454964E-1,1.428185719031E1));
#3532=CARTESIAN_POINT('',(-2.E0,5.239569828310E-1,1.429268534437E1));
#3533=CARTESIAN_POINT('',(-2.E0,7.788757642156E-1,1.432174085477E1));
#3534=CARTESIAN_POINT('',(-2.E0,1.032700728623E0,1.436725979375E1));
#3535=CARTESIAN_POINT('',(-2.E0,1.198489928479E0,1.440641187326E1));
#3536=CARTESIAN_POINT('',(-2.E0,1.280891741489E0,1.442783834550E1));
#3538=CARTESIAN_POINT('',(2.E0,1.5E0,1.513069890794E1));
#3539=CARTESIAN_POINT('',(2.E0,1.434828855827E0,1.510510254476E1));
#3540=CARTESIAN_POINT('',(2.E0,1.304317755066E0,1.505544085818E1));
#3541=CARTESIAN_POINT('',(2.E0,1.107942459010E0,1.498633806536E1));
#3542=CARTESIAN_POINT('',(2.E0,9.100552471269E-1,1.492330975511E1));
#3543=CARTESIAN_POINT('',(2.E0,7.102952920884E-1,1.486741750363E1));
#3544=CARTESIAN_POINT('',(2.E0,5.082578160044E-1,1.481988249606E1));
#3545=CARTESIAN_POINT('',(2.E0,3.054885311286E-1,1.478232153098E1));
#3546=CARTESIAN_POINT('',(2.E0,1.022260161089E-1,1.475577158218E1));
#3547=CARTESIAN_POINT('',(2.E0,-1.006719740647E-1,1.474100047531E1));
#3548=CARTESIAN_POINT('',(2.E0,-3.035140792501E-1,1.473824522461E1));
#3549=CARTESIAN_POINT('',(2.E0,-5.061234745715E-1,1.474741282978E1));
#3550=CARTESIAN_POINT('',(2.E0,-7.083686203453E-1,1.476804010741E1));
#3551=CARTESIAN_POINT('',(2.E0,-9.084381309854E-1,1.479902010091E1));
#3552=CARTESIAN_POINT('',(2.E0,-1.106775247900E0,1.483922748092E1));
#3553=CARTESIAN_POINT('',(2.E0,-1.303623011375E0,1.488755798200E1));
#3554=CARTESIAN_POINT('',(2.E0,-1.434586602105E0,1.492467287040E1));
#3555=CARTESIAN_POINT('',(2.E0,-1.5E0,1.494430109206E1));
#3557=CARTESIAN_POINT('',(-2.E0,-1.5E0,1.558569890794E1));
#3558=CARTESIAN_POINT('',(-2.E0,-1.423995716535E0,1.555584776343E1));
#3559=CARTESIAN_POINT('',(-2.E0,-1.268593224723E0,1.549693240938E1));
#3560=CARTESIAN_POINT('',(-2.E0,-1.020333630926E0,1.541183001835E1));
#3561=CARTESIAN_POINT('',(-2.E0,-7.680494317641E-1,1.533687145663E1));
#3562=CARTESIAN_POINT('',(-2.E0,-5.160056043781E-1,1.527562595397E1));
#3563=CARTESIAN_POINT('',(-2.E0,-2.671659252343E-1,1.523054445991E1));
#3564=CARTESIAN_POINT('',(-2.E0,-2.316618136308E-2,1.520280032643E1));
#3565=CARTESIAN_POINT('',(-2.E0,2.120266199917E-1,1.519243170214E1));
#3566=CARTESIAN_POINT('',(-2.E0,4.364448290218E-1,1.519758302391E1));
#3567=CARTESIAN_POINT('',(-2.E0,6.542125158472E-1,1.521616779869E1));
#3568=CARTESIAN_POINT('',(-2.E0,8.688107025233E-1,1.524685234568E1));
#3569=CARTESIAN_POINT('',(-2.E0,1.081455325925E0,1.528839288757E1));
#3570=CARTESIAN_POINT('',(-2.E0,1.291782093642E0,1.533926356991E1));
#3571=CARTESIAN_POINT('',(-2.E0,1.430763899866E0,1.537852581415E1));
#3572=CARTESIAN_POINT('',(-2.E0,1.5E0,1.539930109206E1));
#3574=CARTESIAN_POINT('',(2.E0,1.5E0,1.604069890794E1));
#3575=CARTESIAN_POINT('',(2.E0,1.416694897052E0,1.600798032218E1));
#3576=CARTESIAN_POINT('',(2.E0,1.250815445251E0,1.594544446888E1));
#3577=CARTESIAN_POINT('',(2.E0,1.004386489778E0,1.586181058925E1));
#3578=CARTESIAN_POINT('',(2.E0,7.576952732856E-1,1.578917680129E1));
#3579=CARTESIAN_POINT('',(2.E0,5.101982386404E-1,1.572943293210E1));
#3580=CARTESIAN_POINT('',(2.E0,2.598013296458E-1,1.568435380880E1));
#3581=CARTESIAN_POINT('',(2.E0,7.347647270435E-3,1.565626431339E1));
#3582=CARTESIAN_POINT('',(2.E0,-2.469424621979E-1,1.564664057360E1));
#3583=CARTESIAN_POINT('',(2.E0,-5.013089121026E-1,1.565597905246E1));
#3584=CARTESIAN_POINT('',(2.E0,-7.532038138274E-1,1.568312206720E1));
#3585=CARTESIAN_POINT('',(2.E0,-1.003540483420E0,1.572630246458E1));
#3586=CARTESIAN_POINT('',(2.E0,-1.251917941650E0,1.578334644468E1));
#3587=CARTESIAN_POINT('',(2.E0,-1.417321054615E0,1.582949209698E1));
#3588=CARTESIAN_POINT('',(2.E0,-1.5E0,1.585430109206E1));
#3590=CARTESIAN_POINT('',(-2.E0,-1.5E0,1.649569890794E1));
#3591=CARTESIAN_POINT('',(-2.E0,-1.428286845352E0,1.646753313037E1));
#3592=CARTESIAN_POINT('',(-2.E0,-1.284541352033E0,1.641300464701E1));
#3593=CARTESIAN_POINT('',(-2.E0,-1.067208349058E0,1.633754008891E1));
#3594=CARTESIAN_POINT('',(-2.E0,-8.487191593488E-1,1.626999769099E1));
#3595=CARTESIAN_POINT('',(-2.E0,-6.297875558267E-1,1.621205022161E1));
#3596=CARTESIAN_POINT('',(-2.E0,-4.094324495427E-1,1.616488288058E1));
#3597=CARTESIAN_POINT('',(-2.E0,-1.818652652473E-1,1.612918942565E1));
#3598=CARTESIAN_POINT('',(-2.E0,5.148779153917E-2,1.610797858718E1));
#3599=CARTESIAN_POINT('',(-2.E0,2.656105866301E-1,1.610288958129E1));
#3600=CARTESIAN_POINT('',(-2.E0,4.552792542738E-1,1.610940383543E1));
#3601=CARTESIAN_POINT('',(-2.E0,6.312086133547E-1,1.612437466153E1));
#3602=CARTESIAN_POINT('',(-2.E0,8.006514388402E-1,1.614654598844E1));
#3603=CARTESIAN_POINT('',(-2.E0,9.735132358197E-1,1.617655077063E1));
#3604=CARTESIAN_POINT('',(-2.E0,1.150459502440E0,1.621451283907E1));
#3605=CARTESIAN_POINT('',(-2.E0,1.328038230315E0,1.625933923265E1));
#3606=CARTESIAN_POINT('',(-2.E0,1.442996540080E0,1.629219639206E1));
#3607=CARTESIAN_POINT('',(-2.E0,1.5E0,1.630930109206E1));
#3609=CARTESIAN_POINT('',(2.E0,1.5E0,1.968069890794E1));
#3610=CARTESIAN_POINT('',(2.E0,1.421371687070E0,1.964981715990E1));
#3611=CARTESIAN_POINT('',(2.E0,1.263451880025E0,1.959011333021E1));
#3612=CARTESIAN_POINT('',(2.E0,1.024081082308E0,1.950819166137E1));
#3613=CARTESIAN_POINT('',(2.E0,7.813187570313E-1,1.943564305370E1));
#3614=CARTESIAN_POINT('',(2.E0,5.354226211702E-1,1.937487381278E1));
#3615=CARTESIAN_POINT('',(2.E0,2.852564027812E-1,1.932816645570E1));
#3616=CARTESIAN_POINT('',(2.E0,3.165768023612E-2,1.929811271910E1));
#3617=CARTESIAN_POINT('',(2.E0,-2.258983703608E-1,1.928663135022E1));
#3618=CARTESIAN_POINT('',(2.E0,-4.828463550654E-1,1.929463140413E1));
#3619=CARTESIAN_POINT('',(2.E0,-7.367706903276E-1,1.932078177607E1));
#3620=CARTESIAN_POINT('',(2.E0,-9.934571130349E-1,1.936400418090E1));
#3621=CARTESIAN_POINT('',(2.E0,-1.257661028680E0,1.942467375857E1));
#3622=CARTESIAN_POINT('',(2.E0,-1.420285611662E0,1.947038165454E1));
#3623=CARTESIAN_POINT('',(2.E0,-1.5E0,1.949430109206E1));
#3625=CARTESIAN_POINT('',(-2.E0,-1.5E0,2.013569890794E1));
#3626=CARTESIAN_POINT('',(-2.E0,-1.428973518845E0,2.010780282556E1));
#3627=CARTESIAN_POINT('',(-2.E0,-1.286320573382E0,2.005365891108E1));
#3628=CARTESIAN_POINT('',(-2.E0,-1.068860501262E0,1.997808277657E1));
#3629=CARTESIAN_POINT('',(-2.E0,-8.511283844421E-1,1.991071725644E1));
#3630=CARTESIAN_POINT('',(-2.E0,-6.353199889049E-1,1.985345991959E1));
#3631=CARTESIAN_POINT('',(-2.E0,-4.236005212743E-1,1.980781358307E1));
#3632=CARTESIAN_POINT('',(-2.E0,-2.198020356383E-1,1.977479655238E1));
#3633=CARTESIAN_POINT('',(-2.E0,-2.353925550588E-2,1.975380053746E1));
#3634=CARTESIAN_POINT('',(-2.E0,1.696780581433E-1,1.974389892863E1));
#3635=CARTESIAN_POINT('',(-2.E0,3.628559063532E-1,1.974489476791E1));
#3636=CARTESIAN_POINT('',(-2.E0,5.554823894429E-1,1.975659267369E1));
#3637=CARTESIAN_POINT('',(-2.E0,7.476754184599E-1,1.977848408858E1));
#3638=CARTESIAN_POINT('',(-2.E0,9.379160044470E-1,1.980956617014E1));
#3639=CARTESIAN_POINT('',(-2.E0,1.126434759068E0,1.984882559724E1));
#3640=CARTESIAN_POINT('',(-2.E0,1.313510442746E0,1.989530964146E1));
#3641=CARTESIAN_POINT('',(-2.E0,1.437893179793E0,1.993066505613E1));
#3642=CARTESIAN_POINT('',(-2.E0,1.5E0,1.994930109206E1));
#3644=DIRECTION('',(5.667836017958E-1,6.547948905844E-1,-5.E-1));
#3645=VECTOR('',#3644,8.E-1);
#3646=CARTESIAN_POINT('',(-1.636163325345E0,-1.890230031714E0,
2.016666666667E1));
#3647=LINE('',#3646,#3645);
#3648=CARTESIAN_POINT('',(-2.E0,-1.5E0,1.740569890794E1));
#3649=CARTESIAN_POINT('',(-2.E0,-1.450750022178E0,1.738635567966E1));
#3650=CARTESIAN_POINT('',(-2.E0,-1.352079877259E0,1.734851487541E1));
#3651=CARTESIAN_POINT('',(-2.E0,-1.203474519762E0,1.729462791848E1));
#3652=CARTESIAN_POINT('',(-2.E0,-1.054009415514E0,1.724394700607E1));
#3653=CARTESIAN_POINT('',(-2.E0,-9.035966038150E-1,1.719692022857E1));
#3654=CARTESIAN_POINT('',(-2.E0,-7.519458049830E-1,1.715399132518E1));
#3655=CARTESIAN_POINT('',(-2.E0,-5.991680971344E-1,1.711576136410E1));
#3656=CARTESIAN_POINT('',(-2.E0,-4.450554064062E-1,1.708276851031E1));
#3657=CARTESIAN_POINT('',(-2.E0,-3.416186648975E-1,1.706468895511E1));
#3658=CARTESIAN_POINT('',(-2.E0,-2.896924653317E-1,1.705670837987E1));
#3660=CARTESIAN_POINT('',(2.E0,1.5E0,1.786069890794E1));
#3661=CARTESIAN_POINT('',(2.E0,1.419504568630E0,1.782908383778E1));
#3662=CARTESIAN_POINT('',(2.E0,1.258392521E0,1.776823954130E1));
#3663=CARTESIAN_POINT('',(2.E0,1.015916646176E0,1.768553663297E1));
#3664=CARTESIAN_POINT('',(2.E0,7.716744989275E-1,1.761299576219E1));
#3665=CARTESIAN_POINT('',(2.E0,5.259577760993E-1,1.755284076692E1));
#3666=CARTESIAN_POINT('',(2.E0,2.776789948841E-1,1.750707123375E1));
#3667=CARTESIAN_POINT('',(2.E0,2.755788456202E-2,1.747788628979E1));
#3668=CARTESIAN_POINT('',(2.E0,-2.250047531546E-1,1.746676736097E1));
#3669=CARTESIAN_POINT('',(2.E0,-4.770908729184E-1,1.747434967201E1));
#3670=CARTESIAN_POINT('',(2.E0,-7.273909059358E-1,1.749957037812E1));
#3671=CARTESIAN_POINT('',(2.E0,-9.793869949983E-1,1.754140757110E1));
#3672=CARTESIAN_POINT('',(2.E0,-1.234698713785E0,1.759878246815E1));
#3673=CARTESIAN_POINT('',(2.E0,-1.410753458645E0,1.764752139627E1));
#3674=CARTESIAN_POINT('',(2.E0,-1.5E0,1.767430109206E1));
#3676=CARTESIAN_POINT('',(-2.E0,-1.5E0,1.831569890794E1));
#3677=CARTESIAN_POINT('',(-2.E0,-1.434377870189E0,1.828992541741E1));
#3678=CARTESIAN_POINT('',(-2.E0,-1.302585525834E0,1.823977916990E1));
#3679=CARTESIAN_POINT('',(-2.E0,-1.102726586818E0,1.816954373560E1));
#3680=CARTESIAN_POINT('',(-2.E0,-9.008722014554E-1,1.810551265434E1));
#3681=CARTESIAN_POINT('',(-2.E0,-6.974153927832E-1,1.804905279704E1));
#3682=CARTESIAN_POINT('',(-2.E0,-4.900590486083E-1,1.800094103368E1));
#3683=CARTESIAN_POINT('',(-2.E0,-2.726199718644E-1,1.796182463743E1));
#3684=CARTESIAN_POINT('',(-2.E0,-3.853071998221E-2,1.793402791922E1));
#3685=CARTESIAN_POINT('',(-2.E0,2.098880064245E-1,1.792184599884E1));
#3686=CARTESIAN_POINT('',(-2.E0,4.705310978364E-1,1.792858618750E1));
#3687=CARTESIAN_POINT('',(-2.E0,7.361083576573E-1,1.795543723600E1));
#3688=CARTESIAN_POINT('',(-2.E0,9.986082564958E-1,1.800009566784E1));
#3689=CARTESIAN_POINT('',(-2.E0,1.255373280388E0,1.805917244994E1));
#3690=CARTESIAN_POINT('',(-2.E0,1.419340117322E0,1.810509794550E1));
#3691=CARTESIAN_POINT('',(-2.E0,1.5E0,1.812930109206E1));
#3693=CARTESIAN_POINT('',(2.E0,1.5E0,1.877069890794E1));
#3694=CARTESIAN_POINT('',(2.E0,1.437059952510E0,1.874597882155E1));
#3695=CARTESIAN_POINT('',(2.E0,1.310969454013E0,1.869794526576E1));
#3696=CARTESIAN_POINT('',(2.E0,1.121015427509E0,1.863081476165E1));
#3697=CARTESIAN_POINT('',(2.E0,9.296954193090E-1,1.856932239800E1));
#3698=CARTESIAN_POINT('',(2.E0,7.368110817491E-1,1.851444903976E1));
#3699=CARTESIAN_POINT('',(2.E0,5.418660941207E-1,1.846722282995E1));
#3700=CARTESIAN_POINT('',(2.E0,3.450558139686E-1,1.842889769110E1));
#3701=CARTESIAN_POINT('',(2.E0,1.462153765002E-1,1.840061238623E1));
#3702=CARTESIAN_POINT('',(2.E0,-5.321070472468E-2,1.838344189106E1));
#3703=CARTESIAN_POINT('',(2.E0,-2.543632210501E-1,1.837780827830E1));
#3704=CARTESIAN_POINT('',(2.E0,-4.590815740003E-1,1.838415889476E1));
#3705=CARTESIAN_POINT('',(2.E0,-6.673388476066E-1,1.840282515437E1));
#3706=CARTESIAN_POINT('',(2.E0,-8.764102892225E-1,1.843322674904E1));
#3707=CARTESIAN_POINT('',(2.E0,-1.085553704870E0,1.847433424760E1));
#3708=CARTESIAN_POINT('',(2.E0,-1.293759027439E0,1.852481043069E1));
#3709=CARTESIAN_POINT('',(2.E0,-1.431370052226E0,1.856370769880E1));
#3710=CARTESIAN_POINT('',(2.E0,-1.5E0,1.858430109206E1));
#3712=CARTESIAN_POINT('',(-2.E0,-1.5E0,1.922569890794E1));
#3713=CARTESIAN_POINT('',(-2.E0,-1.419977357312E0,1.919426952841E1));
#3714=CARTESIAN_POINT('',(-2.E0,-1.256219707686E0,1.913225934126E1));
#3715=CARTESIAN_POINT('',(-2.E0,-9.902861588720E-1,1.904201471090E1));
#3716=CARTESIAN_POINT('',(-2.E0,-7.268549536447E-1,1.896571137398E1));
#3717=CARTESIAN_POINT('',(-2.E0,-4.665621828757E-1,1.890517700910E1));
#3718=CARTESIAN_POINT('',(-2.E0,-2.061489738341E-1,1.886168137094E1));
#3719=CARTESIAN_POINT('',(-2.E0,5.217621699287E-2,1.883728169105E1));
#3720=CARTESIAN_POINT('',(-2.E0,3.031945522833E-1,1.883225327018E1));
#3721=CARTESIAN_POINT('',(-2.E0,5.488190804412E-1,1.884498860139E1));
#3722=CARTESIAN_POINT('',(-2.E0,7.905750451873E-1,1.887379697056E1));
#3723=CARTESIAN_POINT('',(-2.E0,1.029907397215E0,1.891692764304E1));
#3724=CARTESIAN_POINT('',(-2.E0,1.266188055312E0,1.897222000750E1));
#3725=CARTESIAN_POINT('',(-2.E0,1.422261171631E0,1.901597444945E1));
#3726=CARTESIAN_POINT('',(-2.E0,1.5E0,1.903930109206E1));
#3728=CARTESIAN_POINT('',(2.E0,1.5E0,2.241069890794E1));
#3729=CARTESIAN_POINT('',(2.E0,1.438957369383E0,2.238672404357E1));
#3730=CARTESIAN_POINT('',(2.E0,1.316649794127E0,2.234008788747E1));
#3731=CARTESIAN_POINT('',(2.E0,1.132345671462E0,2.227471573825E1));
#3732=CARTESIAN_POINT('',(2.E0,9.467094922688E-1,2.221458586171E1));
#3733=CARTESIAN_POINT('',(2.E0,7.595331364077E-1,2.216058634242E1));
#3734=CARTESIAN_POINT('',(2.E0,5.703766801177E-1,2.211366022407E1));
#3735=CARTESIAN_POINT('',(2.E0,3.792895526948E-1,2.207493962861E1));
#3736=CARTESIAN_POINT('',(2.E0,1.863062012922E-1,2.204554496059E1));
#3737=CARTESIAN_POINT('',(2.E0,-6.772265259618E-3,2.202652841921E1));
#3738=CARTESIAN_POINT('',(2.E0,-2.030362973100E-1,2.201816357369E1));
#3739=CARTESIAN_POINT('',(2.E0,-4.074759752500E-1,2.202135147407E1));
#3740=CARTESIAN_POINT('',(2.E0,-6.207330091570E-1,2.203745974305E1));
#3741=CARTESIAN_POINT('',(2.E0,-8.393721584745E-1,2.206682949492E1));
#3742=CARTESIAN_POINT('',(2.E0,-1.061011239179E0,2.210877686469E1));
#3743=CARTESIAN_POINT('',(2.E0,-1.282647303894E0,2.216172106425E1));
#3744=CARTESIAN_POINT('',(2.E0,-1.427775419559E0,2.220262907807E1));
#3745=CARTESIAN_POINT('',(2.E0,-1.5E0,2.222430109206E1));
#3747=CARTESIAN_POINT('',(-2.E0,-1.5E0,2.286569890794E1));
#3748=CARTESIAN_POINT('',(-2.E0,-1.420758182874E0,2.283457620240E1));
#3749=CARTESIAN_POINT('',(-2.E0,-1.259345778315E0,2.277340840244E1));
#3750=CARTESIAN_POINT('',(-2.E0,-9.962219168775E-1,2.268400744128E1));
#3751=CARTESIAN_POINT('',(-2.E0,-7.444102944780E-1,2.261058966590E1));
#3752=CARTESIAN_POINT('',(-2.E0,-4.944090046838E-1,2.255104273855E1));
#3753=CARTESIAN_POINT('',(-2.E0,-2.394966211847E-1,2.250632119933E1));
#3754=CARTESIAN_POINT('',(-2.E0,1.680525354185E-2,2.247949078658E1));
#3755=CARTESIAN_POINT('',(-2.E0,2.708266133040E-1,2.247176202461E1));
#3756=CARTESIAN_POINT('',(-2.E0,5.225620670190E-1,2.248266691819E1));
#3757=CARTESIAN_POINT('',(-2.E0,7.710403143941E-1,2.251076305714E1));
#3758=CARTESIAN_POINT('',(-2.E0,1.016992647073E0,2.255413781610E1));
#3759=CARTESIAN_POINT('',(-2.E0,1.259741236785E0,2.261045796408E1));
#3760=CARTESIAN_POINT('',(-2.E0,1.420113291174E0,2.265532994733E1));
#3761=CARTESIAN_POINT('',(-2.E0,1.5E0,2.267930109206E1));
#3763=CARTESIAN_POINT('',(2.E0,1.5E0,2.059069890794E1));
#3764=CARTESIAN_POINT('',(2.E0,1.457837892111E0,2.057413948368E1));
#3765=CARTESIAN_POINT('',(2.E0,1.373189009606E0,2.054155865682E1));
#3766=CARTESIAN_POINT('',(2.E0,1.244366452198E0,2.049426423266E1));
#3767=CARTESIAN_POINT('',(2.E0,1.115926332182E0,2.044966064033E1));
#3768=CARTESIAN_POINT('',(2.E0,9.892624289051E-1,2.040838947963E1));
#3769=CARTESIAN_POINT('',(2.E0,8.597246804508E-1,2.036919136388E1));
#3770=CARTESIAN_POINT('',(2.E0,7.194446223198E-1,2.033046773636E1));
#3771=CARTESIAN_POINT('',(2.E0,5.594120852401E-1,2.029145948233E1));
#3772=CARTESIAN_POINT('',(2.E0,3.742926571863E-1,2.025398622937E1));
#3773=CARTESIAN_POINT('',(2.E0,1.672886408896E-1,2.022274938460E1));
#3774=CARTESIAN_POINT('',(2.E0,-5.743448173116E-2,2.020255664642E1));
#3775=CARTESIAN_POINT('',(2.E0,-2.872046686418E-1,2.019760046234E1));
#3776=CARTESIAN_POINT('',(2.E0,-4.973929527960E-1,2.020691211476E1));
#3777=CARTESIAN_POINT('',(2.E0,-6.801312803277E-1,2.022498860228E1));
#3778=CARTESIAN_POINT('',(2.E0,-8.464106913873E-1,2.024889398405E1));
#3779=CARTESIAN_POINT('',(2.E0,-1.009363275808E0,2.027883249983E1));
#3780=CARTESIAN_POINT('',(2.E0,-1.173985541674E0,2.031523463897E1));
#3781=CARTESIAN_POINT('',(2.E0,-1.338552386462E0,2.035731446604E1));
#3782=CARTESIAN_POINT('',(2.E0,-1.446368179395E0,2.038820810046E1));
#3783=CARTESIAN_POINT('',(2.E0,-1.5E0,2.040430109206E1));
#3785=CARTESIAN_POINT('',(-2.E0,-1.5E0,2.104569890794E1));
#3786=CARTESIAN_POINT('',(-2.E0,-1.397916130325E0,2.100560484736E1));
#3787=CARTESIAN_POINT('',(-2.E0,-1.201660621433E0,2.093251496919E1));
#3788=CARTESIAN_POINT('',(-2.E0,-9.355739250243E-1,2.084517876580E1));
#3789=CARTESIAN_POINT('',(-2.E0,-6.848685452458E-1,2.077518181923E1));
#3790=CARTESIAN_POINT('',(-2.E0,-4.435887542810E-1,2.072106129871E1));
#3791=CARTESIAN_POINT('',(-2.E0,-2.026315393526E-1,2.068161366175E1));
#3792=CARTESIAN_POINT('',(-2.E0,4.306809273623E-2,2.065802823639E1));
#3793=CARTESIAN_POINT('',(-2.E0,2.891958508865E-1,2.065209319979E1));
#3794=CARTESIAN_POINT('',(-2.E0,5.353433045464E-1,2.066381442118E1));
#3795=CARTESIAN_POINT('',(-2.E0,7.789388537263E-1,2.069201809435E1));
#3796=CARTESIAN_POINT('',(-2.E0,1.020728309122E0,2.073497283830E1));
#3797=CARTESIAN_POINT('',(-2.E0,1.260576625265E0,2.079070423556E1));
#3798=CARTESIAN_POINT('',(-2.E0,1.420221791210E0,2.083536250431E1));
#3799=CARTESIAN_POINT('',(-2.E0,1.5E0,2.085930109206E1));
#3801=CARTESIAN_POINT('',(2.E0,1.5E0,2.150069890794E1));
#3802=CARTESIAN_POINT('',(2.E0,1.420527026300E0,2.146948541425E1));
#3803=CARTESIAN_POINT('',(2.E0,1.261444368631E0,2.140937677925E1));
#3804=CARTESIAN_POINT('',(2.E0,1.021975732120E0,2.132752455366E1));
#3805=CARTESIAN_POINT('',(2.E0,7.807555597719E-1,2.125552788946E1));
#3806=CARTESIAN_POINT('',(2.E0,5.379936910011E-1,2.119551411839E1));
#3807=CARTESIAN_POINT('',(2.E0,2.926143173293E-1,2.114942741326E1));
#3808=CARTESIAN_POINT('',(2.E0,4.527110786490E-2,2.111942449999E1));
#3809=CARTESIAN_POINT('',(2.E0,-2.047245854991E-1,2.110703859873E1));
#3810=CARTESIAN_POINT('',(2.E0,-4.535935741112E-1,2.111294458046E1));
#3811=CARTESIAN_POINT('',(2.E0,-7.020050830629E-1,2.113624870303E1));
#3812=CARTESIAN_POINT('',(2.E0,-9.557023165620E-1,2.117673272637E1));
#3813=CARTESIAN_POINT('',(2.E0,-1.218030297503E0,2.123440552590E1));
#3814=CARTESIAN_POINT('',(2.E0,-1.404411836423E0,2.128561850221E1));
#3815=CARTESIAN_POINT('',(2.E0,-1.5E0,2.131430109206E1));
#3817=CARTESIAN_POINT('',(-2.E0,-1.5E0,2.195569890794E1));
#3818=CARTESIAN_POINT('',(-2.E0,-1.442403183891E0,2.193307740817E1));
#3819=CARTESIAN_POINT('',(-2.E0,-1.326748158567E0,2.188889821571E1));
#3820=CARTESIAN_POINT('',(-2.E0,-1.151389927172E0,2.182630734609E1));
#3821=CARTESIAN_POINT('',(-2.E0,-9.746810503002E-1,2.176834828909E1));
#3822=CARTESIAN_POINT('',(-2.E0,-7.970062826554E-1,2.171594471471E1));
#3823=CARTESIAN_POINT('',(-2.E0,-6.166803759058E-1,2.166947736723E1));
#3824=CARTESIAN_POINT('',(-2.E0,-4.270353635670E-1,2.162866893751E1));
#3825=CARTESIAN_POINT('',(-2.E0,-2.211027072530E-1,2.159467665892E1));
#3826=CARTESIAN_POINT('',(-2.E0,3.777772701745E-3,2.157091161765E1));
#3827=CARTESIAN_POINT('',(-2.E0,2.469169634523E-1,2.156170273632E1));
#3828=CARTESIAN_POINT('',(-2.E0,5.048062626886E-1,2.157107985143E1));
#3829=CARTESIAN_POINT('',(-2.E0,7.622670725671E-1,2.159932984640E1));
#3830=CARTESIAN_POINT('',(-2.E0,1.014254686481E0,2.164348979851E1));
#3831=CARTESIAN_POINT('',(-2.E0,1.260380424721E0,2.170059604093E1));
#3832=CARTESIAN_POINT('',(-2.E0,1.420665132891E0,2.174549553529E1));
#3833=CARTESIAN_POINT('',(-2.E0,1.5E0,2.176930109206E1));
#3835=DIRECTION('',(0.E0,-8.660254037844E-1,-5.E-1));
#3836=VECTOR('',#3835,8.E-1);
#3837=CARTESIAN_POINT('',(0.E0,-1.807179676972E0,2.26E1));
#3838=LINE('',#3837,#3836);
#3839=DIRECTION('',(0.E0,8.660254037844E-1,-5.E-1));
#3840=VECTOR('',#3839,8.E-1);
#3841=CARTESIAN_POINT('',(0.E0,-2.5E0,2.3E1));
#3842=LINE('',#3841,#3840);
#3843=CARTESIAN_POINT('',(2.E0,-1.5E0,2.142430109206E1));
#3844=CARTESIAN_POINT('',(2.E0,-1.432229815453E0,2.145091824415E1));
#3845=CARTESIAN_POINT('',(2.E0,-1.295957065463E0,2.150272661757E1));
#3846=CARTESIAN_POINT('',(2.E0,-1.087551558139E0,2.157561885743E1));
#3847=CARTESIAN_POINT('',(2.E0,-8.788759404495E-1,2.164107353389E1));
#3848=CARTESIAN_POINT('',(2.E0,-6.724271500719E-1,2.169726378893E1));
#3849=CARTESIAN_POINT('',(2.E0,-4.706125908987E-1,2.174282115663E1));
#3850=CARTESIAN_POINT('',(2.E0,-2.762180943604E-1,2.177696620112E1));
#3851=CARTESIAN_POINT('',(2.E0,-9.094799008022E-2,2.179997094706E1));
#3852=CARTESIAN_POINT('',(2.E0,8.909849075464E-2,2.181303695738E1));
#3853=CARTESIAN_POINT('',(2.E0,2.681359034388E-1,2.181670052670E1));
#3854=CARTESIAN_POINT('',(2.E0,4.470906757777E-1,2.181103758362E1));
#3855=CARTESIAN_POINT('',(2.E0,6.255702061075E-1,2.179634302527E1));
#3856=CARTESIAN_POINT('',(2.E0,8.033081098634E-1,2.177314665635E1));
#3857=CARTESIAN_POINT('',(2.E0,9.792521800862E-1,2.174232474717E1));
#3858=CARTESIAN_POINT('',(2.E0,1.153787340009E0,2.170465315894E1));
#3859=CARTESIAN_POINT('',(2.E0,1.327146758399E0,2.166087554910E1));
#3860=CARTESIAN_POINT('',(2.E0,1.442430767506E0,2.162797337605E1));
#3861=CARTESIAN_POINT('',(2.E0,1.5E0,2.161069890794E1));
#3863=CARTESIAN_POINT('',(-2.E0,1.5E0,2.096930109206E1));
#3864=CARTESIAN_POINT('',(-2.E0,1.421472791893E0,2.100014313057E1));
#3865=CARTESIAN_POINT('',(-2.E0,1.262711672514E0,2.106019115308E1));
#3866=CARTESIAN_POINT('',(-2.E0,1.018467732813E0,2.114370065991E1));
#3867=CARTESIAN_POINT('',(-2.E0,7.681163924459E-1,2.121812480883E1));
#3868=CARTESIAN_POINT('',(-2.E0,5.113703833410E-1,2.128054119953E1));
#3869=CARTESIAN_POINT('',(-2.E0,2.534519962171E-1,2.132660169444E1));
#3870=CARTESIAN_POINT('',(-2.E0,9.430371198062E-3,2.135314999625E1));
#3871=CARTESIAN_POINT('',(-2.E0,-2.168400114895E-1,2.136233338095E1));
#3872=CARTESIAN_POINT('',(-2.E0,-4.239766914813E-1,2.135762733289E1));
#3873=CARTESIAN_POINT('',(-2.E0,-6.145933214240E-1,2.134259950684E1));
#3874=CARTESIAN_POINT('',(-2.E0,-7.954877665504E-1,2.131936483284E1));
#3875=CARTESIAN_POINT('',(-2.E0,-9.735126416660E-1,2.128847897482E1));
#3876=CARTESIAN_POINT('',(-2.E0,-1.150577046701E0,2.125043777969E1));
#3877=CARTESIAN_POINT('',(-2.E0,-1.326247266464E0,2.120613704505E1));
#3878=CARTESIAN_POINT('',(-2.E0,-1.442228079101E0,2.117303419560E1));
#3879=CARTESIAN_POINT('',(-2.E0,-1.5E0,2.115569890794E1));
#3881=CARTESIAN_POINT('',(2.E0,-1.5E0,2.051430109206E1));
#3882=CARTESIAN_POINT('',(2.E0,-1.403985719662E0,2.055201128452E1));
#3883=CARTESIAN_POINT('',(2.E0,-1.217666089531E0,2.062167270628E1));
#3884=CARTESIAN_POINT('',(2.E0,-9.586482720045E-1,2.070765442571E1));
#3885=CARTESIAN_POINT('',(2.E0,-7.099214638130E-1,2.077840344426E1));
#3886=CARTESIAN_POINT('',(2.E0,-4.670311616657E-1,2.083435744129E1));
#3887=CARTESIAN_POINT('',(2.E0,-2.225200581679E-1,2.087580348629E1));
#3888=CARTESIAN_POINT('',(2.E0,2.562073860618E-2,2.090093356509E1));
#3889=CARTESIAN_POINT('',(2.E0,2.744618829292E-1,2.090812154494E1));
#3890=CARTESIAN_POINT('',(2.E0,5.234990682529E-1,2.089720829730E1));
#3891=CARTESIAN_POINT('',(2.E0,7.699379254847E-1,2.086936161083E1));
#3892=CARTESIAN_POINT('',(2.E0,1.014701885022E0,2.082632055055E1));
#3893=CARTESIAN_POINT('',(2.E0,1.257519819615E0,2.077012865115E1));
#3894=CARTESIAN_POINT('',(2.E0,1.419195133380E0,2.072494555900E1));
#3895=CARTESIAN_POINT('',(2.E0,1.5E0,2.070069890794E1));
#3897=CARTESIAN_POINT('',(-2.E0,1.5E0,2.005930109206E1));
#3898=CARTESIAN_POINT('',(-2.E0,1.421633814827E0,2.009007988783E1));
#3899=CARTESIAN_POINT('',(-2.E0,1.264744919030E0,2.014939248245E1));
#3900=CARTESIAN_POINT('',(-2.E0,1.028520496614E0,2.023032189437E1));
#3901=CARTESIAN_POINT('',(-2.E0,7.905427202996E-1,2.030172547205E1));
#3902=CARTESIAN_POINT('',(-2.E0,5.509367787479E-1,2.036157291178E1));
#3903=CARTESIAN_POINT('',(-2.E0,3.086937614996E-1,2.040797077315E1));
#3904=CARTESIAN_POINT('',(-2.E0,6.428176111464E-2,2.043882454947E1));
#3905=CARTESIAN_POINT('',(-2.E0,-1.828292352837E-1,2.045252898666E1));
#3906=CARTESIAN_POINT('',(-2.E0,-4.281516455971E-1,2.044840564150E1));
#3907=CARTESIAN_POINT('',(-2.E0,-6.750594602110E-1,2.042710403067E1));
#3908=CARTESIAN_POINT('',(-2.E0,-9.310804862455E-1,2.038800146198E1));
#3909=CARTESIAN_POINT('',(-2.E0,-1.201132356921E0,2.032999418657E1));
#3910=CARTESIAN_POINT('',(-2.E0,-1.398024111674E0,2.027629822558E1));
#3911=CARTESIAN_POINT('',(-2.E0,-1.5E0,2.024569890794E1));
#3913=CARTESIAN_POINT('',(2.E0,-1.5E0,1.960430109206E1));
#3914=CARTESIAN_POINT('',(2.E0,-1.449183609910E0,1.962425953828E1));
#3915=CARTESIAN_POINT('',(2.E0,-1.347002551173E0,1.966342563897E1));
#3916=CARTESIAN_POINT('',(2.E0,-1.191073476858E0,1.971977675130E1));
#3917=CARTESIAN_POINT('',(2.E0,-1.034806916407E0,1.977234150920E1));
#3918=CARTESIAN_POINT('',(2.E0,-8.795540448186E-1,1.982023196347E1));
#3919=CARTESIAN_POINT('',(2.E0,-7.234497036390E-1,1.986361719527E1));
#3920=CARTESIAN_POINT('',(2.E0,-5.561083580855E-1,1.990433448938E1));
#3921=CARTESIAN_POINT('',(2.E0,-3.670128009449E-1,1.994240282792E1));
#3922=CARTESIAN_POINT('',(2.E0,-1.540264894540E-1,1.997385960510E1));
#3923=CARTESIAN_POINT('',(2.E0,6.248123714441E-2,1.999231194195E1));
#3924=CARTESIAN_POINT('',(2.E0,2.666868107572E-1,1.999703033283E1));
#3925=CARTESIAN_POINT('',(2.E0,4.547731106500E-1,1.999056649311E1));
#3926=CARTESIAN_POINT('',(2.E0,6.207650007940E-1,1.997648924303E1));
#3927=CARTESIAN_POINT('',(2.E0,7.651599607392E-1,1.995826182835E1));
#3928=CARTESIAN_POINT('',(2.E0,8.949422988195E-1,1.993740474957E1));
#3929=CARTESIAN_POINT('',(2.E0,1.016462311514E0,1.991425161742E1));
#3930=CARTESIAN_POINT('',(2.E0,1.136962482841E0,1.988802012238E1));
#3931=CARTESIAN_POINT('',(2.E0,1.258518540966E0,1.985842147745E1));
#3932=CARTESIAN_POINT('',(2.E0,1.380184017339E0,1.982584613710E1));
#3933=CARTESIAN_POINT('',(2.E0,1.460170472627E0,1.980265032488E1));
#3934=CARTESIAN_POINT('',(2.E0,1.5E0,1.979069890794E1));
#3936=CARTESIAN_POINT('',(-1.182736443909E0,-1.366394119247E0,
1.976666666667E1));
#3937=CARTESIAN_POINT('',(-1.083733441117E0,-1.452090081934E0,
1.977716049383E1));
#3938=CARTESIAN_POINT('',(-8.670307793459E-1,-1.601873452883E0,
1.979814814815E1));
#3939=CARTESIAN_POINT('',(-5.011685859961E-1,-1.751163009787E0,
1.982962962963E1));
#3940=CARTESIAN_POINT('',(-1.117209716044E-1,-1.818037356889E0,
1.986111111111E1));
#3941=CARTESIAN_POINT('',(2.829847756845E-1,-1.799350211647E0,
1.989259259259E1));
#3942=CARTESIAN_POINT('',(6.643724363361E-1,-1.695980772320E0,
1.992407407407E1));
#3943=CARTESIAN_POINT('',(1.014492969395E0,-1.512793953441E0,1.995555555556E1));
#3944=CARTESIAN_POINT('',(1.316868743110E0,-1.258410997743E0,1.998703703704E1));
#3945=CARTESIAN_POINT('',(1.557269150178E0,-9.448038531970E-1,
2.001851851852E1));
#3946=CARTESIAN_POINT('',(1.724380302360E0,-5.867317100725E-1,2.005E1));
#3947=CARTESIAN_POINT('',(1.810337501959E0,-2.010464022468E-1,
2.008148148148E1));
#3948=CARTESIAN_POINT('',(1.811095372965E0,1.941006874301E-1,2.011296296296E1));
#3949=CARTESIAN_POINT('',(1.726618247971E0,5.801128792020E-1,2.014444444444E1));
#3950=CARTESIAN_POINT('',(1.560881846589E0,9.388234060932E-1,2.017592592593E1));
#3951=CARTESIAN_POINT('',(1.321686167499E0,1.253350390547E0,2.020740740741E1));
#3952=CARTESIAN_POINT('',(1.020288399611E0,1.508891350781E0,2.023888888889E1));
#3953=CARTESIAN_POINT('',(6.708731286336E-1,1.693419845200E0,2.027037037037E1));
#3954=CARTESIAN_POINT('',(2.898847724979E-1,1.798251468932E0,2.030185185185E1));
#3955=CARTESIAN_POINT('',(-1.047463369654E-1,1.818452565159E0,
2.033333333333E1));
#3956=CARTESIAN_POINT('',(-4.944478034368E-1,1.753072416222E0,
2.036481481481E1));
#3957=CARTESIAN_POINT('',(-8.608792327911E-1,1.605187986932E0,
2.039629629630E1));
#3958=CARTESIAN_POINT('',(-1.186795381137E0,1.381759114373E0,2.042777777778E1));
#3959=CARTESIAN_POINT('',(-1.456857762153E0,1.093300959341E0,2.045925925926E1));
#3960=CARTESIAN_POINT('',(-1.658356517314E0,7.533891347252E-1,
2.049074074074E1));
#3961=CARTESIAN_POINT('',(-1.781808575851E0,3.780208008343E-1,
2.052222222222E1));
#3962=CARTESIAN_POINT('',(-1.821403953446E0,-1.513820379136E-2,
2.055370370370E1));
#3963=CARTESIAN_POINT('',(-1.775279185642E0,-4.075847640262E-1,
2.058518518519E1));
#3964=CARTESIAN_POINT('',(-1.645605027477E0,-7.808492942847E-1,
2.061666666667E1));
#3965=CARTESIAN_POINT('',(-1.438484291930E0,-1.117364966656E0,
2.064814814815E1));
#3966=CARTESIAN_POINT('',(-1.163664635218E0,-1.401294452849E0,
2.067962962963E1));
#3967=CARTESIAN_POINT('',(-8.340798059931E-1,-1.619275271248E0,
2.071111111111E1));
#3968=CARTESIAN_POINT('',(-4.652409485187E-1,-1.761048661072E0,
2.074259259259E1));
#3969=CARTESIAN_POINT('',(-7.450660669761E-2,-1.819942387110E0,
2.077407407407E1));
#3970=CARTESIAN_POINT('',(3.197342154664E-1,-1.793184752975E0,
2.080555555556E1));
#3971=CARTESIAN_POINT('',(6.989274896186E-1,-1.682035044551E0,
2.083703703704E1));
#3972=CARTESIAN_POINT('',(1.045227365292E0,-1.491724264630E0,2.086851851852E1));
#3973=CARTESIAN_POINT('',(1.342336043396E0,-1.231208947921E0,2.09E1));
#3974=CARTESIAN_POINT('',(1.576270794270E0,-9.127496425482E-1,
2.093148148148E1));
#3975=CARTESIAN_POINT('',(1.736022022365E0,-5.513338958420E-1,
2.096296296296E1));
#3976=CARTESIAN_POINT('',(1.814071407281E0,-1.639709002432E-1,
2.099444444444E1));
#3977=CARTESIAN_POINT('',(1.806745736049E0,2.311090048217E-1,2.102592592593E1));
#3978=CARTESIAN_POINT('',(1.714389774366E0,6.153123015107E-1,2.105740740741E1));
#3979=CARTESIAN_POINT('',(1.541350040998E0,9.705573542853E-1,2.108888888889E1));
#3980=CARTESIAN_POINT('',(1.295770248972E0,1.280125380078E0,2.112037037037E1));
#3981=CARTESIAN_POINT('',(9.892080406433E-1,1.529447278976E0,2.115185185185E1));
#3982=CARTESIAN_POINT('',(6.360910541112E-1,1.706789295057E0,2.118333333333E1));
#3983=CARTESIAN_POINT('',(2.530379199491E-1,1.803805238353E0,2.121481481481E1));
#3984=CARTESIAN_POINT('',(-1.419238560320E-1,1.815929278890E0,
2.124629629630E1));
#3985=CARTESIAN_POINT('',(-5.302063154609E-1,1.742590826869E0,
2.127777777778E1));
#3986=CARTESIAN_POINT('',(-8.935358464820E-1,1.587241386145E0,
2.130925925926E1));
#3987=CARTESIAN_POINT('',(-1.214813188842E0,1.357192117224E0,2.134074074074E1));
#3988=CARTESIAN_POINT('',(-1.478918170847E0,1.063269754474E0,2.137222222222E1));
#3989=CARTESIAN_POINT('',(-1.673421305115E0,7.193070710252E-1,
2.140370370370E1));
#3990=CARTESIAN_POINT('',(-1.789168753521E0,3.414918714466E-1,
2.143518518519E1));
#3991=CARTESIAN_POINT('',(-1.820713131322E0,-5.239484967279E-2,
2.146666666667E1));
#3992=CARTESIAN_POINT('',(-1.766569875664E0,-4.438157289214E-1,
2.149814814815E1));
#3993=CARTESIAN_POINT('',(-1.629287113083E0,-8.143494520064E-1,
2.152962962963E1));
#3994=CARTESIAN_POINT('',(-1.415325737851E0,-1.146557710112E0,
2.156111111111E1));
#3995=CARTESIAN_POINT('',(-1.134755344996E0,-1.424805893392E0,
2.159259259259E1));
#3996=CARTESIAN_POINT('',(-8.007803282082E-1,-1.635998897553E0,
2.162407407407E1));
#3997=CARTESIAN_POINT('',(-4.291184457280E-1,-1.770197414521E0,
2.165555555556E1));
#3998=CARTESIAN_POINT('',(-3.726110057141E-2,-1.821085702878E0,
2.168703703704E1));
#3999=CARTESIAN_POINT('',(3.563498517148E-1,-1.786268823560E0,
2.171851851852E1));
#4000=CARTESIAN_POINT('',(7.331900261384E-1,-1.667385352104E0,2.175E1));
#4001=CARTESIAN_POINT('',(1.075524315404E0,-1.470030262891E0,2.178148148148E1));
#4002=CARTESIAN_POINT('',(1.367241551532E0,-1.203491614680E0,2.181296296296E1));
#4003=CARTESIAN_POINT('',(1.594612740553E0,-8.803134296976E-1,
2.184444444444E1));
#4004=CARTESIAN_POINT('',(1.746937185707E0,-5.157053383809E-1,
2.187592592593E1));
#4005=CARTESIAN_POINT('',(1.817046090878E0,-1.268267734526E-1,
2.190740740741E1));
#4006=CARTESIAN_POINT('',(1.801639943329E0,2.680205989114E-1,2.193888888889E1));
#4007=CARTESIAN_POINT('',(1.701443797601E0,6.502542044805E-1,2.197037037037E1));
#4008=CARTESIAN_POINT('',(1.521173152507E0,1.001885106653E0,2.200185185185E1));
#4009=CARTESIAN_POINT('',(1.269312027135E0,1.306364613962E0,2.203333333333E1));
#4010=CARTESIAN_POINT('',(9.577136802008E-1,1.549363105795E0,2.206481481481E1));
#4011=CARTESIAN_POINT('',(6.010427639662E-1,1.719444422692E0,2.209629629630E1));
#4012=CARTESIAN_POINT('',(2.160851664494E-1,1.808604082623E0,2.212777777778E1));
#4013=CARTESIAN_POINT('',(-1.790419773953E-1,1.812645993340E0,
2.215925925926E1));
#4014=CARTESIAN_POINT('',(-5.657429265423E-1,1.731379931704E0,
2.219074074074E1));
#4015=CARTESIAN_POINT('',(-9.258184992439E-1,1.568630496101E0,
2.222222222222E1));
#4016=CARTESIAN_POINT('',(-1.242322575232E0,1.332057110602E0,2.225370370370E1));
#4017=CARTESIAN_POINT('',(-1.500359625517E0,1.032793551963E0,2.228518518519E1));
#4018=CARTESIAN_POINT('',(-1.687785735782E0,6.849239642927E-1,
2.231666666667E1));
#4019=CARTESIAN_POINT('',(-1.795780131750E0,3.048200215280E-1,
2.234814814815E1));
#4020=CARTESIAN_POINT('',(-1.819260307508E0,-8.962956736103E-2,
2.237962962963E1));
#4021=CARTESIAN_POINT('',(-1.757121225255E0,-4.798609488987E-1,
2.241111111111E1));
#4022=CARTESIAN_POINT('',(-1.612287308627E0,-8.475087897385E-1,
2.244259259259E1));
#4023=CARTESIAN_POINT('',(-1.391574858906E0,-1.175270598408E0,
2.247407407407E1));
#4024=CARTESIAN_POINT('',(-1.105371084700E0,-1.447721026872E0,
2.250555555556E1));
#4025=CARTESIAN_POINT('',(-7.671459124456E-1,-1.652037828700E0,
2.253703703704E1));
#4026=CARTESIAN_POINT('',(-3.928155911643E-1,-1.778605308303E0,
2.256851851852E1));
#4027=CARTESIAN_POINT('',(-1.309404161541E-1,-1.807179676972E0,
2.258950617284E1));
#4028=CARTESIAN_POINT('',(0.E0,-1.807179676972E0,2.26E1));
#4030=CARTESIAN_POINT('',(-2.E0,1.5E0,2.187930109206E1));
#4031=CARTESIAN_POINT('',(-2.E0,1.413700712448E0,2.191319566203E1));
#4032=CARTESIAN_POINT('',(-2.E0,1.240319917782E0,2.197849965099E1));
#4033=CARTESIAN_POINT('',(-2.E0,9.771999534735E-1,2.206707031772E1));
#4034=CARTESIAN_POINT('',(-2.E0,7.099112761613E-1,2.214386249524E1));
#4035=CARTESIAN_POINT('',(-2.E0,4.386755570913E-1,2.220564011866E1));
#4036=CARTESIAN_POINT('',(-2.E0,1.626191007416E-1,2.224922941585E1));
#4037=CARTESIAN_POINT('',(-2.E0,-1.165652043114E-1,2.227149811099E1));
#4038=CARTESIAN_POINT('',(-2.E0,-3.974297070073E-1,2.227072613395E1));
#4039=CARTESIAN_POINT('',(-2.E0,-6.724868547454E-1,2.224789148106E1));
#4040=CARTESIAN_POINT('',(-2.E0,-9.464929526341E-1,2.220558949982E1));
#4041=CARTESIAN_POINT('',(-2.E0,-1.235398954708E0,2.214144114664E1));
#4042=CARTESIAN_POINT('',(-2.E0,-1.412751114121E0,2.209187917875E1));
#4043=CARTESIAN_POINT('',(-2.E0,-1.5E0,2.206569890794E1));
#4045=CARTESIAN_POINT('',(2.E0,-1.5E0,1.869430109206E1));
#4046=CARTESIAN_POINT('',(2.E0,-1.420538083149E0,1.872551024311E1));
#4047=CARTESIAN_POINT('',(2.E0,-1.258190723384E0,1.878702634607E1));
#4048=CARTESIAN_POINT('',(2.E0,-9.928054265597E-1,1.887713655472E1));
#4049=CARTESIAN_POINT('',(2.E0,-7.357361343986E-1,1.895181054641E1));
#4050=CARTESIAN_POINT('',(2.E0,-4.814595603171E-1,1.901170009243E1));
#4051=CARTESIAN_POINT('',(2.E0,-2.242085909744E-1,1.905583987869E1));
#4052=CARTESIAN_POINT('',(2.E0,3.279215379227E-2,1.908154645829E1));
#4053=CARTESIAN_POINT('',(2.E0,2.852131691164E-1,1.908805187027E1));
#4054=CARTESIAN_POINT('',(2.E0,5.341081867519E-1,1.907633328261E1));
#4055=CARTESIAN_POINT('',(2.E0,7.796001600541E-1,1.904791855284E1));
#4056=CARTESIAN_POINT('',(2.E0,1.022646887111E0,1.900464473108E1));
#4057=CARTESIAN_POINT('',(2.E0,1.262559029352E0,1.894877235935E1));
#4058=CARTESIAN_POINT('',(2.E0,1.421051447111E0,1.890438854562E1));
#4059=CARTESIAN_POINT('',(2.E0,1.5E0,1.888069890794E1));
#4061=CARTESIAN_POINT('',(-2.E0,1.5E0,1.823930109206E1));
#4062=CARTESIAN_POINT('',(-2.E0,1.423031001902E0,1.826953113411E1));
#4063=CARTESIAN_POINT('',(-2.E0,1.268433482953E0,1.832802727076E1));
#4064=CARTESIAN_POINT('',(-2.E0,1.034028847219E0,1.840852706180E1));
#4065=CARTESIAN_POINT('',(-2.E0,7.964424381071E-1,1.848009636965E1));
#4066=CARTESIAN_POINT('',(-2.E0,5.559790719116E-1,1.854047923447E1));
#4067=CARTESIAN_POINT('',(-2.E0,3.111935301013E-1,1.858765785812E1));
#4068=CARTESIAN_POINT('',(-2.E0,6.052524099035E-2,1.861937610449E1));
#4069=CARTESIAN_POINT('',(-2.E0,-1.981323455693E-1,1.863314299687E1));
#4070=CARTESIAN_POINT('',(-2.E0,-4.593457771029E-1,1.862703345284E1));
#4071=CARTESIAN_POINT('',(-2.E0,-7.210645694676E-1,1.860154181592E1));
#4072=CARTESIAN_POINT('',(-2.E0,-9.861482206896E-1,1.855757481110E1));
#4073=CARTESIAN_POINT('',(-2.E0,-1.254024801883E0,1.849631072950E1));
#4074=CARTESIAN_POINT('',(-2.E0,-1.419224106588E0,1.844993686517E1));
#4075=CARTESIAN_POINT('',(-2.E0,-1.5E0,1.842569890794E1));
#4077=CARTESIAN_POINT('',(2.E0,-1.5E0,1.778430109206E1));
#4078=CARTESIAN_POINT('',(2.E0,-1.431260691300E0,1.781129887355E1));
#4079=CARTESIAN_POINT('',(2.E0,-1.293389185296E0,1.786367807705E1));
#4080=CARTESIAN_POINT('',(2.E0,-1.084518551454E0,1.793663184298E1));
#4081=CARTESIAN_POINT('',(2.E0,-8.746881509212E-1,1.800232987823E1));
#4082=CARTESIAN_POINT('',(2.E0,-6.647895769347E-1,1.805924863589E1));
#4083=CARTESIAN_POINT('',(2.E0,-4.559212539709E-1,1.810589850842E1));
#4084=CARTESIAN_POINT('',(2.E0,-2.517330371714E-1,1.814078272958E1));
#4085=CARTESIAN_POINT('',(2.E0,-5.239949039432E-2,1.816385670955E1));
#4086=CARTESIAN_POINT('',(2.E0,1.446345061596E-1,1.817550048461E1));
#4087=CARTESIAN_POINT('',(2.E0,3.412477661569E-1,1.817581995552E1));
#4088=CARTESIAN_POINT('',(2.E0,5.374341606074E-1,1.816501226620E1));
#4089=CARTESIAN_POINT('',(2.E0,7.333175453039E-1,1.814354985807E1));
#4090=CARTESIAN_POINT('',(2.E0,9.271437791897E-1,1.811248298943E1));
#4091=CARTESIAN_POINT('',(2.E0,1.119237864763E0,1.807286590979E1));
#4092=CARTESIAN_POINT('',(2.E0,1.309873965494E0,1.802570342863E1));
#4093=CARTESIAN_POINT('',(2.E0,1.436674901578E0,1.798970050560E1));
#4094=CARTESIAN_POINT('',(2.E0,1.5E0,1.797069890794E1));
#4096=CARTESIAN_POINT('',(-2.E0,1.5E0,1.732930109206E1));
#4097=CARTESIAN_POINT('',(-2.E0,1.420150730564E0,1.736066237819E1));
#4098=CARTESIAN_POINT('',(-2.E0,1.257588841106E0,1.742214846302E1));
#4099=CARTESIAN_POINT('',(-2.E0,1.002066798413E0,1.750912198266E1));
#4100=CARTESIAN_POINT('',(-2.E0,7.403118638577E-1,1.758579722860E1));
#4101=CARTESIAN_POINT('',(-2.E0,4.747494515624E-1,1.764827092124E1));
#4102=CARTESIAN_POINT('',(-2.E0,2.137355568221E-1,1.769220805671E1));
#4103=CARTESIAN_POINT('',(-2.E0,-3.554315668371E-2,1.771641861945E1));
#4104=CARTESIAN_POINT('',(-2.E0,-2.703607133523E-1,1.772261234533E1));
#4105=CARTESIAN_POINT('',(-2.E0,-4.883749584636E-1,1.771402717612E1));
#4106=CARTESIAN_POINT('',(-2.E0,-6.960396887489E-1,1.769359487146E1));
#4107=CARTESIAN_POINT('',(-2.E0,-8.996686453130E-1,1.766260490556E1));
#4108=CARTESIAN_POINT('',(-2.E0,-1.101839072656E0,1.762193451310E1));
#4109=CARTESIAN_POINT('',(-2.E0,-1.302003486546E0,1.757290427107E1));
#4110=CARTESIAN_POINT('',(-2.E0,-1.434170683452E0,1.753545193191E1));
#4111=CARTESIAN_POINT('',(-2.E0,-1.5E0,1.751569890794E1));
#4113=CARTESIAN_POINT('',(2.E0,-1.5E0,1.687430109206E1));
#4114=CARTESIAN_POINT('',(2.E0,-1.410180107927E0,1.690957840086E1));
#4115=CARTESIAN_POINT('',(2.E0,-1.233885771755E0,1.697575727050E1));
#4116=CARTESIAN_POINT('',(2.E0,-9.813947919192E-1,1.706050297015E1));
#4117=CARTESIAN_POINT('',(2.E0,-7.340121950113E-1,1.713211599993E1));
#4118=CARTESIAN_POINT('',(2.E0,-4.890322934388E-1,1.718993502481E1));
#4119=CARTESIAN_POINT('',(2.E0,-2.413775013336E-1,1.723324622766E1));
#4120=CARTESIAN_POINT('',(2.E0,8.959731097970E-3,1.725986078896E1));
#4121=CARTESIAN_POINT('',(2.E0,2.605036582524E-1,1.726826904258E1));
#4122=CARTESIAN_POINT('',(2.E0,5.122593464718E-1,1.725814331871E1));
#4123=CARTESIAN_POINT('',(2.E0,7.614382780504E-1,1.723064759405E1));
#4124=CARTESIAN_POINT('',(2.E0,1.009026180404E0,1.718753227814E1));
#4125=CARTESIAN_POINT('',(2.E0,1.254660090085E0,1.713090729259E1));
#4126=CARTESIAN_POINT('',(2.E0,1.418237101854E0,1.708523303E1));
#4127=CARTESIAN_POINT('',(2.E0,1.5E0,1.706069890794E1));
#4129=CARTESIAN_POINT('',(-2.E0,-2.896924653317E-1,1.680995828679E1));
#4130=CARTESIAN_POINT('',(-2.E0,-3.409871123191E-1,1.680935116839E1));
#4131=CARTESIAN_POINT('',(-2.E0,-4.434763694574E-1,1.680584933402E1));
#4132=CARTESIAN_POINT('',(-2.E0,-5.971473125811E-1,1.679389561101E1));
#4133=CARTESIAN_POINT('',(-2.E0,-7.500541066933E-1,1.677560880105E1));
#4134=CARTESIAN_POINT('',(-2.E0,-9.021026662355E-1,1.675143990316E1));
#4135=CARTESIAN_POINT('',(-2.E0,-1.052852373387E0,1.672196944222E1));
#4136=CARTESIAN_POINT('',(-2.E0,-1.202650234895E0,1.668766008837E1));
#4137=CARTESIAN_POINT('',(-2.E0,-1.351586926014E0,1.664898661980E1));
#4138=CARTESIAN_POINT('',(-2.E0,-1.450576895158E0,1.662052901443E1));
#4139=CARTESIAN_POINT('',(-2.E0,-1.5E0,1.660569890794E1));
#4141=CARTESIAN_POINT('',(-1.788515156703E0,-2.590596825142E-1,
1.693333333333E1));
#4142=CARTESIAN_POINT('',(-1.769744813572E0,-3.886477483279E-1,
1.694382716049E1));
#4143=CARTESIAN_POINT('',(-1.703925685197E0,-6.437221378134E-1,
1.696481481481E1));
#4144=CARTESIAN_POINT('',(-1.525005042207E0,-9.960429005222E-1,
1.699629629630E1));
#4145=CARTESIAN_POINT('',(-1.274313753259E0,-1.301486021743E0,
1.702777777778E1));
#4146=CARTESIAN_POINT('',(-9.636498016927E-1,-1.545678047693E0,
1.705925925926E1));
#4147=CARTESIAN_POINT('',(-6.076339235021E-1,-1.717126241501E0,
1.709074074074E1));
#4148=CARTESIAN_POINT('',(-2.230211630849E-1,-1.807761901174E0,
1.712222222222E1));
#4149=CARTESIAN_POINT('',(1.720875693339E-1,-1.813319440777E0,
1.715370370370E1));
#4150=CARTESIAN_POINT('',(5.590974003529E-1,-1.733537315442E0,
1.718518518519E1));
#4151=CARTESIAN_POINT('',(9.197946111122E-1,-1.572170283443E0,
1.721666666667E1));
#4152=CARTESIAN_POINT('',(1.237203825477E0,-1.336812709799E0,1.724814814815E1));
#4153=CARTESIAN_POINT('',(1.496386916190E0,-1.038541151757E0,1.727962962963E1));
#4154=CARTESIAN_POINT('',(1.685146033252E0,-6.913930672600E-1,
1.731111111111E1));
#4155=CARTESIAN_POINT('',(1.794597667363E0,-3.117061743653E-1,
1.734259259259E1));
#4156=CARTESIAN_POINT('',(1.819590731651E0,8.265044543770E-2,1.737407407407E1));
#4157=CARTESIAN_POINT('',(1.758948985613E0,4.731173140483E-1,1.740555555556E1));
#4158=CARTESIAN_POINT('',(1.615526392137E0,8.413180154676E-1,1.743703703704E1));
#4159=CARTESIAN_POINT('',(1.396072802371E0,1.169924039125E0,1.746851851852E1));
#4160=CARTESIAN_POINT('',(1.110916289660E0,1.443470305967E0,1.75E1));
#4161=CARTESIAN_POINT('',(7.734770827700E-1,1.649082996477E0,1.753148148148E1));
#4162=CARTESIAN_POINT('',(3.996359740006E-1,1.777085427076E0,1.756296296296E1));
#4163=CARTESIAN_POINT('',(6.986926589997E-3,1.821453460755E0,1.759444444444E1));
#4164=CARTESIAN_POINT('',(-3.859909442879E-1,1.780099019091E0,
1.762592592593E1));
#4165=CARTESIAN_POINT('',(-7.608030481463E-1,1.654968352801E0,
1.765740740741E1));
#4166=CARTESIAN_POINT('',(-1.099809724119E0,1.451950445977E0,1.768888888889E1));
#4167=CARTESIAN_POINT('',(-1.387056410616E0,1.180599864734E0,1.772037037037E1));
#4168=CARTESIAN_POINT('',(-1.609024509699E0,8.536870937461E-1,
1.775185185185E1));
#4169=CARTESIAN_POINT('',(-1.755267608483E0,4.865975230645E-1,
1.778333333333E1));
#4170=CARTESIAN_POINT('',(-1.818903115290E0,9.660737047286E-2,
1.781481481481E1));
#4171=CARTESIAN_POINT('',(-1.796936172837E0,-2.979293835620E-1,
1.784629629630E1));
#4172=CARTESIAN_POINT('',(-1.690400604236E0,-6.784447833394E-1,
1.787777777778E1));
#4173=CARTESIAN_POINT('',(-1.504310258507E0,-1.027030755621E0,
1.790925925926E1));
#4174=CARTESIAN_POINT('',(-1.247423045429E0,-1.327281911492E0,
1.794074074074E1));
#4175=CARTESIAN_POINT('',(-9.318287648578E-1,-1.565067627876E0,
1.797222222222E1));
#4176=CARTESIAN_POINT('',(-5.723801283886E-1,-1.729197072478E0,
1.800370370370E1));
#4177=CARTESIAN_POINT('',(-1.859937509887E-1,-1.811945874311E0,
1.803518518519E1));
#4178=CARTESIAN_POINT('',(2.091459901818E-1,-1.809419653268E0,
1.806666666667E1));
#4179=CARTESIAN_POINT('',(5.944427612337E-1,-1.721737300072E0,
1.809814814815E1));
#4180=CARTESIAN_POINT('',(9.517634647983E-1,-1.553025380963E0,
1.812962962963E1));
#4181=CARTESIAN_POINT('',(1.264291632126E0,-1.311223930447E0,1.816111111111E1));
#4182=CARTESIAN_POINT('',(1.517318851119E0,-1.007712772014E0,1.819259259259E1));
#4183=CARTESIAN_POINT('',(1.698936983574E0,-6.567759531864E-1,
1.822407407407E1));
#4184=CARTESIAN_POINT('',(1.800598594042E0,-2.749295000114E-1,
1.825555555556E1));
#4185=CARTESIAN_POINT('',(1.817519215015E0,1.198558713373E-1,1.828703703704E1));
#4186=CARTESIAN_POINT('',(1.748902516779E0,5.090005045629E-1,1.831851851852E1));
#4187=CARTESIAN_POINT('',(1.597977784820E0,8.741902116032E-1,1.835E1));
#4188=CARTESIAN_POINT('',(1.371847941004E0,1.198238187342E0,1.838148148148E1));
#4189=CARTESIAN_POINT('',(1.081155261061E0,1.465893866663E0,1.841296296296E1));
#4190=CARTESIAN_POINT('',(7.395805206067E-1,1.664560656864E0,1.844444444444E1));
#4191=CARTESIAN_POINT('',(3.631991412191E-1,1.784888767027E0,1.847592592593E1));
#4192=CARTESIAN_POINT('',(-3.027536192872E-2,1.821215234205E0,
1.850740740741E1));
#4193=CARTESIAN_POINT('',(-4.223250255062E-1,1.771830437619E0,
1.853888888889E1));
#4194=CARTESIAN_POINT('',(-7.944989429467E-1,1.639058557983E0,
1.857037037037E1));
#4195=CARTESIAN_POINT('',(-1.129281613499E0,1.429148195344E0,1.860185185185E1));
#4196=CARTESIAN_POINT('',(-1.410917268573E0,1.151978293234E0,1.863333333333E1));
#4197=CARTESIAN_POINT('',(-1.626151380390E0,8.205932091466E-1,
1.866481481481E1));
#4198=CARTESIAN_POINT('',(-1.764854455529E0,4.505888121565E-1,
1.869629629630E1));
#4199=CARTESIAN_POINT('',(-1.820498756009E0,5.937849957622E-2,
1.872777777778E1));
#4200=CARTESIAN_POINT('',(-1.790465512105E0,-3.346263241324E-1,
1.875925925926E1));
#4201=CARTESIAN_POINT('',(-1.676168168667E0,-7.128827373338E-1,
1.879074074074E1));
#4202=CARTESIAN_POINT('',(-1.482985864615E0,-1.057588980745E0,
1.882222222222E1));
#4203=CARTESIAN_POINT('',(-1.220010276270E0,-1.352522255875E0,
1.885370370370E1));
#4204=CARTESIAN_POINT('',(-8.996177387236E-1,-1.583802213351E0,
1.888518518519E1));
#4205=CARTESIAN_POINT('',(-5.368867823883E-1,-1.740544199306E0,
1.891666666667E1));
#4206=CARTESIAN_POINT('',(-1.488884969902E-1,-1.815371516331E0,
1.894814814815E1));
#4207=CARTESIAN_POINT('',(2.461168796059E-1,-1.804762590596E0,
1.897962962963E1));
#4208=CARTESIAN_POINT('',(6.295393370672E-1,-1.709216706543E0,
1.901111111111E1));
#4209=CARTESIAN_POINT('',(9.833339882394E-1,-1.533230509224E0,
1.904259259259E1));
#4210=CARTESIAN_POINT('',(1.290850309837E0,-1.285086380145E0,1.907407407407E1));
#4211=CARTESIAN_POINT('',(1.537615760637E0,-9.764626462290E-1,
1.910555555556E1));
#4212=CARTESIAN_POINT('',(1.712016898009E0,-6.218839664857E-1,
1.913703703704E1));
#4213=CARTESIAN_POINT('',(1.805845937609E0,-2.380377626841E-1,
1.916851851852E1));
#4214=CARTESIAN_POINT('',(1.814687033680E0,1.570111353847E-1,1.92E1));
#4215=CARTESIAN_POINT('',(1.738124100577E0,5.446706691508E-1,1.923148148148E1));
#4216=CARTESIAN_POINT('',(1.579760394868E0,9.066965433078E-1,1.926296296296E1));
#4217=CARTESIAN_POINT('',(1.347048936435E0,1.226050851184E0,1.929444444444E1));
#4218=CARTESIAN_POINT('',(1.050941749411E0,1.487703924236E0,1.932592592593E1));
#4219=CARTESIAN_POINT('',(7.053744306053E-1,1.679341668479E0,1.935740740741E1));
#4220=CARTESIAN_POINT('',(3.266103030208E-1,1.791945098713E0,1.938888888889E1));
#4221=CARTESIAN_POINT('',(-6.752497965924E-2,1.820214796105E0,
1.942037037037E1));
#4222=CARTESIAN_POINT('',(-4.584823560590E-1,1.762820313032E0,
1.945185185185E1));
#4223=CARTESIAN_POINT('',(-8.278623255397E-1,1.622462787470E0,
1.948333333333E1));
#4224=CARTESIAN_POINT('',(-1.158280878134E0,1.405747820365E0,1.951481481481E1));
#4225=CARTESIAN_POINT('',(-1.434187631896E0,1.122874597778E0,1.954629629630E1));
#4226=CARTESIAN_POINT('',(-1.642597678077E0,7.871558921172E-1,
1.957777777778E1));
#4227=CARTESIAN_POINT('',(-1.773702676078E0,4.143915191157E-1,
1.960925925926E1));
#4228=CARTESIAN_POINT('',(-1.821332496062E0,2.212478724525E-2,
1.964074074074E1));
#4229=CARTESIAN_POINT('',(-1.783245467995E0,-3.711832531420E-1,
1.967222222222E1));
#4230=CARTESIAN_POINT('',(-1.661234379925E0,-7.470222040818E-1,
1.970370370370E1));
#4231=CARTESIAN_POINT('',(-1.461040241221E0,-1.087705081773E0,
1.973518518519E1));
#4232=CARTESIAN_POINT('',(-1.281739446701E0,-1.280698156560E0,
1.975617283951E1));
#4233=CARTESIAN_POINT('',(-1.182736443909E0,-1.366394119247E0,
1.976666666667E1));
#4235=DIRECTION('',(-5.667836017958E-1,-6.547948905844E-1,-5.E-1));
#4236=VECTOR('',#4235,8.E-1);
#4237=CARTESIAN_POINT('',(-1.182736443909E0,-1.366394119247E0,
1.976666666667E1));
#4238=LINE('',#4237,#4236);
#4239=CARTESIAN_POINT('',(-2.E0,1.5E0,1.914930109206E1));
#4240=CARTESIAN_POINT('',(-2.E0,1.438283653713E0,1.917354056236E1));
#4241=CARTESIAN_POINT('',(-2.E0,1.314633439203E0,1.922067296391E1));
#4242=CARTESIAN_POINT('',(-2.E0,1.128327553617E0,1.928666981955E1));
#4243=CARTESIAN_POINT('',(-2.E0,9.406765697510E-1,1.934728634809E1));
#4244=CARTESIAN_POINT('',(-2.E0,7.514841945680E-1,1.940159984158E1));
#4245=CARTESIAN_POINT('',(-2.E0,5.602865684455E-1,1.944863966867E1));
#4246=CARTESIAN_POINT('',(-2.E0,3.671805958645E-1,1.948723219206E1));
#4247=CARTESIAN_POINT('',(-2.E0,1.721156853391E-1,1.951625206416E1));
#4248=CARTESIAN_POINT('',(-2.E0,-2.319992982551E-2,1.953463388056E1));
#4249=CARTESIAN_POINT('',(-2.E0,-2.211504076238E-1,1.954204983167E1));
#4250=CARTESIAN_POINT('',(-2.E0,-4.257533253861E-1,1.953774339724E1));
#4251=CARTESIAN_POINT('',(-2.E0,-6.373718284643E-1,1.952069340196E1));
#4252=CARTESIAN_POINT('',(-2.E0,-8.526902818502E-1,1.949090872132E1));
#4253=CARTESIAN_POINT('',(-2.E0,-1.069890181133E0,1.944922649894E1));
#4254=CARTESIAN_POINT('',(-2.E0,-1.286686220296E0,1.939715761302E1));
#4255=CARTESIAN_POINT('',(-2.E0,-1.429086819724E0,1.935697741763E1));
#4256=CARTESIAN_POINT('',(-2.E0,-1.5E0,1.933569890794E1));
#4258=CARTESIAN_POINT('',(2.E0,1.5E0,2.3E1));
#4259=CARTESIAN_POINT('',(2.E0,1.384311804159E0,2.306941291750E1));
#4260=CARTESIAN_POINT('',(1.999999999994E0,1.160644497378E0,2.319325496552E1));
#4261=CARTESIAN_POINT('',(2.000000000020E0,8.499759021126E-1,2.333273489481E1));
#4262=CARTESIAN_POINT('',(1.999999999925E0,5.587436642777E-1,2.342945929138E1));
#4263=CARTESIAN_POINT('',(2.000000000278E0,2.779303366781E-1,2.348712606884E1));
#4264=CARTESIAN_POINT('',(1.999999999401E0,9.210396269556E-2,2.350000000042E1));
#4265=CARTESIAN_POINT('',(1.999999999401E0,1.124374880463E-8,2.350000000021E1));
#4267=CARTESIAN_POINT('',(-1.999999999401E0,-1.124374053950E-8,
2.350000000021E1));
#4268=CARTESIAN_POINT('',(-1.999999999401E0,9.315977357282E-2,
2.350000000178E1));
#4269=CARTESIAN_POINT('',(-2.000000000278E0,2.806814946541E-1,
2.348684922860E1));
#4270=CARTESIAN_POINT('',(-1.999999999925E0,5.633467176575E-1,
2.342823851991E1));
#4271=CARTESIAN_POINT('',(-2.000000000020E0,8.540664247761E-1,
2.333105649061E1));
#4272=CARTESIAN_POINT('',(-1.999999999994E0,1.162723704571E0,2.319212971067E1));
#4273=CARTESIAN_POINT('',(-2.E0,1.385058646296E0,2.306896481222E1));
#4274=CARTESIAN_POINT('',(-2.E0,1.5E0,2.3E1));
#4276=CARTESIAN_POINT('',(0.E0,0.E0,2.35E1));
#4277=DIRECTION('',(0.E0,0.E0,1.E0));
#4278=DIRECTION('',(-1.E0,-7.888570357121E-9,0.E0));
#4279=AXIS2_PLACEMENT_3D('',#4276,#4277,#4278);
#4281=CARTESIAN_POINT('',(0.E0,0.E0,2.35E1));
#4282=DIRECTION('',(0.E0,0.E0,1.E0));
#4283=DIRECTION('',(1.E0,7.888569729334E-9,0.E0));
#4284=AXIS2_PLACEMENT_3D('',#4281,#4282,#4283);
#4286=CARTESIAN_POINT('',(1.999999999401E0,1.124374880463E-8,2.350000000021E1));
#4287=CARTESIAN_POINT('',(1.999999999401E0,-9.315977357282E-2,
2.350000000178E1));
#4288=CARTESIAN_POINT('',(2.000000000278E0,-2.806814946541E-1,
2.348684922860E1));
#4289=CARTESIAN_POINT('',(1.999999999925E0,-5.633467176575E-1,
2.342823851991E1));
#4290=CARTESIAN_POINT('',(2.000000000020E0,-8.540664247761E-1,
2.333105649061E1));
#4291=CARTESIAN_POINT('',(1.999999999994E0,-1.162723704571E0,2.319212971067E1));
#4292=CARTESIAN_POINT('',(2.E0,-1.385058646296E0,2.306896481222E1));
#4293=CARTESIAN_POINT('',(2.E0,-1.5E0,2.3E1));
#4295=CARTESIAN_POINT('',(-2.E0,-1.5E0,2.3E1));
#4296=CARTESIAN_POINT('',(-2.E0,-1.384311804159E0,2.306941291750E1));
#4297=CARTESIAN_POINT('',(-1.999999999994E0,-1.160644497378E0,
2.319325496552E1));
#4298=CARTESIAN_POINT('',(-2.000000000020E0,-8.499759021126E-1,
2.333273489481E1));
#4299=CARTESIAN_POINT('',(-1.999999999925E0,-5.587436642777E-1,
2.342945929138E1));
#4300=CARTESIAN_POINT('',(-2.000000000278E0,-2.779303366781E-1,
2.348712606884E1));
#4301=CARTESIAN_POINT('',(-1.999999999401E0,-9.210396269557E-2,
2.350000000042E1));
#4302=CARTESIAN_POINT('',(-1.999999999401E0,-1.124374053950E-8,
2.350000000021E1));
#4304=DIRECTION('',(-1.194269252730E-12,0.E0,1.E0));
#4305=VECTOR('',#4304,4.358584239585E0);
#4306=CARTESIAN_POINT('',(0.E0,-2.5E0,4.330127018922E0));
#4307=LINE('',#4306,#4305);
#4308=CARTESIAN_POINT('',(0.E0,0.E0,4.330127018922E0));
#4309=DIRECTION('',(0.E0,0.E0,1.E0));
#4310=DIRECTION('',(-1.E0,0.E0,0.E0));
#4311=AXIS2_PLACEMENT_3D('',#4308,#4309,#4310);
#4313=CARTESIAN_POINT('',(0.E0,0.E0,4.330127018922E0));
#4314=DIRECTION('',(0.E0,0.E0,1.E0));
#4315=DIRECTION('',(0.E0,-1.E0,0.E0));
#4316=AXIS2_PLACEMENT_3D('',#4313,#4314,#4315);
#4318=CARTESIAN_POINT('',(0.E0,0.E0,0.E0));
#4319=DIRECTION('',(0.E0,1.E0,0.E0));
#4320=DIRECTION('',(5.E-1,0.E0,8.660254037844E-1));
#4321=AXIS2_PLACEMENT_3D('',#4318,#4319,#4320);
#4323=CARTESIAN_POINT('',(0.E0,0.E0,0.E0));
#4324=DIRECTION('',(0.E0,-1.E0,0.E0));
#4325=DIRECTION('',(-5.E-1,0.E0,8.660254037844E-1));
#4326=AXIS2_PLACEMENT_3D('',#4323,#4324,#4325);
#4328=CARTESIAN_POINT('',(0.E0,2.5E0,4.330127018922E0));
#4329=CARTESIAN_POINT('',(-2.5E0,0.E0,4.330127018922E0));
#4330=VERTEX_POINT('',#4328);
#4331=VERTEX_POINT('',#4329);
#4332=CARTESIAN_POINT('',(2.5E0,0.E0,4.330127018922E0));
#4333=VERTEX_POINT('',#4332);
#4334=CARTESIAN_POINT('',(0.E0,-2.5E0,4.330127018922E0));
#4335=VERTEX_POINT('',#4334);
#4336=CARTESIAN_POINT('',(0.E0,0.E0,-5.E0));
#4337=VERTEX_POINT('',#4336);
#4338=CARTESIAN_POINT('',(0.E0,3.E0,1.35E1));
#4339=CARTESIAN_POINT('',(0.E0,-3.E0,1.35E1));
#4340=VERTEX_POINT('',#4338);
#4341=VERTEX_POINT('',#4339);
#4342=CARTESIAN_POINT('',(0.E0,3.E0,1.3E1));
#4343=CARTESIAN_POINT('',(-3.E0,0.E0,1.3E1));
#4344=VERTEX_POINT('',#4342);
#4345=VERTEX_POINT('',#4343);
#4346=CARTESIAN_POINT('',(0.E0,-3.E0,1.3E1));
#4347=VERTEX_POINT('',#4346);
#4348=CARTESIAN_POINT('',(3.E0,0.E0,1.3E1));
#4349=VERTEX_POINT('',#4348);
#4350=CARTESIAN_POINT('',(0.E0,2.5E0,8.688711258507E0));
#4351=CARTESIAN_POINT('',(-2.5E0,0.E0,8.688711258507E0));
#4352=VERTEX_POINT('',#4350);
#4353=VERTEX_POINT('',#4351);
#4354=CARTESIAN_POINT('',(0.E0,-2.5E0,8.688711258507E0));
#4355=VERTEX_POINT('',#4354);
#4356=CARTESIAN_POINT('',(-2.538610616432E0,0.E0,9.308884931453E0));
#4357=CARTESIAN_POINT('',(0.E0,-2.538610616432E0,9.308884931453E0));
#4358=VERTEX_POINT('',#4356);
#4359=VERTEX_POINT('',#4357);
#4360=CARTESIAN_POINT('',(2.538610616432E0,0.E0,9.308884931453E0));
#4361=VERTEX_POINT('',#4360);
#4362=VERTEX_POINT('',#3936);
#4363=VERTEX_POINT('',#4028);
#4364=VERTEX_POINT('',#4141);
#4365=VERTEX_POINT('',#3358);
#4366=CARTESIAN_POINT('',(0.E0,-2.5E0,2.22E1));
#4367=CARTESIAN_POINT('',(0.E0,-2.5E0,2.3E1));
#4368=VERTEX_POINT('',#4366);
#4369=VERTEX_POINT('',#4367);
#4370=CARTESIAN_POINT('',(-1.636163325345E0,-1.890230031714E0,
2.016666666667E1));
#4371=VERTEX_POINT('',#4370);
#4372=CARTESIAN_POINT('',(-1.636163325345E0,-1.890230031714E0,
1.936666666667E1));
#4373=VERTEX_POINT('',#4372);
#4374=CARTESIAN_POINT('',(2.E0,1.5E0,1.35E1));
#4375=CARTESIAN_POINT('',(2.E0,1.5E0,1.433069890794E1));
#4376=VERTEX_POINT('',#4374);
#4377=VERTEX_POINT('',#4375);
#4378=CARTESIAN_POINT('',(2.E0,1.5E0,1.513069890794E1));
#4379=CARTESIAN_POINT('',(2.E0,1.5E0,1.524069890794E1));
#4380=VERTEX_POINT('',#4378);
#4381=VERTEX_POINT('',#4379);
#4382=CARTESIAN_POINT('',(2.E0,1.5E0,1.604069890794E1));
#4383=CARTESIAN_POINT('',(2.E0,1.5E0,1.615069890794E1));
#4384=VERTEX_POINT('',#4382);
#4385=VERTEX_POINT('',#4383);
#4386=CARTESIAN_POINT('',(2.E0,1.5E0,1.695069890794E1));
#4387=CARTESIAN_POINT('',(2.E0,1.5E0,1.706069890794E1));
#4388=VERTEX_POINT('',#4386);
#4389=VERTEX_POINT('',#4387);
#4390=CARTESIAN_POINT('',(2.E0,1.5E0,1.786069890794E1));
#4391=CARTESIAN_POINT('',(2.E0,1.5E0,1.797069890794E1));
#4392=VERTEX_POINT('',#4390);
#4393=VERTEX_POINT('',#4391);
#4394=CARTESIAN_POINT('',(2.E0,1.5E0,1.877069890794E1));
#4395=CARTESIAN_POINT('',(2.E0,1.5E0,1.888069890794E1));
#4396=VERTEX_POINT('',#4394);
#4397=VERTEX_POINT('',#4395);
#4398=CARTESIAN_POINT('',(2.E0,1.5E0,1.968069890794E1));
#4399=CARTESIAN_POINT('',(2.E0,1.5E0,1.979069890794E1));
#4400=VERTEX_POINT('',#4398);
#4401=VERTEX_POINT('',#4399);
#4402=CARTESIAN_POINT('',(2.E0,1.5E0,2.059069890794E1));
#4403=CARTESIAN_POINT('',(2.E0,1.5E0,2.070069890794E1));
#4404=VERTEX_POINT('',#4402);
#4405=VERTEX_POINT('',#4403);
#4406=CARTESIAN_POINT('',(2.E0,1.5E0,2.150069890794E1));
#4407=CARTESIAN_POINT('',(2.E0,1.5E0,2.161069890794E1));
#4408=VERTEX_POINT('',#4406);
#4409=VERTEX_POINT('',#4407);
#4410=CARTESIAN_POINT('',(2.E0,1.5E0,2.241069890794E1));
#4411=CARTESIAN_POINT('',(2.E0,1.5E0,2.3E1));
#4412=VERTEX_POINT('',#4410);
#4413=VERTEX_POINT('',#4411);
#4414=CARTESIAN_POINT('',(-2.E0,1.5E0,1.35E1));
#4415=CARTESIAN_POINT('',(-2.E0,1.5E0,1.459930109206E1));
#4416=VERTEX_POINT('',#4414);
#4417=VERTEX_POINT('',#4415);
#4418=CARTESIAN_POINT('',(-2.E0,1.5E0,1.539930109206E1));
#4419=CARTESIAN_POINT('',(-2.E0,1.5E0,1.550930109206E1));
#4420=VERTEX_POINT('',#4418);
#4421=VERTEX_POINT('',#4419);
#4422=CARTESIAN_POINT('',(-2.E0,1.5E0,1.630930109206E1));
#4423=CARTESIAN_POINT('',(-2.E0,1.5E0,1.641930109206E1));
#4424=VERTEX_POINT('',#4422);
#4425=VERTEX_POINT('',#4423);
#4426=CARTESIAN_POINT('',(-2.E0,1.5E0,1.721930109206E1));
#4427=CARTESIAN_POINT('',(-2.E0,1.5E0,1.732930109206E1));
#4428=VERTEX_POINT('',#4426);
#4429=VERTEX_POINT('',#4427);
#4430=CARTESIAN_POINT('',(-2.E0,1.5E0,1.812930109206E1));
#4431=CARTESIAN_POINT('',(-2.E0,1.5E0,1.823930109206E1));
#4432=VERTEX_POINT('',#4430);
#4433=VERTEX_POINT('',#4431);
#4434=CARTESIAN_POINT('',(-2.E0,1.5E0,1.903930109206E1));
#4435=CARTESIAN_POINT('',(-2.E0,1.5E0,1.914930109206E1));
#4436=VERTEX_POINT('',#4434);
#4437=VERTEX_POINT('',#4435);
#4438=CARTESIAN_POINT('',(-2.E0,1.5E0,1.994930109206E1));
#4439=CARTESIAN_POINT('',(-2.E0,1.5E0,2.005930109206E1));
#4440=VERTEX_POINT('',#4438);
#4441=VERTEX_POINT('',#4439);
#4442=CARTESIAN_POINT('',(-2.E0,1.5E0,2.085930109206E1));
#4443=CARTESIAN_POINT('',(-2.E0,1.5E0,2.096930109206E1));
#4444=VERTEX_POINT('',#4442);
#4445=VERTEX_POINT('',#4443);
#4446=CARTESIAN_POINT('',(-2.E0,1.5E0,2.176930109206E1));
#4447=CARTESIAN_POINT('',(-2.E0,1.5E0,2.187930109206E1));
#4448=VERTEX_POINT('',#4446);
#4449=VERTEX_POINT('',#4447);
#4450=CARTESIAN_POINT('',(-2.E0,1.5E0,2.267930109206E1));
#4451=CARTESIAN_POINT('',(-2.E0,1.5E0,2.3E1));
#4452=VERTEX_POINT('',#4450);
#4453=VERTEX_POINT('',#4451);
#4454=CARTESIAN_POINT('',(-2.E0,-1.5E0,2.286569890794E1));
#4455=CARTESIAN_POINT('',(-2.E0,-1.5E0,2.3E1));
#4456=VERTEX_POINT('',#4454);
#4457=VERTEX_POINT('',#4455);
#4458=CARTESIAN_POINT('',(2.E0,-1.5E0,1.35E1));
#4459=CARTESIAN_POINT('',(2.E0,-1.5E0,1.414430109206E1));
#4460=VERTEX_POINT('',#4458);
#4461=VERTEX_POINT('',#4459);
#4462=CARTESIAN_POINT('',(2.E0,-1.5E0,1.494430109206E1));
#4463=CARTESIAN_POINT('',(2.E0,-1.5E0,1.505430109206E1));
#4464=VERTEX_POINT('',#4462);
#4465=VERTEX_POINT('',#4463);
#4466=CARTESIAN_POINT('',(2.E0,-1.5E0,1.585430109206E1));
#4467=CARTESIAN_POINT('',(2.E0,-1.5E0,1.596430109206E1));
#4468=VERTEX_POINT('',#4466);
#4469=VERTEX_POINT('',#4467);
#4470=CARTESIAN_POINT('',(2.E0,-1.5E0,1.676430109206E1));
#4471=CARTESIAN_POINT('',(2.E0,-1.5E0,1.687430109206E1));
#4472=VERTEX_POINT('',#4470);
#4473=VERTEX_POINT('',#4471);
#4474=CARTESIAN_POINT('',(2.E0,-1.5E0,1.767430109206E1));
#4475=CARTESIAN_POINT('',(2.E0,-1.5E0,1.778430109206E1));
#4476=VERTEX_POINT('',#4474);
#4477=VERTEX_POINT('',#4475);
#4478=CARTESIAN_POINT('',(2.E0,-1.5E0,1.858430109206E1));
#4479=CARTESIAN_POINT('',(2.E0,-1.5E0,1.869430109206E1));
#4480=VERTEX_POINT('',#4478);
#4481=VERTEX_POINT('',#4479);
#4482=CARTESIAN_POINT('',(2.E0,-1.5E0,1.949430109206E1));
#4483=CARTESIAN_POINT('',(2.E0,-1.5E0,1.960430109206E1));
#4484=VERTEX_POINT('',#4482);
#4485=VERTEX_POINT('',#4483);
#4486=CARTESIAN_POINT('',(2.E0,-1.5E0,2.040430109206E1));
#4487=CARTESIAN_POINT('',(2.E0,-1.5E0,2.051430109206E1));
#4488=VERTEX_POINT('',#4486);
#4489=VERTEX_POINT('',#4487);
#4490=CARTESIAN_POINT('',(2.E0,-1.5E0,2.131430109206E1));
#4491=CARTESIAN_POINT('',(2.E0,-1.5E0,2.142430109206E1));
#4492=VERTEX_POINT('',#4490);
#4493=VERTEX_POINT('',#4491);
#4494=CARTESIAN_POINT('',(2.E0,-1.5E0,2.222430109206E1));
#4495=CARTESIAN_POINT('',(2.E0,-1.5E0,2.3E1));
#4496=VERTEX_POINT('',#4494);
#4497=VERTEX_POINT('',#4495);
#4498=CARTESIAN_POINT('',(-2.E0,-1.5E0,1.387569890794E1));
#4499=CARTESIAN_POINT('',(-2.E0,-1.5E0,1.35E1));
#4500=VERTEX_POINT('',#4498);
#4501=VERTEX_POINT('',#4499);
#4502=CARTESIAN_POINT('',(-2.E0,-1.5E0,1.467569890794E1));
#4503=CARTESIAN_POINT('',(-2.E0,-1.5E0,1.478569890794E1));
#4504=VERTEX_POINT('',#4502);
#4505=VERTEX_POINT('',#4503);
#4506=CARTESIAN_POINT('',(-2.E0,-1.5E0,1.558569890794E1));
#4507=CARTESIAN_POINT('',(-2.E0,-1.5E0,1.569569890794E1));
#4508=VERTEX_POINT('',#4506);
#4509=VERTEX_POINT('',#4507);
#4510=CARTESIAN_POINT('',(-2.E0,-1.5E0,1.649569890794E1));
#4511=CARTESIAN_POINT('',(-2.E0,-1.5E0,1.660569890794E1));
#4512=VERTEX_POINT('',#4510);
#4513=VERTEX_POINT('',#4511);
#4514=CARTESIAN_POINT('',(-2.E0,-1.5E0,1.740569890794E1));
#4515=CARTESIAN_POINT('',(-2.E0,-1.5E0,1.751569890794E1));
#4516=VERTEX_POINT('',#4514);
#4517=VERTEX_POINT('',#4515);
#4518=CARTESIAN_POINT('',(-2.E0,-1.5E0,1.831569890794E1));
#4519=CARTESIAN_POINT('',(-2.E0,-1.5E0,1.842569890794E1));
#4520=VERTEX_POINT('',#4518);
#4521=VERTEX_POINT('',#4519);
#4522=CARTESIAN_POINT('',(-2.E0,-1.5E0,1.922569890794E1));
#4523=CARTESIAN_POINT('',(-2.E0,-1.5E0,1.933569890794E1));
#4524=VERTEX_POINT('',#4522);
#4525=VERTEX_POINT('',#4523);
#4526=CARTESIAN_POINT('',(-2.E0,-1.5E0,2.013569890794E1));
#4527=CARTESIAN_POINT('',(-2.E0,-1.5E0,2.024569890794E1));
#4528=VERTEX_POINT('',#4526);
#4529=VERTEX_POINT('',#4527);
#4530=CARTESIAN_POINT('',(-2.E0,-1.5E0,2.104569890794E1));
#4531=CARTESIAN_POINT('',(-2.E0,-1.5E0,2.115569890794E1));
#4532=VERTEX_POINT('',#4530);
#4533=VERTEX_POINT('',#4531);
#4534=CARTESIAN_POINT('',(-2.E0,-1.5E0,2.195569890794E1));
#4535=CARTESIAN_POINT('',(-2.E0,-1.5E0,2.206569890794E1));
#4536=VERTEX_POINT('',#4534);
#4537=VERTEX_POINT('',#4535);
#4538=VERTEX_POINT('',#4265);
#4539=VERTEX_POINT('',#4267);
#4540=VERTEX_POINT('',#3658);
#4541=VERTEX_POINT('',#4129);
#4542=CARTESIAN_POINT('',(-2.E0,1.280891741489E0,1.442783834550E1));
#4543=CARTESIAN_POINT('',(-2.E0,1.280891741489E0,1.377216165450E1));
#4544=VERTEX_POINT('',#4542);
#4545=VERTEX_POINT('',#4543);
#4546=CARTESIAN_POINT('',(0.E0,0.E0,0.E0));
#4547=DIRECTION('',(0.E0,0.E0,1.E0));
#4548=DIRECTION('',(-1.E0,0.E0,0.E0));
#4549=AXIS2_PLACEMENT_3D('',#4546,#4547,#4548);
#4550=SPHERICAL_SURFACE('',#4549,5.E0);
#4552=ORIENTED_EDGE('',*,*,#4551,.T.);
#4554=ORIENTED_EDGE('',*,*,#4553,.T.);
#4556=ORIENTED_EDGE('',*,*,#4555,.F.);
#4558=ORIENTED_EDGE('',*,*,#4557,.T.);
#4559=EDGE_LOOP('',(#4552,#4554,#4556,#4558));
#4560=FACE_OUTER_BOUND('',#4559,.F.);
#4561=ADVANCED_FACE('',(#4560),#4550,.T.);
#4562=CARTESIAN_POINT('',(0.E0,0.E0,0.E0));
#4563=DIRECTION('',(0.E0,0.E0,1.E0));
#4564=DIRECTION('',(0.E0,1.E0,0.E0));
#4565=AXIS2_PLACEMENT_3D('',#4562,#4563,#4564);
#4566=CYLINDRICAL_SURFACE('',#4565,2.5E0);
#4568=ORIENTED_EDGE('',*,*,#4567,.T.);
#4570=ORIENTED_EDGE('',*,*,#4569,.T.);
#4572=ORIENTED_EDGE('',*,*,#4571,.F.);
#4574=ORIENTED_EDGE('',*,*,#4573,.F.);
#4575=ORIENTED_EDGE('',*,*,#4551,.F.);
#4577=ORIENTED_EDGE('',*,*,#4576,.T.);
#4578=EDGE_LOOP('',(#4568,#4570,#4572,#4574,#4575,#4577));
#4579=FACE_OUTER_BOUND('',#4578,.F.);
#4580=ADVANCED_FACE('',(#4579),#4566,.T.);
#4581=CARTESIAN_POINT('',(0.E0,0.E0,8.688711258507E0));
#4582=DIRECTION('',(0.E0,0.E0,1.E0));
#4583=DIRECTION('',(9.998289569302E-1,-1.849477990937E-2,0.E0));
#4584=AXIS2_PLACEMENT_3D('',#4581,#4582,#4583);
#4585=TOROIDAL_SURFACE('',#4584,7.5E0,5.E0);
#4587=ORIENTED_EDGE('',*,*,#4586,.T.);
#4589=ORIENTED_EDGE('',*,*,#4588,.F.);
#4590=ORIENTED_EDGE('',*,*,#4567,.F.);
#4592=ORIENTED_EDGE('',*,*,#4591,.T.);
#4594=ORIENTED_EDGE('',*,*,#4593,.T.);
#4596=ORIENTED_EDGE('',*,*,#4595,.T.);
#4597=EDGE_LOOP('',(#4587,#4589,#4590,#4592,#4594,#4596));
#4598=FACE_OUTER_BOUND('',#4597,.F.);
#4599=ADVANCED_FACE('',(#4598),#4585,.F.);
#4600=CARTESIAN_POINT('',(0.E0,0.E0,1.115444246573E1));
#4601=DIRECTION('',(0.E0,0.E0,1.E0));
#4602=DIRECTION('',(-1.E0,0.E0,0.E0));
#4603=AXIS2_PLACEMENT_3D('',#4600,#4601,#4602);
#4604=CONICAL_SURFACE('',#4603,2.769305308216E0,7.125016348902E0);
#4605=ORIENTED_EDGE('',*,*,#4586,.F.);
#4607=ORIENTED_EDGE('',*,*,#4606,.F.);
#4609=ORIENTED_EDGE('',*,*,#4608,.T.);
#4611=ORIENTED_EDGE('',*,*,#4610,.T.);
#4613=ORIENTED_EDGE('',*,*,#4612,.T.);
#4614=EDGE_LOOP('',(#4605,#4607,#4609,#4611,#4613));
#4615=FACE_OUTER_BOUND('',#4614,.F.);
#4616=ADVANCED_FACE('',(#4615),#4604,.T.);
#4617=CARTESIAN_POINT('',(0.E0,0.E0,1.115444246573E1));
#4618=DIRECTION('',(0.E0,0.E0,1.E0));
#4619=DIRECTION('',(-1.E0,0.E0,0.E0));
#4620=AXIS2_PLACEMENT_3D('',#4617,#4618,#4619);
#4621=CONICAL_SURFACE('',#4620,2.769305308216E0,7.125016348902E0);
#4623=ORIENTED_EDGE('',*,*,#4622,.F.);
#4624=ORIENTED_EDGE('',*,*,#4612,.F.);
#4626=ORIENTED_EDGE('',*,*,#4625,.T.);
#4628=ORIENTED_EDGE('',*,*,#4627,.T.);
#4629=ORIENTED_EDGE('',*,*,#4606,.T.);
#4630=ORIENTED_EDGE('',*,*,#4595,.F.);
#4631=EDGE_LOOP('',(#4623,#4624,#4626,#4628,#4629,#4630));
#4632=FACE_OUTER_BOUND('',#4631,.F.);
#4633=ADVANCED_FACE('',(#4632),#4621,.T.);
#4634=CARTESIAN_POINT('',(0.E0,0.E0,8.688711258507E0));
#4635=DIRECTION('',(0.E0,0.E0,1.E0));
#4636=DIRECTION('',(-9.998289569302E-1,1.849477990937E-2,0.E0));
#4637=AXIS2_PLACEMENT_3D('',#4634,#4635,#4636);
#4638=TOROIDAL_SURFACE('',#4637,7.5E0,5.E0);
#4639=ORIENTED_EDGE('',*,*,#4569,.F.);
#4640=ORIENTED_EDGE('',*,*,#4588,.T.);
#4641=ORIENTED_EDGE('',*,*,#4622,.T.);
#4642=ORIENTED_EDGE('',*,*,#4593,.F.);
#4643=EDGE_LOOP('',(#4639,#4640,#4641,#4642));
#4644=FACE_OUTER_BOUND('',#4643,.F.);
#4645=ADVANCED_FACE('',(#4644),#4638,.F.);
#4646=CARTESIAN_POINT('',(0.E0,0.E0,9.E0));
#4647=DIRECTION('',(0.E0,0.E0,1.E0));
#4648=DIRECTION('',(0.E0,1.E0,0.E0));
#4649=AXIS2_PLACEMENT_3D('',#4646,#4647,#4648);
#4650=CYLINDRICAL_SURFACE('',#4649,3.E0);
#4651=ORIENTED_EDGE('',*,*,#4610,.F.);
#4653=ORIENTED_EDGE('',*,*,#4652,.T.);
#4655=ORIENTED_EDGE('',*,*,#4654,.T.);
#4657=ORIENTED_EDGE('',*,*,#4656,.F.);
#4658=ORIENTED_EDGE('',*,*,#4625,.F.);
#4659=EDGE_LOOP('',(#4651,#4653,#4655,#4657,#4658));
#4660=FACE_OUTER_BOUND('',#4659,.F.);
#4661=ADVANCED_FACE('',(#4660),#4650,.T.);
#4662=CARTESIAN_POINT('',(0.E0,0.E0,9.E0));
#4663=DIRECTION('',(0.E0,0.E0,1.E0));
#4664=DIRECTION('',(0.E0,1.E0,0.E0));
#4665=AXIS2_PLACEMENT_3D('',#4662,#4663,#4664);
#4666=CYLINDRICAL_SURFACE('',#4665,3.E0);
#4667=ORIENTED_EDGE('',*,*,#4608,.F.);
#4668=ORIENTED_EDGE('',*,*,#4627,.F.);
#4669=ORIENTED_EDGE('',*,*,#4656,.T.);
#4671=ORIENTED_EDGE('',*,*,#4670,.T.);
#4672=ORIENTED_EDGE('',*,*,#4652,.F.);
#4673=EDGE_LOOP('',(#4667,#4668,#4669,#4671,#4672));
#4674=FACE_OUTER_BOUND('',#4673,.F.);
#4675=ADVANCED_FACE('',(#4674),#4666,.T.);
#4676=CARTESIAN_POINT('',(0.E0,0.E0,1.35E1));
#4677=DIRECTION('',(0.E0,0.E0,1.E0));
#4678=DIRECTION('',(0.E0,1.E0,0.E0));
#4679=AXIS2_PLACEMENT_3D('',#4676,#4677,#4678);
#4680=PLANE('',#4679);
#4681=ORIENTED_EDGE('',*,*,#4654,.F.);
#4682=ORIENTED_EDGE('',*,*,#4670,.F.);
#4683=EDGE_LOOP('',(#4681,#4682));
#4684=FACE_OUTER_BOUND('',#4683,.F.);
#4686=ORIENTED_EDGE('',*,*,#4685,.T.);
#4688=ORIENTED_EDGE('',*,*,#4687,.F.);
#4690=ORIENTED_EDGE('',*,*,#4689,.T.);
#4692=ORIENTED_EDGE('',*,*,#4691,.F.);
#4693=EDGE_LOOP('',(#4686,#4688,#4690,#4692));
#4694=FACE_BOUND('',#4693,.F.);
#4695=ADVANCED_FACE('',(#4684,#4694),#4680,.T.);
#4696=CARTESIAN_POINT('',(0.E0,0.E0,1.35E1));
#4697=DIRECTION('',(0.E0,0.E0,1.E0));
#4698=DIRECTION('',(1.E0,0.E0,0.E0));
#4699=AXIS2_PLACEMENT_3D('',#4696,#4697,#4698);
#4700=CYLINDRICAL_SURFACE('',#4699,2.5E0);
#4702=ORIENTED_EDGE('',*,*,#4701,.T.);
#4704=ORIENTED_EDGE('',*,*,#4703,.F.);
#4706=ORIENTED_EDGE('',*,*,#4705,.F.);
#4707=ORIENTED_EDGE('',*,*,#4685,.F.);
#4708=EDGE_LOOP('',(#4702,#4704,#4706,#4707));
#4709=FACE_OUTER_BOUND('',#4708,.F.);
#4710=ADVANCED_FACE('',(#4709),#4700,.T.);
#4711=CARTESIAN_POINT('',(0.E0,0.E0,1.35E1));
#4712=DIRECTION('',(0.E0,0.E0,1.E0));
#4713=DIRECTION('',(1.E0,0.E0,0.E0));
#4714=AXIS2_PLACEMENT_3D('',#4711,#4712,#4713);
#4715=CYLINDRICAL_SURFACE('',#4714,2.5E0);
#4717=ORIENTED_EDGE('',*,*,#4716,.T.);
#4719=ORIENTED_EDGE('',*,*,#4718,.F.);
#4721=ORIENTED_EDGE('',*,*,#4720,.F.);
#4723=ORIENTED_EDGE('',*,*,#4722,.F.);
#4724=EDGE_LOOP('',(#4717,#4719,#4721,#4723));
#4725=FACE_OUTER_BOUND('',#4724,.F.);
#4726=ADVANCED_FACE('',(#4725),#4715,.T.);
#4727=CARTESIAN_POINT('',(0.E0,0.E0,1.35E1));
#4728=DIRECTION('',(0.E0,0.E0,1.E0));
#4729=DIRECTION('',(1.E0,0.E0,0.E0));
#4730=AXIS2_PLACEMENT_3D('',#4727,#4728,#4729);
#4731=CYLINDRICAL_SURFACE('',#4730,2.5E0);
#4733=ORIENTED_EDGE('',*,*,#4732,.T.);
#4735=ORIENTED_EDGE('',*,*,#4734,.F.);
#4737=ORIENTED_EDGE('',*,*,#4736,.F.);
#4739=ORIENTED_EDGE('',*,*,#4738,.F.);
#4740=EDGE_LOOP('',(#4733,#4735,#4737,#4739));
#4741=FACE_OUTER_BOUND('',#4740,.F.);
#4742=ADVANCED_FACE('',(#4741),#4731,.T.);
#4743=CARTESIAN_POINT('',(0.E0,0.E0,1.35E1));
#4744=DIRECTION('',(0.E0,0.E0,1.E0));
#4745=DIRECTION('',(1.E0,0.E0,0.E0));
#4746=AXIS2_PLACEMENT_3D('',#4743,#4744,#4745);
#4747=CYLINDRICAL_SURFACE('',#4746,2.5E0);
#4749=ORIENTED_EDGE('',*,*,#4748,.T.);
#4751=ORIENTED_EDGE('',*,*,#4750,.F.);
#4753=ORIENTED_EDGE('',*,*,#4752,.F.);
#4755=ORIENTED_EDGE('',*,*,#4754,.F.);
#4756=EDGE_LOOP('',(#4749,#4751,#4753,#4755));
#4757=FACE_OUTER_BOUND('',#4756,.F.);
#4758=ADVANCED_FACE('',(#4757),#4747,.T.);
#4759=CARTESIAN_POINT('',(0.E0,0.E0,1.35E1));
#4760=DIRECTION('',(0.E0,0.E0,1.E0));
#4761=DIRECTION('',(1.E0,0.E0,0.E0));
#4762=AXIS2_PLACEMENT_3D('',#4759,#4760,#4761);
#4763=CYLINDRICAL_SURFACE('',#4762,2.5E0);
#4765=ORIENTED_EDGE('',*,*,#4764,.T.);
#4767=ORIENTED_EDGE('',*,*,#4766,.F.);
#4769=ORIENTED_EDGE('',*,*,#4768,.F.);
#4771=ORIENTED_EDGE('',*,*,#4770,.F.);
#4772=EDGE_LOOP('',(#4765,#4767,#4769,#4771));
#4773=FACE_OUTER_BOUND('',#4772,.F.);
#4774=ADVANCED_FACE('',(#4773),#4763,.T.);
#4775=CARTESIAN_POINT('',(0.E0,0.E0,1.35E1));
#4776=DIRECTION('',(0.E0,0.E0,1.E0));
#4777=DIRECTION('',(1.E0,0.E0,0.E0));
#4778=AXIS2_PLACEMENT_3D('',#4775,#4776,#4777);
#4779=CYLINDRICAL_SURFACE('',#4778,2.5E0);
#4781=ORIENTED_EDGE('',*,*,#4780,.T.);
#4783=ORIENTED_EDGE('',*,*,#4782,.F.);
#4785=ORIENTED_EDGE('',*,*,#4784,.F.);
#4787=ORIENTED_EDGE('',*,*,#4786,.F.);
#4788=EDGE_LOOP('',(#4781,#4783,#4785,#4787));
#4789=FACE_OUTER_BOUND('',#4788,.F.);
#4790=ADVANCED_FACE('',(#4789),#4779,.T.);
#4791=CARTESIAN_POINT('',(0.E0,0.E0,1.35E1));
#4792=DIRECTION('',(0.E0,0.E0,1.E0));
#4793=DIRECTION('',(1.E0,0.E0,0.E0));
#4794=AXIS2_PLACEMENT_3D('',#4791,#4792,#4793);
#4795=CYLINDRICAL_SURFACE('',#4794,2.5E0);
#4797=ORIENTED_EDGE('',*,*,#4796,.T.);
#4799=ORIENTED_EDGE('',*,*,#4798,.F.);
#4801=ORIENTED_EDGE('',*,*,#4800,.F.);
#4803=ORIENTED_EDGE('',*,*,#4802,.F.);
#4804=EDGE_LOOP('',(#4797,#4799,#4801,#4803));
#4805=FACE_OUTER_BOUND('',#4804,.F.);
#4806=ADVANCED_FACE('',(#4805),#4795,.T.);
#4807=CARTESIAN_POINT('',(0.E0,0.E0,1.35E1));
#4808=DIRECTION('',(0.E0,0.E0,1.E0));
#4809=DIRECTION('',(1.E0,0.E0,0.E0));
#4810=AXIS2_PLACEMENT_3D('',#4807,#4808,#4809);
#4811=CYLINDRICAL_SURFACE('',#4810,2.5E0);
#4813=ORIENTED_EDGE('',*,*,#4812,.T.);
#4815=ORIENTED_EDGE('',*,*,#4814,.F.);
#4817=ORIENTED_EDGE('',*,*,#4816,.F.);
#4819=ORIENTED_EDGE('',*,*,#4818,.F.);
#4820=EDGE_LOOP('',(#4813,#4815,#4817,#4819));
#4821=FACE_OUTER_BOUND('',#4820,.F.);
#4822=ADVANCED_FACE('',(#4821),#4811,.T.);
#4823=CARTESIAN_POINT('',(0.E0,0.E0,1.35E1));
#4824=DIRECTION('',(0.E0,0.E0,1.E0));
#4825=DIRECTION('',(1.E0,0.E0,0.E0));
#4826=AXIS2_PLACEMENT_3D('',#4823,#4824,#4825);
#4827=CYLINDRICAL_SURFACE('',#4826,2.5E0);
#4829=ORIENTED_EDGE('',*,*,#4828,.T.);
#4831=ORIENTED_EDGE('',*,*,#4830,.F.);
#4833=ORIENTED_EDGE('',*,*,#4832,.F.);
#4835=ORIENTED_EDGE('',*,*,#4834,.F.);
#4836=EDGE_LOOP('',(#4829,#4831,#4833,#4835));
#4837=FACE_OUTER_BOUND('',#4836,.F.);
#4838=ADVANCED_FACE('',(#4837),#4827,.T.);
#4839=CARTESIAN_POINT('',(0.E0,0.E0,1.35E1));
#4840=DIRECTION('',(0.E0,0.E0,1.E0));
#4841=DIRECTION('',(1.E0,0.E0,0.E0));
#4842=AXIS2_PLACEMENT_3D('',#4839,#4840,#4841);
#4843=CYLINDRICAL_SURFACE('',#4842,2.5E0);
#4845=ORIENTED_EDGE('',*,*,#4844,.T.);
#4847=ORIENTED_EDGE('',*,*,#4846,.T.);
#4849=ORIENTED_EDGE('',*,*,#4848,.F.);
#4851=ORIENTED_EDGE('',*,*,#4850,.T.);
#4852=EDGE_LOOP('',(#4845,#4847,#4849,#4851));
#4853=FACE_OUTER_BOUND('',#4852,.F.);
#4854=ADVANCED_FACE('',(#4853),#4843,.T.);
#4855=CARTESIAN_POINT('',(0.E0,0.E0,1.35E1));
#4856=DIRECTION('',(0.E0,0.E0,1.E0));
#4857=DIRECTION('',(1.E0,0.E0,0.E0));
#4858=AXIS2_PLACEMENT_3D('',#4855,#4856,#4857);
#4859=CYLINDRICAL_SURFACE('',#4858,2.5E0);
#4861=ORIENTED_EDGE('',*,*,#4860,.T.);
#4863=ORIENTED_EDGE('',*,*,#4862,.T.);
#4865=ORIENTED_EDGE('',*,*,#4864,.T.);
#4866=EDGE_LOOP('',(#4861,#4863,#4865));
#4867=FACE_OUTER_BOUND('',#4866,.F.);
#4868=ADVANCED_FACE('',(#4867),#4859,.T.);
#4869=CARTESIAN_POINT('',(2.E0,3.554103938831E0,2.35E1));
#4870=DIRECTION('',(-1.E0,0.E0,0.E0));
#4871=DIRECTION('',(0.E0,-1.E0,0.E0));
#4872=AXIS2_PLACEMENT_3D('',#4869,#4870,#4871);
#4873=PLANE('',#4872);
#4874=ORIENTED_EDGE('',*,*,#4701,.F.);
#4875=ORIENTED_EDGE('',*,*,#4691,.T.);
#4877=ORIENTED_EDGE('',*,*,#4876,.T.);
#4879=ORIENTED_EDGE('',*,*,#4878,.T.);
#4880=EDGE_LOOP('',(#4874,#4875,#4877,#4879));
#4881=FACE_OUTER_BOUND('',#4880,.F.);
#4882=ADVANCED_FACE('',(#4881),#4873,.F.);
#4883=CARTESIAN_POINT('',(2.E0,3.554103938831E0,2.35E1));
#4884=DIRECTION('',(-1.E0,0.E0,0.E0));
#4885=DIRECTION('',(0.E0,-1.E0,0.E0));
#4886=AXIS2_PLACEMENT_3D('',#4883,#4884,#4885);
#4887=PLANE('',#4886);
#4888=ORIENTED_EDGE('',*,*,#4716,.F.);
#4890=ORIENTED_EDGE('',*,*,#4889,.T.);
#4892=ORIENTED_EDGE('',*,*,#4891,.T.);
#4894=ORIENTED_EDGE('',*,*,#4893,.T.);
#4895=EDGE_LOOP('',(#4888,#4890,#4892,#4894));
#4896=FACE_OUTER_BOUND('',#4895,.F.);
#4897=ADVANCED_FACE('',(#4896),#4887,.F.);
#4898=CARTESIAN_POINT('',(2.E0,3.554103938831E0,2.35E1));
#4899=DIRECTION('',(-1.E0,0.E0,0.E0));
#4900=DIRECTION('',(0.E0,-1.E0,0.E0));
#4901=AXIS2_PLACEMENT_3D('',#4898,#4899,#4900);
#4902=PLANE('',#4901);
#4903=ORIENTED_EDGE('',*,*,#4732,.F.);
#4905=ORIENTED_EDGE('',*,*,#4904,.T.);
#4907=ORIENTED_EDGE('',*,*,#4906,.T.);
#4909=ORIENTED_EDGE('',*,*,#4908,.T.);
#4910=EDGE_LOOP('',(#4903,#4905,#4907,#4909));
#4911=FACE_OUTER_BOUND('',#4910,.F.);
#4912=ADVANCED_FACE('',(#4911),#4902,.F.);
#4913=CARTESIAN_POINT('',(2.E0,3.554103938831E0,2.35E1));
#4914=DIRECTION('',(-1.E0,0.E0,0.E0));
#4915=DIRECTION('',(0.E0,-1.E0,0.E0));
#4916=AXIS2_PLACEMENT_3D('',#4913,#4914,#4915);
#4917=PLANE('',#4916);
#4918=ORIENTED_EDGE('',*,*,#4748,.F.);
#4920=ORIENTED_EDGE('',*,*,#4919,.T.);
#4922=ORIENTED_EDGE('',*,*,#4921,.T.);
#4924=ORIENTED_EDGE('',*,*,#4923,.T.);
#4925=EDGE_LOOP('',(#4918,#4920,#4922,#4924));
#4926=FACE_OUTER_BOUND('',#4925,.F.);
#4927=ADVANCED_FACE('',(#4926),#4917,.F.);
#4928=CARTESIAN_POINT('',(2.E0,3.554103938831E0,2.35E1));
#4929=DIRECTION('',(-1.E0,0.E0,0.E0));
#4930=DIRECTION('',(0.E0,-1.E0,0.E0));
#4931=AXIS2_PLACEMENT_3D('',#4928,#4929,#4930);
#4932=PLANE('',#4931);
#4933=ORIENTED_EDGE('',*,*,#4764,.F.);
#4935=ORIENTED_EDGE('',*,*,#4934,.T.);
#4937=ORIENTED_EDGE('',*,*,#4936,.T.);
#4939=ORIENTED_EDGE('',*,*,#4938,.T.);
#4940=EDGE_LOOP('',(#4933,#4935,#4937,#4939));
#4941=FACE_OUTER_BOUND('',#4940,.F.);
#4942=ADVANCED_FACE('',(#4941),#4932,.F.);
#4943=CARTESIAN_POINT('',(2.E0,3.554103938831E0,2.35E1));
#4944=DIRECTION('',(-1.E0,0.E0,0.E0));
#4945=DIRECTION('',(0.E0,-1.E0,0.E0));
#4946=AXIS2_PLACEMENT_3D('',#4943,#4944,#4945);
#4947=PLANE('',#4946);
#4948=ORIENTED_EDGE('',*,*,#4780,.F.);
#4950=ORIENTED_EDGE('',*,*,#4949,.T.);
#4952=ORIENTED_EDGE('',*,*,#4951,.T.);
#4954=ORIENTED_EDGE('',*,*,#4953,.T.);
#4955=EDGE_LOOP('',(#4948,#4950,#4952,#4954));
#4956=FACE_OUTER_BOUND('',#4955,.F.);
#4957=ADVANCED_FACE('',(#4956),#4947,.F.);
#4958=CARTESIAN_POINT('',(2.E0,3.554103938831E0,2.35E1));
#4959=DIRECTION('',(-1.E0,0.E0,0.E0));
#4960=DIRECTION('',(0.E0,-1.E0,0.E0));
#4961=AXIS2_PLACEMENT_3D('',#4958,#4959,#4960);
#4962=PLANE('',#4961);
#4963=ORIENTED_EDGE('',*,*,#4796,.F.);
#4965=ORIENTED_EDGE('',*,*,#4964,.T.);
#4967=ORIENTED_EDGE('',*,*,#4966,.T.);
#4969=ORIENTED_EDGE('',*,*,#4968,.T.);
#4970=EDGE_LOOP('',(#4963,#4965,#4967,#4969));
#4971=FACE_OUTER_BOUND('',#4970,.F.);
#4972=ADVANCED_FACE('',(#4971),#4962,.F.);
#4973=CARTESIAN_POINT('',(2.E0,3.554103938831E0,2.35E1));
#4974=DIRECTION('',(-1.E0,0.E0,0.E0));
#4975=DIRECTION('',(0.E0,-1.E0,0.E0));
#4976=AXIS2_PLACEMENT_3D('',#4973,#4974,#4975);
#4977=PLANE('',#4976);
#4978=ORIENTED_EDGE('',*,*,#4812,.F.);
#4980=ORIENTED_EDGE('',*,*,#4979,.T.);
#4982=ORIENTED_EDGE('',*,*,#4981,.T.);
#4984=ORIENTED_EDGE('',*,*,#4983,.T.);
#4985=EDGE_LOOP('',(#4978,#4980,#4982,#4984));
#4986=FACE_OUTER_BOUND('',#4985,.F.);
#4987=ADVANCED_FACE('',(#4986),#4977,.F.);
#4988=CARTESIAN_POINT('',(2.E0,3.554103938831E0,2.35E1));
#4989=DIRECTION('',(-1.E0,0.E0,0.E0));
#4990=DIRECTION('',(0.E0,-1.E0,0.E0));
#4991=AXIS2_PLACEMENT_3D('',#4988,#4989,#4990);
#4992=PLANE('',#4991);
#4993=ORIENTED_EDGE('',*,*,#4828,.F.);
#4995=ORIENTED_EDGE('',*,*,#4994,.T.);
#4997=ORIENTED_EDGE('',*,*,#4996,.T.);
#4999=ORIENTED_EDGE('',*,*,#4998,.T.);
#5000=EDGE_LOOP('',(#4993,#4995,#4997,#4999));
#5001=FACE_OUTER_BOUND('',#5000,.F.);
#5002=ADVANCED_FACE('',(#5001),#4992,.F.);
#5003=CARTESIAN_POINT('',(2.E0,3.554103938831E0,2.35E1));
#5004=DIRECTION('',(-1.E0,0.E0,0.E0));
#5005=DIRECTION('',(0.E0,-1.E0,0.E0));
#5006=AXIS2_PLACEMENT_3D('',#5003,#5004,#5005);
#5007=PLANE('',#5006);
#5008=ORIENTED_EDGE('',*,*,#4844,.F.);
#5010=ORIENTED_EDGE('',*,*,#5009,.T.);
#5012=ORIENTED_EDGE('',*,*,#5011,.T.);
#5014=ORIENTED_EDGE('',*,*,#5013,.F.);
#5016=ORIENTED_EDGE('',*,*,#5015,.F.);
#5017=EDGE_LOOP('',(#5008,#5010,#5012,#5014,#5016));
#5018=FACE_OUTER_BOUND('',#5017,.F.);
#5019=ADVANCED_FACE('',(#5018),#5007,.F.);
#5020=CARTESIAN_POINT('',(0.E0,0.E0,1.35E1));
#5021=DIRECTION('',(0.E0,0.E0,1.E0));
#5022=DIRECTION('',(1.E0,0.E0,0.E0));
#5023=AXIS2_PLACEMENT_3D('',#5020,#5021,#5022);
#5024=CYLINDRICAL_SURFACE('',#5023,2.5E0);
#5025=ORIENTED_EDGE('',*,*,#4876,.F.);
#5026=ORIENTED_EDGE('',*,*,#4689,.F.);
#5028=ORIENTED_EDGE('',*,*,#5027,.F.);
#5030=ORIENTED_EDGE('',*,*,#5029,.F.);
#5031=EDGE_LOOP('',(#5025,#5026,#5028,#5030));
#5032=FACE_OUTER_BOUND('',#5031,.F.);
#5033=ADVANCED_FACE('',(#5032),#5024,.T.);
#5034=CARTESIAN_POINT('',(0.E0,0.E0,1.35E1));
#5035=DIRECTION('',(0.E0,0.E0,1.E0));
#5036=DIRECTION('',(1.E0,0.E0,0.E0));
#5037=AXIS2_PLACEMENT_3D('',#5034,#5035,#5036);
#5038=CYLINDRICAL_SURFACE('',#5037,2.5E0);
#5039=ORIENTED_EDGE('',*,*,#4891,.F.);
#5041=ORIENTED_EDGE('',*,*,#5040,.F.);
#5043=ORIENTED_EDGE('',*,*,#5042,.T.);
#5045=ORIENTED_EDGE('',*,*,#5044,.F.);
#5046=EDGE_LOOP('',(#5039,#5041,#5043,#5045));
#5047=FACE_OUTER_BOUND('',#5046,.F.);
#5048=ADVANCED_FACE('',(#5047),#5038,.T.);
#5049=CARTESIAN_POINT('',(0.E0,0.E0,1.35E1));
#5050=DIRECTION('',(0.E0,0.E0,1.E0));
#5051=DIRECTION('',(1.E0,0.E0,0.E0));
#5052=AXIS2_PLACEMENT_3D('',#5049,#5050,#5051);
#5053=CYLINDRICAL_SURFACE('',#5052,2.5E0);
#5054=ORIENTED_EDGE('',*,*,#4906,.F.);
#5056=ORIENTED_EDGE('',*,*,#5055,.F.);
#5058=ORIENTED_EDGE('',*,*,#5057,.T.);
#5060=ORIENTED_EDGE('',*,*,#5059,.F.);
#5061=EDGE_LOOP('',(#5054,#5056,#5058,#5060));
#5062=FACE_OUTER_BOUND('',#5061,.F.);
#5063=ADVANCED_FACE('',(#5062),#5053,.T.);
#5064=CARTESIAN_POINT('',(0.E0,0.E0,1.35E1));
#5065=DIRECTION('',(0.E0,0.E0,1.E0));
#5066=DIRECTION('',(1.E0,0.E0,0.E0));
#5067=AXIS2_PLACEMENT_3D('',#5064,#5065,#5066);
#5068=CYLINDRICAL_SURFACE('',#5067,2.5E0);
#5069=ORIENTED_EDGE('',*,*,#4921,.F.);
#5071=ORIENTED_EDGE('',*,*,#5070,.F.);
#5073=ORIENTED_EDGE('',*,*,#5072,.T.);
#5075=ORIENTED_EDGE('',*,*,#5074,.F.);
#5076=EDGE_LOOP('',(#5069,#5071,#5073,#5075));
#5077=FACE_OUTER_BOUND('',#5076,.F.);
#5078=ADVANCED_FACE('',(#5077),#5068,.T.);
#5079=CARTESIAN_POINT('',(0.E0,0.E0,1.35E1));
#5080=DIRECTION('',(0.E0,0.E0,1.E0));
#5081=DIRECTION('',(1.E0,0.E0,0.E0));
#5082=AXIS2_PLACEMENT_3D('',#5079,#5080,#5081);
#5083=CYLINDRICAL_SURFACE('',#5082,2.5E0);
#5084=ORIENTED_EDGE('',*,*,#4936,.F.);
#5086=ORIENTED_EDGE('',*,*,#5085,.F.);
#5088=ORIENTED_EDGE('',*,*,#5087,.T.);
#5090=ORIENTED_EDGE('',*,*,#5089,.F.);
#5091=EDGE_LOOP('',(#5084,#5086,#5088,#5090));
#5092=FACE_OUTER_BOUND('',#5091,.F.);
#5093=ADVANCED_FACE('',(#5092),#5083,.T.);
#5094=CARTESIAN_POINT('',(0.E0,0.E0,1.35E1));
#5095=DIRECTION('',(0.E0,0.E0,1.E0));
#5096=DIRECTION('',(1.E0,0.E0,0.E0));
#5097=AXIS2_PLACEMENT_3D('',#5094,#5095,#5096);
#5098=CYLINDRICAL_SURFACE('',#5097,2.5E0);
#5099=ORIENTED_EDGE('',*,*,#4951,.F.);
#5101=ORIENTED_EDGE('',*,*,#5100,.F.);
#5103=ORIENTED_EDGE('',*,*,#5102,.T.);
#5105=ORIENTED_EDGE('',*,*,#5104,.F.);
#5106=EDGE_LOOP('',(#5099,#5101,#5103,#5105));
#5107=FACE_OUTER_BOUND('',#5106,.F.);
#5108=ADVANCED_FACE('',(#5107),#5098,.T.);
#5109=CARTESIAN_POINT('',(0.E0,0.E0,1.35E1));
#5110=DIRECTION('',(0.E0,0.E0,1.E0));
#5111=DIRECTION('',(1.E0,0.E0,0.E0));
#5112=AXIS2_PLACEMENT_3D('',#5109,#5110,#5111);
#5113=CYLINDRICAL_SURFACE('',#5112,2.5E0);
#5114=ORIENTED_EDGE('',*,*,#4966,.F.);
#5116=ORIENTED_EDGE('',*,*,#5115,.F.);
#5118=ORIENTED_EDGE('',*,*,#5117,.T.);
#5120=ORIENTED_EDGE('',*,*,#5119,.F.);
#5122=ORIENTED_EDGE('',*,*,#5121,.F.);
#5123=EDGE_LOOP('',(#5114,#5116,#5118,#5120,#5122));
#5124=FACE_OUTER_BOUND('',#5123,.F.);
#5125=ADVANCED_FACE('',(#5124),#5113,.T.);
#5126=CARTESIAN_POINT('',(0.E0,0.E0,1.35E1));
#5127=DIRECTION('',(0.E0,0.E0,1.E0));
#5128=DIRECTION('',(1.E0,0.E0,0.E0));
#5129=AXIS2_PLACEMENT_3D('',#5126,#5127,#5128);
#5130=CYLINDRICAL_SURFACE('',#5129,2.5E0);
#5131=ORIENTED_EDGE('',*,*,#4981,.F.);
#5133=ORIENTED_EDGE('',*,*,#5132,.F.);
#5135=ORIENTED_EDGE('',*,*,#5134,.F.);
#5137=ORIENTED_EDGE('',*,*,#5136,.T.);
#5139=ORIENTED_EDGE('',*,*,#5138,.F.);
#5140=EDGE_LOOP('',(#5131,#5133,#5135,#5137,#5139));
#5141=FACE_OUTER_BOUND('',#5140,.F.);
#5142=ADVANCED_FACE('',(#5141),#5130,.T.);
#5143=CARTESIAN_POINT('',(0.E0,0.E0,1.35E1));
#5144=DIRECTION('',(0.E0,0.E0,1.E0));
#5145=DIRECTION('',(1.E0,0.E0,0.E0));
#5146=AXIS2_PLACEMENT_3D('',#5143,#5144,#5145);
#5147=CYLINDRICAL_SURFACE('',#5146,2.5E0);
#5148=ORIENTED_EDGE('',*,*,#4996,.F.);
#5150=ORIENTED_EDGE('',*,*,#5149,.F.);
#5152=ORIENTED_EDGE('',*,*,#5151,.T.);
#5154=ORIENTED_EDGE('',*,*,#5153,.F.);
#5155=EDGE_LOOP('',(#5148,#5150,#5152,#5154));
#5156=FACE_OUTER_BOUND('',#5155,.F.);
#5157=ADVANCED_FACE('',(#5156),#5147,.T.);
#5158=CARTESIAN_POINT('',(0.E0,0.E0,1.35E1));
#5159=DIRECTION('',(0.E0,0.E0,1.E0));
#5160=DIRECTION('',(1.E0,0.E0,0.E0));
#5161=AXIS2_PLACEMENT_3D('',#5158,#5159,#5160);
#5162=CYLINDRICAL_SURFACE('',#5161,2.5E0);
#5163=ORIENTED_EDGE('',*,*,#5011,.F.);
#5165=ORIENTED_EDGE('',*,*,#5164,.F.);
#5167=ORIENTED_EDGE('',*,*,#5166,.T.);
#5169=ORIENTED_EDGE('',*,*,#5168,.F.);
#5171=ORIENTED_EDGE('',*,*,#5170,.T.);
#5173=ORIENTED_EDGE('',*,*,#5172,.T.);
#5174=EDGE_LOOP('',(#5163,#5165,#5167,#5169,#5171,#5173));
#5175=FACE_OUTER_BOUND('',#5174,.F.);
#5176=ADVANCED_FACE('',(#5175),#5162,.T.);
#5177=CARTESIAN_POINT('',(-2.E0,-2.894745289546E0,2.35E1));
#5178=DIRECTION('',(1.E0,0.E0,0.E0));
#5179=DIRECTION('',(0.E0,1.E0,0.E0));
#5180=AXIS2_PLACEMENT_3D('',#5177,#5178,#5179);
#5181=PLANE('',#5180);
#5182=ORIENTED_EDGE('',*,*,#4705,.T.);
#5184=ORIENTED_EDGE('',*,*,#5183,.T.);
#5185=ORIENTED_EDGE('',*,*,#5042,.F.);
#5187=ORIENTED_EDGE('',*,*,#5186,.T.);
#5189=ORIENTED_EDGE('',*,*,#5188,.T.);
#5191=ORIENTED_EDGE('',*,*,#5190,.T.);
#5192=ORIENTED_EDGE('',*,*,#5027,.T.);
#5193=ORIENTED_EDGE('',*,*,#4687,.T.);
#5194=EDGE_LOOP('',(#5182,#5184,#5185,#5187,#5189,#5191,#5192,#5193));
#5195=FACE_OUTER_BOUND('',#5194,.F.);
#5196=ADVANCED_FACE('',(#5195),#5181,.F.);
#5197=CARTESIAN_POINT('',(-2.E0,-2.894745289546E0,2.35E1));
#5198=DIRECTION('',(1.E0,0.E0,0.E0));
#5199=DIRECTION('',(0.E0,1.E0,0.E0));
#5200=AXIS2_PLACEMENT_3D('',#5197,#5198,#5199);
#5201=PLANE('',#5200);
#5202=ORIENTED_EDGE('',*,*,#4720,.T.);
#5204=ORIENTED_EDGE('',*,*,#5203,.T.);
#5205=ORIENTED_EDGE('',*,*,#5057,.F.);
#5207=ORIENTED_EDGE('',*,*,#5206,.T.);
#5208=EDGE_LOOP('',(#5202,#5204,#5205,#5207));
#5209=FACE_OUTER_BOUND('',#5208,.F.);
#5210=ADVANCED_FACE('',(#5209),#5201,.F.);
#5211=CARTESIAN_POINT('',(-2.E0,-2.894745289546E0,2.35E1));
#5212=DIRECTION('',(1.E0,0.E0,0.E0));
#5213=DIRECTION('',(0.E0,1.E0,0.E0));
#5214=AXIS2_PLACEMENT_3D('',#5211,#5212,#5213);
#5215=PLANE('',#5214);
#5216=ORIENTED_EDGE('',*,*,#4736,.T.);
#5218=ORIENTED_EDGE('',*,*,#5217,.T.);
#5220=ORIENTED_EDGE('',*,*,#5219,.T.);
#5221=ORIENTED_EDGE('',*,*,#5072,.F.);
#5223=ORIENTED_EDGE('',*,*,#5222,.T.);
#5224=EDGE_LOOP('',(#5216,#5218,#5220,#5221,#5223));
#5225=FACE_OUTER_BOUND('',#5224,.F.);
#5226=ADVANCED_FACE('',(#5225),#5215,.F.);
#5227=CARTESIAN_POINT('',(-2.E0,-2.894745289546E0,2.35E1));
#5228=DIRECTION('',(1.E0,0.E0,0.E0));
#5229=DIRECTION('',(0.E0,1.E0,0.E0));
#5230=AXIS2_PLACEMENT_3D('',#5227,#5228,#5229);
#5231=PLANE('',#5230);
#5232=ORIENTED_EDGE('',*,*,#4752,.T.);
#5234=ORIENTED_EDGE('',*,*,#5233,.T.);
#5235=ORIENTED_EDGE('',*,*,#5087,.F.);
#5237=ORIENTED_EDGE('',*,*,#5236,.T.);
#5239=ORIENTED_EDGE('',*,*,#5238,.T.);
#5240=EDGE_LOOP('',(#5232,#5234,#5235,#5237,#5239));
#5241=FACE_OUTER_BOUND('',#5240,.F.);
#5242=ADVANCED_FACE('',(#5241),#5231,.F.);
#5243=CARTESIAN_POINT('',(-2.E0,-2.894745289546E0,2.35E1));
#5244=DIRECTION('',(1.E0,0.E0,0.E0));
#5245=DIRECTION('',(0.E0,1.E0,0.E0));
#5246=AXIS2_PLACEMENT_3D('',#5243,#5244,#5245);
#5247=PLANE('',#5246);
#5248=ORIENTED_EDGE('',*,*,#4768,.T.);
#5250=ORIENTED_EDGE('',*,*,#5249,.T.);
#5251=ORIENTED_EDGE('',*,*,#5102,.F.);
#5253=ORIENTED_EDGE('',*,*,#5252,.T.);
#5254=EDGE_LOOP('',(#5248,#5250,#5251,#5253));
#5255=FACE_OUTER_BOUND('',#5254,.F.);
#5256=ADVANCED_FACE('',(#5255),#5247,.F.);
#5257=CARTESIAN_POINT('',(-2.E0,-2.894745289546E0,2.35E1));
#5258=DIRECTION('',(1.E0,0.E0,0.E0));
#5259=DIRECTION('',(0.E0,1.E0,0.E0));
#5260=AXIS2_PLACEMENT_3D('',#5257,#5258,#5259);
#5261=PLANE('',#5260);
#5262=ORIENTED_EDGE('',*,*,#4784,.T.);
#5264=ORIENTED_EDGE('',*,*,#5263,.T.);
#5265=ORIENTED_EDGE('',*,*,#5117,.F.);
#5267=ORIENTED_EDGE('',*,*,#5266,.T.);
#5268=EDGE_LOOP('',(#5262,#5264,#5265,#5267));
#5269=FACE_OUTER_BOUND('',#5268,.F.);
#5270=ADVANCED_FACE('',(#5269),#5261,.F.);
#5271=CARTESIAN_POINT('',(-2.E0,-2.894745289546E0,2.35E1));
#5272=DIRECTION('',(1.E0,0.E0,0.E0));
#5273=DIRECTION('',(0.E0,1.E0,0.E0));
#5274=AXIS2_PLACEMENT_3D('',#5271,#5272,#5273);
#5275=PLANE('',#5274);
#5276=ORIENTED_EDGE('',*,*,#4800,.T.);
#5278=ORIENTED_EDGE('',*,*,#5277,.T.);
#5279=ORIENTED_EDGE('',*,*,#5136,.F.);
#5281=ORIENTED_EDGE('',*,*,#5280,.T.);
#5282=EDGE_LOOP('',(#5276,#5278,#5279,#5281));
#5283=FACE_OUTER_BOUND('',#5282,.F.);
#5284=ADVANCED_FACE('',(#5283),#5275,.F.);
#5285=CARTESIAN_POINT('',(-2.E0,-2.894745289546E0,2.35E1));
#5286=DIRECTION('',(1.E0,0.E0,0.E0));
#5287=DIRECTION('',(0.E0,1.E0,0.E0));
#5288=AXIS2_PLACEMENT_3D('',#5285,#5286,#5287);
#5289=PLANE('',#5288);
#5290=ORIENTED_EDGE('',*,*,#4816,.T.);
#5292=ORIENTED_EDGE('',*,*,#5291,.T.);
#5293=ORIENTED_EDGE('',*,*,#5151,.F.);
#5295=ORIENTED_EDGE('',*,*,#5294,.T.);
#5296=EDGE_LOOP('',(#5290,#5292,#5293,#5295));
#5297=FACE_OUTER_BOUND('',#5296,.F.);
#5298=ADVANCED_FACE('',(#5297),#5289,.F.);
#5299=CARTESIAN_POINT('',(-2.E0,-2.894745289546E0,2.35E1));
#5300=DIRECTION('',(1.E0,0.E0,0.E0));
#5301=DIRECTION('',(0.E0,1.E0,0.E0));
#5302=AXIS2_PLACEMENT_3D('',#5299,#5300,#5301);
#5303=PLANE('',#5302);
#5304=ORIENTED_EDGE('',*,*,#4832,.T.);
#5306=ORIENTED_EDGE('',*,*,#5305,.T.);
#5307=ORIENTED_EDGE('',*,*,#5166,.F.);
#5309=ORIENTED_EDGE('',*,*,#5308,.T.);
#5310=EDGE_LOOP('',(#5304,#5306,#5307,#5309));
#5311=FACE_OUTER_BOUND('',#5310,.F.);
#5312=ADVANCED_FACE('',(#5311),#5303,.F.);
#5313=CARTESIAN_POINT('',(-2.E0,-2.894745289546E0,2.35E1));
#5314=DIRECTION('',(1.E0,0.E0,0.E0));
#5315=DIRECTION('',(0.E0,1.E0,0.E0));
#5316=AXIS2_PLACEMENT_3D('',#5313,#5314,#5315);
#5317=PLANE('',#5316);
#5318=ORIENTED_EDGE('',*,*,#4848,.T.);
#5320=ORIENTED_EDGE('',*,*,#5319,.F.);
#5322=ORIENTED_EDGE('',*,*,#5321,.F.);
#5323=ORIENTED_EDGE('',*,*,#4860,.F.);
#5325=ORIENTED_EDGE('',*,*,#5324,.T.);
#5326=EDGE_LOOP('',(#5318,#5320,#5322,#5323,#5325));
#5327=FACE_OUTER_BOUND('',#5326,.F.);
#5328=ADVANCED_FACE('',(#5327),#5317,.F.);
#5329=CARTESIAN_POINT('',(-1.526119750502E0,-9.046794129654E-1,
1.700908952592E1));
#5330=CARTESIAN_POINT('',(-1.717851025738E0,-5.812445235072E-1,
1.697839508148E1));
#5331=CARTESIAN_POINT('',(-1.888024977848E0,1.906198427511E-1,
1.691700619259E1));
#5332=CARTESIAN_POINT('',(-1.405912797744E0,1.274723333898E0,1.682492285926E1));
#5333=CARTESIAN_POINT('',(-3.742362604692E-1,1.860444384444E0,
1.673283952592E1));
#5334=CARTESIAN_POINT('',(8.036593343549E-1,1.719153090950E0,1.664075619259E1));
#5335=CARTESIAN_POINT('',(1.667490439089E0,9.059937064484E-1,1.654867285926E1));
#5336=CARTESIAN_POINT('',(1.879656425022E0,-2.612279073204E-1,
1.645658952592E1));
#5337=CARTESIAN_POINT('',(1.357244990186E0,-1.326361602703E0,1.636450619259E1));
#5338=CARTESIAN_POINT('',(3.044160104270E-1,-1.873146997259E0,
1.627242285926E1));
#5339=CARTESIAN_POINT('',(-8.673800508085E-1,-1.687898307174E0,
1.618033952592E1));
#5340=CARTESIAN_POINT('',(-1.700200149249E0,-8.430114422776E-1,
1.608825619259E1));
#5341=CARTESIAN_POINT('',(-1.868574476296E0,3.313280319144E-1,
1.599617285926E1));
#5342=CARTESIAN_POINT('',(-1.306701601571E0,1.376183041513E0,1.590408952592E1));
#5343=CARTESIAN_POINT('',(-2.341639383437E-1,1.883219607184E0,
1.581200619259E1));
#5344=CARTESIAN_POINT('',(9.298860317200E-1,1.654285588103E0,1.571992285926E1));
#5345=CARTESIAN_POINT('',(1.730532411477E0,7.788494153621E-1,1.562783952592E1));
#5346=CARTESIAN_POINT('',(1.854879040452E0,-4.009645673497E-1,
1.553575619259E1));
#5347=CARTESIAN_POINT('',(1.254330703894E0,-1.424079816672E0,1.544367285926E1));
#5348=CARTESIAN_POINT('',(1.635843584315E-1,-1.890658350065E0,
1.535158952592E1));
#5349=CARTESIAN_POINT('',(-9.910914806683E-1,-1.618359204827E0,
1.525950619259E1));
#5350=CARTESIAN_POINT('',(-1.758444368319E0,-7.135980961464E-1,
1.516742285926E1));
#5351=CARTESIAN_POINT('',(-1.838589388126E0,4.700403174902E-1,
1.507533952592E1));
#5352=CARTESIAN_POINT('',(-1.200205512317E0,1.469984886834E0,1.498325619259E1));
#5353=CARTESIAN_POINT('',(-9.277598738030E-2,1.895452838787E0,
1.489117285926E1));
#5354=CARTESIAN_POINT('',(1.050910785086E0,1.580169390456E0,1.479908952592E1));
#5355=CARTESIAN_POINT('',(1.783897031995E0,6.473487806051E-1,1.470700619259E1));
#5356=CARTESIAN_POINT('',(1.819728114618E0,-5.384588048845E-1,
1.461492285926E1));
#5357=CARTESIAN_POINT('',(1.144402425204E0,-1.513833560788E0,1.452283952592E1));
#5358=CARTESIAN_POINT('',(2.183524679783E-2,-1.897598191877E0,
1.443075619259E1));
#5359=CARTESIAN_POINT('',(-1.109250540447E0,-1.539762749509E0,
1.433867285926E1));
#5360=CARTESIAN_POINT('',(-1.806891161627E0,-5.802195299012E-1,
1.424658952592E1));
#5361=CARTESIAN_POINT('',(-1.798185913046E0,6.062191547216E-1,
1.415450619259E1));
#5362=CARTESIAN_POINT('',(-1.324399221387E0,1.238880157694E0,1.409311730370E1));
#5363=CARTESIAN_POINT('',(-1.016196817620E0,1.454245632957E0,1.406242285926E1));
#5364=CARTESIAN_POINT('',(-1.743739181429E0,-1.033683587740E0,
1.686302984197E1));
#5365=CARTESIAN_POINT('',(-1.962810677506E0,-6.641279947377E-1,
1.683233539753E1));
#5366=CARTESIAN_POINT('',(-2.157250850274E0,2.178015771395E-1,
1.677094650864E1));
#5367=CARTESIAN_POINT('',(-1.606391130376E0,1.456494499903E0,1.667886317531E1));
#5368=CARTESIAN_POINT('',(-4.276010649078E-1,2.125737359049E0,
1.658677984197E1));
#5369=CARTESIAN_POINT('',(9.182583931404E-1,1.964298412741E0,1.649469650864E1));
#5370=CARTESIAN_POINT('',(1.905268844298E0,1.035185294956E0,1.640261317531E1));
#5371=CARTESIAN_POINT('',(2.147688970579E0,-2.984781090261E-1,
1.631052984197E1));
#5372=CARTESIAN_POINT('',(1.550783460739E0,-1.515496208351E0,1.621844650864E1));
#5373=CARTESIAN_POINT('',(3.478246871919E-1,-2.140251320791E0,
1.612636317531E1));
#5374=CARTESIAN_POINT('',(-9.910654647430E-1,-1.928586804226E0,
1.603427984197E1));
#5375=CARTESIAN_POINT('',(-1.942642846698E0,-9.632219763940E-1,
1.594219650864E1));
#5376=CARTESIAN_POINT('',(-2.135026774055E0,3.785742704430E-1,
1.585011317531E1));
#5377=CARTESIAN_POINT('',(-1.493032758632E0,1.572422013093E0,1.575802984197E1));
#5378=CARTESIAN_POINT('',(-2.675549110961E-1,2.151760250270E0,
1.566594650864E1));
#5379=CARTESIAN_POINT('',(1.062484583690E0,1.890181026947E0,1.557386317531E1));
#5380=CARTESIAN_POINT('',(1.977300385263E0,8.899106649744E-1,1.548177984197E1));
#5381=CARTESIAN_POINT('',(2.119378416133E0,-4.581407364805E-1,
1.538969650864E1));
#5382=CARTESIAN_POINT('',(1.433193950952E0,-1.627148703761E0,1.529761317531E1));
#5383=CARTESIAN_POINT('',(1.869109256807E-1,-2.160259732317E0,
1.520552984197E1));
#5384=CARTESIAN_POINT('',(-1.132417719287E0,-1.849131664901E0,
1.511344650864E1));
#5385=CARTESIAN_POINT('',(-2.009192491213E0,-8.153547319168E-1,
1.502136317531E1));
#5386=CARTESIAN_POINT('',(-2.100765915375E0,5.370664511676E-1,
1.492927984197E1));
#5387=CARTESIAN_POINT('',(-1.371350693093E0,1.679599679146E0,1.483719650864E1));
#5388=CARTESIAN_POINT('',(-1.060055242962E-1,2.165737898652E0,
1.474511317531E1));
#5389=CARTESIAN_POINT('',(1.200767050907E0,1.805496114264E0,1.465302984197E1));
#5390=CARTESIAN_POINT('',(2.038274617245E0,7.396584916878E-1,1.456094650864E1));
#5391=CARTESIAN_POINT('',(2.079215089094E0,-6.152411797001E-1,
1.446886317531E1));
#5392=CARTESIAN_POINT('',(1.307590277561E0,-1.729701023291E0,1.437677984197E1));
#5393=CARTESIAN_POINT('',(2.494887794029E-2,-2.168189171719E0,
1.428469650864E1));
#5394=CARTESIAN_POINT('',(-1.267425854860E0,-1.759327625201E0,
1.419261317531E1));
#5395=CARTESIAN_POINT('',(-2.064547630728E0,-6.629568405666E-1,
1.410052984197E1));
#5396=CARTESIAN_POINT('',(-2.054601043621E0,6.926639225219E-1,
1.400844650864E1));
#5397=CARTESIAN_POINT('',(-1.513253998204E0,1.415540209971E0,1.394705761975E1));
#5398=CARTESIAN_POINT('',(-1.161102990997E0,1.661616061764E0,1.391636317531E1));
#5399=CARTESIAN_POINT('',(-1.961358612356E0,-1.162687762515E0,
1.671697015803E1));
#5400=CARTESIAN_POINT('',(-2.207770329273E0,-7.470114659682E-1,
1.668627571358E1));
#5401=CARTESIAN_POINT('',(-2.426476722700E0,2.449833115278E-1,
1.662488682469E1));
#5402=CARTESIAN_POINT('',(-1.806869463008E0,1.638265665909E0,1.653280349136E1));
#5403=CARTESIAN_POINT('',(-4.809658693465E-1,2.391030333654E0,
1.644072015803E1));
#5404=CARTESIAN_POINT('',(1.032857451926E0,2.209443734533E0,1.634863682469E1));
#5405=CARTESIAN_POINT('',(2.143047249506E0,1.164376883464E0,1.625655349136E1));
#5406=CARTESIAN_POINT('',(2.415721516136E0,-3.357283107318E-1,
1.616447015803E1));
#5407=CARTESIAN_POINT('',(1.744321931292E0,-1.704630814E0,1.607238682469E1));
#5408=CARTESIAN_POINT('',(3.912333639569E-1,-2.407355644322E0,
1.598030349136E1));
#5409=CARTESIAN_POINT('',(-1.114750878677E0,-2.169275301278E0,
1.588822015803E1));
#5410=CARTESIAN_POINT('',(-2.185085544147E0,-1.083432510510E0,
1.579613682469E1));
#5411=CARTESIAN_POINT('',(-2.401479071813E0,4.258205089716E-1,
1.570405349136E1));
#5412=CARTESIAN_POINT('',(-1.679363915693E0,1.768660984672E0,1.561197015803E1));
#5413=CARTESIAN_POINT('',(-3.009458838485E-1,2.420300893356E0,
1.551988682469E1));
#5414=CARTESIAN_POINT('',(1.195083135661E0,2.126076465792E0,1.542780349136E1));
#5415=CARTESIAN_POINT('',(2.224068359049E0,1.000971914587E0,1.533572015803E1));
#5416=CARTESIAN_POINT('',(2.383877791814E0,-5.153169056113E-1,
1.524363682469E1));
#5417=CARTESIAN_POINT('',(1.612057198011E0,-1.830217590850E0,1.515155349136E1));
#5418=CARTESIAN_POINT('',(2.102374929299E-1,-2.429861114570E0,
1.505947015803E1));
#5419=CARTESIAN_POINT('',(-1.273743957905E0,-2.079904124974E0,
1.496738682469E1));
#5420=CARTESIAN_POINT('',(-2.259940614108E0,-9.171113676873E-1,
1.487530349136E1));
#5421=CARTESIAN_POINT('',(-2.362942442624E0,6.040925848451E-1,
1.478322015803E1));
#5422=CARTESIAN_POINT('',(-1.542495873869E0,1.889214471458E0,1.469113682469E1));
#5423=CARTESIAN_POINT('',(-1.192350612122E-1,2.436022958517E0,
1.459905349136E1));
#5424=CARTESIAN_POINT('',(1.350623316727E0,2.030822838072E0,1.450697015803E1));
#5425=CARTESIAN_POINT('',(2.292652202494E0,8.319682027706E-1,1.441488682469E1));
#5426=CARTESIAN_POINT('',(2.338702063569E0,-6.920235545158E-1,
1.432280349136E1));
#5427=CARTESIAN_POINT('',(1.470778129918E0,-1.945568485794E0,1.423072015803E1));
#5428=CARTESIAN_POINT('',(2.806250908276E-2,-2.438780151561E0,
1.413863682469E1));
#5429=CARTESIAN_POINT('',(-1.425601169273E0,-1.978892500894E0,
1.404655349136E1));
#5430=CARTESIAN_POINT('',(-2.322204099830E0,-7.456941512319E-1,
1.395447015803E1));
#5431=CARTESIAN_POINT('',(-2.311016174196E0,7.791086903222E-1,
1.386238682469E1));
#5432=CARTESIAN_POINT('',(-1.702108775022E0,1.592200262247E0,1.380099793580E1));
#5433=CARTESIAN_POINT('',(-1.306009164374E0,1.868986490570E0,1.377030349136E1));
#5434=CARTESIAN_POINT('',(-2.178978043282E0,-1.291691937289E0,
1.657091047408E1));
#5435=CARTESIAN_POINT('',(-2.452729981041E0,-8.298949371987E-1,
1.654021602963E1));
#5436=CARTESIAN_POINT('',(-2.695702595126E0,2.721650459161E-1,
1.647882714074E1));
#5437=CARTESIAN_POINT('',(-2.007347795641E0,1.820036831914E0,1.638674380741E1));
#5438=CARTESIAN_POINT('',(-5.343306737852E-1,2.656323308258E0,
1.629466047408E1));
#5439=CARTESIAN_POINT('',(1.147456510711E0,2.454589056324E0,1.620257714074E1));
#5440=CARTESIAN_POINT('',(2.380825654714E0,1.293568471972E0,1.611049380741E1));
#5441=CARTESIAN_POINT('',(2.683754061692E0,-3.729785124375E-1,
1.601841047408E1));
#5442=CARTESIAN_POINT('',(1.937860401845E0,-1.893765419648E0,1.592632714074E1));
#5443=CARTESIAN_POINT('',(4.346420407219E-1,-2.674459967854E0,
1.583424380741E1));
#5444=CARTESIAN_POINT('',(-1.238436292612E0,-2.409963798330E0,
1.574216047408E1));
#5445=CARTESIAN_POINT('',(-2.427528241595E0,-1.203643044627E0,
1.565007714074E1));
#5446=CARTESIAN_POINT('',(-2.667931369572E0,4.730667475001E-1,
1.555799380741E1));
#5447=CARTESIAN_POINT('',(-1.865695072755E0,1.964899956251E0,1.546591047408E1));
#5448=CARTESIAN_POINT('',(-3.343368566010E-1,2.688841536442E0,
1.537382714074E1));
#5449=CARTESIAN_POINT('',(1.327681687631E0,2.361971904636E0,1.528174380741E1));
#5450=CARTESIAN_POINT('',(2.470836332836E0,1.112033164199E0,1.518966047408E1));
#5451=CARTESIAN_POINT('',(2.648377167494E0,-5.724930747421E-1,
1.509757714074E1));
#5452=CARTESIAN_POINT('',(1.790920445070E0,-2.033286477939E0,1.500549380741E1));
#5453=CARTESIAN_POINT('',(2.335640601791E-1,-2.699462496823E0,
1.491341047408E1));
#5454=CARTESIAN_POINT('',(-1.415070196523E0,-2.310676585048E0,
1.482132714074E1));
#5455=CARTESIAN_POINT('',(-2.510688737002E0,-1.018868003458E0,
1.472924380741E1));
#5456=CARTESIAN_POINT('',(-2.625118969873E0,6.711187185225E-1,
1.463716047408E1));
#5457=CARTESIAN_POINT('',(-1.713641054646E0,2.098829263769E0,1.454507714074E1));
#5458=CARTESIAN_POINT('',(-1.324645981281E-1,2.706308018382E0,
1.445299380741E1));
#5459=CARTESIAN_POINT('',(1.500479582548E0,2.256149561880E0,1.436091047408E1));
#5460=CARTESIAN_POINT('',(2.547029787744E0,9.242779138533E-1,1.426882714074E1));
#5461=CARTESIAN_POINT('',(2.598189038045E0,-7.688059293314E-1,
1.417674380741E1));
#5462=CARTESIAN_POINT('',(1.633965982275E0,-2.161435948297E0,1.408466047408E1));
#5463=CARTESIAN_POINT('',(3.117614022522E-2,-2.709371131403E0,
1.399257714074E1));
#5464=CARTESIAN_POINT('',(-1.583776483686E0,-2.198457376586E0,
1.390049380741E1));
#5465=CARTESIAN_POINT('',(-2.579860568931E0,-8.284314618973E-1,
1.380841047408E1));
#5466=CARTESIAN_POINT('',(-2.567431304771E0,8.655534581224E-1,
1.371632714074E1));
#5467=CARTESIAN_POINT('',(-1.890963551840E0,1.768860314524E0,1.365493825185E1));
#5468=CARTESIAN_POINT('',(-1.450915337751E0,2.076356919377E0,1.362424380741E1));
#5469=B_SPLINE_SURFACE_WITH_KNOTS('',3,3,((#5329,#5330,#5331,#5332,#5333,#5334,
#5335,#5336,#5337,#5338,#5339,#5340,#5341,#5342,#5343,#5344,#5345,#5346,#5347,
#5348,#5349,#5350,#5351,#5352,#5353,#5354,#5355,#5356,#5357,#5358,#5359,#5360,
#5361,#5362,#5363),(#5364,#5365,#5366,#5367,#5368,#5369,#5370,#5371,#5372,#5373,
#5374,#5375,#5376,#5377,#5378,#5379,#5380,#5381,#5382,#5383,#5384,#5385,#5386,
#5387,#5388,#5389,#5390,#5391,#5392,#5393,#5394,#5395,#5396,#5397,#5398),(#5399,
#5400,#5401,#5402,#5403,#5404,#5405,#5406,#5407,#5408,#5409,#5410,#5411,#5412,
#5413,#5414,#5415,#5416,#5417,#5418,#5419,#5420,#5421,#5422,#5423,#5424,#5425,
#5426,#5427,#5428,#5429,#5430,#5431,#5432,#5433),(#5434,#5435,#5436,#5437,#5438,
#5439,#5440,#5441,#5442,#5443,#5444,#5445,#5446,#5447,#5448,#5449,#5450,#5451,
#5452,#5453,#5454,#5455,#5456,#5457,#5458,#5459,#5460,#5461,#5462,#5463,#5464,
#5465,#5466,#5467,#5468)),.UNSPECIFIED.,.F.,.F.,.F.,(4,4),(4,1,1,1,1,1,1,1,1,1,
1,1,1,1,1,1,1,1,1,1,1,1,1,1,1,1,1,1,1,1,1,1,4),(-4.772381481051E-2,
1.047723814811E0),(-2.E-2,1.25E-2,4.5E-2,7.75E-2,1.1E-1,1.425E-1,1.75E-1,
2.075E-1,2.4E-1,2.725E-1,3.05E-1,3.375E-1,3.7E-1,4.025E-1,4.35E-1,4.675E-1,
5.E-1,5.325E-1,5.65E-1,5.975E-1,6.3E-1,6.625E-1,6.95E-1,7.275E-1,7.6E-1,
7.925E-1,8.25E-1,8.575E-1,8.9E-1,9.225E-1,9.55E-1,9.875E-1,1.02E0),
.UNSPECIFIED.);
#5470=ORIENTED_EDGE('',*,*,#4908,.F.);
#5471=ORIENTED_EDGE('',*,*,#5059,.T.);
#5472=ORIENTED_EDGE('',*,*,#5203,.F.);
#5473=ORIENTED_EDGE('',*,*,#4718,.T.);
#5474=ORIENTED_EDGE('',*,*,#4893,.F.);
#5475=ORIENTED_EDGE('',*,*,#5044,.T.);
#5476=ORIENTED_EDGE('',*,*,#5183,.F.);
#5477=ORIENTED_EDGE('',*,*,#4703,.T.);
#5478=ORIENTED_EDGE('',*,*,#4878,.F.);
#5479=ORIENTED_EDGE('',*,*,#5029,.T.);
#5480=ORIENTED_EDGE('',*,*,#5190,.F.);
#5482=ORIENTED_EDGE('',*,*,#5481,.F.);
#5484=ORIENTED_EDGE('',*,*,#5483,.T.);
#5486=ORIENTED_EDGE('',*,*,#5485,.T.);
#5487=ORIENTED_EDGE('',*,*,#5217,.F.);
#5488=ORIENTED_EDGE('',*,*,#4734,.T.);
#5489=EDGE_LOOP('',(#5470,#5471,#5472,#5473,#5474,#5475,#5476,#5477,#5478,#5479,
#5480,#5482,#5484,#5486,#5487,#5488));
#5490=FACE_OUTER_BOUND('',#5489,.F.);
#5491=ADVANCED_FACE('',(#5490),#5469,.F.);
#5492=CARTESIAN_POINT('',(-2.105252212307E0,1.348300086248E0,1.45E1));
#5493=DIRECTION('',(5.393200344992E-1,8.421008849228E-1,0.E0));
#5494=DIRECTION('',(8.421008849228E-1,-5.393200344992E-1,0.E0));
#5495=AXIS2_PLACEMENT_3D('',#5492,#5493,#5494);
#5496=PLANE('',#5495);
#5497=ORIENTED_EDGE('',*,*,#5188,.F.);
#5499=ORIENTED_EDGE('',*,*,#5498,.T.);
#5500=ORIENTED_EDGE('',*,*,#5481,.T.);
#5501=EDGE_LOOP('',(#5497,#5499,#5500));
#5502=FACE_OUTER_BOUND('',#5501,.F.);
#5503=ADVANCED_FACE('',(#5502),#5496,.F.);
#5504=CARTESIAN_POINT('',(-2.178978043282E0,-1.291691937289E0,
1.740908952592E1));
#5505=CARTESIAN_POINT('',(-2.452729981041E0,-8.298949371987E-1,
1.737839508148E1));
#5506=CARTESIAN_POINT('',(-2.695702595126E0,2.721650459161E-1,
1.731700619259E1));
#5507=CARTESIAN_POINT('',(-2.007347795641E0,1.820036831914E0,1.722492285926E1));
#5508=CARTESIAN_POINT('',(-5.343306737852E-1,2.656323308258E0,
1.713283952592E1));
#5509=CARTESIAN_POINT('',(1.147456510711E0,2.454589056324E0,1.704075619259E1));
#5510=CARTESIAN_POINT('',(2.380825654714E0,1.293568471972E0,1.694867285926E1));
#5511=CARTESIAN_POINT('',(2.683754061692E0,-3.729785124375E-1,
1.685658952592E1));
#5512=CARTESIAN_POINT('',(1.937860401845E0,-1.893765419648E0,1.676450619259E1));
#5513=CARTESIAN_POINT('',(4.346420407219E-1,-2.674459967854E0,
1.667242285926E1));
#5514=CARTESIAN_POINT('',(-1.238436292612E0,-2.409963798330E0,
1.658033952592E1));
#5515=CARTESIAN_POINT('',(-2.427528241595E0,-1.203643044627E0,
1.648825619259E1));
#5516=CARTESIAN_POINT('',(-2.667931369572E0,4.730667475001E-1,
1.639617285926E1));
#5517=CARTESIAN_POINT('',(-1.865695072755E0,1.964899956251E0,1.630408952592E1));
#5518=CARTESIAN_POINT('',(-3.343368566010E-1,2.688841536442E0,
1.621200619259E1));
#5519=CARTESIAN_POINT('',(1.327681687631E0,2.361971904636E0,1.611992285926E1));
#5520=CARTESIAN_POINT('',(2.470836332836E0,1.112033164199E0,1.602783952592E1));
#5521=CARTESIAN_POINT('',(2.648377167494E0,-5.724930747421E-1,
1.593575619259E1));
#5522=CARTESIAN_POINT('',(1.790920445070E0,-2.033286477939E0,1.584367285926E1));
#5523=CARTESIAN_POINT('',(2.335640601791E-1,-2.699462496823E0,
1.575158952592E1));
#5524=CARTESIAN_POINT('',(-1.415070196523E0,-2.310676585048E0,
1.565950619259E1));
#5525=CARTESIAN_POINT('',(-2.510688737002E0,-1.018868003458E0,
1.556742285926E1));
#5526=CARTESIAN_POINT('',(-2.625118969873E0,6.711187185225E-1,
1.547533952592E1));
#5527=CARTESIAN_POINT('',(-1.713641054646E0,2.098829263769E0,1.538325619259E1));
#5528=CARTESIAN_POINT('',(-1.324645981281E-1,2.706308018382E0,
1.529117285926E1));
#5529=CARTESIAN_POINT('',(1.500479582548E0,2.256149561880E0,1.519908952592E1));
#5530=CARTESIAN_POINT('',(2.547029787744E0,9.242779138533E-1,1.510700619259E1));
#5531=CARTESIAN_POINT('',(2.598189038045E0,-7.688059293314E-1,
1.501492285926E1));
#5532=CARTESIAN_POINT('',(1.633965982275E0,-2.161435948297E0,1.492283952592E1));
#5533=CARTESIAN_POINT('',(3.117614022522E-2,-2.709371131403E0,
1.483075619259E1));
#5534=CARTESIAN_POINT('',(-1.583776483686E0,-2.198457376586E0,
1.473867285926E1));
#5535=CARTESIAN_POINT('',(-2.579860568931E0,-8.284314618973E-1,
1.464658952592E1));
#5536=CARTESIAN_POINT('',(-2.567431304771E0,8.655534581224E-1,
1.455450619259E1));
#5537=CARTESIAN_POINT('',(-1.890963551840E0,1.768860314524E0,1.449311730370E1));
#5538=CARTESIAN_POINT('',(-1.450915337751E0,2.076356919377E0,1.446242285926E1));
#5539=CARTESIAN_POINT('',(-1.961358612356E0,-1.162687762515E0,
1.726302984197E1));
#5540=CARTESIAN_POINT('',(-2.207770329273E0,-7.470114659682E-1,
1.723233539753E1));
#5541=CARTESIAN_POINT('',(-2.426476722700E0,2.449833115278E-1,
1.717094650864E1));
#5542=CARTESIAN_POINT('',(-1.806869463008E0,1.638265665909E0,1.707886317531E1));
#5543=CARTESIAN_POINT('',(-4.809658693465E-1,2.391030333654E0,
1.698677984197E1));
#5544=CARTESIAN_POINT('',(1.032857451926E0,2.209443734533E0,1.689469650864E1));
#5545=CARTESIAN_POINT('',(2.143047249506E0,1.164376883464E0,1.680261317531E1));
#5546=CARTESIAN_POINT('',(2.415721516136E0,-3.357283107318E-1,
1.671052984197E1));
#5547=CARTESIAN_POINT('',(1.744321931292E0,-1.704630814E0,1.661844650864E1));
#5548=CARTESIAN_POINT('',(3.912333639569E-1,-2.407355644322E0,
1.652636317531E1));
#5549=CARTESIAN_POINT('',(-1.114750878677E0,-2.169275301278E0,
1.643427984197E1));
#5550=CARTESIAN_POINT('',(-2.185085544147E0,-1.083432510510E0,
1.634219650864E1));
#5551=CARTESIAN_POINT('',(-2.401479071813E0,4.258205089716E-1,
1.625011317531E1));
#5552=CARTESIAN_POINT('',(-1.679363915693E0,1.768660984672E0,1.615802984197E1));
#5553=CARTESIAN_POINT('',(-3.009458838485E-1,2.420300893356E0,
1.606594650864E1));
#5554=CARTESIAN_POINT('',(1.195083135661E0,2.126076465792E0,1.597386317531E1));
#5555=CARTESIAN_POINT('',(2.224068359049E0,1.000971914587E0,1.588177984197E1));
#5556=CARTESIAN_POINT('',(2.383877791814E0,-5.153169056113E-1,
1.578969650864E1));
#5557=CARTESIAN_POINT('',(1.612057198011E0,-1.830217590850E0,1.569761317531E1));
#5558=CARTESIAN_POINT('',(2.102374929299E-1,-2.429861114570E0,
1.560552984197E1));
#5559=CARTESIAN_POINT('',(-1.273743957905E0,-2.079904124974E0,
1.551344650864E1));
#5560=CARTESIAN_POINT('',(-2.259940614108E0,-9.171113676873E-1,
1.542136317531E1));
#5561=CARTESIAN_POINT('',(-2.362942442624E0,6.040925848451E-1,
1.532927984197E1));
#5562=CARTESIAN_POINT('',(-1.542495873869E0,1.889214471458E0,1.523719650864E1));
#5563=CARTESIAN_POINT('',(-1.192350612122E-1,2.436022958517E0,
1.514511317531E1));
#5564=CARTESIAN_POINT('',(1.350623316727E0,2.030822838072E0,1.505302984197E1));
#5565=CARTESIAN_POINT('',(2.292652202494E0,8.319682027706E-1,1.496094650864E1));
#5566=CARTESIAN_POINT('',(2.338702063569E0,-6.920235545158E-1,
1.486886317531E1));
#5567=CARTESIAN_POINT('',(1.470778129918E0,-1.945568485794E0,1.477677984197E1));
#5568=CARTESIAN_POINT('',(2.806250908276E-2,-2.438780151561E0,
1.468469650864E1));
#5569=CARTESIAN_POINT('',(-1.425601169273E0,-1.978892500894E0,
1.459261317531E1));
#5570=CARTESIAN_POINT('',(-2.322204099830E0,-7.456941512319E-1,
1.450052984197E1));
#5571=CARTESIAN_POINT('',(-2.311016174196E0,7.791086903222E-1,
1.440844650864E1));
#5572=CARTESIAN_POINT('',(-1.702108775022E0,1.592200262247E0,1.434705761975E1));
#5573=CARTESIAN_POINT('',(-1.306009164374E0,1.868986490570E0,1.431636317531E1));
#5574=CARTESIAN_POINT('',(-1.743739181429E0,-1.033683587740E0,
1.711697015803E1));
#5575=CARTESIAN_POINT('',(-1.962810677506E0,-6.641279947377E-1,
1.708627571358E1));
#5576=CARTESIAN_POINT('',(-2.157250850274E0,2.178015771395E-1,
1.702488682469E1));
#5577=CARTESIAN_POINT('',(-1.606391130376E0,1.456494499903E0,1.693280349136E1));
#5578=CARTESIAN_POINT('',(-4.276010649078E-1,2.125737359049E0,
1.684072015803E1));
#5579=CARTESIAN_POINT('',(9.182583931404E-1,1.964298412741E0,1.674863682469E1));
#5580=CARTESIAN_POINT('',(1.905268844298E0,1.035185294956E0,1.665655349136E1));
#5581=CARTESIAN_POINT('',(2.147688970579E0,-2.984781090261E-1,
1.656447015803E1));
#5582=CARTESIAN_POINT('',(1.550783460739E0,-1.515496208351E0,1.647238682469E1));
#5583=CARTESIAN_POINT('',(3.478246871919E-1,-2.140251320791E0,
1.638030349136E1));
#5584=CARTESIAN_POINT('',(-9.910654647430E-1,-1.928586804226E0,
1.628822015803E1));
#5585=CARTESIAN_POINT('',(-1.942642846698E0,-9.632219763940E-1,
1.619613682469E1));
#5586=CARTESIAN_POINT('',(-2.135026774055E0,3.785742704430E-1,
1.610405349136E1));
#5587=CARTESIAN_POINT('',(-1.493032758632E0,1.572422013093E0,1.601197015803E1));
#5588=CARTESIAN_POINT('',(-2.675549110961E-1,2.151760250270E0,
1.591988682469E1));
#5589=CARTESIAN_POINT('',(1.062484583690E0,1.890181026947E0,1.582780349136E1));
#5590=CARTESIAN_POINT('',(1.977300385263E0,8.899106649744E-1,1.573572015803E1));
#5591=CARTESIAN_POINT('',(2.119378416133E0,-4.581407364805E-1,
1.564363682469E1));
#5592=CARTESIAN_POINT('',(1.433193950952E0,-1.627148703761E0,1.555155349136E1));
#5593=CARTESIAN_POINT('',(1.869109256807E-1,-2.160259732317E0,
1.545947015803E1));
#5594=CARTESIAN_POINT('',(-1.132417719287E0,-1.849131664901E0,
1.536738682469E1));
#5595=CARTESIAN_POINT('',(-2.009192491213E0,-8.153547319168E-1,
1.527530349136E1));
#5596=CARTESIAN_POINT('',(-2.100765915375E0,5.370664511676E-1,
1.518322015803E1));
#5597=CARTESIAN_POINT('',(-1.371350693093E0,1.679599679146E0,1.509113682469E1));
#5598=CARTESIAN_POINT('',(-1.060055242962E-1,2.165737898652E0,
1.499905349136E1));
#5599=CARTESIAN_POINT('',(1.200767050907E0,1.805496114264E0,1.490697015803E1));
#5600=CARTESIAN_POINT('',(2.038274617245E0,7.396584916878E-1,1.481488682469E1));
#5601=CARTESIAN_POINT('',(2.079215089094E0,-6.152411797001E-1,
1.472280349136E1));
#5602=CARTESIAN_POINT('',(1.307590277561E0,-1.729701023291E0,1.463072015803E1));
#5603=CARTESIAN_POINT('',(2.494887794029E-2,-2.168189171719E0,
1.453863682469E1));
#5604=CARTESIAN_POINT('',(-1.267425854860E0,-1.759327625201E0,
1.444655349136E1));
#5605=CARTESIAN_POINT('',(-2.064547630728E0,-6.629568405666E-1,
1.435447015803E1));
#5606=CARTESIAN_POINT('',(-2.054601043621E0,6.926639225219E-1,
1.426238682469E1));
#5607=CARTESIAN_POINT('',(-1.513253998204E0,1.415540209971E0,1.420099793580E1));
#5608=CARTESIAN_POINT('',(-1.161102990997E0,1.661616061764E0,1.417030349136E1));
#5609=CARTESIAN_POINT('',(-1.526119750502E0,-9.046794129654E-1,
1.697091047408E1));
#5610=CARTESIAN_POINT('',(-1.717851025738E0,-5.812445235072E-1,
1.694021602963E1));
#5611=CARTESIAN_POINT('',(-1.888024977848E0,1.906198427511E-1,
1.687882714074E1));
#5612=CARTESIAN_POINT('',(-1.405912797744E0,1.274723333898E0,1.678674380741E1));
#5613=CARTESIAN_POINT('',(-3.742362604692E-1,1.860444384444E0,
1.669466047408E1));
#5614=CARTESIAN_POINT('',(8.036593343549E-1,1.719153090950E0,1.660257714074E1));
#5615=CARTESIAN_POINT('',(1.667490439090E0,9.059937064484E-1,1.651049380741E1));
#5616=CARTESIAN_POINT('',(1.879656425022E0,-2.612279073204E-1,
1.641841047408E1));
#5617=CARTESIAN_POINT('',(1.357244990186E0,-1.326361602703E0,1.632632714074E1));
#5618=CARTESIAN_POINT('',(3.044160104270E-1,-1.873146997259E0,
1.623424380741E1));
#5619=CARTESIAN_POINT('',(-8.673800508085E-1,-1.687898307174E0,
1.614216047408E1));
#5620=CARTESIAN_POINT('',(-1.700200149249E0,-8.430114422776E-1,
1.605007714074E1));
#5621=CARTESIAN_POINT('',(-1.868574476296E0,3.313280319144E-1,
1.595799380741E1));
#5622=CARTESIAN_POINT('',(-1.306701601571E0,1.376183041513E0,1.586591047408E1));
#5623=CARTESIAN_POINT('',(-2.341639383437E-1,1.883219607184E0,
1.577382714074E1));
#5624=CARTESIAN_POINT('',(9.298860317200E-1,1.654285588103E0,1.568174380741E1));
#5625=CARTESIAN_POINT('',(1.730532411477E0,7.788494153621E-1,1.558966047408E1));
#5626=CARTESIAN_POINT('',(1.854879040452E0,-4.009645673497E-1,
1.549757714074E1));
#5627=CARTESIAN_POINT('',(1.254330703894E0,-1.424079816672E0,1.540549380741E1));
#5628=CARTESIAN_POINT('',(1.635843584315E-1,-1.890658350065E0,
1.531341047408E1));
#5629=CARTESIAN_POINT('',(-9.910914806683E-1,-1.618359204827E0,
1.522132714074E1));
#5630=CARTESIAN_POINT('',(-1.758444368319E0,-7.135980961464E-1,
1.512924380741E1));
#5631=CARTESIAN_POINT('',(-1.838589388126E0,4.700403174902E-1,
1.503716047408E1));
#5632=CARTESIAN_POINT('',(-1.200205512317E0,1.469984886834E0,1.494507714074E1));
#5633=CARTESIAN_POINT('',(-9.277598738030E-2,1.895452838787E0,
1.485299380741E1));
#5634=CARTESIAN_POINT('',(1.050910785086E0,1.580169390456E0,1.476091047408E1));
#5635=CARTESIAN_POINT('',(1.783897031995E0,6.473487806050E-1,1.466882714074E1));
#5636=CARTESIAN_POINT('',(1.819728114618E0,-5.384588048845E-1,
1.457674380741E1));
#5637=CARTESIAN_POINT('',(1.144402425204E0,-1.513833560788E0,1.448466047408E1));
#5638=CARTESIAN_POINT('',(2.183524679783E-2,-1.897598191877E0,
1.439257714074E1));
#5639=CARTESIAN_POINT('',(-1.109250540447E0,-1.539762749509E0,
1.430049380741E1));
#5640=CARTESIAN_POINT('',(-1.806891161627E0,-5.802195299012E-1,
1.420841047408E1));
#5641=CARTESIAN_POINT('',(-1.798185913046E0,6.062191547216E-1,
1.411632714074E1));
#5642=CARTESIAN_POINT('',(-1.324399221387E0,1.238880157694E0,1.405493825185E1));
#5643=CARTESIAN_POINT('',(-1.016196817620E0,1.454245632957E0,1.402424380741E1));
#5644=B_SPLINE_SURFACE_WITH_KNOTS('',3,3,((#5504,#5505,#5506,#5507,#5508,#5509,
#5510,#5511,#5512,#5513,#5514,#5515,#5516,#5517,#5518,#5519,#5520,#5521,#5522,
#5523,#5524,#5525,#5526,#5527,#5528,#5529,#5530,#5531,#5532,#5533,#5534,#5535,
#5536,#5537,#5538),(#5539,#5540,#5541,#5542,#5543,#5544,#5545,#5546,#5547,#5548,
#5549,#5550,#5551,#5552,#5553,#5554,#5555,#5556,#5557,#5558,#5559,#5560,#5561,
#5562,#5563,#5564,#5565,#5566,#5567,#5568,#5569,#5570,#5571,#5572,#5573),(#5574,
#5575,#5576,#5577,#5578,#5579,#5580,#5581,#5582,#5583,#5584,#5585,#5586,#5587,
#5588,#5589,#5590,#5591,#5592,#5593,#5594,#5595,#5596,#5597,#5598,#5599,#5600,
#5601,#5602,#5603,#5604,#5605,#5606,#5607,#5608),(#5609,#5610,#5611,#5612,#5613,
#5614,#5615,#5616,#5617,#5618,#5619,#5620,#5621,#5622,#5623,#5624,#5625,#5626,
#5627,#5628,#5629,#5630,#5631,#5632,#5633,#5634,#5635,#5636,#5637,#5638,#5639,
#5640,#5641,#5642,#5643)),.UNSPECIFIED.,.F.,.F.,.F.,(4,4),(4,1,1,1,1,1,1,1,1,1,
1,1,1,1,1,1,1,1,1,1,1,1,1,1,1,1,1,1,1,1,1,1,4),(-4.772381481051E-2,
1.047723814811E0),(-2.E-2,1.25E-2,4.5E-2,7.75E-2,1.1E-1,1.425E-1,1.75E-1,
2.075E-1,2.4E-1,2.725E-1,3.05E-1,3.375E-1,3.7E-1,4.025E-1,4.35E-1,4.675E-1,
5.E-1,5.325E-1,5.65E-1,5.975E-1,6.3E-1,6.625E-1,6.95E-1,7.275E-1,7.6E-1,
7.925E-1,8.25E-1,8.575E-1,8.9E-1,9.225E-1,9.55E-1,9.875E-1,1.02E0),
.UNSPECIFIED.);
#5645=ORIENTED_EDGE('',*,*,#4919,.F.);
#5646=ORIENTED_EDGE('',*,*,#4754,.T.);
#5647=ORIENTED_EDGE('',*,*,#5238,.F.);
#5649=ORIENTED_EDGE('',*,*,#5648,.T.);
#5650=ORIENTED_EDGE('',*,*,#5483,.F.);
#5651=ORIENTED_EDGE('',*,*,#5498,.F.);
#5652=ORIENTED_EDGE('',*,*,#5186,.F.);
#5653=ORIENTED_EDGE('',*,*,#5040,.T.);
#5654=ORIENTED_EDGE('',*,*,#4889,.F.);
#5655=ORIENTED_EDGE('',*,*,#4722,.T.);
#5656=ORIENTED_EDGE('',*,*,#5206,.F.);
#5657=ORIENTED_EDGE('',*,*,#5055,.T.);
#5658=ORIENTED_EDGE('',*,*,#4904,.F.);
#5659=ORIENTED_EDGE('',*,*,#4738,.T.);
#5660=ORIENTED_EDGE('',*,*,#5222,.F.);
#5661=ORIENTED_EDGE('',*,*,#5070,.T.);
#5662=EDGE_LOOP('',(#5645,#5646,#5647,#5649,#5650,#5651,#5652,#5653,#5654,#5655,
#5656,#5657,#5658,#5659,#5660,#5661));
#5663=FACE_OUTER_BOUND('',#5662,.F.);
#5664=ADVANCED_FACE('',(#5663),#5644,.F.);
#5665=CARTESIAN_POINT('',(-8.021403041686E-1,-2.402703541096E0,
2.024242285926E1));
#5666=CARTESIAN_POINT('',(-1.311352083886E0,-2.232703670166E0,
2.021172841481E1));
#5667=CARTESIAN_POINT('',(-2.216321787378E0,-1.558462071524E0,
2.015033952592E1));
#5668=CARTESIAN_POINT('',(-2.708890641028E0,6.237577362783E-2,
2.005825619259E1));
#5669=CARTESIAN_POINT('',(-2.142474665475E0,1.658723935663E0,1.996617285926E1));
#5670=CARTESIAN_POINT('',(-7.388607344474E-1,2.606865684014E0,
1.987408952592E1));
#5671=CARTESIAN_POINT('',(9.535275440606E-1,2.536224637634E0,1.978200619259E1));
#5672=CARTESIAN_POINT('',(2.273266515335E0,1.474417913838E0,1.968992285926E1));
#5673=CARTESIAN_POINT('',(2.704604582109E0,-1.635984600416E-1,
1.959783952592E1));
#5674=CARTESIAN_POINT('',(2.078970701170E0,-1.737679673269E0,1.950575619259E1));
#5675=CARTESIAN_POINT('',(6.408659638309E-1,-2.632667995878E0,
1.941367285926E1));
#5676=CARTESIAN_POINT('',(-1.047692071469E0,-2.498797964222E0,
1.932158952592E1));
#5677=CARTESIAN_POINT('',(-2.326807384007E0,-1.388386595321E0,
1.922950619259E1));
#5678=CARTESIAN_POINT('',(-2.696596041173E0,2.646124209209E-1,
1.913742285926E1));
#5679=CARTESIAN_POINT('',(-2.012542990659E0,1.814199727848E0,1.904533952592E1));
#5680=CARTESIAN_POINT('',(-5.419792029376E-1,2.654789725297E0,
1.895325619259E1));
#5681=CARTESIAN_POINT('',(1.140392463979E0,2.457876109579E0,1.886117285926E1));
#5682=CARTESIAN_POINT('',(2.377093692085E0,1.300413596124E0,1.876908952592E1));
#5683=CARTESIAN_POINT('',(2.684816149923E0,-3.652563251374E-1,
1.867700619259E1));
#5684=CARTESIAN_POINT('',(1.943300534531E0,-1.888182452639E0,1.858492285926E1));
#5685=CARTESIAN_POINT('',(4.423344410947E-1,-2.673198493191E0,
1.849283952592E1));
#5686=CARTESIAN_POINT('',(-1.231497916137E0,-2.413516692531E0,
1.840075619259E1));
#5687=CARTESIAN_POINT('',(-2.424055419150E0,-1.210621850631E0,
1.830867285926E1));
#5688=CARTESIAN_POINT('',(-2.669281301044E0,4.653893837601E-1,
1.821658952592E1));
#5689=CARTESIAN_POINT('',(-1.871340195314E0,1.959524389621E0,1.812450619259E1));
#5690=CARTESIAN_POINT('',(-3.420710402945E-1,2.687868528520E0,
1.803242285926E1));
#5691=CARTESIAN_POINT('',(1.320881028557E0,2.365781839074E0,1.794033952592E1));
#5692=CARTESIAN_POINT('',(2.467626805465E0,1.119136624072E0,1.784825619259E1));
#5693=CARTESIAN_POINT('',(2.650013519673E0,-5.648703704147E-1,
1.775617285926E1));
#5694=CARTESIAN_POINT('',(1.796761502591E0,-2.028130168950E0,1.766408952592E1));
#5695=CARTESIAN_POINT('',(2.413333835673E-1,-2.698762861928E0,
1.757200619259E1));
#5696=CARTESIAN_POINT('',(-1.408432299804E0,-2.314799710354E0,
1.747992285926E1));
#5697=CARTESIAN_POINT('',(-2.507689032379E0,-1.025856720245E0,
1.738783952592E1));
#5698=CARTESIAN_POINT('',(-2.587400187539E0,9.985107013445E-2,
1.732645063704E1));
#5699=CARTESIAN_POINT('',(-2.455929114681E0,6.203430967025E-1,
1.729575619259E1));
#5700=CARTESIAN_POINT('',(-7.220287504726E-1,-2.162740142239E0,
2.009636317531E1));
#5701=CARTESIAN_POINT('',(-1.180384406116E0,-2.009718540220E0,
2.006566873086E1));
#5702=CARTESIAN_POINT('',(-1.994972752859E0,-1.402814964307E0,
2.000427984197E1));
#5703=CARTESIAN_POINT('',(-2.438347648839E0,5.614616502651E-2,
1.991219650864E1));
#5704=CARTESIAN_POINT('',(-1.928500908872E0,1.493063450898E0,1.982011317531E1));
#5705=CARTESIAN_POINT('',(-6.650690534984E-1,2.346512153419E0,
1.972802984197E1));
#5706=CARTESIAN_POINT('',(8.582966067176E-1,2.282926186993E0,1.963594650864E1));
#5707=CARTESIAN_POINT('',(2.046230282943E0,1.327164485403E0,1.954386317531E1));
#5708=CARTESIAN_POINT('',(2.434489648250E0,-1.472595144131E-1,
1.945177984197E1));
#5709=CARTESIAN_POINT('',(1.871339228105E0,-1.564133701663E0,1.935969650864E1));
#5710=CARTESIAN_POINT('',(5.768612407088E-1,-2.369737530448E0,
1.926761317531E1));
#5711=CARTESIAN_POINT('',(-9.430567112907E-1,-2.249237399511E0,
1.917552984197E1));
#5712=CARTESIAN_POINT('',(-2.094423904814E0,-1.249725307883E0,
1.908344650864E1));
#5713=CARTESIAN_POINT('',(-2.427280938284E0,2.381849841532E-1,
1.899136317531E1));
#5714=CARTESIAN_POINT('',(-1.811545802232E0,1.633011526536E0,1.889927984197E1));
#5715=CARTESIAN_POINT('',(-4.878505227148E-1,2.389649913067E0,
1.880719650864E1));
#5716=CARTESIAN_POINT('',(1.026498907405E0,2.212402502397E0,1.871511317531E1));
#5717=CARTESIAN_POINT('',(2.139688006366E0,1.170538369694E0,1.862302984197E1));
#5718=CARTESIAN_POINT('',(2.416677531229E0,-3.287773556205E-1,
1.853094650864E1));
#5719=CARTESIAN_POINT('',(1.749218745708E0,-1.699605430444E0,1.843886317531E1));
#5720=CARTESIAN_POINT('',(3.981575070282E-1,-2.406220155967E0,
1.834677984197E1));
#5721=CARTESIAN_POINT('',(-1.108505453444E0,-2.172473359956E0,
1.825469650864E1));
#5722=CARTESIAN_POINT('',(-2.181959560279E0,-1.089714327485E0,
1.816261317531E1));
#5723=CARTESIAN_POINT('',(-2.402694182598E0,4.189099007908E-1,
1.807052984197E1));
#5724=CARTESIAN_POINT('',(-1.684445247185E0,1.763822287954E0,1.797844650864E1));
#5725=CARTESIAN_POINT('',(-3.079076372465E-1,2.419425061920E0,
1.788636317531E1));
#5726=CARTESIAN_POINT('',(1.188961673682E0,2.129505893521E0,1.779427984197E1));
#5727=CARTESIAN_POINT('',(2.221179374386E0,1.007365935969E0,1.770219650864E1));
#5728=CARTESIAN_POINT('',(2.385350717825E0,-5.084554978848E-1,
1.761011317531E1));
#5729=CARTESIAN_POINT('',(1.617314895999E0,-1.825576254021E0,1.751802984197E1));
#5730=CARTESIAN_POINT('',(2.172308765423E-1,-2.429231353783E0,
1.742594650864E1));
#5731=CARTESIAN_POINT('',(-1.267769002839E0,-2.083615464496E0,
1.733386317531E1));
#5732=CARTESIAN_POINT('',(-2.257240496723E0,-9.234021056332E-1,
1.724177984197E1));
#5733=CARTESIAN_POINT('',(-2.328990719794E0,8.987871950564E-2,
1.718039095309E1));
#5734=CARTESIAN_POINT('',(-2.210649958252E0,5.583880384126E-1,
1.714969650864E1));
#5735=CARTESIAN_POINT('',(-6.419171967767E-1,-1.922776743383E0,
1.995030349136E1));
#5736=CARTESIAN_POINT('',(-1.049416728347E0,-1.786733410275E0,
1.991960904691E1));
#5737=CARTESIAN_POINT('',(-1.773623718339E0,-1.247167857090E0,
1.985822015803E1));
#5738=CARTESIAN_POINT('',(-2.167804656650E0,4.991655642520E-2,
1.976613682469E1));
#5739=CARTESIAN_POINT('',(-1.714527152270E0,1.327402966132E0,1.967405349136E1));
#5740=CARTESIAN_POINT('',(-5.912773725495E-1,2.086158622824E0,
1.958197015803E1));
#5741=CARTESIAN_POINT('',(7.630656693746E-1,2.029627736351E0,1.948988682469E1));
#5742=CARTESIAN_POINT('',(1.819194050551E0,1.179911056968E0,1.939780349136E1));
#5743=CARTESIAN_POINT('',(2.164374714392E0,-1.309205687847E-1,
1.930572015803E1));
#5744=CARTESIAN_POINT('',(1.663707755041E0,-1.390587730057E0,1.921363682469E1));
#5745=CARTESIAN_POINT('',(5.128565175868E-1,-2.106807065018E0,
1.912155349136E1));
#5746=CARTESIAN_POINT('',(-8.384213511123E-1,-1.999676834799E0,
1.902947015803E1));
#5747=CARTESIAN_POINT('',(-1.862040425620E0,-1.111064020445E0,
1.893738682469E1));
#5748=CARTESIAN_POINT('',(-2.157965835395E0,2.117575473855E-1,
1.884530349136E1));
#5749=CARTESIAN_POINT('',(-1.610548613806E0,1.451823325223E0,1.875322015803E1));
#5750=CARTESIAN_POINT('',(-4.337218424919E-1,2.124510100837E0,
1.866113682469E1));
#5751=CARTESIAN_POINT('',(9.126053508321E-1,1.966928895215E0,1.856905349136E1));
#5752=CARTESIAN_POINT('',(1.902282320647E0,1.040663143263E0,1.847697015803E1));
#5753=CARTESIAN_POINT('',(2.148538912535E0,-2.922983861036E-1,
1.838488682469E1));
#5754=CARTESIAN_POINT('',(1.555136956886E0,-1.511028408250E0,1.829280349136E1));
#5755=CARTESIAN_POINT('',(3.539805729617E-1,-2.139241818743E0,
1.820072015803E1));
#5756=CARTESIAN_POINT('',(-9.855129907509E-1,-1.931430027381E0,
1.810863682469E1));
#5757=CARTESIAN_POINT('',(-1.939863701407E0,-9.688068043395E-1,
1.801655349136E1));
#5758=CARTESIAN_POINT('',(-2.136107064151E0,3.724304178214E-1,
1.792447015803E1));
#5759=CARTESIAN_POINT('',(-1.497550299055E0,1.568120186287E0,1.783238682469E1));
#5760=CARTESIAN_POINT('',(-2.737442341984E-1,2.150981595321E0,
1.774030349136E1));
#5761=CARTESIAN_POINT('',(1.057042318807E0,1.893229947967E0,1.764822015803E1));
#5762=CARTESIAN_POINT('',(1.974731943306E0,8.955952478652E-1,1.755613682469E1));
#5763=CARTESIAN_POINT('',(2.120687915978E0,-4.520406253550E-1,
1.746405349136E1));
#5764=CARTESIAN_POINT('',(1.437868289407E0,-1.623022339091E0,1.737197015803E1));
#5765=CARTESIAN_POINT('',(1.931283695172E-1,-2.159699845639E0,
1.727988682469E1));
#5766=CARTESIAN_POINT('',(-1.127105705874E0,-1.852431218638E0,
1.718780349136E1));
#5767=CARTESIAN_POINT('',(-2.006791961066E0,-8.209474910213E-1,
1.709572015803E1));
#5768=CARTESIAN_POINT('',(-2.070581252049E0,7.990636887682E-2,
1.703433126914E1));
#5769=CARTESIAN_POINT('',(-1.965370801823E0,4.964329801228E-1,
1.700363682469E1));
#5770=CARTESIAN_POINT('',(-5.618056430807E-1,-1.682813344527E0,
1.980424380741E1));
#5771=CARTESIAN_POINT('',(-9.184490505767E-1,-1.563748280329E0,
1.977354936296E1));
#5772=CARTESIAN_POINT('',(-1.552274683819E0,-1.091520749873E0,
1.971216047408E1));
#5773=CARTESIAN_POINT('',(-1.897261664461E0,4.368694782388E-2,
1.962007714074E1));
#5774=CARTESIAN_POINT('',(-1.500553395667E0,1.161742481366E0,1.952799380741E1));
#5775=CARTESIAN_POINT('',(-5.174856916005E-1,1.825805092229E0,
1.943591047408E1));
#5776=CARTESIAN_POINT('',(6.678347320316E-1,1.776329285710E0,1.934382714074E1));
#5777=CARTESIAN_POINT('',(1.592157818158E0,1.032657628533E0,1.925174380741E1));
#5778=CARTESIAN_POINT('',(1.894259780533E0,-1.145816231562E-1,
1.915966047408E1));
#5779=CARTESIAN_POINT('',(1.456076281976E0,-1.217041758450E0,1.906757714074E1));
#5780=CARTESIAN_POINT('',(4.488517944647E-1,-1.843876599587E0,
1.897549380741E1));
#5781=CARTESIAN_POINT('',(-7.337859909339E-1,-1.750116270088E0,
1.888341047408E1));
#5782=CARTESIAN_POINT('',(-1.629656946427E0,-9.724027330073E-1,
1.879132714074E1));
#5783=CARTESIAN_POINT('',(-1.888650732506E0,1.853301106179E-1,
1.869924380741E1));
#5784=CARTESIAN_POINT('',(-1.409551425379E0,1.270635123910E0,1.860716047408E1));
#5785=CARTESIAN_POINT('',(-3.795931622690E-1,1.859370288606E0,
1.851507714074E1));
#5786=CARTESIAN_POINT('',(7.987117942589E-1,1.721455288032E0,1.842299380741E1));
#5787=CARTESIAN_POINT('',(1.664876634928E0,9.107879168329E-1,1.833091047408E1));
#5788=CARTESIAN_POINT('',(1.880400293842E0,-2.558194165867E-1,
1.823882714074E1));
#5789=CARTESIAN_POINT('',(1.361055168064E0,-1.322451386055E0,1.814674380741E1));
#5790=CARTESIAN_POINT('',(3.098036388952E-1,-1.872263481519E0,
1.805466047408E1));
#5791=CARTESIAN_POINT('',(-8.625205280578E-1,-1.690386694805E0,
1.796257714074E1));
#5792=CARTESIAN_POINT('',(-1.697767842535E0,-8.478992811939E-1,
1.787049380741E1));
#5793=CARTESIAN_POINT('',(-1.869519945704E0,3.259509348521E-1,
1.777841047408E1));
#5794=CARTESIAN_POINT('',(-1.310655350925E0,1.372418084620E0,1.768632714074E1));
#5795=CARTESIAN_POINT('',(-2.395808311504E-1,1.882538128721E0,
1.759424380741E1));
#5796=CARTESIAN_POINT('',(9.251229639317E-1,1.656954002414E0,1.750216047408E1));
#5797=CARTESIAN_POINT('',(1.728284512227E0,7.838245597617E-1,1.741007714074E1));
#5798=CARTESIAN_POINT('',(1.856025114130E0,-3.956257528251E-1,
1.731799380741E1));
#5799=CARTESIAN_POINT('',(1.258421682815E0,-1.420468424161E0,1.722591047408E1));
#5800=CARTESIAN_POINT('',(1.690258624922E-1,-1.890168337495E0,
1.713382714074E1));
#5801=CARTESIAN_POINT('',(-9.864424089091E-1,-1.621246972780E0,
1.704174380741E1));
#5802=CARTESIAN_POINT('',(-1.756343425409E0,-7.184928764094E-1,
1.694966047408E1));
#5803=CARTESIAN_POINT('',(-1.812171784304E0,6.993401824800E-2,
1.688827158519E1));
#5804=CARTESIAN_POINT('',(-1.720091645394E0,4.344779218330E-1,
1.685757714074E1));
#5805=B_SPLINE_SURFACE_WITH_KNOTS('',3,3,((#5665,#5666,#5667,#5668,#5669,#5670,
#5671,#5672,#5673,#5674,#5675,#5676,#5677,#5678,#5679,#5680,#5681,#5682,#5683,
#5684,#5685,#5686,#5687,#5688,#5689,#5690,#5691,#5692,#5693,#5694,#5695,#5696,
#5697,#5698,#5699),(#5700,#5701,#5702,#5703,#5704,#5705,#5706,#5707,#5708,#5709,
#5710,#5711,#5712,#5713,#5714,#5715,#5716,#5717,#5718,#5719,#5720,#5721,#5722,
#5723,#5724,#5725,#5726,#5727,#5728,#5729,#5730,#5731,#5732,#5733,#5734),(#5735,
#5736,#5737,#5738,#5739,#5740,#5741,#5742,#5743,#5744,#5745,#5746,#5747,#5748,
#5749,#5750,#5751,#5752,#5753,#5754,#5755,#5756,#5757,#5758,#5759,#5760,#5761,
#5762,#5763,#5764,#5765,#5766,#5767,#5768,#5769),(#5770,#5771,#5772,#5773,#5774,
#5775,#5776,#5777,#5778,#5779,#5780,#5781,#5782,#5783,#5784,#5785,#5786,#5787,
#5788,#5789,#5790,#5791,#5792,#5793,#5794,#5795,#5796,#5797,#5798,#5799,#5800,
#5801,#5802,#5803,#5804)),.UNSPECIFIED.,.F.,.F.,.F.,(4,4),(4,1,1,1,1,1,1,1,1,1,
1,1,1,1,1,1,1,1,1,1,1,1,1,1,1,1,1,1,1,1,1,1,4),(-4.772381481051E-2,
1.047723814811E0),(-2.E-2,1.25E-2,4.5E-2,7.75E-2,1.1E-1,1.425E-1,1.75E-1,
2.075E-1,2.4E-1,2.725E-1,3.05E-1,3.375E-1,3.7E-1,4.025E-1,4.35E-1,4.675E-1,
5.E-1,5.325E-1,5.65E-1,5.975E-1,6.3E-1,6.625E-1,6.95E-1,7.275E-1,7.6E-1,
7.925E-1,8.25E-1,8.575E-1,8.9E-1,9.225E-1,9.55E-1,9.875E-1,1.02E0),
.UNSPECIFIED.);
#5806=ORIENTED_EDGE('',*,*,#4964,.F.);
#5807=ORIENTED_EDGE('',*,*,#4802,.T.);
#5808=ORIENTED_EDGE('',*,*,#5280,.F.);
#5809=ORIENTED_EDGE('',*,*,#5134,.T.);
#5811=ORIENTED_EDGE('',*,*,#5810,.T.);
#5813=ORIENTED_EDGE('',*,*,#5812,.F.);
#5814=ORIENTED_EDGE('',*,*,#5648,.F.);
#5815=ORIENTED_EDGE('',*,*,#5236,.F.);
#5816=ORIENTED_EDGE('',*,*,#5085,.T.);
#5817=ORIENTED_EDGE('',*,*,#4934,.F.);
#5818=ORIENTED_EDGE('',*,*,#4770,.T.);
#5819=ORIENTED_EDGE('',*,*,#5252,.F.);
#5820=ORIENTED_EDGE('',*,*,#5100,.T.);
#5821=ORIENTED_EDGE('',*,*,#4949,.F.);
#5822=ORIENTED_EDGE('',*,*,#4786,.T.);
#5823=ORIENTED_EDGE('',*,*,#5266,.F.);
#5824=ORIENTED_EDGE('',*,*,#5115,.T.);
#5825=EDGE_LOOP('',(#5806,#5807,#5808,#5809,#5811,#5813,#5814,#5815,#5816,#5817,
#5818,#5819,#5820,#5821,#5822,#5823,#5824));
#5826=FACE_OUTER_BOUND('',#5825,.F.);
#5827=ADVANCED_FACE('',(#5826),#5805,.F.);
#5828=CARTESIAN_POINT('',(9.659942892121E-1,-2.341637975259E0,
2.307575619259E1));
#5829=CARTESIAN_POINT('',(4.697243081506E-1,-2.546363886214E0,
2.304506174815E1));
#5830=CARTESIAN_POINT('',(-6.557838068306E-1,-2.628846494622E0,
2.298367285926E1));
#5831=CARTESIAN_POINT('',(-2.088993358201E0,-1.725713183464E0,
2.289158952592E1));
#5832=CARTESIAN_POINT('',(-2.705485290109E0,-1.480274702468E-1,
2.279950619259E1));
#5833=CARTESIAN_POINT('',(-2.264749910317E0,1.487471587332E0,2.270742285926E1));
#5834=CARTESIAN_POINT('',(-9.389165348334E-1,2.541669909811E0,
2.261533952592E1));
#5835=CARTESIAN_POINT('',(7.538432482098E-1,2.602569728464E0,2.252325619259E1));
#5836=CARTESIAN_POINT('',(2.151999442167E0,1.646374441798E0,2.243117285926E1));
#5837=CARTESIAN_POINT('',(2.709144242803E0,4.676852472352E-2,2.233908952592E1));
#5838=CARTESIAN_POINT('',(2.207543565521E0,-1.571114689144E0,2.224700619259E1));
#5839=CARTESIAN_POINT('',(8.432250276112E-1,-2.574999319501E0,
2.215492285926E1));
#5840=CARTESIAN_POINT('',(-8.506295866401E-1,-2.572562777984E0,
2.206283952592E1));
#5841=CARTESIAN_POINT('',(-2.212054383588E0,-1.564757280420E0,
2.197075619259E1));
#5842=CARTESIAN_POINT('',(-2.708998504247E0,5.456231084418E-2,
2.187867285926E1));
#5843=CARTESIAN_POINT('',(-2.147253980397E0,1.652558708679E0,2.178658952592E1));
#5844=CARTESIAN_POINT('',(-7.463530661532E-1,2.604727825049E0,
2.169450619259E1));
#5845=CARTESIAN_POINT('',(9.462259404874E-1,2.538957741177E0,2.160242285926E1));
#5846=CARTESIAN_POINT('',(2.269015647902E0,1.480951697900E0,2.151033952592E1));
#5847=CARTESIAN_POINT('',(2.705063964634E0,-1.558168450446E-1,
2.141825619259E1));
#5848=CARTESIAN_POINT('',(2.083961272218E0,-1.731691473003E0,2.132617285926E1));
#5849=CARTESIAN_POINT('',(6.484372609411E-1,-2.630813383956E0,
2.123408952592E1));
#5850=CARTESIAN_POINT('',(-1.040498911582E0,-2.501801741812E0,
2.114200619259E1));
#5851=CARTESIAN_POINT('',(-2.322803488016E0,-1.395074872070E0,
2.104992285926E1));
#5852=CARTESIAN_POINT('',(-2.697346151262E0,2.568534609281E-1,
2.095783952592E1));
#5853=CARTESIAN_POINT('',(-2.017753945223E0,1.808402289246E0,2.086575619259E1));
#5854=CARTESIAN_POINT('',(-5.496145969445E-1,2.653219590709E0,
2.077367285926E1));
#5855=CARTESIAN_POINT('',(1.133316797758E0,2.461146454462E0,2.068158952592E1));
#5856=CARTESIAN_POINT('',(2.373342129193E0,1.307247997750E0,2.058950619259E1));
#5857=CARTESIAN_POINT('',(2.685857901395E0,-3.575349114575E-1,
2.049742285926E1));
#5858=CARTESIAN_POINT('',(1.948716971106E0,-1.882568711487E0,2.040533952592E1));
#5859=CARTESIAN_POINT('',(4.500517443498E-1,-2.671971682034E0,
2.031325619259E1));
#5860=CARTESIAN_POINT('',(-1.224655990592E0,-2.416837602797E0,
2.022117285926E1));
#5861=CARTESIAN_POINT('',(-2.021661679E0,-1.617867121351E0,2.015978397037E1));
#5862=CARTESIAN_POINT('',(-2.262901436915E0,-1.138283998294E0,
2.012908952592E1));
#5863=CARTESIAN_POINT('',(8.695182700319E-1,-2.107773331609E0,
2.292969650864E1));
#5864=CARTESIAN_POINT('',(4.228118865466E-1,-2.292052806046E0,
2.289900206420E1));
#5865=CARTESIAN_POINT('',(-5.902892052243E-1,-2.366297691105E0,
2.283761317531E1));
#5866=CARTESIAN_POINT('',(-1.880360899868E0,-1.553362332070E0,
2.274552984197E1));
#5867=CARTESIAN_POINT('',(-2.435282397965E0,-1.332436343399E-1,
2.265344650864E1));
#5868=CARTESIAN_POINT('',(-2.038564250395E0,1.338914459208E0,2.256136317531E1));
#5869=CARTESIAN_POINT('',(-8.451448317966E-1,2.287827627608E0,
2.246927984197E1));
#5870=CARTESIAN_POINT('',(6.785552299623E-1,2.342645244598E0,2.237719650864E1));
#5871=CARTESIAN_POINT('',(1.937074424725E0,1.481947328720E0,2.228511317531E1));
#5872=CARTESIAN_POINT('',(2.438575922835E0,4.209764712244E-2,2.219302984197E1));
#5873=CARTESIAN_POINT('',(1.987071231733E0,-1.414203936589E0,2.210094650864E1));
#5874=CARTESIAN_POINT('',(7.590102503133E-1,-2.317828354298E0,
2.200886317531E1));
#5875=CARTESIAN_POINT('',(-7.656752994022E-1,-2.315635155655E0,
2.191677984197E1));
#5876=CARTESIAN_POINT('',(-1.991131544269E0,-1.408481456552E0,
2.182469650864E1));
#5877=CARTESIAN_POINT('',(-2.438444739516E0,4.911305031924E-2,
2.173261317531E1));
#5878=CARTESIAN_POINT('',(-1.932802902879E0,1.487513958978E0,2.164052984197E1));
#5879=CARTESIAN_POINT('',(-6.718131092098E-1,2.344587807230E0,
2.154844650864E1));
#5880=CARTESIAN_POINT('',(8.517242306918E-1,2.285386329346E0,2.145636317531E1));
#5881=CARTESIAN_POINT('',(2.042403959188E0,1.333045725777E0,2.136427984197E1));
#5882=CARTESIAN_POINT('',(2.434903151211E0,-1.402550667825E-1,
2.127219650864E1));
#5883=CARTESIAN_POINT('',(1.875831379615E0,-1.558743556406E0,2.118011317531E1));
#5884=CARTESIAN_POINT('',(5.836763753724E-1,-2.368068142783E0,
2.108802984197E1));
#5885=CARTESIAN_POINT('',(-9.365819484362E-1,-2.251941183087E0,
2.099594650864E1));
#5886=CARTESIAN_POINT('',(-2.090819886908E0,-1.255745611412E0,
2.090386317531E1));
#5887=CARTESIAN_POINT('',(-2.427956133194E0,2.312009289206E-1,
2.081177984197E1));
#5888=CARTESIAN_POINT('',(-1.816236327061E0,1.627793091147E0,2.071969650864E1));
#5889=CARTESIAN_POINT('',(-4.947233527739E-1,2.388236591346E0,
2.062761317531E1));
#5890=CARTESIAN_POINT('',(1.020129903862E0,2.215346230591E0,2.053552984197E1));
#5891=CARTESIAN_POINT('',(2.136311120486E0,1.176690204280E0,2.044344650864E1));
#5892=CARTESIAN_POINT('',(2.417615240643E0,-3.218270968663E-1,
2.035136317531E1));
#5893=CARTESIAN_POINT('',(1.754094230598E0,-1.694552346229E0,2.025927984197E1));
#5894=CARTESIAN_POINT('',(4.051040658751E-1,-2.405115869196E0,
2.016719650864E1));
#5895=CARTESIAN_POINT('',(-1.102346846369E0,-2.175462603455E0,
2.007511317531E1));
#5896=CARTESIAN_POINT('',(-1.819753786689E0,-1.456287098390E0,
2.001372428642E1));
#5897=CARTESIAN_POINT('',(-2.036900388183E0,-1.024601018924E0,
1.998302984197E1));
#5898=CARTESIAN_POINT('',(7.730422508517E-1,-1.873908687960E0,
2.278363682469E1));
#5899=CARTESIAN_POINT('',(3.758994649427E-1,-2.037741725877E0,
2.275294238025E1));
#5900=CARTESIAN_POINT('',(-5.247946036181E-1,-2.103748887588E0,
2.269155349136E1));
#5901=CARTESIAN_POINT('',(-1.671728441536E0,-1.381011480676E0,
2.259947015803E1));
#5902=CARTESIAN_POINT('',(-2.165079505820E0,-1.184597984330E-1,
2.250738682469E1));
#5903=CARTESIAN_POINT('',(-1.812378590473E0,1.190357331084E0,2.241530349136E1));
#5904=CARTESIAN_POINT('',(-7.513731287599E-1,2.033985345405E0,
2.232322015803E1));
#5905=CARTESIAN_POINT('',(6.032672117148E-1,2.082720760732E0,2.223113682469E1));
#5906=CARTESIAN_POINT('',(1.722149407282E0,1.317520215643E0,2.213905349136E1));
#5907=CARTESIAN_POINT('',(2.168007602867E0,3.742676952135E-2,2.204697015803E1));
#5908=CARTESIAN_POINT('',(1.766598897945E0,-1.257293184034E0,2.195488682469E1));
#5909=CARTESIAN_POINT('',(6.747954730154E-1,-2.060657389095E0,
2.186280349136E1));
#5910=CARTESIAN_POINT('',(-6.807210121642E-1,-2.058707533325E0,
2.177072015803E1));
#5911=CARTESIAN_POINT('',(-1.770208704950E0,-1.252205632684E0,
2.167863682469E1));
#5912=CARTESIAN_POINT('',(-2.167890974785E0,4.366378979430E-2,
2.158655349136E1));
#5913=CARTESIAN_POINT('',(-1.718351825361E0,1.322469209278E0,2.149447015803E1));
#5914=CARTESIAN_POINT('',(-5.972731522665E-1,2.084447789411E0,
2.140238682469E1));
#5915=CARTESIAN_POINT('',(7.572225208963E-1,2.031814917516E0,2.131030349136E1));
#5916=CARTESIAN_POINT('',(1.815792270473E0,1.185139753653E0,2.121822015803E1));
#5917=CARTESIAN_POINT('',(2.164742337787E0,-1.246932885205E-1,
2.112613682469E1));
#5918=CARTESIAN_POINT('',(1.667701487011E0,-1.385795639809E0,2.103405349136E1));
#5919=CARTESIAN_POINT('',(5.189154898037E-1,-2.105322901611E0,
2.094197015803E1));
#5920=CARTESIAN_POINT('',(-8.326649852908E-1,-2.002080624361E0,
2.084988682469E1));
#5921=CARTESIAN_POINT('',(-1.858836285799E0,-1.116416350754E0,
2.075780349136E1));
#5922=CARTESIAN_POINT('',(-2.158566115125E0,2.055483969132E-1,
2.066572015803E1));
#5923=CARTESIAN_POINT('',(-1.614718708899E0,1.447183893048E0,2.057363682469E1));
#5924=CARTESIAN_POINT('',(-4.398321086033E-1,2.123253591983E0,
2.048155349136E1));
#5925=CARTESIAN_POINT('',(9.069430099651E-1,1.969546006721E0,2.038947015803E1));
#5926=CARTESIAN_POINT('',(1.899280111779E0,1.046132410810E0,2.029738682469E1));
#5927=CARTESIAN_POINT('',(2.149372579890E0,-2.861192822751E-1,
2.020530349136E1));
#5928=CARTESIAN_POINT('',(1.559471490090E0,-1.506535980971E0,2.011322015803E1));
#5929=CARTESIAN_POINT('',(3.601563874003E-1,-2.138260056358E0,
2.002113682469E1));
#5930=CARTESIAN_POINT('',(-9.800377021465E-1,-1.934087604113E0,
1.992905349136E1));
#5931=CARTESIAN_POINT('',(-1.617845894378E0,-1.294707075430E0,
1.986766460247E1));
#5932=CARTESIAN_POINT('',(-1.810899339452E0,-9.109180395544E-1,
1.983697015803E1));
#5933=CARTESIAN_POINT('',(6.765662316714E-1,-1.640044044310E0,
2.263757714074E1));
#5934=CARTESIAN_POINT('',(3.289870433387E-1,-1.783430645709E0,
2.260688269630E1));
#5935=CARTESIAN_POINT('',(-4.593000020118E-1,-1.841200084071E0,
2.254549380741E1));
#5936=CARTESIAN_POINT('',(-1.463095983204E0,-1.208660629282E0,
2.245341047408E1));
#5937=CARTESIAN_POINT('',(-1.894876613675E0,-1.036759625261E-1,
2.236132714074E1));
#5938=CARTESIAN_POINT('',(-1.586192930552E0,1.041800202960E0,2.226924380741E1));
#5939=CARTESIAN_POINT('',(-6.576014257231E-1,1.780143063202E0,
2.217716047408E1));
#5940=CARTESIAN_POINT('',(5.279791934673E-1,1.822796276866E0,2.208507714074E1));
#5941=CARTESIAN_POINT('',(1.507224389840E0,1.153093102565E0,2.199299380741E1));
#5942=CARTESIAN_POINT('',(1.897439282899E0,3.275589192026E-2,2.190091047408E1));
#5943=CARTESIAN_POINT('',(1.546126564157E0,-1.100382431479E0,2.180882714074E1));
#5944=CARTESIAN_POINT('',(5.905806957175E-1,-1.803486423892E0,
2.171674380741E1));
#5945=CARTESIAN_POINT('',(-5.957667249262E-1,-1.801779910996E0,
2.162466047408E1));
#5946=CARTESIAN_POINT('',(-1.549285865631E0,-1.095929808817E0,
2.153257714074E1));
#5947=CARTESIAN_POINT('',(-1.897337210054E0,3.821452926936E-2,
2.144049380741E1));
#5948=CARTESIAN_POINT('',(-1.503900747843E0,1.157424459578E0,2.134841047408E1));
#5949=CARTESIAN_POINT('',(-5.227331953231E-1,1.824307771592E0,
2.125632714074E1));
#5950=CARTESIAN_POINT('',(6.627208111007E-1,1.778243505686E0,2.116424380741E1));
#5951=CARTESIAN_POINT('',(1.589180581758E0,1.037233781530E0,2.107216047408E1));
#5952=CARTESIAN_POINT('',(1.894581524364E0,-1.091315102584E-1,
2.098007714074E1));
#5953=CARTESIAN_POINT('',(1.459571594408E0,-1.212847723212E0,2.088799380741E1));
#5954=CARTESIAN_POINT('',(4.541546042349E-1,-1.842577660439E0,
2.079591047408E1));
#5955=CARTESIAN_POINT('',(-7.287480221453E-1,-1.752220065636E0,
2.070382714074E1));
#5956=CARTESIAN_POINT('',(-1.626852684691E0,-9.770870900961E-1,
2.061174380741E1));
#5957=CARTESIAN_POINT('',(-1.889176097057E0,1.798958649058E-1,
2.051966047408E1));
#5958=CARTESIAN_POINT('',(-1.413201090737E0,1.266574694949E0,2.042757714074E1));
#5959=CARTESIAN_POINT('',(-3.849408644327E-1,1.858270592621E0,
2.033549380741E1));
#5960=CARTESIAN_POINT('',(7.937561160685E-1,1.723745782850E0,2.024341047408E1));
#5961=CARTESIAN_POINT('',(1.662249103072E0,9.155746173398E-1,2.015132714074E1));
#5962=CARTESIAN_POINT('',(1.881129919137E0,-2.504114676838E-1,
2.005924380741E1));
#5963=CARTESIAN_POINT('',(1.364848749583E0,-1.318519615713E0,1.996716047408E1));
#5964=CARTESIAN_POINT('',(3.152087089255E-1,-1.871404243519E0,
1.987507714074E1));
#5965=CARTESIAN_POINT('',(-8.577285579239E-1,-1.692712604771E0,
1.978299380741E1));
#5966=CARTESIAN_POINT('',(-1.415938002068E0,-1.133127052469E0,
1.972160491852E1));
#5967=CARTESIAN_POINT('',(-1.584898290720E0,-7.972350601845E-1,
1.969091047408E1));
#5968=B_SPLINE_SURFACE_WITH_KNOTS('',3,3,((#5828,#5829,#5830,#5831,#5832,#5833,
#5834,#5835,#5836,#5837,#5838,#5839,#5840,#5841,#5842,#5843,#5844,#5845,#5846,
#5847,#5848,#5849,#5850,#5851,#5852,#5853,#5854,#5855,#5856,#5857,#5858,#5859,
#5860,#5861,#5862),(#5863,#5864,#5865,#5866,#5867,#5868,#5869,#5870,#5871,#5872,
#5873,#5874,#5875,#5876,#5877,#5878,#5879,#5880,#5881,#5882,#5883,#5884,#5885,
#5886,#5887,#5888,#5889,#5890,#5891,#5892,#5893,#5894,#5895,#5896,#5897),(#5898,
#5899,#5900,#5901,#5902,#5903,#5904,#5905,#5906,#5907,#5908,#5909,#5910,#5911,
#5912,#5913,#5914,#5915,#5916,#5917,#5918,#5919,#5920,#5921,#5922,#5923,#5924,
#5925,#5926,#5927,#5928,#5929,#5930,#5931,#5932),(#5933,#5934,#5935,#5936,#5937,
#5938,#5939,#5940,#5941,#5942,#5943,#5944,#5945,#5946,#5947,#5948,#5949,#5950,
#5951,#5952,#5953,#5954,#5955,#5956,#5957,#5958,#5959,#5960,#5961,#5962,#5963,
#5964,#5965,#5966,#5967)),.UNSPECIFIED.,.F.,.F.,.F.,(4,4),(4,1,1,1,1,1,1,1,1,1,
1,1,1,1,1,1,1,1,1,1,1,1,1,1,1,1,1,1,1,1,1,1,4),(-4.772381481051E-2,
1.047723814811E0),(-2.E-2,1.25E-2,4.5E-2,7.75E-2,1.1E-1,1.425E-1,1.75E-1,
2.075E-1,2.4E-1,2.725E-1,3.05E-1,3.375E-1,3.7E-1,4.025E-1,4.35E-1,4.675E-1,
5.E-1,5.325E-1,5.65E-1,5.975E-1,6.3E-1,6.625E-1,6.95E-1,7.275E-1,7.6E-1,
7.925E-1,8.25E-1,8.575E-1,8.9E-1,9.225E-1,9.55E-1,9.875E-1,1.02E0),
.UNSPECIFIED.);
#5969=ORIENTED_EDGE('',*,*,#5009,.F.);
#5970=ORIENTED_EDGE('',*,*,#4850,.F.);
#5971=ORIENTED_EDGE('',*,*,#5324,.F.);
#5972=ORIENTED_EDGE('',*,*,#4864,.F.);
#5974=ORIENTED_EDGE('',*,*,#5973,.T.);
#5976=ORIENTED_EDGE('',*,*,#5975,.F.);
#5977=ORIENTED_EDGE('',*,*,#5810,.F.);
#5978=ORIENTED_EDGE('',*,*,#5132,.T.);
#5979=ORIENTED_EDGE('',*,*,#4979,.F.);
#5980=ORIENTED_EDGE('',*,*,#4818,.T.);
#5981=ORIENTED_EDGE('',*,*,#5294,.F.);
#5982=ORIENTED_EDGE('',*,*,#5149,.T.);
#5983=ORIENTED_EDGE('',*,*,#4994,.F.);
#5984=ORIENTED_EDGE('',*,*,#4834,.T.);
#5985=ORIENTED_EDGE('',*,*,#5308,.F.);
#5986=ORIENTED_EDGE('',*,*,#5164,.T.);
#5987=EDGE_LOOP('',(#5969,#5970,#5971,#5972,#5974,#5976,#5977,#5978,#5979,#5980,
#5981,#5982,#5983,#5984,#5985,#5986));
#5988=FACE_OUTER_BOUND('',#5987,.F.);
#5989=ADVANCED_FACE('',(#5988),#5968,.F.);
#5990=CARTESIAN_POINT('',(0.E0,-2.5E0,2.3E1));
#5991=DIRECTION('',(-1.E0,0.E0,0.E0));
#5992=DIRECTION('',(0.E0,1.E0,0.E0));
#5993=AXIS2_PLACEMENT_3D('',#5990,#5991,#5992);
#5994=PLANE('',#5993);
#5995=ORIENTED_EDGE('',*,*,#5170,.F.);
#5997=ORIENTED_EDGE('',*,*,#5996,.F.);
#5998=ORIENTED_EDGE('',*,*,#5973,.F.);
#5999=EDGE_LOOP('',(#5995,#5997,#5998));
#6000=FACE_OUTER_BOUND('',#5999,.F.);
#6001=ADVANCED_FACE('',(#6000),#5994,.T.);
#6002=CARTESIAN_POINT('',(6.765662316714E-1,-1.640044044310E0,
2.267575619259E1));
#6003=CARTESIAN_POINT('',(3.289870433387E-1,-1.783430645709E0,
2.264506174815E1));
#6004=CARTESIAN_POINT('',(-4.593000020118E-1,-1.841200084071E0,
2.258367285926E1));
#6005=CARTESIAN_POINT('',(-1.463095983204E0,-1.208660629282E0,
2.249158952592E1));
#6006=CARTESIAN_POINT('',(-1.894876613675E0,-1.036759625261E-1,
2.239950619259E1));
#6007=CARTESIAN_POINT('',(-1.586192930552E0,1.041800202960E0,2.230742285926E1));
#6008=CARTESIAN_POINT('',(-6.576014257231E-1,1.780143063202E0,
2.221533952592E1));
#6009=CARTESIAN_POINT('',(5.279791934673E-1,1.822796276866E0,2.212325619259E1));
#6010=CARTESIAN_POINT('',(1.507224389840E0,1.153093102565E0,2.203117285926E1));
#6011=CARTESIAN_POINT('',(1.897439282899E0,3.275589192026E-2,2.193908952592E1));
#6012=CARTESIAN_POINT('',(1.546126564157E0,-1.100382431479E0,2.184700619259E1));
#6013=CARTESIAN_POINT('',(5.905806957175E-1,-1.803486423892E0,
2.175492285926E1));
#6014=CARTESIAN_POINT('',(-5.957667249262E-1,-1.801779910996E0,
2.166283952592E1));
#6015=CARTESIAN_POINT('',(-1.549285865631E0,-1.095929808817E0,
2.157075619259E1));
#6016=CARTESIAN_POINT('',(-1.897337210054E0,3.821452926936E-2,
2.147867285926E1));
#6017=CARTESIAN_POINT('',(-1.503900747843E0,1.157424459578E0,2.138658952592E1));
#6018=CARTESIAN_POINT('',(-5.227331953231E-1,1.824307771592E0,
2.129450619259E1));
#6019=CARTESIAN_POINT('',(6.627208111007E-1,1.778243505686E0,2.120242285926E1));
#6020=CARTESIAN_POINT('',(1.589180581758E0,1.037233781530E0,2.111033952592E1));
#6021=CARTESIAN_POINT('',(1.894581524364E0,-1.091315102584E-1,
2.101825619259E1));
#6022=CARTESIAN_POINT('',(1.459571594408E0,-1.212847723212E0,2.092617285926E1));
#6023=CARTESIAN_POINT('',(4.541546042349E-1,-1.842577660439E0,
2.083408952592E1));
#6024=CARTESIAN_POINT('',(-7.287480221453E-1,-1.752220065636E0,
2.074200619259E1));
#6025=CARTESIAN_POINT('',(-1.626852684691E0,-9.770870900961E-1,
2.064992285926E1));
#6026=CARTESIAN_POINT('',(-1.889176097057E0,1.798958649058E-1,
2.055783952592E1));
#6027=CARTESIAN_POINT('',(-1.413201090737E0,1.266574694949E0,2.046575619259E1));
#6028=CARTESIAN_POINT('',(-3.849408644327E-1,1.858270592621E0,
2.037367285926E1));
#6029=CARTESIAN_POINT('',(7.937561160685E-1,1.723745782850E0,2.028158952592E1));
#6030=CARTESIAN_POINT('',(1.662249103072E0,9.155746173398E-1,2.018950619259E1));
#6031=CARTESIAN_POINT('',(1.881129919137E0,-2.504114676838E-1,
2.009742285926E1));
#6032=CARTESIAN_POINT('',(1.364848749583E0,-1.318519615713E0,2.000533952592E1));
#6033=CARTESIAN_POINT('',(3.152087089255E-1,-1.871404243519E0,
1.991325619259E1));
#6034=CARTESIAN_POINT('',(-8.577285579239E-1,-1.692712604771E0,
1.982117285926E1));
#6035=CARTESIAN_POINT('',(-1.415938002068E0,-1.133127052469E0,
1.975978397037E1));
#6036=CARTESIAN_POINT('',(-1.584898290720E0,-7.972350601845E-1,
1.972908952592E1));
#6037=CARTESIAN_POINT('',(7.730422508517E-1,-1.873908687960E0,
2.252969650864E1));
#6038=CARTESIAN_POINT('',(3.758994649427E-1,-2.037741725877E0,
2.249900206420E1));
#6039=CARTESIAN_POINT('',(-5.247946036181E-1,-2.103748887588E0,
2.243761317531E1));
#6040=CARTESIAN_POINT('',(-1.671728441536E0,-1.381011480676E0,
2.234552984197E1));
#6041=CARTESIAN_POINT('',(-2.165079505820E0,-1.184597984330E-1,
2.225344650864E1));
#6042=CARTESIAN_POINT('',(-1.812378590473E0,1.190357331084E0,2.216136317531E1));
#6043=CARTESIAN_POINT('',(-7.513731287599E-1,2.033985345405E0,
2.206927984197E1));
#6044=CARTESIAN_POINT('',(6.032672117148E-1,2.082720760732E0,2.197719650864E1));
#6045=CARTESIAN_POINT('',(1.722149407282E0,1.317520215643E0,2.188511317531E1));
#6046=CARTESIAN_POINT('',(2.168007602867E0,3.742676952135E-2,2.179302984197E1));
#6047=CARTESIAN_POINT('',(1.766598897945E0,-1.257293184034E0,2.170094650864E1));
#6048=CARTESIAN_POINT('',(6.747954730154E-1,-2.060657389095E0,
2.160886317531E1));
#6049=CARTESIAN_POINT('',(-6.807210121642E-1,-2.058707533325E0,
2.151677984197E1));
#6050=CARTESIAN_POINT('',(-1.770208704950E0,-1.252205632684E0,
2.142469650864E1));
#6051=CARTESIAN_POINT('',(-2.167890974785E0,4.366378979430E-2,
2.133261317531E1));
#6052=CARTESIAN_POINT('',(-1.718351825361E0,1.322469209278E0,2.124052984197E1));
#6053=CARTESIAN_POINT('',(-5.972731522665E-1,2.084447789411E0,
2.114844650864E1));
#6054=CARTESIAN_POINT('',(7.572225208963E-1,2.031814917516E0,2.105636317531E1));
#6055=CARTESIAN_POINT('',(1.815792270473E0,1.185139753653E0,2.096427984197E1));
#6056=CARTESIAN_POINT('',(2.164742337787E0,-1.246932885205E-1,
2.087219650864E1));
#6057=CARTESIAN_POINT('',(1.667701487011E0,-1.385795639809E0,2.078011317531E1));
#6058=CARTESIAN_POINT('',(5.189154898037E-1,-2.105322901611E0,
2.068802984197E1));
#6059=CARTESIAN_POINT('',(-8.326649852908E-1,-2.002080624361E0,
2.059594650864E1));
#6060=CARTESIAN_POINT('',(-1.858836285799E0,-1.116416350754E0,
2.050386317531E1));
#6061=CARTESIAN_POINT('',(-2.158566115125E0,2.055483969132E-1,
2.041177984197E1));
#6062=CARTESIAN_POINT('',(-1.614718708899E0,1.447183893048E0,2.031969650864E1));
#6063=CARTESIAN_POINT('',(-4.398321086033E-1,2.123253591983E0,
2.022761317531E1));
#6064=CARTESIAN_POINT('',(9.069430099651E-1,1.969546006721E0,2.013552984197E1));
#6065=CARTESIAN_POINT('',(1.899280111779E0,1.046132410810E0,2.004344650864E1));
#6066=CARTESIAN_POINT('',(2.149372579890E0,-2.861192822751E-1,
1.995136317531E1));
#6067=CARTESIAN_POINT('',(1.559471490090E0,-1.506535980971E0,1.985927984197E1));
#6068=CARTESIAN_POINT('',(3.601563874003E-1,-2.138260056358E0,
1.976719650864E1));
#6069=CARTESIAN_POINT('',(-9.800377021465E-1,-1.934087604113E0,
1.967511317531E1));
#6070=CARTESIAN_POINT('',(-1.617845894378E0,-1.294707075430E0,
1.961372428642E1));
#6071=CARTESIAN_POINT('',(-1.810899339452E0,-9.109180395544E-1,
1.958302984197E1));
#6072=CARTESIAN_POINT('',(8.695182700319E-1,-2.107773331609E0,
2.238363682469E1));
#6073=CARTESIAN_POINT('',(4.228118865466E-1,-2.292052806046E0,
2.235294238025E1));
#6074=CARTESIAN_POINT('',(-5.902892052243E-1,-2.366297691105E0,
2.229155349136E1));
#6075=CARTESIAN_POINT('',(-1.880360899868E0,-1.553362332070E0,
2.219947015803E1));
#6076=CARTESIAN_POINT('',(-2.435282397965E0,-1.332436343399E-1,
2.210738682469E1));
#6077=CARTESIAN_POINT('',(-2.038564250395E0,1.338914459208E0,2.201530349136E1));
#6078=CARTESIAN_POINT('',(-8.451448317966E-1,2.287827627608E0,
2.192322015803E1));
#6079=CARTESIAN_POINT('',(6.785552299623E-1,2.342645244598E0,2.183113682469E1));
#6080=CARTESIAN_POINT('',(1.937074424725E0,1.481947328720E0,2.173905349136E1));
#6081=CARTESIAN_POINT('',(2.438575922835E0,4.209764712244E-2,2.164697015803E1));
#6082=CARTESIAN_POINT('',(1.987071231733E0,-1.414203936589E0,2.155488682469E1));
#6083=CARTESIAN_POINT('',(7.590102503133E-1,-2.317828354298E0,
2.146280349136E1));
#6084=CARTESIAN_POINT('',(-7.656752994021E-1,-2.315635155655E0,
2.137072015803E1));
#6085=CARTESIAN_POINT('',(-1.991131544269E0,-1.408481456552E0,
2.127863682469E1));
#6086=CARTESIAN_POINT('',(-2.438444739516E0,4.911305031924E-2,
2.118655349136E1));
#6087=CARTESIAN_POINT('',(-1.932802902879E0,1.487513958978E0,2.109447015803E1));
#6088=CARTESIAN_POINT('',(-6.718131092098E-1,2.344587807230E0,
2.100238682469E1));
#6089=CARTESIAN_POINT('',(8.517242306918E-1,2.285386329346E0,2.091030349136E1));
#6090=CARTESIAN_POINT('',(2.042403959188E0,1.333045725777E0,2.081822015803E1));
#6091=CARTESIAN_POINT('',(2.434903151211E0,-1.402550667825E-1,
2.072613682469E1));
#6092=CARTESIAN_POINT('',(1.875831379615E0,-1.558743556406E0,2.063405349136E1));
#6093=CARTESIAN_POINT('',(5.836763753724E-1,-2.368068142783E0,
2.054197015803E1));
#6094=CARTESIAN_POINT('',(-9.365819484362E-1,-2.251941183087E0,
2.044988682469E1));
#6095=CARTESIAN_POINT('',(-2.090819886908E0,-1.255745611412E0,
2.035780349136E1));
#6096=CARTESIAN_POINT('',(-2.427956133194E0,2.312009289206E-1,
2.026572015803E1));
#6097=CARTESIAN_POINT('',(-1.816236327061E0,1.627793091147E0,2.017363682469E1));
#6098=CARTESIAN_POINT('',(-4.947233527739E-1,2.388236591346E0,
2.008155349136E1));
#6099=CARTESIAN_POINT('',(1.020129903862E0,2.215346230591E0,1.998947015803E1));
#6100=CARTESIAN_POINT('',(2.136311120486E0,1.176690204280E0,1.989738682469E1));
#6101=CARTESIAN_POINT('',(2.417615240643E0,-3.218270968663E-1,
1.980530349136E1));
#6102=CARTESIAN_POINT('',(1.754094230598E0,-1.694552346229E0,1.971322015803E1));
#6103=CARTESIAN_POINT('',(4.051040658751E-1,-2.405115869196E0,
1.962113682469E1));
#6104=CARTESIAN_POINT('',(-1.102346846369E0,-2.175462603455E0,
1.952905349136E1));
#6105=CARTESIAN_POINT('',(-1.819753786689E0,-1.456287098390E0,
1.946766460247E1));
#6106=CARTESIAN_POINT('',(-2.036900388183E0,-1.024601018924E0,
1.943697015803E1));
#6107=CARTESIAN_POINT('',(9.659942892121E-1,-2.341637975259E0,
2.223757714074E1));
#6108=CARTESIAN_POINT('',(4.697243081506E-1,-2.546363886214E0,
2.220688269630E1));
#6109=CARTESIAN_POINT('',(-6.557838068306E-1,-2.628846494622E0,
2.214549380741E1));
#6110=CARTESIAN_POINT('',(-2.088993358201E0,-1.725713183464E0,
2.205341047408E1));
#6111=CARTESIAN_POINT('',(-2.705485290109E0,-1.480274702468E-1,
2.196132714074E1));
#6112=CARTESIAN_POINT('',(-2.264749910317E0,1.487471587332E0,2.186924380741E1));
#6113=CARTESIAN_POINT('',(-9.389165348334E-1,2.541669909811E0,
2.177716047408E1));
#6114=CARTESIAN_POINT('',(7.538432482098E-1,2.602569728464E0,2.168507714074E1));
#6115=CARTESIAN_POINT('',(2.151999442167E0,1.646374441798E0,2.159299380741E1));
#6116=CARTESIAN_POINT('',(2.709144242803E0,4.676852472352E-2,2.150091047408E1));
#6117=CARTESIAN_POINT('',(2.207543565521E0,-1.571114689144E0,2.140882714074E1));
#6118=CARTESIAN_POINT('',(8.432250276112E-1,-2.574999319501E0,
2.131674380741E1));
#6119=CARTESIAN_POINT('',(-8.506295866401E-1,-2.572562777984E0,
2.122466047408E1));
#6120=CARTESIAN_POINT('',(-2.212054383588E0,-1.564757280420E0,
2.113257714074E1));
#6121=CARTESIAN_POINT('',(-2.708998504247E0,5.456231084418E-2,
2.104049380741E1));
#6122=CARTESIAN_POINT('',(-2.147253980397E0,1.652558708679E0,2.094841047408E1));
#6123=CARTESIAN_POINT('',(-7.463530661532E-1,2.604727825049E0,
2.085632714074E1));
#6124=CARTESIAN_POINT('',(9.462259404874E-1,2.538957741177E0,2.076424380741E1));
#6125=CARTESIAN_POINT('',(2.269015647902E0,1.480951697900E0,2.067216047408E1));
#6126=CARTESIAN_POINT('',(2.705063964634E0,-1.558168450446E-1,
2.058007714074E1));
#6127=CARTESIAN_POINT('',(2.083961272218E0,-1.731691473003E0,2.048799380741E1));
#6128=CARTESIAN_POINT('',(6.484372609412E-1,-2.630813383956E0,
2.039591047408E1));
#6129=CARTESIAN_POINT('',(-1.040498911582E0,-2.501801741812E0,
2.030382714074E1));
#6130=CARTESIAN_POINT('',(-2.322803488016E0,-1.395074872070E0,
2.021174380741E1));
#6131=CARTESIAN_POINT('',(-2.697346151262E0,2.568534609281E-1,
2.011966047408E1));
#6132=CARTESIAN_POINT('',(-2.017753945223E0,1.808402289246E0,2.002757714074E1));
#6133=CARTESIAN_POINT('',(-5.496145969445E-1,2.653219590709E0,
1.993549380741E1));
#6134=CARTESIAN_POINT('',(1.133316797758E0,2.461146454462E0,1.984341047408E1));
#6135=CARTESIAN_POINT('',(2.373342129193E0,1.307247997750E0,1.975132714074E1));
#6136=CARTESIAN_POINT('',(2.685857901395E0,-3.575349114575E-1,
1.965924380741E1));
#6137=CARTESIAN_POINT('',(1.948716971106E0,-1.882568711487E0,1.956716047408E1));
#6138=CARTESIAN_POINT('',(4.500517443498E-1,-2.671971682034E0,
1.947507714074E1));
#6139=CARTESIAN_POINT('',(-1.224655990592E0,-2.416837602797E0,
1.938299380741E1));
#6140=CARTESIAN_POINT('',(-2.021661679E0,-1.617867121351E0,1.932160491852E1));
#6141=CARTESIAN_POINT('',(-2.262901436915E0,-1.138283998294E0,
1.929091047408E1));
#6142=B_SPLINE_SURFACE_WITH_KNOTS('',3,3,((#6002,#6003,#6004,#6005,#6006,#6007,
#6008,#6009,#6010,#6011,#6012,#6013,#6014,#6015,#6016,#6017,#6018,#6019,#6020,
#6021,#6022,#6023,#6024,#6025,#6026,#6027,#6028,#6029,#6030,#6031,#6032,#6033,
#6034,#6035,#6036),(#6037,#6038,#6039,#6040,#6041,#6042,#6043,#6044,#6045,#6046,
#6047,#6048,#6049,#6050,#6051,#6052,#6053,#6054,#6055,#6056,#6057,#6058,#6059,
#6060,#6061,#6062,#6063,#6064,#6065,#6066,#6067,#6068,#6069,#6070,#6071),(#6072,
#6073,#6074,#6075,#6076,#6077,#6078,#6079,#6080,#6081,#6082,#6083,#6084,#6085,
#6086,#6087,#6088,#6089,#6090,#6091,#6092,#6093,#6094,#6095,#6096,#6097,#6098,
#6099,#6100,#6101,#6102,#6103,#6104,#6105,#6106),(#6107,#6108,#6109,#6110,#6111,
#6112,#6113,#6114,#6115,#6116,#6117,#6118,#6119,#6120,#6121,#6122,#6123,#6124,
#6125,#6126,#6127,#6128,#6129,#6130,#6131,#6132,#6133,#6134,#6135,#6136,#6137,
#6138,#6139,#6140,#6141)),.UNSPECIFIED.,.F.,.F.,.F.,(4,4),(4,1,1,1,1,1,1,1,1,1,
1,1,1,1,1,1,1,1,1,1,1,1,1,1,1,1,1,1,1,1,1,1,4),(-4.772381481051E-2,
1.047723814811E0),(-2.E-2,1.25E-2,4.5E-2,7.75E-2,1.1E-1,1.425E-1,1.75E-1,
2.075E-1,2.4E-1,2.725E-1,3.05E-1,3.375E-1,3.7E-1,4.025E-1,4.35E-1,4.675E-1,
5.E-1,5.325E-1,5.65E-1,5.975E-1,6.3E-1,6.625E-1,6.95E-1,7.275E-1,7.6E-1,
7.925E-1,8.25E-1,8.575E-1,8.9E-1,9.225E-1,9.55E-1,9.875E-1,1.02E0),
.UNSPECIFIED.);
#6143=ORIENTED_EDGE('',*,*,#4998,.F.);
#6144=ORIENTED_EDGE('',*,*,#5153,.T.);
#6145=ORIENTED_EDGE('',*,*,#5291,.F.);
#6146=ORIENTED_EDGE('',*,*,#4814,.T.);
#6147=ORIENTED_EDGE('',*,*,#4983,.F.);
#6148=ORIENTED_EDGE('',*,*,#5138,.T.);
#6149=ORIENTED_EDGE('',*,*,#5277,.F.);
#6150=ORIENTED_EDGE('',*,*,#4798,.T.);
#6151=ORIENTED_EDGE('',*,*,#4968,.F.);
#6152=ORIENTED_EDGE('',*,*,#5121,.T.);
#6154=ORIENTED_EDGE('',*,*,#6153,.F.);
#6155=ORIENTED_EDGE('',*,*,#5975,.T.);
#6156=ORIENTED_EDGE('',*,*,#5996,.T.);
#6157=ORIENTED_EDGE('',*,*,#5168,.T.);
#6158=ORIENTED_EDGE('',*,*,#5305,.F.);
#6159=ORIENTED_EDGE('',*,*,#4830,.T.);
#6160=EDGE_LOOP('',(#6143,#6144,#6145,#6146,#6147,#6148,#6149,#6150,#6151,#6152,
#6154,#6155,#6156,#6157,#6158,#6159));
#6161=FACE_OUTER_BOUND('',#6160,.F.);
#6162=ADVANCED_FACE('',(#6161),#6142,.F.);
#6163=CARTESIAN_POINT('',(-5.618056430807E-1,-1.682813344527E0,
1.984242285926E1));
#6164=CARTESIAN_POINT('',(-9.184490505767E-1,-1.563748280329E0,
1.981172841481E1));
#6165=CARTESIAN_POINT('',(-1.552274683819E0,-1.091520749873E0,
1.975033952592E1));
#6166=CARTESIAN_POINT('',(-1.897261664461E0,4.368694782388E-2,
1.965825619259E1));
#6167=CARTESIAN_POINT('',(-1.500553395667E0,1.161742481366E0,1.956617285926E1));
#6168=CARTESIAN_POINT('',(-5.174856916005E-1,1.825805092229E0,
1.947408952592E1));
#6169=CARTESIAN_POINT('',(6.678347320316E-1,1.776329285710E0,1.938200619259E1));
#6170=CARTESIAN_POINT('',(1.592157818158E0,1.032657628533E0,1.928992285926E1));
#6171=CARTESIAN_POINT('',(1.894259780533E0,-1.145816231562E-1,
1.919783952592E1));
#6172=CARTESIAN_POINT('',(1.456076281976E0,-1.217041758450E0,1.910575619259E1));
#6173=CARTESIAN_POINT('',(4.488517944647E-1,-1.843876599587E0,
1.901367285926E1));
#6174=CARTESIAN_POINT('',(-7.337859909339E-1,-1.750116270088E0,
1.892158952592E1));
#6175=CARTESIAN_POINT('',(-1.629656946427E0,-9.724027330073E-1,
1.882950619259E1));
#6176=CARTESIAN_POINT('',(-1.888650732506E0,1.853301106179E-1,
1.873742285926E1));
#6177=CARTESIAN_POINT('',(-1.409551425379E0,1.270635123910E0,1.864533952592E1));
#6178=CARTESIAN_POINT('',(-3.795931622690E-1,1.859370288606E0,
1.855325619259E1));
#6179=CARTESIAN_POINT('',(7.987117942589E-1,1.721455288032E0,1.846117285926E1));
#6180=CARTESIAN_POINT('',(1.664876634928E0,9.107879168329E-1,1.836908952592E1));
#6181=CARTESIAN_POINT('',(1.880400293842E0,-2.558194165867E-1,
1.827700619259E1));
#6182=CARTESIAN_POINT('',(1.361055168064E0,-1.322451386055E0,1.818492285926E1));
#6183=CARTESIAN_POINT('',(3.098036388952E-1,-1.872263481519E0,
1.809283952592E1));
#6184=CARTESIAN_POINT('',(-8.625205280578E-1,-1.690386694805E0,
1.800075619259E1));
#6185=CARTESIAN_POINT('',(-1.697767842535E0,-8.478992811939E-1,
1.790867285926E1));
#6186=CARTESIAN_POINT('',(-1.869519945704E0,3.259509348521E-1,
1.781658952592E1));
#6187=CARTESIAN_POINT('',(-1.310655350925E0,1.372418084620E0,1.772450619259E1));
#6188=CARTESIAN_POINT('',(-2.395808311504E-1,1.882538128721E0,
1.763242285926E1));
#6189=CARTESIAN_POINT('',(9.251229639317E-1,1.656954002414E0,1.754033952592E1));
#6190=CARTESIAN_POINT('',(1.728284512227E0,7.838245597617E-1,1.744825619259E1));
#6191=CARTESIAN_POINT('',(1.856025114130E0,-3.956257528251E-1,
1.735617285926E1));
#6192=CARTESIAN_POINT('',(1.258421682815E0,-1.420468424161E0,1.726408952592E1));
#6193=CARTESIAN_POINT('',(1.690258624922E-1,-1.890168337495E0,
1.717200619259E1));
#6194=CARTESIAN_POINT('',(-9.864424089091E-1,-1.621246972780E0,
1.707992285926E1));
#6195=CARTESIAN_POINT('',(-1.756343425409E0,-7.184928764094E-1,
1.698783952592E1));
#6196=CARTESIAN_POINT('',(-1.812171784304E0,6.993401824800E-2,
1.692645063704E1));
#6197=CARTESIAN_POINT('',(-1.720091645394E0,4.344779218330E-1,
1.689575619259E1));
#6198=CARTESIAN_POINT('',(-6.419171967767E-1,-1.922776743383E0,
1.969636317531E1));
#6199=CARTESIAN_POINT('',(-1.049416728347E0,-1.786733410275E0,
1.966566873086E1));
#6200=CARTESIAN_POINT('',(-1.773623718339E0,-1.247167857090E0,
1.960427984197E1));
#6201=CARTESIAN_POINT('',(-2.167804656650E0,4.991655642520E-2,
1.951219650864E1));
#6202=CARTESIAN_POINT('',(-1.714527152270E0,1.327402966132E0,1.942011317531E1));
#6203=CARTESIAN_POINT('',(-5.912773725495E-1,2.086158622824E0,
1.932802984197E1));
#6204=CARTESIAN_POINT('',(7.630656693746E-1,2.029627736351E0,1.923594650864E1));
#6205=CARTESIAN_POINT('',(1.819194050551E0,1.179911056968E0,1.914386317531E1));
#6206=CARTESIAN_POINT('',(2.164374714392E0,-1.309205687847E-1,
1.905177984197E1));
#6207=CARTESIAN_POINT('',(1.663707755041E0,-1.390587730057E0,1.895969650864E1));
#6208=CARTESIAN_POINT('',(5.128565175868E-1,-2.106807065018E0,
1.886761317531E1));
#6209=CARTESIAN_POINT('',(-8.384213511123E-1,-1.999676834799E0,
1.877552984197E1));
#6210=CARTESIAN_POINT('',(-1.862040425620E0,-1.111064020445E0,
1.868344650864E1));
#6211=CARTESIAN_POINT('',(-2.157965835395E0,2.117575473855E-1,
1.859136317531E1));
#6212=CARTESIAN_POINT('',(-1.610548613806E0,1.451823325223E0,1.849927984197E1));
#6213=CARTESIAN_POINT('',(-4.337218424919E-1,2.124510100837E0,
1.840719650864E1));
#6214=CARTESIAN_POINT('',(9.126053508321E-1,1.966928895215E0,1.831511317531E1));
#6215=CARTESIAN_POINT('',(1.902282320647E0,1.040663143263E0,1.822302984197E1));
#6216=CARTESIAN_POINT('',(2.148538912535E0,-2.922983861036E-1,
1.813094650864E1));
#6217=CARTESIAN_POINT('',(1.555136956886E0,-1.511028408250E0,1.803886317531E1));
#6218=CARTESIAN_POINT('',(3.539805729617E-1,-2.139241818743E0,
1.794677984197E1));
#6219=CARTESIAN_POINT('',(-9.855129907509E-1,-1.931430027381E0,
1.785469650864E1));
#6220=CARTESIAN_POINT('',(-1.939863701407E0,-9.688068043395E-1,
1.776261317531E1));
#6221=CARTESIAN_POINT('',(-2.136107064151E0,3.724304178214E-1,
1.767052984197E1));
#6222=CARTESIAN_POINT('',(-1.497550299055E0,1.568120186287E0,1.757844650864E1));
#6223=CARTESIAN_POINT('',(-2.737442341985E-1,2.150981595321E0,
1.748636317531E1));
#6224=CARTESIAN_POINT('',(1.057042318807E0,1.893229947967E0,1.739427984197E1));
#6225=CARTESIAN_POINT('',(1.974731943306E0,8.955952478652E-1,1.730219650864E1));
#6226=CARTESIAN_POINT('',(2.120687915978E0,-4.520406253550E-1,
1.721011317531E1));
#6227=CARTESIAN_POINT('',(1.437868289407E0,-1.623022339091E0,1.711802984197E1));
#6228=CARTESIAN_POINT('',(1.931283695172E-1,-2.159699845639E0,
1.702594650864E1));
#6229=CARTESIAN_POINT('',(-1.127105705874E0,-1.852431218638E0,
1.693386317531E1));
#6230=CARTESIAN_POINT('',(-2.006791961066E0,-8.209474910213E-1,
1.684177984197E1));
#6231=CARTESIAN_POINT('',(-2.070581252049E0,7.990636887682E-2,
1.678039095309E1));
#6232=CARTESIAN_POINT('',(-1.965370801823E0,4.964329801228E-1,
1.674969650864E1));
#6233=CARTESIAN_POINT('',(-7.220287504726E-1,-2.162740142239E0,
1.955030349136E1));
#6234=CARTESIAN_POINT('',(-1.180384406116E0,-2.009718540220E0,
1.951960904691E1));
#6235=CARTESIAN_POINT('',(-1.994972752859E0,-1.402814964307E0,
1.945822015803E1));
#6236=CARTESIAN_POINT('',(-2.438347648839E0,5.614616502651E-2,
1.936613682469E1));
#6237=CARTESIAN_POINT('',(-1.928500908872E0,1.493063450898E0,1.927405349136E1));
#6238=CARTESIAN_POINT('',(-6.650690534984E-1,2.346512153419E0,
1.918197015803E1));
#6239=CARTESIAN_POINT('',(8.582966067176E-1,2.282926186993E0,1.908988682469E1));
#6240=CARTESIAN_POINT('',(2.046230282943E0,1.327164485403E0,1.899780349136E1));
#6241=CARTESIAN_POINT('',(2.434489648250E0,-1.472595144131E-1,
1.890572015803E1));
#6242=CARTESIAN_POINT('',(1.871339228105E0,-1.564133701663E0,1.881363682469E1));
#6243=CARTESIAN_POINT('',(5.768612407088E-1,-2.369737530448E0,
1.872155349136E1));
#6244=CARTESIAN_POINT('',(-9.430567112907E-1,-2.249237399511E0,
1.862947015803E1));
#6245=CARTESIAN_POINT('',(-2.094423904814E0,-1.249725307883E0,
1.853738682469E1));
#6246=CARTESIAN_POINT('',(-2.427280938284E0,2.381849841532E-1,
1.844530349136E1));
#6247=CARTESIAN_POINT('',(-1.811545802232E0,1.633011526536E0,1.835322015803E1));
#6248=CARTESIAN_POINT('',(-4.878505227148E-1,2.389649913067E0,
1.826113682469E1));
#6249=CARTESIAN_POINT('',(1.026498907405E0,2.212402502397E0,1.816905349136E1));
#6250=CARTESIAN_POINT('',(2.139688006366E0,1.170538369694E0,1.807697015803E1));
#6251=CARTESIAN_POINT('',(2.416677531229E0,-3.287773556205E-1,
1.798488682469E1));
#6252=CARTESIAN_POINT('',(1.749218745708E0,-1.699605430444E0,1.789280349136E1));
#6253=CARTESIAN_POINT('',(3.981575070282E-1,-2.406220155967E0,
1.780072015803E1));
#6254=CARTESIAN_POINT('',(-1.108505453444E0,-2.172473359956E0,
1.770863682469E1));
#6255=CARTESIAN_POINT('',(-2.181959560279E0,-1.089714327485E0,
1.761655349136E1));
#6256=CARTESIAN_POINT('',(-2.402694182598E0,4.189099007908E-1,
1.752447015803E1));
#6257=CARTESIAN_POINT('',(-1.684445247185E0,1.763822287954E0,1.743238682469E1));
#6258=CARTESIAN_POINT('',(-3.079076372465E-1,2.419425061920E0,
1.734030349136E1));
#6259=CARTESIAN_POINT('',(1.188961673682E0,2.129505893521E0,1.724822015803E1));
#6260=CARTESIAN_POINT('',(2.221179374386E0,1.007365935969E0,1.715613682469E1));
#6261=CARTESIAN_POINT('',(2.385350717825E0,-5.084554978848E-1,
1.706405349136E1));
#6262=CARTESIAN_POINT('',(1.617314895999E0,-1.825576254021E0,1.697197015803E1));
#6263=CARTESIAN_POINT('',(2.172308765423E-1,-2.429231353783E0,
1.687988682469E1));
#6264=CARTESIAN_POINT('',(-1.267769002839E0,-2.083615464496E0,
1.678780349136E1));
#6265=CARTESIAN_POINT('',(-2.257240496723E0,-9.234021056332E-1,
1.669572015803E1));
#6266=CARTESIAN_POINT('',(-2.328990719794E0,8.987871950564E-2,
1.663433126914E1));
#6267=CARTESIAN_POINT('',(-2.210649958252E0,5.583880384126E-1,
1.660363682469E1));
#6268=CARTESIAN_POINT('',(-8.021403041686E-1,-2.402703541096E0,
1.940424380741E1));
#6269=CARTESIAN_POINT('',(-1.311352083886E0,-2.232703670166E0,
1.937354936296E1));
#6270=CARTESIAN_POINT('',(-2.216321787378E0,-1.558462071524E0,
1.931216047408E1));
#6271=CARTESIAN_POINT('',(-2.708890641028E0,6.237577362783E-2,
1.922007714074E1));
#6272=CARTESIAN_POINT('',(-2.142474665475E0,1.658723935663E0,1.912799380741E1));
#6273=CARTESIAN_POINT('',(-7.388607344474E-1,2.606865684014E0,
1.903591047408E1));
#6274=CARTESIAN_POINT('',(9.535275440606E-1,2.536224637634E0,1.894382714074E1));
#6275=CARTESIAN_POINT('',(2.273266515335E0,1.474417913838E0,1.885174380741E1));
#6276=CARTESIAN_POINT('',(2.704604582109E0,-1.635984600416E-1,
1.875966047408E1));
#6277=CARTESIAN_POINT('',(2.078970701170E0,-1.737679673269E0,1.866757714074E1));
#6278=CARTESIAN_POINT('',(6.408659638309E-1,-2.632667995878E0,
1.857549380741E1));
#6279=CARTESIAN_POINT('',(-1.047692071469E0,-2.498797964222E0,
1.848341047408E1));
#6280=CARTESIAN_POINT('',(-2.326807384007E0,-1.388386595321E0,
1.839132714074E1));
#6281=CARTESIAN_POINT('',(-2.696596041173E0,2.646124209209E-1,
1.829924380741E1));
#6282=CARTESIAN_POINT('',(-2.012542990659E0,1.814199727848E0,1.820716047408E1));
#6283=CARTESIAN_POINT('',(-5.419792029376E-1,2.654789725297E0,
1.811507714074E1));
#6284=CARTESIAN_POINT('',(1.140392463979E0,2.457876109579E0,1.802299380741E1));
#6285=CARTESIAN_POINT('',(2.377093692085E0,1.300413596124E0,1.793091047408E1));
#6286=CARTESIAN_POINT('',(2.684816149923E0,-3.652563251374E-1,
1.783882714074E1));
#6287=CARTESIAN_POINT('',(1.943300534531E0,-1.888182452639E0,1.774674380741E1));
#6288=CARTESIAN_POINT('',(4.423344410947E-1,-2.673198493191E0,
1.765466047408E1));
#6289=CARTESIAN_POINT('',(-1.231497916137E0,-2.413516692531E0,
1.756257714074E1));
#6290=CARTESIAN_POINT('',(-2.424055419150E0,-1.210621850631E0,
1.747049380741E1));
#6291=CARTESIAN_POINT('',(-2.669281301044E0,4.653893837601E-1,
1.737841047408E1));
#6292=CARTESIAN_POINT('',(-1.871340195314E0,1.959524389621E0,1.728632714074E1));
#6293=CARTESIAN_POINT('',(-3.420710402945E-1,2.687868528520E0,
1.719424380741E1));
#6294=CARTESIAN_POINT('',(1.320881028557E0,2.365781839074E0,1.710216047408E1));
#6295=CARTESIAN_POINT('',(2.467626805465E0,1.119136624072E0,1.701007714074E1));
#6296=CARTESIAN_POINT('',(2.650013519673E0,-5.648703704147E-1,
1.691799380741E1));
#6297=CARTESIAN_POINT('',(1.796761502591E0,-2.028130168950E0,1.682591047408E1));
#6298=CARTESIAN_POINT('',(2.413333835673E-1,-2.698762861928E0,
1.673382714074E1));
#6299=CARTESIAN_POINT('',(-1.408432299804E0,-2.314799710354E0,
1.664174380741E1));
#6300=CARTESIAN_POINT('',(-2.507689032379E0,-1.025856720245E0,
1.654966047408E1));
#6301=CARTESIAN_POINT('',(-2.587400187539E0,9.985107013445E-2,
1.648827158519E1));
#6302=CARTESIAN_POINT('',(-2.455929114681E0,6.203430967025E-1,
1.645757714074E1));
#6303=B_SPLINE_SURFACE_WITH_KNOTS('',3,3,((#6163,#6164,#6165,#6166,#6167,#6168,
#6169,#6170,#6171,#6172,#6173,#6174,#6175,#6176,#6177,#6178,#6179,#6180,#6181,
#6182,#6183,#6184,#6185,#6186,#6187,#6188,#6189,#6190,#6191,#6192,#6193,#6194,
#6195,#6196,#6197),(#6198,#6199,#6200,#6201,#6202,#6203,#6204,#6205,#6206,#6207,
#6208,#6209,#6210,#6211,#6212,#6213,#6214,#6215,#6216,#6217,#6218,#6219,#6220,
#6221,#6222,#6223,#6224,#6225,#6226,#6227,#6228,#6229,#6230,#6231,#6232),(#6233,
#6234,#6235,#6236,#6237,#6238,#6239,#6240,#6241,#6242,#6243,#6244,#6245,#6246,
#6247,#6248,#6249,#6250,#6251,#6252,#6253,#6254,#6255,#6256,#6257,#6258,#6259,
#6260,#6261,#6262,#6263,#6264,#6265,#6266,#6267),(#6268,#6269,#6270,#6271,#6272,
#6273,#6274,#6275,#6276,#6277,#6278,#6279,#6280,#6281,#6282,#6283,#6284,#6285,
#6286,#6287,#6288,#6289,#6290,#6291,#6292,#6293,#6294,#6295,#6296,#6297,#6298,
#6299,#6300,#6301,#6302)),.UNSPECIFIED.,.F.,.F.,.F.,(4,4),(4,1,1,1,1,1,1,1,1,1,
1,1,1,1,1,1,1,1,1,1,1,1,1,1,1,1,1,1,1,1,1,1,4),(-4.772381481051E-2,
1.047723814811E0),(-2.E-2,1.25E-2,4.5E-2,7.75E-2,1.1E-1,1.425E-1,1.75E-1,
2.075E-1,2.4E-1,2.725E-1,3.05E-1,3.375E-1,3.7E-1,4.025E-1,4.35E-1,4.675E-1,
5.E-1,5.325E-1,5.65E-1,5.975E-1,6.3E-1,6.625E-1,6.95E-1,7.275E-1,7.6E-1,
7.925E-1,8.25E-1,8.575E-1,8.9E-1,9.225E-1,9.55E-1,9.875E-1,1.02E0),
.UNSPECIFIED.);
#6304=ORIENTED_EDGE('',*,*,#4953,.F.);
#6305=ORIENTED_EDGE('',*,*,#5104,.T.);
#6306=ORIENTED_EDGE('',*,*,#5249,.F.);
#6307=ORIENTED_EDGE('',*,*,#4766,.T.);
#6308=ORIENTED_EDGE('',*,*,#4938,.F.);
#6309=ORIENTED_EDGE('',*,*,#5089,.T.);
#6310=ORIENTED_EDGE('',*,*,#5233,.F.);
#6311=ORIENTED_EDGE('',*,*,#4750,.T.);
#6312=ORIENTED_EDGE('',*,*,#4923,.F.);
#6313=ORIENTED_EDGE('',*,*,#5074,.T.);
#6314=ORIENTED_EDGE('',*,*,#5219,.F.);
#6315=ORIENTED_EDGE('',*,*,#5485,.F.);
#6316=ORIENTED_EDGE('',*,*,#5812,.T.);
#6317=ORIENTED_EDGE('',*,*,#6153,.T.);
#6318=ORIENTED_EDGE('',*,*,#5119,.T.);
#6319=ORIENTED_EDGE('',*,*,#5263,.F.);
#6320=ORIENTED_EDGE('',*,*,#4782,.T.);
#6321=EDGE_LOOP('',(#6304,#6305,#6306,#6307,#6308,#6309,#6310,#6311,#6312,#6313,
#6314,#6315,#6316,#6317,#6318,#6319,#6320));
#6322=FACE_OUTER_BOUND('',#6321,.F.);
#6323=ADVANCED_FACE('',(#6322),#6303,.F.);
#6324=CARTESIAN_POINT('',(0.E0,0.E0,2.325000000026E1));
#6325=DIRECTION('',(0.E0,0.E0,-1.E0));
#6326=DIRECTION('',(0.E0,-1.E0,0.E0));
#6327=AXIS2_PLACEMENT_3D('',#6324,#6325,#6326);
#6328=CONICAL_SURFACE('',#6327,2.249999999736E0,4.5E1);
#6329=ORIENTED_EDGE('',*,*,#5015,.T.);
#6331=ORIENTED_EDGE('',*,*,#6330,.T.);
#6332=ORIENTED_EDGE('',*,*,#5319,.T.);
#6333=ORIENTED_EDGE('',*,*,#4846,.F.);
#6334=EDGE_LOOP('',(#6329,#6331,#6332,#6333));
#6335=FACE_OUTER_BOUND('',#6334,.F.);
#6336=ADVANCED_FACE('',(#6335),#6328,.T.);
#6337=CARTESIAN_POINT('',(0.E0,0.E0,2.35E1));
#6338=DIRECTION('',(0.E0,0.E0,1.E0));
#6339=DIRECTION('',(1.E0,0.E0,0.E0));
#6340=AXIS2_PLACEMENT_3D('',#6337,#6338,#6339);
#6341=PLANE('',#6340);
#6343=ORIENTED_EDGE('',*,*,#6342,.F.);
#6344=ORIENTED_EDGE('',*,*,#6330,.F.);
#6345=EDGE_LOOP('',(#6343,#6344));
#6346=FACE_OUTER_BOUND('',#6345,.F.);
#6347=ADVANCED_FACE('',(#6346),#6341,.T.);
#6348=CARTESIAN_POINT('',(0.E0,0.E0,2.325000000026E1));
#6349=DIRECTION('',(0.E0,0.E0,-1.E0));
#6350=DIRECTION('',(0.E0,-1.E0,0.E0));
#6351=AXIS2_PLACEMENT_3D('',#6348,#6349,#6350);
#6352=CONICAL_SURFACE('',#6351,2.249999999736E0,4.5E1);
#6353=ORIENTED_EDGE('',*,*,#5013,.T.);
#6354=ORIENTED_EDGE('',*,*,#5172,.F.);
#6355=ORIENTED_EDGE('',*,*,#4862,.F.);
#6356=ORIENTED_EDGE('',*,*,#5321,.T.);
#6357=ORIENTED_EDGE('',*,*,#6342,.T.);
#6358=EDGE_LOOP('',(#6353,#6354,#6355,#6356,#6357));
#6359=FACE_OUTER_BOUND('',#6358,.F.);
#6360=ADVANCED_FACE('',(#6359),#6352,.T.);
#6361=CARTESIAN_POINT('',(0.E0,0.E0,0.E0));
#6362=DIRECTION('',(0.E0,0.E0,1.E0));
#6363=DIRECTION('',(0.E0,1.E0,0.E0));
#6364=AXIS2_PLACEMENT_3D('',#6361,#6362,#6363);
#6365=CYLINDRICAL_SURFACE('',#6364,2.5E0);
#6366=ORIENTED_EDGE('',*,*,#4591,.F.);
#6367=ORIENTED_EDGE('',*,*,#4576,.F.);
#6368=ORIENTED_EDGE('',*,*,#4557,.F.);
#6370=ORIENTED_EDGE('',*,*,#6369,.F.);
#6371=ORIENTED_EDGE('',*,*,#4571,.T.);
#6372=EDGE_LOOP('',(#6366,#6367,#6368,#6370,#6371));
#6373=FACE_OUTER_BOUND('',#6372,.F.);
#6374=ADVANCED_FACE('',(#6373),#6365,.T.);
#6375=CARTESIAN_POINT('',(0.E0,0.E0,0.E0));
#6376=DIRECTION('',(0.E0,0.E0,1.E0));
#6377=DIRECTION('',(-1.E0,0.E0,0.E0));
#6378=AXIS2_PLACEMENT_3D('',#6375,#6376,#6377);
#6379=SPHERICAL_SURFACE('',#6378,5.E0);
#6380=ORIENTED_EDGE('',*,*,#4573,.T.);
#6381=ORIENTED_EDGE('',*,*,#6369,.T.);
#6382=ORIENTED_EDGE('',*,*,#4555,.T.);
#6383=ORIENTED_EDGE('',*,*,#4553,.F.);
#6384=EDGE_LOOP('',(#6380,#6381,#6382,#6383));
#6385=FACE_OUTER_BOUND('',#6384,.F.);
#6386=ADVANCED_FACE('',(#6385),#6379,.T.);
#6387=CLOSED_SHELL('',(#4561,#4580,#4599,#4616,#4633,#4645,#4661,#4675,#4695,
#4710,#4726,#4742,#4758,#4774,#4790,#4806,#4822,#4838,#4854,#4868,#4882,#4897,
#4912,#4927,#4942,#4957,#4972,#4987,#5002,#5019,#5033,#5048,#5063,#5078,#5093,
#5108,#5125,#5142,#5157,#5176,#5196,#5210,#5226,#5242,#5256,#5270,#5284,#5298,
#5312,#5328,#5491,#5503,#5664,#5827,#5989,#6001,#6162,#6323,#6336,#6347,#6360,
#6374,#6386));
#6388=MANIFOLD_SOLID_BREP('',#6387);
#6390=DIMENSIONAL_EXPONENTS(0.E0,0.E0,0.E0,0.E0,0.E0,0.E0,0.E0);
#6392=PLANE_ANGLE_MEASURE_WITH_UNIT(PLANE_ANGLE_MEASURE(1.745329251994E-2),
#6391);
#6393=(CONVERSION_BASED_UNIT('DEGREE',#6392)NAMED_UNIT(*)PLANE_ANGLE_UNIT());
#6395=UNCERTAINTY_MEASURE_WITH_UNIT(LENGTH_MEASURE(3.181460390528E-3),#6389,
'closure',
'Maximum model space distance between geometric entities at asserted connectivities');
#6396=(GEOMETRIC_REPRESENTATION_CONTEXT(3)GLOBAL_UNCERTAINTY_ASSIGNED_CONTEXT((
#6395))GLOBAL_UNIT_ASSIGNED_CONTEXT((#6389,#6393,#6394))REPRESENTATION_CONTEXT(
'ID2','3'));
#6397=CARTESIAN_POINT('',(0.E0,0.E0,0.E0));
#6398=DIRECTION('',(0.E0,0.E0,1.E0));
#6399=DIRECTION('',(1.E0,0.E0,0.E0));
#6402=MECHANICAL_CONTEXT('',#2395,'mechanical');
#6403=PRODUCT('PRT0002','PRT0002','NOT SPECIFIED',(#6402));
#6404=PRODUCT_DEFINITION_FORMATION_WITH_SPECIFIED_SOURCE('4','LAST_VERSION',
#6403,.MADE.);
#6410=CARTESIAN_POINT('',(1.115E1,1.059E1,-8.4E0));
#6411=DIRECTION('',(0.E0,1.E0,0.E0));
#6412=DIRECTION('',(1.E0,0.E0,0.E0));
#6413=AXIS2_PLACEMENT_3D('',#6410,#6411,#6412);
#6414=ITEM_DEFINED_TRANSFORMATION('','',#6400,#6413);
#6415=(REPRESENTATION_RELATIONSHIP('','',#6401,#2406)REPRESENTATION_RELATIONSHIP_WITH_TRANSFORMATION(#6414)SHAPE_REPRESENTATION_RELATIONSHIP());
#6416=CONTEXT_DEPENDENT_SHAPE_REPRESENTATION(#6415,#6409);
#6417=CARTESIAN_POINT('',(0.E0,0.E0,-1.469576158977E-14));
#6418=DIRECTION('',(0.E0,-1.E0,0.E0));
#6419=DIRECTION('',(1.E0,0.E0,0.E0));
#6420=AXIS2_PLACEMENT_3D('',#6417,#6418,#6419);
#6422=CARTESIAN_POINT('',(0.E0,0.E0,0.E0));
#6423=DIRECTION('',(0.E0,-1.E0,0.E0));
#6424=DIRECTION('',(-1.E0,0.E0,0.E0));
#6425=AXIS2_PLACEMENT_3D('',#6422,#6423,#6424);
#6427=DIRECTION('',(7.071067811865E-1,7.071067811865E-1,4.822686108501E-10));
#6428=VECTOR('',#6427,2.828427124790E-1);
#6429=CARTESIAN_POINT('',(4.799999999986E0,-1.430677798453E-11,
-6.235631519540E-10));
#6430=LINE('',#6429,#6428);
#6431=DIRECTION('',(-7.071067811865E-1,7.071067811865E-1,-4.822631920657E-10));
#6432=VECTOR('',#6431,2.828427124790E-1);
#6433=CARTESIAN_POINT('',(-4.799999999986E0,-1.430677798453E-11,
6.235627511630E-10));
#6434=LINE('',#6433,#6432);
#6435=CARTESIAN_POINT('',(0.E0,2.3E0,0.E0));
#6436=DIRECTION('',(0.E0,1.E0,0.E0));
#6437=DIRECTION('',(1.E0,0.E0,0.E0));
#6438=AXIS2_PLACEMENT_3D('',#6435,#6436,#6437);
#6440=CARTESIAN_POINT('',(0.E0,2.E-1,0.E0));
#6441=DIRECTION('',(0.E0,-1.E0,0.E0));
#6442=DIRECTION('',(-1.E0,0.E0,0.E0));
#6443=AXIS2_PLACEMENT_3D('',#6440,#6441,#6442);
#6445=DIRECTION('',(0.E0,1.E0,0.E0));
#6446=VECTOR('',#6445,2.100000000022E0);
#6447=CARTESIAN_POINT('',(4.999999999989E0,1.999999999888E-1,
-4.871569899176E-10));
#6448=LINE('',#6447,#6446);
#6449=DIRECTION('',(7.071067811865E-1,-7.071067811865E-1,4.822712800073E-10));
#6450=VECTOR('',#6449,2.828427124790E-1);
#6451=CARTESIAN_POINT('',(4.799999999986E0,2.500000000014E0,
-6.235627966826E-10));
#6452=LINE('',#6451,#6450);
#6453=CARTESIAN_POINT('',(0.E0,2.5E0,0.E0));
#6454=DIRECTION('',(0.E0,-1.E0,0.E0));
#6455=DIRECTION('',(0.E0,0.E0,1.E0));
#6456=AXIS2_PLACEMENT_3D('',#6453,#6454,#6455);
#6458=CARTESIAN_POINT('',(0.E0,2.5E0,0.E0));
#6459=DIRECTION('',(0.E0,-1.E0,0.E0));
#6460=DIRECTION('',(0.E0,0.E0,-1.E0));
#6461=AXIS2_PLACEMENT_3D('',#6458,#6459,#6460);
#6463=CARTESIAN_POINT('',(0.E0,2.5E0,-1.469576158977E-14));
#6464=DIRECTION('',(0.E0,1.E0,0.E0));
#6465=DIRECTION('',(-1.E0,0.E0,0.E0));
#6466=AXIS2_PLACEMENT_3D('',#6463,#6464,#6465);
#6468=CARTESIAN_POINT('',(0.E0,2.5E0,0.E0));
#6469=DIRECTION('',(0.E0,1.E0,0.E0));
#6470=DIRECTION('',(1.E0,0.E0,0.E0));
#6471=AXIS2_PLACEMENT_3D('',#6468,#6469,#6470);
#6473=CARTESIAN_POINT('',(0.E0,5.5E0,0.E0));
#6474=DIRECTION('',(1.E0,0.E0,0.E0));
#6475=DIRECTION('',(0.E0,-6.E-1,8.E-1));
#6476=AXIS2_PLACEMENT_3D('',#6473,#6474,#6475);
#6478=CARTESIAN_POINT('',(0.E0,5.5E0,0.E0));
#6479=DIRECTION('',(-1.E0,0.E0,0.E0));
#6480=DIRECTION('',(0.E0,-6.E-1,-8.E-1));
#6481=AXIS2_PLACEMENT_3D('',#6478,#6479,#6480);
#6483=DIRECTION('',(-7.071067811865E-1,-7.071067811865E-1,-4.822638986073E-10));
#6484=VECTOR('',#6483,2.828427124790E-1);
#6485=CARTESIAN_POINT('',(-4.799999999986E0,2.500000000014E0,
6.235623958917E-10));
#6486=LINE('',#6485,#6484);
#6487=CARTESIAN_POINT('',(0.E0,2.3E0,0.E0));
#6488=DIRECTION('',(0.E0,1.E0,0.E0));
#6489=DIRECTION('',(-1.E0,0.E0,0.E0));
#6490=AXIS2_PLACEMENT_3D('',#6487,#6488,#6489);
#6492=CARTESIAN_POINT('',(0.E0,2.E-1,0.E0));
#6493=DIRECTION('',(0.E0,-1.E0,0.E0));
#6494=DIRECTION('',(1.E0,0.E0,0.E0));
#6495=AXIS2_PLACEMENT_3D('',#6492,#6493,#6494);
#6497=DIRECTION('',(0.E0,1.E0,0.E0));
#6498=VECTOR('',#6497,2.100000000022E0);
#6499=CARTESIAN_POINT('',(-4.999999999989E0,1.999999999888E-1,
4.871581217904E-10));
#6500=LINE('',#6499,#6498);
#6501=CARTESIAN_POINT('',(0.E0,2.5E0,4.E0));
#6502=CARTESIAN_POINT('',(0.E0,2.5E0,-4.E0));
#6503=VERTEX_POINT('',#6501);
#6504=VERTEX_POINT('',#6502);
#6505=CARTESIAN_POINT('',(0.E0,5.E-1,0.E0));
#6506=VERTEX_POINT('',#6505);
#6507=CARTESIAN_POINT('',(-4.8E0,2.5E0,0.E0));
#6508=CARTESIAN_POINT('',(4.8E0,2.5E0,0.E0));
#6509=VERTEX_POINT('',#6507);
#6510=VERTEX_POINT('',#6508);
#6511=CARTESIAN_POINT('',(-5.E0,2.3E0,0.E0));
#6512=CARTESIAN_POINT('',(5.E0,2.3E0,0.E0));
#6513=VERTEX_POINT('',#6511);
#6514=VERTEX_POINT('',#6512);
#6515=CARTESIAN_POINT('',(4.8E0,0.E0,0.E0));
#6516=CARTESIAN_POINT('',(-4.8E0,0.E0,0.E0));
#6517=VERTEX_POINT('',#6515);
#6518=VERTEX_POINT('',#6516);
#6519=CARTESIAN_POINT('',(5.E0,2.E-1,0.E0));
#6520=CARTESIAN_POINT('',(-5.E0,2.E-1,0.E0));
#6521=VERTEX_POINT('',#6519);
#6522=VERTEX_POINT('',#6520);
#6523=CARTESIAN_POINT('',(0.E0,0.E0,0.E0));
#6524=DIRECTION('',(0.E0,1.E0,0.E0));
#6525=DIRECTION('',(1.E0,0.E0,0.E0));
#6526=AXIS2_PLACEMENT_3D('',#6523,#6524,#6525);
#6527=PLANE('',#6526);
#6529=ORIENTED_EDGE('',*,*,#6528,.F.);
#6531=ORIENTED_EDGE('',*,*,#6530,.F.);
#6532=EDGE_LOOP('',(#6529,#6531));
#6533=FACE_OUTER_BOUND('',#6532,.F.);
#6534=ADVANCED_FACE('',(#6533),#6527,.F.);
#6535=CARTESIAN_POINT('',(0.E0,9.999999998593E-2,-1.469576158977E-14));
#6536=DIRECTION('',(0.E0,1.E0,0.E0));
#6537=DIRECTION('',(0.E0,0.E0,-1.E0));
#6538=AXIS2_PLACEMENT_3D('',#6535,#6536,#6537);
#6539=CONICAL_SURFACE('',#6538,4.899999999986E0,4.5E1);
#6540=ORIENTED_EDGE('',*,*,#6528,.T.);
#6542=ORIENTED_EDGE('',*,*,#6541,.T.);
#6544=ORIENTED_EDGE('',*,*,#6543,.F.);
#6546=ORIENTED_EDGE('',*,*,#6545,.F.);
#6547=EDGE_LOOP('',(#6540,#6542,#6544,#6546));
#6548=FACE_OUTER_BOUND('',#6547,.F.);
#6549=ADVANCED_FACE('',(#6548),#6539,.T.);
#6550=CARTESIAN_POINT('',(0.E0,9.999999998593E-2,0.E0));
#6551=DIRECTION('',(0.E0,1.E0,0.E0));
#6552=DIRECTION('',(0.E0,0.E0,-1.E0));
#6553=AXIS2_PLACEMENT_3D('',#6550,#6551,#6552);
#6554=CONICAL_SURFACE('',#6553,4.899999999986E0,4.5E1);
#6555=ORIENTED_EDGE('',*,*,#6530,.T.);
#6556=ORIENTED_EDGE('',*,*,#6545,.T.);
#6558=ORIENTED_EDGE('',*,*,#6557,.F.);
#6559=ORIENTED_EDGE('',*,*,#6541,.F.);
#6560=EDGE_LOOP('',(#6555,#6556,#6558,#6559));
#6561=FACE_OUTER_BOUND('',#6560,.F.);
#6562=ADVANCED_FACE('',(#6561),#6554,.T.);
#6563=CARTESIAN_POINT('',(0.E0,0.E0,0.E0));
#6564=DIRECTION('',(0.E0,1.E0,0.E0));
#6565=DIRECTION('',(1.E0,0.E0,0.E0));
#6566=AXIS2_PLACEMENT_3D('',#6563,#6564,#6565);
#6567=CYLINDRICAL_SURFACE('',#6566,5.E0);
#6569=ORIENTED_EDGE('',*,*,#6568,.T.);
#6571=ORIENTED_EDGE('',*,*,#6570,.F.);
#6572=ORIENTED_EDGE('',*,*,#6557,.T.);
#6574=ORIENTED_EDGE('',*,*,#6573,.T.);
#6575=EDGE_LOOP('',(#6569,#6571,#6572,#6574));
#6576=FACE_OUTER_BOUND('',#6575,.F.);
#6577=ADVANCED_FACE('',(#6576),#6567,.T.);
#6578=CARTESIAN_POINT('',(0.E0,2.400000000014E0,0.E0));
#6579=DIRECTION('',(0.E0,-1.E0,0.E0));
#6580=DIRECTION('',(0.E0,0.E0,-1.E0));
#6581=AXIS2_PLACEMENT_3D('',#6578,#6579,#6580);
#6582=CONICAL_SURFACE('',#6581,4.899999999986E0,4.5E1);
#6584=ORIENTED_EDGE('',*,*,#6583,.T.);
#6586=ORIENTED_EDGE('',*,*,#6585,.T.);
#6587=ORIENTED_EDGE('',*,*,#6568,.F.);
#6589=ORIENTED_EDGE('',*,*,#6588,.F.);
#6590=EDGE_LOOP('',(#6584,#6586,#6587,#6589));
#6591=FACE_OUTER_BOUND('',#6590,.F.);
#6592=ADVANCED_FACE('',(#6591),#6582,.T.);
#6593=CARTESIAN_POINT('',(0.E0,2.5E0,0.E0));
#6594=DIRECTION('',(0.E0,1.E0,0.E0));
#6595=DIRECTION('',(1.E0,0.E0,0.E0));
#6596=AXIS2_PLACEMENT_3D('',#6593,#6594,#6595);
#6597=PLANE('',#6596);
#6599=ORIENTED_EDGE('',*,*,#6598,.F.);
#6600=ORIENTED_EDGE('',*,*,#6583,.F.);
#6601=EDGE_LOOP('',(#6599,#6600));
#6602=FACE_OUTER_BOUND('',#6601,.F.);
#6604=ORIENTED_EDGE('',*,*,#6603,.F.);
#6606=ORIENTED_EDGE('',*,*,#6605,.F.);
#6607=EDGE_LOOP('',(#6604,#6606));
#6608=FACE_BOUND('',#6607,.F.);
#6609=ADVANCED_FACE('',(#6602,#6608),#6597,.T.);
#6610=CARTESIAN_POINT('',(0.E0,5.5E0,0.E0));
#6611=DIRECTION('',(0.E0,-1.E0,0.E0));
#6612=DIRECTION('',(0.E0,0.E0,1.E0));
#6613=AXIS2_PLACEMENT_3D('',#6610,#6611,#6612);
#6614=SPHERICAL_SURFACE('',#6613,5.E0);
#6615=ORIENTED_EDGE('',*,*,#6603,.T.);
#6617=ORIENTED_EDGE('',*,*,#6616,.T.);
#6619=ORIENTED_EDGE('',*,*,#6618,.F.);
#6620=EDGE_LOOP('',(#6615,#6617,#6619));
#6621=FACE_OUTER_BOUND('',#6620,.F.);
#6622=ADVANCED_FACE('',(#6621),#6614,.F.);
#6623=CARTESIAN_POINT('',(0.E0,5.5E0,0.E0));
#6624=DIRECTION('',(0.E0,-1.E0,0.E0));
#6625=DIRECTION('',(0.E0,0.E0,1.E0));
#6626=AXIS2_PLACEMENT_3D('',#6623,#6624,#6625);
#6627=SPHERICAL_SURFACE('',#6626,5.E0);
#6628=ORIENTED_EDGE('',*,*,#6605,.T.);
#6629=ORIENTED_EDGE('',*,*,#6618,.T.);
#6630=ORIENTED_EDGE('',*,*,#6616,.F.);
#6631=EDGE_LOOP('',(#6628,#6629,#6630));
#6632=FACE_OUTER_BOUND('',#6631,.F.);
#6633=ADVANCED_FACE('',(#6632),#6627,.F.);
#6634=CARTESIAN_POINT('',(0.E0,2.400000000014E0,-1.469576158977E-14));
#6635=DIRECTION('',(0.E0,-1.E0,0.E0));
#6636=DIRECTION('',(0.E0,0.E0,-1.E0));
#6637=AXIS2_PLACEMENT_3D('',#6634,#6635,#6636);
#6638=CONICAL_SURFACE('',#6637,4.899999999986E0,4.5E1);
#6639=ORIENTED_EDGE('',*,*,#6598,.T.);
#6640=ORIENTED_EDGE('',*,*,#6588,.T.);
#6642=ORIENTED_EDGE('',*,*,#6641,.F.);
#6643=ORIENTED_EDGE('',*,*,#6585,.F.);
#6644=EDGE_LOOP('',(#6639,#6640,#6642,#6643));
#6645=FACE_OUTER_BOUND('',#6644,.F.);
#6646=ADVANCED_FACE('',(#6645),#6638,.T.);
#6647=CARTESIAN_POINT('',(0.E0,0.E0,0.E0));
#6648=DIRECTION('',(0.E0,1.E0,0.E0));
#6649=DIRECTION('',(1.E0,0.E0,0.E0));
#6650=AXIS2_PLACEMENT_3D('',#6647,#6648,#6649);
#6651=CYLINDRICAL_SURFACE('',#6650,5.E0);
#6652=ORIENTED_EDGE('',*,*,#6641,.T.);
#6653=ORIENTED_EDGE('',*,*,#6573,.F.);
#6654=ORIENTED_EDGE('',*,*,#6543,.T.);
#6655=ORIENTED_EDGE('',*,*,#6570,.T.);
#6656=EDGE_LOOP('',(#6652,#6653,#6654,#6655));
#6657=FACE_OUTER_BOUND('',#6656,.F.);
#6658=ADVANCED_FACE('',(#6657),#6651,.T.);
#6659=CLOSED_SHELL('',(#6534,#6549,#6562,#6577,#6592,#6609,#6622,#6633,#6646,
#6658));
#6660=MANIFOLD_SOLID_BREP('',#6659);
#6662=DIMENSIONAL_EXPONENTS(0.E0,0.E0,0.E0,0.E0,0.E0,0.E0,0.E0);
#6664=PLANE_ANGLE_MEASURE_WITH_UNIT(PLANE_ANGLE_MEASURE(1.745329251994E-2),
#6663);
#6665=(CONVERSION_BASED_UNIT('DEGREE',#6664)NAMED_UNIT(*)PLANE_ANGLE_UNIT());
#6667=UNCERTAINTY_MEASURE_WITH_UNIT(LENGTH_MEASURE(1.436083216009E-3),#6661,
'closure',
'Maximum model space distance between geometric entities at asserted connectivities');
#6668=(GEOMETRIC_REPRESENTATION_CONTEXT(3)GLOBAL_UNCERTAINTY_ASSIGNED_CONTEXT((
#6667))GLOBAL_UNIT_ASSIGNED_CONTEXT((#6661,#6665,#6666))REPRESENTATION_CONTEXT(
'ID3','3'));
#6669=CARTESIAN_POINT('',(0.E0,0.E0,0.E0));
#6670=DIRECTION('',(0.E0,0.E0,1.E0));
#6671=DIRECTION('',(1.E0,0.E0,0.E0));
#6674=DESIGN_CONTEXT('',#2395,'design');
#6675=MECHANICAL_CONTEXT('',#2395,'mechanical');
#6676=PRODUCT('PRT0003','PRT0003','NOT SPECIFIED',(#6675));
#6677=PRODUCT_DEFINITION_FORMATION_WITH_SPECIFIED_SOURCE('1','LAST_VERSION',
#6676,.MADE.);
#6683=CARTESIAN_POINT('',(1.115E1,5.09E0,-8.4E0));
#6684=DIRECTION('',(0.E0,0.E0,1.E0));
#6685=DIRECTION('',(1.E0,0.E0,0.E0));
#6686=AXIS2_PLACEMENT_3D('',#6683,#6684,#6685);
#6687=ITEM_DEFINED_TRANSFORMATION('','',#6672,#6686);
#6688=(REPRESENTATION_RELATIONSHIP('','',#6673,#2406)REPRESENTATION_RELATIONSHIP_WITH_TRANSFORMATION(#6687)SHAPE_REPRESENTATION_RELATIONSHIP());
#6689=CONTEXT_DEPENDENT_SHAPE_REPRESENTATION(#6688,#6682);
#6690=CARTESIAN_POINT('',(0.E0,0.E0,0.E0));
#6691=DIRECTION('',(0.E0,0.E0,1.E0));
#6692=DIRECTION('',(-1.E0,0.E0,0.E0));
#6693=AXIS2_PLACEMENT_3D('',#6690,#6691,#6692);
#6695=CARTESIAN_POINT('',(0.E0,0.E0,0.E0));
#6696=DIRECTION('',(0.E0,0.E0,-1.E0));
#6697=DIRECTION('',(-1.E0,0.E0,0.E0));
#6698=AXIS2_PLACEMENT_3D('',#6695,#6696,#6697);
#6700=CARTESIAN_POINT('',(0.E0,0.E0,0.E0));
#6701=DIRECTION('',(0.E0,0.E0,-1.E0));
#6702=DIRECTION('',(-1.E0,0.E0,0.E0));
#6703=AXIS2_PLACEMENT_3D('',#6700,#6701,#6702);
#6705=DIRECTION('',(0.E0,0.E0,-1.E0));
#6706=VECTOR('',#6705,1.E-1);
#6707=CARTESIAN_POINT('',(-4.498432015619E0,0.E0,0.E0));
#6708=LINE('',#6707,#6706);
#6709=DIRECTION('',(0.E0,0.E0,-1.E0));
#6710=VECTOR('',#6709,1.E-1);
#6711=CARTESIAN_POINT('',(4.498432015619E0,0.E0,0.E0));
#6712=LINE('',#6711,#6710);
#6713=CARTESIAN_POINT('',(0.E0,0.E0,0.E0));
#6714=DIRECTION('',(0.E0,0.E0,1.E0));
#6715=DIRECTION('',(-1.E0,0.E0,0.E0));
#6716=AXIS2_PLACEMENT_3D('',#6713,#6714,#6715);
#6718=DIRECTION('',(9.757974637281E-1,0.E0,-2.186762670749E-1));
#6719=VECTOR('',#6718,1.829187983454E0);
#6720=CARTESIAN_POINT('',(-4.498432015619E0,0.E0,-1.E-1));
#6721=LINE('',#6720,#6719);
#6722=DIRECTION('',(-9.757974637281E-1,0.E0,-2.186762670749E-1));
#6723=VECTOR('',#6722,1.829187983454E0);
#6724=CARTESIAN_POINT('',(4.498432015619E0,0.E0,-1.E-1));
#6725=LINE('',#6724,#6723);
#6726=CARTESIAN_POINT('',(0.E0,0.E0,-1.E-1));
#6727=DIRECTION('',(0.E0,0.E0,1.E0));
#6728=DIRECTION('',(-1.E0,0.E0,0.E0));
#6729=AXIS2_PLACEMENT_3D('',#6726,#6727,#6728);
#6731=CARTESIAN_POINT('',(0.E0,0.E0,-1.E-1));
#6732=DIRECTION('',(0.E0,0.E0,-1.E0));
#6733=DIRECTION('',(-1.E0,0.E0,0.E0));
#6734=AXIS2_PLACEMENT_3D('',#6731,#6732,#6733);
#6736=CARTESIAN_POINT('',(0.E0,0.E0,-5.E-1));
#6737=DIRECTION('',(0.E0,0.E0,1.E0));
#6738=DIRECTION('',(-1.E0,0.E0,0.E0));
#6739=AXIS2_PLACEMENT_3D('',#6736,#6737,#6738);
#6741=CARTESIAN_POINT('',(0.E0,0.E0,-5.E-1));
#6742=DIRECTION('',(0.E0,0.E0,-1.E0));
#6743=DIRECTION('',(-1.E0,0.E0,0.E0));
#6744=AXIS2_PLACEMENT_3D('',#6741,#6742,#6743);
#6746=CARTESIAN_POINT('',(0.E0,0.E0,-5.E-1));
#6747=DIRECTION('',(0.E0,0.E0,-1.E0));
#6748=DIRECTION('',(1.E0,0.E0,0.E0));
#6749=AXIS2_PLACEMENT_3D('',#6746,#6747,#6748);
#6751=CARTESIAN_POINT('',(0.E0,0.E0,-5.E-1));
#6752=DIRECTION('',(0.E0,0.E0,-1.E0));
#6753=DIRECTION('',(-1.E0,0.E0,0.E0));
#6754=AXIS2_PLACEMENT_3D('',#6751,#6752,#6753);
#6756=DIRECTION('',(0.E0,0.E0,1.E0));
#6757=VECTOR('',#6756,5.E-1);
#6758=CARTESIAN_POINT('',(2.5E0,0.E0,-1.E0));
#6759=LINE('',#6758,#6757);
#6760=DIRECTION('',(0.E0,0.E0,1.E0));
#6761=VECTOR('',#6760,5.E-1);
#6762=CARTESIAN_POINT('',(-2.5E0,0.E0,-1.E0));
#6763=LINE('',#6762,#6761);
#6764=CARTESIAN_POINT('',(0.E0,0.E0,-1.E0));
#6765=DIRECTION('',(0.E0,0.E0,-1.E0));
#6766=DIRECTION('',(1.E0,0.E0,0.E0));
#6767=AXIS2_PLACEMENT_3D('',#6764,#6765,#6766);
#6769=CARTESIAN_POINT('',(0.E0,0.E0,-1.E0));
#6770=DIRECTION('',(0.E0,0.E0,-1.E0));
#6771=DIRECTION('',(-1.E0,0.E0,0.E0));
#6772=AXIS2_PLACEMENT_3D('',#6769,#6770,#6771);
#6774=DIRECTION('',(-9.757974637281E-1,0.E0,2.186762670749E-1));
#6775=VECTOR('',#6774,2.286484979317E0);
#6776=CARTESIAN_POINT('',(-2.768853756330E0,0.E0,-1.E0));
#6777=LINE('',#6776,#6775);
#6778=DIRECTION('',(9.757974637281E-1,0.E0,2.186762670749E-1));
#6779=VECTOR('',#6778,2.286484979317E0);
#6780=CARTESIAN_POINT('',(2.768853756330E0,0.E0,-1.E0));
#6781=LINE('',#6780,#6779);
#6782=CARTESIAN_POINT('',(0.E0,0.E0,-1.E0));
#6783=DIRECTION('',(0.E0,0.E0,1.E0));
#6784=DIRECTION('',(-1.E0,0.E0,0.E0));
#6785=AXIS2_PLACEMENT_3D('',#6782,#6783,#6784);
#6787=CARTESIAN_POINT('',(0.E0,0.E0,-1.E0));
#6788=DIRECTION('',(0.E0,0.E0,-1.E0));
#6789=DIRECTION('',(-1.E0,0.E0,0.E0));
#6790=AXIS2_PLACEMENT_3D('',#6787,#6788,#6789);
#6792=CARTESIAN_POINT('',(0.E0,0.E0,-5.E-1));
#6793=DIRECTION('',(0.E0,0.E0,-1.E0));
#6794=DIRECTION('',(-1.E0,0.E0,0.E0));
#6795=AXIS2_PLACEMENT_3D('',#6792,#6793,#6794);
#6797=DIRECTION('',(0.E0,0.E0,1.E0));
#6798=VECTOR('',#6797,5.E-1);
#6799=CARTESIAN_POINT('',(-5.E0,0.E0,-5.E-1));
#6800=LINE('',#6799,#6798);
#6801=DIRECTION('',(0.E0,0.E0,1.E0));
#6802=VECTOR('',#6801,5.E-1);
#6803=CARTESIAN_POINT('',(5.E0,0.E0,-5.E-1));
#6804=LINE('',#6803,#6802);
#6805=CARTESIAN_POINT('',(0.E0,0.E0,-5.E-1));
#6806=DIRECTION('',(0.E0,0.E0,1.E0));
#6807=DIRECTION('',(-1.E0,0.E0,0.E0));
#6808=AXIS2_PLACEMENT_3D('',#6805,#6806,#6807);
#6810=CARTESIAN_POINT('',(-4.498432015619E0,0.E0,0.E0));
#6811=CARTESIAN_POINT('',(-4.498432015619E0,0.E0,-1.E-1));
#6812=VERTEX_POINT('',#6810);
#6813=VERTEX_POINT('',#6811);
#6814=CARTESIAN_POINT('',(-2.713515020683E0,0.E0,-5.E-1));
#6815=VERTEX_POINT('',#6814);
#6816=CARTESIAN_POINT('',(-2.768853756330E0,0.E0,-1.E0));
#6817=CARTESIAN_POINT('',(-5.E0,0.E0,-5.E-1));
#6818=VERTEX_POINT('',#6816);
#6819=VERTEX_POINT('',#6817);
#6820=CARTESIAN_POINT('',(-5.E0,0.E0,0.E0));
#6821=VERTEX_POINT('',#6820);
#6822=CARTESIAN_POINT('',(4.498432015619E0,0.E0,0.E0));
#6823=CARTESIAN_POINT('',(4.498432015619E0,0.E0,-1.E-1));
#6824=VERTEX_POINT('',#6822);
#6825=VERTEX_POINT('',#6823);
#6826=CARTESIAN_POINT('',(2.713515020683E0,0.E0,-5.E-1));
#6827=VERTEX_POINT('',#6826);
#6828=CARTESIAN_POINT('',(2.768853756330E0,0.E0,-1.E0));
#6829=CARTESIAN_POINT('',(5.E0,0.E0,-5.E-1));
#6830=VERTEX_POINT('',#6828);
#6831=VERTEX_POINT('',#6829);
#6832=CARTESIAN_POINT('',(5.E0,0.E0,0.E0));
#6833=VERTEX_POINT('',#6832);
#6834=CARTESIAN_POINT('',(2.5E0,0.E0,-5.E-1));
#6835=CARTESIAN_POINT('',(-2.5E0,0.E0,-5.E-1));
#6836=VERTEX_POINT('',#6834);
#6837=VERTEX_POINT('',#6835);
#6838=CARTESIAN_POINT('',(2.5E0,0.E0,-1.E0));
#6839=CARTESIAN_POINT('',(-2.5E0,0.E0,-1.E0));
#6840=VERTEX_POINT('',#6838);
#6841=VERTEX_POINT('',#6839);
#6842=CARTESIAN_POINT('',(0.E0,0.E0,0.E0));
#6843=DIRECTION('',(0.E0,0.E0,-1.E0));
#6844=DIRECTION('',(1.E0,0.E0,0.E0));
#6845=AXIS2_PLACEMENT_3D('',#6842,#6843,#6844);
#6846=PLANE('',#6845);
#6848=ORIENTED_EDGE('',*,*,#6847,.F.);
#6850=ORIENTED_EDGE('',*,*,#6849,.T.);
#6851=EDGE_LOOP('',(#6848,#6850));
#6852=FACE_OUTER_BOUND('',#6851,.F.);
#6854=ORIENTED_EDGE('',*,*,#6853,.F.);
#6856=ORIENTED_EDGE('',*,*,#6855,.T.);
#6857=EDGE_LOOP('',(#6854,#6856));
#6858=FACE_BOUND('',#6857,.F.);
#6859=ADVANCED_FACE('',(#6852,#6858),#6846,.F.);
#6860=CARTESIAN_POINT('',(0.E0,0.E0,5.E-2));
#6861=DIRECTION('',(0.E0,0.E0,-1.E0));
#6862=DIRECTION('',(1.E0,0.E0,0.E0));
#6863=AXIS2_PLACEMENT_3D('',#6860,#6861,#6862);
#6864=CYLINDRICAL_SURFACE('',#6863,4.498432015619E0);
#6866=ORIENTED_EDGE('',*,*,#6865,.F.);
#6867=ORIENTED_EDGE('',*,*,#6853,.T.);
#6869=ORIENTED_EDGE('',*,*,#6868,.T.);
#6871=ORIENTED_EDGE('',*,*,#6870,.F.);
#6872=EDGE_LOOP('',(#6866,#6867,#6869,#6871));
#6873=FACE_OUTER_BOUND('',#6872,.F.);
#6874=ADVANCED_FACE('',(#6873),#6864,.F.);
#6875=CARTESIAN_POINT('',(0.E0,0.E0,5.E-2));
#6876=DIRECTION('',(0.E0,0.E0,-1.E0));
#6877=DIRECTION('',(1.E0,0.E0,0.E0));
#6878=AXIS2_PLACEMENT_3D('',#6875,#6876,#6877);
#6879=CYLINDRICAL_SURFACE('',#6878,4.498432015619E0);
#6880=ORIENTED_EDGE('',*,*,#6865,.T.);
#6882=ORIENTED_EDGE('',*,*,#6881,.T.);
#6883=ORIENTED_EDGE('',*,*,#6868,.F.);
#6884=ORIENTED_EDGE('',*,*,#6855,.F.);
#6885=EDGE_LOOP('',(#6880,#6882,#6883,#6884));
#6886=FACE_OUTER_BOUND('',#6885,.F.);
#6887=ADVANCED_FACE('',(#6886),#6879,.F.);
#6888=CARTESIAN_POINT('',(0.E0,0.E0,-3.E-1));
#6889=DIRECTION('',(0.E0,0.E0,1.E0));
#6890=DIRECTION('',(-1.E0,0.E0,0.E0));
#6891=AXIS2_PLACEMENT_3D('',#6888,#6889,#6890);
#6892=CONICAL_SURFACE('',#6891,3.605973518151E0,7.736870431072E1);
#6894=ORIENTED_EDGE('',*,*,#6893,.T.);
#6896=ORIENTED_EDGE('',*,*,#6895,.T.);
#6898=ORIENTED_EDGE('',*,*,#6897,.F.);
#6899=ORIENTED_EDGE('',*,*,#6881,.F.);
#6900=EDGE_LOOP('',(#6894,#6896,#6898,#6899));
#6901=FACE_OUTER_BOUND('',#6900,.F.);
#6902=ADVANCED_FACE('',(#6901),#6892,.F.);
#6903=CARTESIAN_POINT('',(0.E0,0.E0,-3.E-1));
#6904=DIRECTION('',(0.E0,0.E0,1.E0));
#6905=DIRECTION('',(-1.E0,0.E0,0.E0));
#6906=AXIS2_PLACEMENT_3D('',#6903,#6904,#6905);
#6907=CONICAL_SURFACE('',#6906,3.605973518151E0,7.736870431072E1);
#6908=ORIENTED_EDGE('',*,*,#6893,.F.);
#6909=ORIENTED_EDGE('',*,*,#6870,.T.);
#6910=ORIENTED_EDGE('',*,*,#6897,.T.);
#6912=ORIENTED_EDGE('',*,*,#6911,.F.);
#6913=EDGE_LOOP('',(#6908,#6909,#6910,#6912));
#6914=FACE_OUTER_BOUND('',#6913,.F.);
#6915=ADVANCED_FACE('',(#6914),#6907,.F.);
#6916=CARTESIAN_POINT('',(0.E0,0.E0,-5.E-1));
#6917=DIRECTION('',(0.E0,0.E0,-1.E0));
#6918=DIRECTION('',(1.E0,0.E0,0.E0));
#6919=AXIS2_PLACEMENT_3D('',#6916,#6917,#6918);
#6920=PLANE('',#6919);
#6921=ORIENTED_EDGE('',*,*,#6895,.F.);
#6922=ORIENTED_EDGE('',*,*,#6911,.T.);
#6923=EDGE_LOOP('',(#6921,#6922));
#6924=FACE_OUTER_BOUND('',#6923,.F.);
#6926=ORIENTED_EDGE('',*,*,#6925,.F.);
#6928=ORIENTED_EDGE('',*,*,#6927,.F.);
#6929=EDGE_LOOP('',(#6926,#6928));
#6930=FACE_BOUND('',#6929,.F.);
#6931=ADVANCED_FACE('',(#6924,#6930),#6920,.F.);
#6932=CARTESIAN_POINT('',(0.E0,0.E0,-1.E0));
#6933=DIRECTION('',(0.E0,0.E0,-1.E0));
#6934=DIRECTION('',(1.E0,0.E0,0.E0));
#6935=AXIS2_PLACEMENT_3D('',#6932,#6933,#6934);
#6936=CYLINDRICAL_SURFACE('',#6935,2.5E0);
#6937=ORIENTED_EDGE('',*,*,#6925,.T.);
#6939=ORIENTED_EDGE('',*,*,#6938,.F.);
#6941=ORIENTED_EDGE('',*,*,#6940,.F.);
#6943=ORIENTED_EDGE('',*,*,#6942,.T.);
#6944=EDGE_LOOP('',(#6937,#6939,#6941,#6943));
#6945=FACE_OUTER_BOUND('',#6944,.F.);
#6946=ADVANCED_FACE('',(#6945),#6936,.F.);
#6947=CARTESIAN_POINT('',(0.E0,0.E0,-1.E0));
#6948=DIRECTION('',(0.E0,0.E0,-1.E0));
#6949=DIRECTION('',(1.E0,0.E0,0.E0));
#6950=AXIS2_PLACEMENT_3D('',#6947,#6948,#6949);
#6951=CYLINDRICAL_SURFACE('',#6950,2.5E0);
#6952=ORIENTED_EDGE('',*,*,#6927,.T.);
#6953=ORIENTED_EDGE('',*,*,#6942,.F.);
#6955=ORIENTED_EDGE('',*,*,#6954,.F.);
#6956=ORIENTED_EDGE('',*,*,#6938,.T.);
#6957=EDGE_LOOP('',(#6952,#6953,#6955,#6956));
#6958=FACE_OUTER_BOUND('',#6957,.F.);
#6959=ADVANCED_FACE('',(#6958),#6951,.F.);
#6960=CARTESIAN_POINT('',(0.E0,0.E0,-1.E0));
#6961=DIRECTION('',(0.E0,0.E0,-1.E0));
#6962=DIRECTION('',(1.E0,0.E0,0.E0));
#6963=AXIS2_PLACEMENT_3D('',#6960,#6961,#6962);
#6964=PLANE('',#6963);
#6966=ORIENTED_EDGE('',*,*,#6965,.T.);
#6968=ORIENTED_EDGE('',*,*,#6967,.F.);
#6969=EDGE_LOOP('',(#6966,#6968));
#6970=FACE_OUTER_BOUND('',#6969,.F.);
#6971=ORIENTED_EDGE('',*,*,#6940,.T.);
#6972=ORIENTED_EDGE('',*,*,#6954,.T.);
#6973=EDGE_LOOP('',(#6971,#6972));
#6974=FACE_BOUND('',#6973,.F.);
#6975=ADVANCED_FACE('',(#6970,#6974),#6964,.T.);
#6976=CARTESIAN_POINT('',(0.E0,0.E0,-7.5E-1));
#6977=DIRECTION('',(0.E0,0.E0,1.E0));
#6978=DIRECTION('',(-1.E0,0.E0,0.E0));
#6979=AXIS2_PLACEMENT_3D('',#6976,#6977,#6978);
#6980=CONICAL_SURFACE('',#6979,3.884426878165E0,7.736870431072E1);
#6982=ORIENTED_EDGE('',*,*,#6981,.T.);
#6984=ORIENTED_EDGE('',*,*,#6983,.T.);
#6986=ORIENTED_EDGE('',*,*,#6985,.F.);
#6987=ORIENTED_EDGE('',*,*,#6965,.F.);
#6988=EDGE_LOOP('',(#6982,#6984,#6986,#6987));
#6989=FACE_OUTER_BOUND('',#6988,.F.);
#6990=ADVANCED_FACE('',(#6989),#6980,.T.);
#6991=CARTESIAN_POINT('',(0.E0,0.E0,-7.5E-1));
#6992=DIRECTION('',(0.E0,0.E0,1.E0));
#6993=DIRECTION('',(-1.E0,0.E0,0.E0));
#6994=AXIS2_PLACEMENT_3D('',#6991,#6992,#6993);
#6995=CONICAL_SURFACE('',#6994,3.884426878165E0,7.736870431072E1);
#6996=ORIENTED_EDGE('',*,*,#6981,.F.);
#6997=ORIENTED_EDGE('',*,*,#6967,.T.);
#6998=ORIENTED_EDGE('',*,*,#6985,.T.);
#7000=ORIENTED_EDGE('',*,*,#6999,.F.);
#7001=EDGE_LOOP('',(#6996,#6997,#6998,#7000));
#7002=FACE_OUTER_BOUND('',#7001,.F.);
#7003=ADVANCED_FACE('',(#7002),#6995,.T.);
#7004=CARTESIAN_POINT('',(0.E0,0.E0,5.E-2));
#7005=DIRECTION('',(0.E0,0.E0,-1.E0));
#7006=DIRECTION('',(1.E0,0.E0,0.E0));
#7007=AXIS2_PLACEMENT_3D('',#7004,#7005,#7006);
#7008=CYLINDRICAL_SURFACE('',#7007,5.E0);
#7010=ORIENTED_EDGE('',*,*,#7009,.F.);
#7011=ORIENTED_EDGE('',*,*,#6999,.T.);
#7013=ORIENTED_EDGE('',*,*,#7012,.T.);
#7014=ORIENTED_EDGE('',*,*,#6849,.F.);
#7015=EDGE_LOOP('',(#7010,#7011,#7013,#7014));
#7016=FACE_OUTER_BOUND('',#7015,.F.);
#7017=ADVANCED_FACE('',(#7016),#7008,.T.);
#7018=CARTESIAN_POINT('',(0.E0,0.E0,5.E-2));
#7019=DIRECTION('',(0.E0,0.E0,-1.E0));
#7020=DIRECTION('',(1.E0,0.E0,0.E0));
#7021=AXIS2_PLACEMENT_3D('',#7018,#7019,#7020);
#7022=CYLINDRICAL_SURFACE('',#7021,5.E0);
#7023=ORIENTED_EDGE('',*,*,#7009,.T.);
#7024=ORIENTED_EDGE('',*,*,#6847,.T.);
#7025=ORIENTED_EDGE('',*,*,#7012,.F.);
#7026=ORIENTED_EDGE('',*,*,#6983,.F.);
#7027=EDGE_LOOP('',(#7023,#7024,#7025,#7026));
#7028=FACE_OUTER_BOUND('',#7027,.F.);
#7029=ADVANCED_FACE('',(#7028),#7022,.T.);
#7030=CLOSED_SHELL('',(#6859,#6874,#6887,#6902,#6915,#6931,#6946,#6959,#6975,
#6990,#7003,#7017,#7029));
#7031=MANIFOLD_SOLID_BREP('',#7030);
#7033=DIMENSIONAL_EXPONENTS(0.E0,0.E0,0.E0,0.E0,0.E0,0.E0,0.E0);
#7035=PLANE_ANGLE_MEASURE_WITH_UNIT(PLANE_ANGLE_MEASURE(1.745329251994E-2),
#7034);
#7036=(CONVERSION_BASED_UNIT('DEGREE',#7035)NAMED_UNIT(*)PLANE_ANGLE_UNIT());
#7038=UNCERTAINTY_MEASURE_WITH_UNIT(LENGTH_MEASURE(1.417899662314E-3),#7032,
'closure',
'Maximum model space distance between geometric entities at asserted connectivities');
#7039=(GEOMETRIC_REPRESENTATION_CONTEXT(3)GLOBAL_UNCERTAINTY_ASSIGNED_CONTEXT((
#7038))GLOBAL_UNIT_ASSIGNED_CONTEXT((#7032,#7036,#7037))REPRESENTATION_CONTEXT(
'ID4','3'));
#7040=CARTESIAN_POINT('',(0.E0,0.E0,0.E0));
#7041=DIRECTION('',(0.E0,0.E0,1.E0));
#7042=DIRECTION('',(1.E0,0.E0,0.E0));
#7045=MECHANICAL_CONTEXT('',#2395,'mechanical');
#7046=PRODUCT('245-0005-0059','245-0005-0059','NOT SPECIFIED',(#7045));
#7047=PRODUCT_DEFINITION_FORMATION_WITH_SPECIFIED_SOURCE('1','LAST_VERSION',
#7046,.MADE.);
#7053=CARTESIAN_POINT('',(1.115E1,4.09E0,-8.4E0));
#7054=DIRECTION('',(0.E0,-1.E0,0.E0));
#7055=DIRECTION('',(1.E0,0.E0,0.E0));
#7056=AXIS2_PLACEMENT_3D('',#7053,#7054,#7055);
#7057=ITEM_DEFINED_TRANSFORMATION('','',#7043,#7056);
#7058=(REPRESENTATION_RELATIONSHIP('','',#7044,#2406)REPRESENTATION_RELATIONSHIP_WITH_TRANSFORMATION(#7057)SHAPE_REPRESENTATION_RELATIONSHIP());
#7059=CONTEXT_DEPENDENT_SHAPE_REPRESENTATION(#7058,#7052);
#7062=CARTESIAN_POINT('',(1.115E1,4.09E0,-8.4E0));
#7063=DIRECTION('',(0.E0,1.E0,0.E0));
#7064=DIRECTION('',(-1.E0,0.E0,0.E0));
#7065=AXIS2_PLACEMENT_3D('',#7062,#7063,#7064);
#7066=ITEM_DEFINED_TRANSFORMATION('','',#7043,#7065);
#7067=(REPRESENTATION_RELATIONSHIP('','',#7044,#2406)REPRESENTATION_RELATIONSHIP_WITH_TRANSFORMATION(#7066)SHAPE_REPRESENTATION_RELATIONSHIP());
#7068=CONTEXT_DEPENDENT_SHAPE_REPRESENTATION(#7067,#7061);
#7069=DIRECTION('',(1.E0,0.E0,0.E0));
#7070=VECTOR('',#7069,1.190588089979E1);
#7071=CARTESIAN_POINT('',(-5.952940449895E0,0.E0,7.5E-1));
#7072=LINE('',#7071,#7070);
#7073=CARTESIAN_POINT('',(0.E0,0.E0,0.E0));
#7074=DIRECTION('',(0.E0,1.E0,0.E0));
#7075=DIRECTION('',(-9.921567416492E-1,0.E0,1.25E-1));
#7076=AXIS2_PLACEMENT_3D('',#7073,#7074,#7075);
#7078=CARTESIAN_POINT('',(0.E0,0.E0,0.E0));
#7079=DIRECTION('',(0.E0,1.E0,0.E0));
#7080=DIRECTION('',(9.921567416492E-1,0.E0,-1.25E-1));
#7081=AXIS2_PLACEMENT_3D('',#7078,#7079,#7080);
#7083=CARTESIAN_POINT('',(0.E0,0.E0,0.E0));
#7084=DIRECTION('',(0.E0,1.E0,0.E0));
#7085=DIRECTION('',(0.E0,0.E0,-1.E0));
#7086=AXIS2_PLACEMENT_3D('',#7083,#7084,#7085);
#7088=DIRECTION('',(1.E0,0.E0,0.E0));
#7089=VECTOR('',#7088,1.190588089979E1);
#7090=CARTESIAN_POINT('',(-5.952940449895E0,0.E0,-7.5E-1));
#7091=LINE('',#7090,#7089);
#7092=CARTESIAN_POINT('',(-5.952940449895E0,9.125668202033E-1,7.5E-1));
#7093=CARTESIAN_POINT('',(-5.935742713061E0,9.223467827849E-1,7.5E-1));
#7094=CARTESIAN_POINT('',(-5.901419103537E0,9.418632902317E-1,7.5E-1));
#7095=CARTESIAN_POINT('',(-5.850149237910E0,9.710077226544E-1,7.5E-1));
#7096=CARTESIAN_POINT('',(-5.816112998361E0,9.903504060343E-1,7.5E-1));
#7097=CARTESIAN_POINT('',(-5.799130788695E0,1.E0,7.5E-1));
#7099=CARTESIAN_POINT('',(4.903746953657E0,9.426933197712E-1,7.5E-1));
#7100=CARTESIAN_POINT('',(5.014764428070E0,8.786610071790E-1,7.5E-1));
#7101=CARTESIAN_POINT('',(5.240505380149E0,7.484498429419E-1,7.5E-1));
#7102=CARTESIAN_POINT('',(5.590235943601E0,5.466956393660E-1,7.5E-1));
#7103=CARTESIAN_POINT('',(5.830803262203E0,4.079022603816E-1,7.5E-1));
#7104=CARTESIAN_POINT('',(5.952940449895E0,3.374331797967E-1,7.5E-1));
#7106=CARTESIAN_POINT('',(5.005192099129E0,1.E0,7.5E-1));
#7107=CARTESIAN_POINT('',(4.988202049951E0,9.903980642636E-1,7.5E-1));
#7108=CARTESIAN_POINT('',(4.954304494789E0,9.712449828518E-1,7.5E-1));
#7109=CARTESIAN_POINT('',(4.920571971397E0,9.521935781583E-1,7.5E-1));
#7110=CARTESIAN_POINT('',(4.903746953657E0,9.426933197712E-1,7.5E-1));
#7112=CARTESIAN_POINT('',(4.903746953657E0,9.426933197712E-1,7.5E-1));
#7113=CARTESIAN_POINT('',(4.867600933294E0,9.522813494611E-1,
9.863345829921E-1));
#7114=CARTESIAN_POINT('',(4.761079411221E0,9.714574088409E-1,1.453766506772E0));
#7115=CARTESIAN_POINT('',(4.501941891981E0,1.000221497911E0,2.124578548847E0));
#7116=CARTESIAN_POINT('',(4.148857170719E0,1.028985586980E0,2.751054106956E0));
#7117=CARTESIAN_POINT('',(3.709193394814E0,1.057749676050E0,3.320120327895E0));
#7118=CARTESIAN_POINT('',(3.192125562828E0,1.086513765120E0,3.819901698411E0));
#7119=CARTESIAN_POINT('',(2.608443925780E0,1.115277854190E0,4.239968737202E0));
#7120=CARTESIAN_POINT('',(1.970328850130E0,1.144041943259E0,4.571555405445E0));
#7121=CARTESIAN_POINT('',(1.291096626312E0,1.172806032329E0,4.807742100542E0));
#7122=CARTESIAN_POINT('',(5.849215847415E-1,1.201570121399E0,4.943600038756E0));
#7123=CARTESIAN_POINT('',(-1.334596971350E-1,1.230334210468E0,
4.976294114380E0));
#7124=CARTESIAN_POINT('',(-8.490559199933E-1,1.259098299538E0,
4.905142061987E0));
#7125=CARTESIAN_POINT('',(-1.546933903591E0,1.287862388608E0,4.731628694380E0));
#7126=CARTESIAN_POINT('',(-2.212530214828E0,1.316626477678E0,4.459374917186E0));
#7127=CARTESIAN_POINT('',(-2.831955079880E0,1.345390566747E0,4.094062167224E0));
#7128=CARTESIAN_POINT('',(-3.392282238291E0,1.374154655817E0,3.643313851336E0));
#7129=CARTESIAN_POINT('',(-3.881818690314E0,1.402918744887E0,3.116536259871E0));
#7130=CARTESIAN_POINT('',(-4.290348708363E0,1.431682833956E0,2.524722274668E0));
#7131=CARTESIAN_POINT('',(-4.609347020505E0,1.460446923026E0,1.880221967779E0));
#7132=CARTESIAN_POINT('',(-4.832156717241E0,1.489211012096E0,1.196484878125E0));
#7133=CARTESIAN_POINT('',(-4.954128168996E0,1.517975101166E0,
4.877793442917E-1));
#7134=CARTESIAN_POINT('',(-4.972716055357E0,1.546739190235E0,
-2.311052495128E-1));
#7135=CARTESIAN_POINT('',(-4.887532481239E0,1.575503279305E0,
-9.451671007760E-1));
#7136=CARTESIAN_POINT('',(-4.700355071545E0,1.604267368375E0,
-1.639505048773E0));
#7137=CARTESIAN_POINT('',(-4.415089875396E0,1.633031457444E0,
-2.299629534454E0));
#7138=CARTESIAN_POINT('',(-4.037689854050E0,1.661795546514E0,
-2.911764970952E0));
#7139=CARTESIAN_POINT('',(-3.576030653524E0,1.690559635584E0,
-3.463137214812E0));
#7140=CARTESIAN_POINT('',(-3.039746254314E0,1.719323724654E0,
-3.942240138924E0));
#7141=CARTESIAN_POINT('',(-2.440027927893E0,1.748087813723E0,
-4.339075744287E0));
#7142=CARTESIAN_POINT('',(-1.789390695412E0,1.776851902793E0,
-4.645362799904E0));
#7143=CARTESIAN_POINT('',(-1.101412162169E0,1.805615991863E0,
-4.854709656878E0));
#7144=CARTESIAN_POINT('',(-3.904491778957E-1,1.834380080932E0,
-4.962747630400E0));
#7145=CARTESIAN_POINT('',(3.286617643507E-1,1.863144170002E0,
-4.967222166182E0));
#7146=CARTESIAN_POINT('',(1.040914138581E0,1.891908259072E0,-4.868039888873E0));
#7147=CARTESIAN_POINT('',(1.731444544537E0,1.920672348142E0,-4.667270550627E0));
#7148=CARTESIAN_POINT('',(2.385842879583E0,1.949436437211E0,-4.369103839176E0));
#7149=CARTESIAN_POINT('',(2.990453051112E0,1.978200526281E0,-3.979761946731E0));
#7150=CARTESIAN_POINT('',(3.532657954142E0,2.006964615351E0,-3.507369724251E0));
#7151=CARTESIAN_POINT('',(4.001142767146E0,2.035728704420E0,-2.961785130706E0));
#7152=CARTESIAN_POINT('',(4.386131071620E0,2.064492793490E0,-2.354393515563E0));
#7153=CARTESIAN_POINT('',(4.679588868001E0,2.093256882560E0,-1.697870027428E0));
#7154=CARTESIAN_POINT('',(4.875392230493E0,2.122020971630E0,-1.005915106956E0));
#7155=CARTESIAN_POINT('',(4.969455102169E0,2.150785060699E0,
-2.929685837856E-1));
#7156=CARTESIAN_POINT('',(4.959814563476E0,2.179549149769E0,4.260916562100E-1));
#7157=CARTESIAN_POINT('',(4.846671794768E0,2.208313238839E0,1.136260145104E0));
#7158=CARTESIAN_POINT('',(4.632387878044E0,2.237077327908E0,1.822716969502E0));
#7159=CARTESIAN_POINT('',(4.321434525490E0,2.265841416978E0,2.471137034941E0));
#7160=CARTESIAN_POINT('',(3.920300763060E0,2.294605506048E0,3.067989004333E0));
#7161=CARTESIAN_POINT('',(3.437357516402E0,2.323369595118E0,3.600817672140E0));
#7162=CARTESIAN_POINT('',(2.882682925003E0,2.352133684187E0,4.058503881661E0));
#7163=CARTESIAN_POINT('',(2.267852029907E0,2.380897773257E0,4.431496561434E0));
#7164=CARTESIAN_POINT('',(1.605695223846E0,2.409661862327E0,4.712012038575E0));
#7165=CARTESIAN_POINT('',(9.100305044816E-1,2.438425951397E0,4.894196469746E0));
#7166=CARTESIAN_POINT('',(1.953751181501E-1,2.467190040466E0,4.974248000127E0));
#7167=CARTESIAN_POINT('',(-5.233573884363E-1,2.495954129536E0,
4.950496101152E0));
#7168=CARTESIAN_POINT('',(-1.231168386546E0,2.524718218606E0,4.823436431376E0));
#7169=CARTESIAN_POINT('',(-1.913287159292E0,2.553482307675E0,4.595720492985E0));
#7170=CARTESIAN_POINT('',(-2.555479139390E0,2.582246396745E0,4.272100299817E0));
#7171=CARTESIAN_POINT('',(-3.144342958466E0,2.611010485815E0,3.859329211547E0));
#7172=CARTESIAN_POINT('',(-3.667590109023E0,2.639774574885E0,3.366021003463E0));
#7173=CARTESIAN_POINT('',(-4.114301383046E0,2.668538663954E0,2.802470112780E0));
#7174=CARTESIAN_POINT('',(-4.475154735841E0,2.697302753024E0,2.180436812622E0));
#7175=CARTESIAN_POINT('',(-4.742619820005E0,2.726066842094E0,1.512901796699E0));
#7176=CARTESIAN_POINT('',(-4.911115129957E0,2.754830931163E0,
8.137952960480E-1));
#7177=CARTESIAN_POINT('',(-4.977124477721E0,2.783595020233E0,
9.770638066352E-2));
#7178=CARTESIAN_POINT('',(-4.939270369323E0,2.812359109303E0,
-6.204214876205E-1));
#7179=CARTESIAN_POINT('',(-4.798342750539E0,2.841123198373E0,
-1.325602297764E0));
#7180=CARTESIAN_POINT('',(-4.557282522262E0,2.869887287442E0,
-2.003120220078E0));
#7181=CARTESIAN_POINT('',(-4.221120168973E0,2.898651376512E0,
-2.638836698585E0));
#7182=CARTESIAN_POINT('',(-3.796870782976E0,2.927415465582E0,
-3.219485496748E0));
#7183=CARTESIAN_POINT('',(-3.293387667744E0,2.956179554651E0,
-3.732949539484E0));
#7184=CARTESIAN_POINT('',(-2.721177602691E0,2.984943643721E0,
-4.168513774290E0));
#7185=CARTESIAN_POINT('',(-2.092181522635E0,3.013707732791E0,
-4.517088774728E0));
#7186=CARTESIAN_POINT('',(-1.419525568722E0,3.042471821861E0,
-4.771400420080E0));
#7187=CARTESIAN_POINT('',(-7.172462879818E-1,3.071235910930E0,
-4.926141692901E0));
#7188=CARTESIAN_POINT('',(-2.390827678989E-1,3.090411970310E0,
-4.960769515459E0));
#7189=CARTESIAN_POINT('',(-2.347739594535E-14,3.1E0,-4.960769515459E0));
#7191=CARTESIAN_POINT('',(0.E0,6.E-1,-4.960769515459E0));
#7192=CARTESIAN_POINT('',(2.346490526498E-1,6.094102226743E-1,
-4.960769515459E0));
#7193=CARTESIAN_POINT('',(7.039453225028E-1,6.282306680229E-1,
-4.927416242851E0));
#7194=CARTESIAN_POINT('',(1.393740036984E0,6.564613360458E-1,
-4.778332249525E0));
#7195=CARTESIAN_POINT('',(2.055516500543E0,6.846920040686E-1,
-4.533191153737E0));
#7196=CARTESIAN_POINT('',(2.675971757368E0,7.129226720915E-1,
-4.196920939843E0));
#7197=CARTESIAN_POINT('',(3.242632884111E0,7.411533401144E-1,
-3.776281525006E0));
#7198=CARTESIAN_POINT('',(3.744108529451E0,7.693840081373E-1,
-3.279728882272E0));
#7199=CARTESIAN_POINT('',(4.170317703858E0,7.976146761602E-1,
-2.717244996170E0));
#7200=CARTESIAN_POINT('',(4.512692459239E0,8.258453441830E-1,
-2.100137411188E0));
#7201=CARTESIAN_POINT('',(4.764350233317E0,8.540760122059E-1,
-1.440811126304E0));
#7202=CARTESIAN_POINT('',(4.868271249951E0,8.728964575545E-1,
-9.819518319738E-1));
#7203=CARTESIAN_POINT('',(4.903746953657E0,8.823066802288E-1,-7.5E-1));
#7205=DIRECTION('',(-4.817536741017E-1,0.E0,8.763066800439E-1));
#7206=VECTOR('',#7205,3.660254037844E-1);
#7207=CARTESIAN_POINT('',(2.649645207559E0,3.1E0,-4.819686740241E0));
#7208=LINE('',#7207,#7206);
#7209=CARTESIAN_POINT('',(-2.347739594535E-14,3.1E0,-4.960769515459E0));
#7210=CARTESIAN_POINT('',(-2.408483431052E-1,3.1E0,-4.977499108841E0));
#7211=CARTESIAN_POINT('',(-7.209200289498E-1,3.099999999121E0,
-4.975861203359E0));
#7212=CARTESIAN_POINT('',(-1.443223102508E0,3.100000003078E0,
-4.868387698007E0));
#7213=CARTESIAN_POINT('',(-2.146415176935E0,3.099999988567E0,
-4.656441539777E0));
#7214=CARTESIAN_POINT('',(-2.817043995410E0,3.100000042656E0,
-4.343315020568E0));
#7215=CARTESIAN_POINT('',(-3.440213271697E0,3.099999840811E0,
-3.934315761332E0));
#7216=CARTESIAN_POINT('',(-4.002462633744E0,3.100000594102E0,
-3.436832492310E0));
#7217=CARTESIAN_POINT('',(-4.491341039862E0,3.099997782781E0,
-2.860175187511E0));
#7218=CARTESIAN_POINT('',(-4.895971676186E0,3.100008274774E0,
-2.215232793446E0));
#7219=CARTESIAN_POINT('',(-5.206753584183E0,3.099969118124E0,
-1.514894384949E0));
#7220=CARTESIAN_POINT('',(-5.417398117343E0,3.100115252732E0,
-7.713244202241E-1));
#7221=CARTESIAN_POINT('',(-5.484613859812E0,3.099751664877E0,
-2.604096571393E-1));
#7222=CARTESIAN_POINT('',(-5.500924342374E0,3.099751664877E0,
-4.877471247991E-5));
#7224=CARTESIAN_POINT('',(2.473311124472E0,3.1E0,-4.498936233839E0));
#7225=CARTESIAN_POINT('',(2.377113830155E0,3.1E0,-4.543712438551E0));
#7226=CARTESIAN_POINT('',(2.182379505807E0,3.1E0,-4.627097945103E0));
#7227=CARTESIAN_POINT('',(1.882691196804E0,3.1E0,-4.733887887639E0));
#7228=CARTESIAN_POINT('',(1.577079286410E0,3.1E0,-4.821667211381E0));
#7229=CARTESIAN_POINT('',(1.266550427250E0,3.1E0,-4.890092030073E0));
#7230=CARTESIAN_POINT('',(9.522955298975E-1,3.1E0,-4.938799058290E0));
#7231=CARTESIAN_POINT('',(6.355781640328E-1,3.1E0,-4.967508986904E0));
#7232=CARTESIAN_POINT('',(3.175420952341E-1,3.1E0,-4.976000768208E0));
#7233=CARTESIAN_POINT('',(1.058569759496E-1,3.1E0,-4.968122458566E0));
#7234=CARTESIAN_POINT('',(-2.347739594535E-14,3.1E0,-4.960769515459E0));
#7236=DIRECTION('',(4.172109201386E-1,-5.E-1,-7.589038464240E-1));
#7237=VECTOR('',#7236,1.E0);
#7238=CARTESIAN_POINT('',(2.473311124472E0,3.1E0,-4.498936233839E0));
#7239=LINE('',#7238,#7237);
#7240=CARTESIAN_POINT('',(0.E0,3.1E0,0.E0));
#7241=DIRECTION('',(0.E0,1.E0,0.E0));
#7242=DIRECTION('',(-9.999999999458E-1,0.E0,-1.041564105817E-5));
#7243=AXIS2_PLACEMENT_3D('',#7240,#7241,#7242);
#7245=DIRECTION('',(3.406512898188E-1,-7.071067811865E-1,-6.196423958581E-1));
#7246=VECTOR('',#7245,7.071067811865E-1);
#7247=CARTESIAN_POINT('',(2.649645207559E0,3.1E0,-4.819686740241E0));
#7248=LINE('',#7247,#7246);
#7249=CARTESIAN_POINT('',(4.107282635572E0,2.6E0,-4.373811764528E0));
#7250=CARTESIAN_POINT('',(4.300288655505E0,2.605677687005E0,-4.184778390260E0));
#7251=CARTESIAN_POINT('',(4.660307943393E0,2.617037075585E0,-3.781000255175E0));
#7252=CARTESIAN_POINT('',(5.112797814112E0,2.634088054667E0,-3.109510539271E0));
#7253=CARTESIAN_POINT('',(5.469815624280E0,2.651151372447E0,-2.384669381624E0));
#7254=CARTESIAN_POINT('',(5.725180262698E0,2.668227454450E0,-1.619890214288E0));
#7255=CARTESIAN_POINT('',(5.874569600628E0,2.685315807480E0,
-8.293316378487E-1));
#7256=CARTESIAN_POINT('',(5.915628450647E0,2.702416087933E0,
-2.759114620457E-2));
#7257=CARTESIAN_POINT('',(5.848003923291E0,2.719528397627E0,7.705821501696E-1));
#7258=CARTESIAN_POINT('',(5.673325172945E0,2.736653735536E0,1.550578159369E0));
#7259=CARTESIAN_POINT('',(5.395195831010E0,2.753791484406E0,2.298077289118E0));
#7260=CARTESIAN_POINT('',(5.019131095216E0,2.770941338351E0,2.999408754314E0));
#7261=CARTESIAN_POINT('',(4.552431258334E0,2.788103584887E0,3.641811418003E0));
#7262=CARTESIAN_POINT('',(4.004037398999E0,2.805278867274E0,4.213649492614E0));
#7263=CARTESIAN_POINT('',(3.384404481899E0,2.822467000407E0,4.704585593941E0));
#7264=CARTESIAN_POINT('',(2.705304829990E0,2.839667496822E0,5.105806543657E0));
#7265=CARTESIAN_POINT('',(1.979544743560E0,2.856881004589E0,5.410212389164E0));
#7266=CARTESIAN_POINT('',(1.220807391991E0,2.874107201815E0,5.612498093992E0));
#7267=CARTESIAN_POINT('',(4.433240947955E-1,2.891346608328E0,5.709283741023E0));
#7268=CARTESIAN_POINT('',(-3.383122850182E-1,2.908598745942E0,
5.699158239967E0));
#7269=CARTESIAN_POINT('',(-1.109518273133E0,2.925864358173E0,5.582712852955E0));
#7270=CARTESIAN_POINT('',(-1.855887739559E0,2.943143056868E0,5.362525627741E0));
#7271=CARTESIAN_POINT('',(-2.563520313073E0,2.960434626512E0,5.043124589185E0));
#7272=CARTESIAN_POINT('',(-3.219305864669E0,2.977739365977E0,4.630876545340E0));
#7273=CARTESIAN_POINT('',(-3.811135663135E0,2.995058488079E0,4.133865520993E0));
#7274=CARTESIAN_POINT('',(-4.328095964947E0,3.012389184248E0,3.561778665234E0));
#7275=CARTESIAN_POINT('',(-4.760721769053E0,3.029740061731E0,2.925706706800E0));
#7276=CARTESIAN_POINT('',(-5.101169832409E0,3.047077550812E0,2.237910147972E0));
#7277=CARTESIAN_POINT('',(-5.343421265845E0,3.064528558178E0,1.511540325174E0));
#7278=CARTESIAN_POINT('',(-5.483085228103E0,3.081622697309E0,
7.605819647339E-1));
#7279=CARTESIAN_POINT('',(-5.506726536537E0,3.093949470927E0,
2.529917756224E-1));
#7280=CARTESIAN_POINT('',(-5.500924342374E0,3.099751664877E0,
-4.877471247991E-5));
#7282=CARTESIAN_POINT('',(4.107282635572E0,2.6E0,-4.373811764528E0));
#7283=CARTESIAN_POINT('',(3.907362372331E0,2.590906587940E0,-4.561549387891E0));
#7284=CARTESIAN_POINT('',(3.482367965061E0,2.572751497170E0,-4.908782640465E0));
#7285=CARTESIAN_POINT('',(2.785756786229E0,2.545735803406E0,-5.335054783172E0));
#7286=CARTESIAN_POINT('',(2.033655511149E0,2.518571825014E0,-5.664569515609E0));
#7287=CARTESIAN_POINT('',(1.248323400795E0,2.491565595559E0,-5.887674902068E0));
#7288=CARTESIAN_POINT('',(4.358080900195E-1,2.464417927647E0,
-6.002727055755E0));
#7289=CARTESIAN_POINT('',(-3.800599966143E-1,2.437428913537E0,
-6.006570959991E0));
#7290=CARTESIAN_POINT('',(-1.197678869422E0,2.410147061560E0,
-5.898582545148E0));
#7291=CARTESIAN_POINT('',(-1.992616729062E0,2.382868240768E0,
-5.679203906606E0));
#7292=CARTESIAN_POINT('',(-2.742357625978E0,2.355875553630E0,
-5.357236528744E0));
#7293=CARTESIAN_POINT('',(-3.443005012557E0,2.328843746263E0,
-4.936728833259E0));
#7294=CARTESIAN_POINT('',(-4.089230486092E0,2.301409117880E0,
-4.416880144138E0));
#7295=CARTESIAN_POINT('',(-4.658803825241E0,2.273905361912E0,
-3.811096291606E0));
#7296=CARTESIAN_POINT('',(-5.135468538818E0,2.246632175417E0,
-3.138409550169E0));
#7297=CARTESIAN_POINT('',(-5.513270688582E0,2.219615399697E0,
-2.414332501375E0));
#7298=CARTESIAN_POINT('',(-5.793611950784E0,2.192143632175E0,
-1.632597415403E0));
#7299=CARTESIAN_POINT('',(-5.962922681025E0,2.164659789702E0,
-8.191431739446E-1));
#7300=CARTESIAN_POINT('',(-6.E0,2.146532062214E0,-2.724005788750E-1));
#7301=CARTESIAN_POINT('',(-6.E0,2.1375E0,0.E0));
#7303=CARTESIAN_POINT('',(0.E0,2.6E0,0.E0));
#7304=DIRECTION('',(0.E0,1.E0,0.E0));
#7305=DIRECTION('',(6.845471059287E-1,0.E0,-7.289686274214E-1));
#7306=AXIS2_PLACEMENT_3D('',#7303,#7304,#7305);
#7308=CARTESIAN_POINT('',(-6.E0,2.1875E0,0.E0));
#7309=CARTESIAN_POINT('',(-6.E0,2.196594316174E0,-2.742781140537E-1));
#7310=CARTESIAN_POINT('',(-5.962296562484E0,2.214835183183E0,
-8.244109823090E-1));
#7311=CARTESIAN_POINT('',(-5.792046812839E0,2.242347432282E0,
-1.638562648087E0));
#7312=CARTESIAN_POINT('',(-5.508656485481E0,2.270027896173E0,
-2.425927112488E0));
#7313=CARTESIAN_POINT('',(-5.123750831921E0,2.297397656834E0,
-3.158404246858E0));
#7314=CARTESIAN_POINT('',(-4.640281986380E0,2.324867343551E0,
-3.833545403545E0));
#7315=CARTESIAN_POINT('',(-4.071423682951E0,2.352205281532E0,
-4.433113119087E0));
#7316=CARTESIAN_POINT('',(-3.421351669371E0,2.379721408407E0,
-4.952063896727E0));
#7317=CARTESIAN_POINT('',(-2.711129889596E0,2.407044821350E0,
-5.373874045050E0));
#7318=CARTESIAN_POINT('',(-1.942056184949E0,2.434644868493E0,
-5.697472027345E0));
#7319=CARTESIAN_POINT('',(-1.136227252171E0,2.462218050165E0,
-5.910836266574E0));
#7320=CARTESIAN_POINT('',(-3.162589093698E-1,2.489541815010E0,
-6.010507376659E0));
#7321=CARTESIAN_POINT('',(5.111797495196E-1,2.516915846908E0,
-5.997483122502E0));
#7322=CARTESIAN_POINT('',(1.340477280698E0,2.544676067190E0,-5.868510820837E0));
#7323=CARTESIAN_POINT('',(2.145369457514E0,2.572499070710E0,-5.624118993729E0));
#7324=CARTESIAN_POINT('',(2.648762137902E0,2.590852402411E0,-5.390748713690E0));
#7325=CARTESIAN_POINT('',(2.890522044610E0,2.6E0,-5.257840080263E0));
#7327=CARTESIAN_POINT('',(0.E0,0.E0,-6.E0));
#7328=CARTESIAN_POINT('',(2.617281901608E-1,8.678194835538E-3,-6.E0));
#7329=CARTESIAN_POINT('',(7.871732908819E-1,2.609957581458E-2,
-5.965792107542E0));
#7330=CARTESIAN_POINT('',(1.570497306003E0,5.252810726564E-2,
-5.809202619375E0));
#7331=CARTESIAN_POINT('',(2.325808853359E0,7.894864052339E-2,
-5.549872333871E0));
#7332=CARTESIAN_POINT('',(3.032705784585E0,1.050907854895E-1,
-5.196894444629E0));
#7333=CARTESIAN_POINT('',(3.681789078862E0,1.309947349828E-1,
-4.759136212596E0));
#7334=CARTESIAN_POINT('',(4.273459649530E0,1.571160429597E-1,
-4.236417267326E0));
#7335=CARTESIAN_POINT('',(4.794084921344E0,1.833925678148E-1,
-3.636658717618E0));
#7336=CARTESIAN_POINT('',(5.227942572854E0,2.094598431230E-1,
-2.979004728958E0));
#7337=CARTESIAN_POINT('',(5.571922654477E0,2.354895806485E-1,
-2.271480458523E0));
#7338=CARTESIAN_POINT('',(5.820597836847E0,2.615111413847E-1,
-1.525353083583E0));
#7339=CARTESIAN_POINT('',(5.920190370947E0,2.788795919512E-1,
-1.009945692943E0));
#7340=CARTESIAN_POINT('',(5.952940449895E0,2.875668202033E-1,-7.5E-1));
#7342=DIRECTION('',(0.E0,1.E0,0.E0));
#7343=VECTOR('',#7342,2.875668202033E-1);
#7344=CARTESIAN_POINT('',(5.952940449895E0,0.E0,-7.5E-1));
#7345=LINE('',#7344,#7343);
#7346=CARTESIAN_POINT('',(5.952940449895E0,3.374331797967E-1,7.5E-1));
#7347=CARTESIAN_POINT('',(5.919940990792E0,3.461865581895E-1,1.011925086563E0));
#7348=CARTESIAN_POINT('',(5.819532000611E0,3.636490257348E-1,1.530091965700E0));
#7349=CARTESIAN_POINT('',(5.569227329151E0,3.897388352639E-1,2.277836158601E0));
#7350=CARTESIAN_POINT('',(5.226435711559E0,4.156378252072E-1,2.981553766371E0));
#7351=CARTESIAN_POINT('',(4.790643804372E0,4.418024565112E-1,3.641435109121E0));
#7352=CARTESIAN_POINT('',(4.267069889078E0,4.681935373668E-1,4.243277890258E0));
#7353=CARTESIAN_POINT('',(3.667225894203E0,4.946221133487E-1,4.770797609907E0));
#7354=CARTESIAN_POINT('',(3.013319163056E0,5.206513391446E-1,5.208222015183E0));
#7355=CARTESIAN_POINT('',(2.304741247764E0,5.468058016492E-1,5.558640721339E0));
#7356=CARTESIAN_POINT('',(1.548988656773E0,5.732078739797E-1,5.814943820947E0));
#7357=CARTESIAN_POINT('',(7.655946769435E-1,5.996197268350E-1,
5.968591043618E0));
#7358=CARTESIAN_POINT('',(-2.250815735622E-2,6.257440501928E-1,
6.017027173237E0));
#7359=CARTESIAN_POINT('',(-8.043346699488E-1,6.516738313729E-1,
5.963069951747E0));
#7360=CARTESIAN_POINT('',(-1.577588131694E0,6.777742740992E-1,
5.806908070155E0));
#7361=CARTESIAN_POINT('',(-2.327838067199E0,7.040233797637E-1,
5.548882057606E0));
#7362=CARTESIAN_POINT('',(-3.033754670546E0,7.301301066655E-1,
5.196337200242E0));
#7363=CARTESIAN_POINT('',(-3.684465024742E0,7.561043986870E-1,
4.757162040850E0));
#7364=CARTESIAN_POINT('',(-4.274407446489E0,7.821706542476E-1,
4.235037553625E0));
#7365=CARTESIAN_POINT('',(-4.789924087413E0,8.081730978680E-1,
3.641824459910E0));
#7366=CARTESIAN_POINT('',(-5.224800184295E0,8.342504283709E-1,
2.984523550610E0));
#7367=CARTESIAN_POINT('',(-5.569587852104E0,8.602711328549E-1,
2.277653451342E0));
#7368=CARTESIAN_POINT('',(-5.820981440962E0,8.865329132173E-1,
1.524780321968E0));
#7369=CARTESIAN_POINT('',(-5.920252253860E0,9.038960069038E-1,
1.009454512547E0));
#7370=CARTESIAN_POINT('',(-5.952940449895E0,9.125668202033E-1,7.5E-1));
#7372=DIRECTION('',(0.E0,1.E0,0.E0));
#7373=VECTOR('',#7372,3.374331797967E-1);
#7374=CARTESIAN_POINT('',(5.952940449895E0,0.E0,7.5E-1));
#7375=LINE('',#7374,#7373);
#7376=DIRECTION('',(0.E0,1.E0,0.E0));
#7377=VECTOR('',#7376,9.125668202033E-1);
#7378=CARTESIAN_POINT('',(-5.952940449895E0,0.E0,7.5E-1));
#7379=LINE('',#7378,#7377);
#7380=CARTESIAN_POINT('',(-6.E0,2.1875E0,0.E0));
#7381=CARTESIAN_POINT('',(-6.E0,2.178425263239E0,2.736876128844E-1));
#7382=CARTESIAN_POINT('',(-5.962489263836E0,2.160275638328E0,
8.210656170551E-1));
#7383=CARTESIAN_POINT('',(-5.794734552227E0,2.133050502446E0,1.626802941609E0));
#7384=CARTESIAN_POINT('',(-5.518626896085E0,2.105825401095E0,2.402119892566E0));
#7385=CARTESIAN_POINT('',(-5.139347064477E0,2.078601313869E0,3.132495289751E0));
#7386=CARTESIAN_POINT('',(-4.663971890260E0,2.051376850307E0,3.804312599906E0));
#7387=CARTESIAN_POINT('',(-4.101377911316E0,2.024151748811E0,4.405012251983E0));
#7388=CARTESIAN_POINT('',(-3.462098300295E0,1.996926801387E0,4.923342137125E0));
#7389=CARTESIAN_POINT('',(-2.758107579837E0,1.969702712607E0,5.349603172336E0));
#7390=CARTESIAN_POINT('',(-2.002553308840E0,1.942478753061E0,5.675843330970E0));
#7391=CARTESIAN_POINT('',(-1.209541508120E0,1.915254243493E0,5.895967731311E0));
#7392=CARTESIAN_POINT('',(-3.939110238075E-1,1.888029630220E0,
6.005851434414E0));
#7393=CARTESIAN_POINT('',(4.290650198964E-1,1.860805664723E0,6.003442342106E0));
#7394=CARTESIAN_POINT('',(1.244031990963E0,1.833581255856E0,5.888786128171E0));
#7395=CARTESIAN_POINT('',(2.035727490693E0,1.806357252164E0,5.664029494554E0));
#7396=CARTESIAN_POINT('',(2.789370398098E0,1.779132913440E0,5.333369425636E0));
#7397=CARTESIAN_POINT('',(3.490852856176E0,1.751908869373E0,4.902995576476E0));
#7398=CARTESIAN_POINT('',(4.127082574820E0,1.724684156824E0,4.380937886085E0));
#7399=CARTESIAN_POINT('',(4.686141019214E0,1.697459616051E0,3.776969607760E0));
#7400=CARTESIAN_POINT('',(5.157571511543E0,1.670235661798E0,3.102397221738E0));
#7401=CARTESIAN_POINT('',(5.532577598408E0,1.643011409300E0,2.369812682142E0));
#7402=CARTESIAN_POINT('',(5.804146296264E0,1.615786332299E0,1.592895058735E0));
#7403=CARTESIAN_POINT('',(5.967187998796E0,1.588561424946E0,7.861979831950E-1));
#7404=CARTESIAN_POINT('',(6.018650872293E0,1.561336261150E0,
-3.520697644346E-2));
#7405=CARTESIAN_POINT('',(5.957593272637E0,1.534114938113E0,
-8.558382649592E-1));
#7406=CARTESIAN_POINT('',(5.785158440109E0,1.506891736411E0,-1.660526256549E0));
#7407=CARTESIAN_POINT('',(5.504565825050E0,1.479668774906E0,-2.434162548890E0));
#7408=CARTESIAN_POINT('',(5.121069460351E0,1.452446114856E0,-3.162283674479E0));
#7409=CARTESIAN_POINT('',(4.641836380550E0,1.425223499771E0,-3.831285483406E0));
#7410=CARTESIAN_POINT('',(4.075816782064E0,1.398000511494E0,-4.428669925838E0));
#7411=CARTESIAN_POINT('',(3.433593477530E0,1.370777344233E0,-4.943261552587E0));
#7412=CARTESIAN_POINT('',(2.727180733686E0,1.343554310847E0,-5.365434130892E0));
#7413=CARTESIAN_POINT('',(1.969780048397E0,1.316331198250E0,-5.687298648414E0));
#7414=CARTESIAN_POINT('',(1.175553342561E0,1.289108089085E0,-5.902836054066E0));
#7415=CARTESIAN_POINT('',(3.593489260833E-1,1.261884974647E0,
-6.008016915473E0));
#7416=CARTESIAN_POINT('',(-4.635738606202E-1,1.234661855686E0,
-6.000874921895E0));
#7417=CARTESIAN_POINT('',(-1.277834268106E0,1.207438589635E0,
-5.881542429595E0));
#7418=CARTESIAN_POINT('',(-2.068201248627E0,1.180215437601E0,
-5.652250920871E0));
#7419=CARTESIAN_POINT('',(-2.819893126355E0,1.152992615621E0,
-5.317292155784E0));
#7420=CARTESIAN_POINT('',(-3.518867820257E0,1.125769765249E0,
-4.882926102523E0));
#7421=CARTESIAN_POINT('',(-4.152064801101E0,1.098546547040E0,
-4.357265155093E0));
#7422=CARTESIAN_POINT('',(-4.707634438978E0,1.071323396447E0,
-3.750143332880E0));
#7423=CARTESIAN_POINT('',(-5.175184178164E0,1.044100723088E0,
-3.072922672479E0));
#7424=CARTESIAN_POINT('',(-5.545979583138E0,1.016878543823E0,
-2.338268550063E0));
#7425=CARTESIAN_POINT('',(-5.813102586253E0,9.896556855606E-1,
-1.559882041542E0));
#7426=CARTESIAN_POINT('',(-5.918731643515E0,9.715073475180E-1,
-1.021523982995E0));
#7427=CARTESIAN_POINT('',(-5.952940449895E0,9.624331797967E-1,-7.5E-1));
#7429=DIRECTION('',(0.E0,1.E0,0.E0));
#7430=VECTOR('',#7429,9.624331797967E-1);
#7431=CARTESIAN_POINT('',(-5.952940449895E0,0.E0,-7.5E-1));
#7432=LINE('',#7431,#7430);
#7433=DIRECTION('',(0.E0,1.E0,0.E0));
#7434=VECTOR('',#7433,1.2E0);
#7435=CARTESIAN_POINT('',(0.E0,0.E0,-6.E0));
#7436=LINE('',#7435,#7434);
#7437=CARTESIAN_POINT('',(0.E0,1.2E0,-6.E0));
#7438=CARTESIAN_POINT('',(2.771753234706E-1,1.209190379757E0,-6.E0));
#7439=CARTESIAN_POINT('',(8.315303064834E-1,1.227571345238E0,
-5.961525635434E0));
#7440=CARTESIAN_POINT('',(1.647144091886E0,1.255143657881E0,-5.789486788574E0));
#7441=CARTESIAN_POINT('',(2.431172662498E0,1.282716095391E0,-5.506417746598E0));
#7442=CARTESIAN_POINT('',(3.168569899596E0,1.310288250283E0,-5.117753315039E0));
#7443=CARTESIAN_POINT('',(3.845205666001E0,1.337860513406E0,-4.630943078426E0));
#7444=CARTESIAN_POINT('',(4.448110130745E0,1.365433242842E0,-4.055312996333E0));
#7445=CARTESIAN_POINT('',(4.965711604967E0,1.393006167986E0,-3.401904673958E0));
#7446=CARTESIAN_POINT('',(5.388077224230E0,1.420578966518E0,-2.683256964205E0));
#7447=CARTESIAN_POINT('',(5.707109933478E0,1.448151734627E0,-1.913150483203E0));
#7448=CARTESIAN_POINT('',(5.916690870914E0,1.475724643641E0,-1.106349076027E0));
#7449=CARTESIAN_POINT('',(6.012800794123E0,1.503296976710E0,
-2.783473682812E-1));
#7450=CARTESIAN_POINT('',(5.993596439569E0,1.530871076293E0,5.550457981498E-1));
#7451=CARTESIAN_POINT('',(5.859431345236E0,1.558445417450E0,1.377800496266E0));
#7452=CARTESIAN_POINT('',(5.612883144549E0,1.586019541829E0,2.174122255006E0));
#7453=CARTESIAN_POINT('',(5.258684247671E0,1.613593412065E0,2.928737887682E0));
#7454=CARTESIAN_POINT('',(4.803619551731E0,1.641167651339E0,3.627190697672E0));
#7455=CARTESIAN_POINT('',(4.256413474040E0,1.668742218888E0,4.256080560347E0));
#7456=CARTESIAN_POINT('',(3.627566716241E0,1.696316766342E0,4.803335103262E0));
#7457=CARTESIAN_POINT('',(2.929159230465E0,1.723890647078E0,5.258449559866E0));
#7458=CARTESIAN_POINT('',(2.174559328505E0,1.751464978190E0,5.612714735124E0));
#7459=CARTESIAN_POINT('',(1.378242543988E0,1.779039576237E0,5.859327931590E0));
#7460=CARTESIAN_POINT('',(5.554942726420E-1,1.806614037514E0,5.993554391653E0));
#7461=CARTESIAN_POINT('',(-2.778891466255E-1,1.834187860566E0,
6.012822799423E0));
#7462=CARTESIAN_POINT('',(-1.105942208172E0,1.861761663794E0,5.916769237698E0));
#7463=CARTESIAN_POINT('',(-1.912796426250E0,1.889335901324E0,5.707230578714E0));
#7464=CARTESIAN_POINT('',(-2.682960003598E0,1.916910043169E0,5.388226893129E0));
#7465=CARTESIAN_POINT('',(-3.401653407488E0,1.944483736966E0,4.965885216690E0));
#7466=CARTESIAN_POINT('',(-4.055109331018E0,1.972057612026E0,4.448297476928E0));
#7467=CARTESIAN_POINT('',(-4.630786023353E0,1.999631289489E0,3.845397603150E0));
#7468=CARTESIAN_POINT('',(-5.117649476107E0,2.027205116628E0,3.168741689735E0));
#7469=CARTESIAN_POINT('',(-5.506356481939E0,2.054778721266E0,2.431317014805E0));
#7470=CARTESIAN_POINT('',(-5.789460199115E0,2.082352884712E0,1.647245312377E0));
#7471=CARTESIAN_POINT('',(-5.961519114589E0,2.109926567749E0,
8.315931415275E-1));
#7472=CARTESIAN_POINT('',(-6.E0,2.128308888649E0,2.771973878228E-1));
#7473=CARTESIAN_POINT('',(-6.E0,2.1375E0,0.E0));
#7475=DIRECTION('',(0.E0,1.E0,0.E0));
#7476=VECTOR('',#7475,5.E-2);
#7477=CARTESIAN_POINT('',(-6.E0,2.1375E0,0.E0));
#7478=LINE('',#7477,#7476);
#7479=CARTESIAN_POINT('',(5.952940449895E0,2.875668202033E-1,-7.5E-1));
#7480=CARTESIAN_POINT('',(5.830892530882E0,3.569727014892E-1,-7.5E-1));
#7481=CARTESIAN_POINT('',(5.590449687079E0,4.935788031294E-1,-7.5E-1));
#7482=CARTESIAN_POINT('',(5.240727937489E0,6.918423399396E-1,-7.5E-1));
#7483=CARTESIAN_POINT('',(5.014862677822E0,8.195651065330E-1,-7.5E-1));
#7484=CARTESIAN_POINT('',(4.903746953657E0,8.823066802288E-1,-7.5E-1));
#7486=CARTESIAN_POINT('',(-5.887829049141E0,1.E0,-7.5E-1));
#7487=CARTESIAN_POINT('',(-5.898651773785E0,9.937557443226E-1,-7.5E-1));
#7488=CARTESIAN_POINT('',(-5.920326398429E0,9.812503517270E-1,-7.5E-1));
#7489=CARTESIAN_POINT('',(-5.942059374163E0,9.687111973040E-1,-7.5E-1));
#7490=CARTESIAN_POINT('',(-5.952940449895E0,9.624331797967E-1,-7.5E-1));
#7492=CARTESIAN_POINT('',(4.903746953657E0,8.823066802288E-1,-7.5E-1));
#7493=CARTESIAN_POINT('',(4.926193582291E0,8.952533766736E-1,-7.5E-1));
#7494=CARTESIAN_POINT('',(4.971236863500E0,9.212336685291E-1,-7.5E-1));
#7495=CARTESIAN_POINT('',(5.039251867997E0,9.604647841882E-1,-7.5E-1));
#7496=CARTESIAN_POINT('',(5.084895266643E0,9.867926344865E-1,-7.5E-1));
#7497=CARTESIAN_POINT('',(5.107791983218E0,1.E0,-7.5E-1));
#7499=CARTESIAN_POINT('',(-5.799130788695E0,1.E0,7.5E-1));
#7500=CARTESIAN_POINT('',(-5.830235186280E0,1.E0,5.860372656339E-1));
#7501=CARTESIAN_POINT('',(-5.878297373664E0,1.E0,2.562836488444E-1));
#7502=CARTESIAN_POINT('',(-5.908132966278E0,1.E0,-2.459880355668E-1));
#7503=CARTESIAN_POINT('',(-5.899415839143E0,1.E0,-5.816299248311E-1));
#7504=CARTESIAN_POINT('',(-5.887829049141E0,1.E0,-7.5E-1));
#7506=DIRECTION('',(-1.E0,0.E0,0.E0));
#7507=VECTOR('',#7506,1.080432288782E1);
#7508=CARTESIAN_POINT('',(5.005192099129E0,1.E0,7.5E-1));
#7509=LINE('',#7508,#7507);
#7510=CARTESIAN_POINT('',(5.107791983218E0,1.E0,-7.5E-1));
#7511=CARTESIAN_POINT('',(5.121190831746E0,1.E0,-5.810596866442E-1));
#7512=CARTESIAN_POINT('',(5.131207128138E0,1.E0,-2.446403291308E-1));
#7513=CARTESIAN_POINT('',(5.096591521373E0,1.E0,2.583859315928E-1));
#7514=CARTESIAN_POINT('',(5.041093483030E0,1.E0,5.869417053473E-1));
#7515=CARTESIAN_POINT('',(5.005192099129E0,1.E0,7.5E-1));
#7517=DIRECTION('',(1.E0,0.E0,0.E0));
#7518=VECTOR('',#7517,1.099562103236E1);
#7519=CARTESIAN_POINT('',(-5.887829049141E0,1.E0,-7.5E-1));
#7520=LINE('',#7519,#7518);
#7521=DIRECTION('',(0.E0,-5.E-1,-8.660254037844E-1));
#7522=VECTOR('',#7521,1.2E0);
#7523=CARTESIAN_POINT('',(0.E0,6.E-1,-4.960769515459E0));
#7524=LINE('',#7523,#7522);
#7525=DIRECTION('',(0.E0,-5.E-1,8.660254037844E-1));
#7526=VECTOR('',#7525,1.2E0);
#7527=CARTESIAN_POINT('',(0.E0,1.2E0,-6.E0));
#7528=LINE('',#7527,#7526);
#7529=CARTESIAN_POINT('',(-5.952940449895E0,0.E0,-7.5E-1));
#7530=CARTESIAN_POINT('',(5.952940449895E0,0.E0,-7.5E-1));
#7531=VERTEX_POINT('',#7529);
#7532=VERTEX_POINT('',#7530);
#7533=CARTESIAN_POINT('',(-5.952940449895E0,0.E0,7.5E-1));
#7534=CARTESIAN_POINT('',(5.952940449895E0,0.E0,7.5E-1));
#7535=VERTEX_POINT('',#7533);
#7536=VERTEX_POINT('',#7534);
#7537=CARTESIAN_POINT('',(2.649645207559E0,3.1E0,-4.819686740241E0));
#7538=CARTESIAN_POINT('',(2.473311124472E0,3.1E0,-4.498936233839E0));
#7539=VERTEX_POINT('',#7537);
#7540=VERTEX_POINT('',#7538);
#7541=VERTEX_POINT('',#7209);
#7542=VERTEX_POINT('',#7222);
#7543=CARTESIAN_POINT('',(0.E0,0.E0,-6.E0));
#7544=CARTESIAN_POINT('',(0.E0,1.2E0,-6.E0));
#7545=VERTEX_POINT('',#7543);
#7546=VERTEX_POINT('',#7544);
#7547=VERTEX_POINT('',#7282);
#7548=VERTEX_POINT('',#7301);
#7549=VERTEX_POINT('',#7340);
#7550=VERTEX_POINT('',#7346);
#7551=VERTEX_POINT('',#7370);
#7552=VERTEX_POINT('',#7499);
#7553=VERTEX_POINT('',#7504);
#7554=VERTEX_POINT('',#7484);
#7555=CARTESIAN_POINT('',(5.107791983218E0,1.E0,-7.5E-1));
#7556=VERTEX_POINT('',#7555);
#7557=CARTESIAN_POINT('',(5.005192099129E0,1.E0,7.5E-1));
#7558=VERTEX_POINT('',#7557);
#7559=CARTESIAN_POINT('',(-6.E0,2.1875E0,0.E0));
#7560=VERTEX_POINT('',#7559);
#7561=CARTESIAN_POINT('',(0.E0,6.E-1,-4.960769515459E0));
#7562=VERTEX_POINT('',#7561);
#7563=CARTESIAN_POINT('',(2.890522044610E0,2.6E0,-5.257840080263E0));
#7564=VERTEX_POINT('',#7563);
#7565=VERTEX_POINT('',#7427);
#7566=VERTEX_POINT('',#7110);
#7567=CARTESIAN_POINT('',(0.E0,0.E0,0.E0));
#7568=DIRECTION('',(0.E0,1.E0,0.E0));
#7569=DIRECTION('',(1.E0,0.E0,0.E0));
#7570=AXIS2_PLACEMENT_3D('',#7567,#7568,#7569);
#7571=PLANE('',#7570);
#7573=ORIENTED_EDGE('',*,*,#7572,.F.);
#7575=ORIENTED_EDGE('',*,*,#7574,.T.);
#7576=EDGE_LOOP('',(#7573,#7575));
#7577=FACE_OUTER_BOUND('',#7576,.F.);
#7578=ADVANCED_FACE('',(#7577),#7571,.F.);
#7579=CARTESIAN_POINT('',(0.E0,0.E0,0.E0));
#7580=DIRECTION('',(0.E0,1.E0,0.E0));
#7581=DIRECTION('',(1.E0,0.E0,0.E0));
#7582=AXIS2_PLACEMENT_3D('',#7579,#7580,#7581);
#7583=PLANE('',#7582);
#7585=ORIENTED_EDGE('',*,*,#7584,.T.);
#7587=ORIENTED_EDGE('',*,*,#7586,.T.);
#7589=ORIENTED_EDGE('',*,*,#7588,.T.);
#7590=EDGE_LOOP('',(#7585,#7587,#7589));
#7591=FACE_OUTER_BOUND('',#7590,.F.);
#7592=ADVANCED_FACE('',(#7591),#7583,.F.);
#7593=CARTESIAN_POINT('',(9.302728085023E0,0.E0,7.5E-1));
#7594=DIRECTION('',(0.E0,0.E0,1.E0));
#7595=DIRECTION('',(-1.E0,0.E0,0.E0));
#7596=AXIS2_PLACEMENT_3D('',#7593,#7594,#7595);
#7597=PLANE('',#7596);
#7599=ORIENTED_EDGE('',*,*,#7598,.F.);
#7601=ORIENTED_EDGE('',*,*,#7600,.F.);
#7602=ORIENTED_EDGE('',*,*,#7572,.T.);
#7604=ORIENTED_EDGE('',*,*,#7603,.T.);
#7606=ORIENTED_EDGE('',*,*,#7605,.F.);
#7608=ORIENTED_EDGE('',*,*,#7607,.F.);
#7610=ORIENTED_EDGE('',*,*,#7609,.T.);
#7611=EDGE_LOOP('',(#7599,#7601,#7602,#7604,#7606,#7608,#7610));
#7612=FACE_OUTER_BOUND('',#7611,.F.);
#7613=ADVANCED_FACE('',(#7612),#7597,.F.);
#7614=CARTESIAN_POINT('',(-1.276563316173E0,5.6E-1,-4.772194146199E0));
#7615=CARTESIAN_POINT('',(-6.009107769645E-1,5.881666666667E-1,
-4.952931396112E0));
#7616=CARTESIAN_POINT('',(8.278897717521E-1,6.445E-1,-5.022971456164E0));
#7617=CARTESIAN_POINT('',(2.824302811392E0,7.29E-1,-4.235484835978E0));
#7618=CARTESIAN_POINT('',(4.318715996369E0,8.135E-1,-2.695282088706E0));
#7619=CARTESIAN_POINT('',(5.045670357717E0,8.98E-1,-6.761047306118E-1));
#7620=CARTESIAN_POINT('',(4.875947455280E0,9.825E-1,1.463225564090E0));
#7621=CARTESIAN_POINT('',(3.839717131131E0,1.067E0,3.342524216903E0));
#7622=CARTESIAN_POINT('',(2.121126636140E0,1.1515E0,4.627819904869E0));
#7623=CARTESIAN_POINT('',(2.558887734021E-2,1.236E0,5.090701377052E0));
#7624=CARTESIAN_POINT('',(-2.074496338114E0,1.3205E0,4.648909578566E0));
#7625=CARTESIAN_POINT('',(-3.805920869633E0,1.405E0,3.380955729749E0));
#7626=CARTESIAN_POINT('',(-4.860991663652E0,1.4895E0,1.512169092196E0));
#7627=CARTESIAN_POINT('',(-5.052211104369E0,1.574E0,-6.253465222755E-1));
#7628=CARTESIAN_POINT('',(-4.345597407823E0,1.6585E0,-2.651731224219E0));
#7629=CARTESIAN_POINT('',(-2.866723551453E0,1.743E0,-4.206874302360E0));
#7630=CARTESIAN_POINT('',(-8.784015847149E-1,1.8275E0,-5.014409832900E0));
#7631=CARTESIAN_POINT('',(1.266021945171E0,1.912E0,-4.930829925141E0));
#7632=CARTESIAN_POINT('',(3.185459536898E0,1.9965E0,-3.970987642275E0));
#7633=CARTESIAN_POINT('',(4.538806149623E0,2.081E0,-2.305457449717E0));
#7634=CARTESIAN_POINT('',(5.085557297254E0,2.1655E0,-2.302222680779E-1));
#7635=CARTESIAN_POINT('',(4.728549324443E0,2.25E0,1.885925927055E0));
#7636=CARTESIAN_POINT('',(3.531226450467E0,2.3345E0,3.666924470589E0));
#7637=CARTESIAN_POINT('',(1.706366036996E0,2.419E0,4.796270453198E0));
#7638=CARTESIAN_POINT('',(-4.217342712247E-1,2.5035E0,5.073266751414E0));
#7639=CARTESIAN_POINT('',(-2.474887796298E0,2.588E0,4.448688087145E0));
#7640=CARTESIAN_POINT('',(-4.088226682721E0,2.6725E0,3.033528946481E0));
#7641=CARTESIAN_POINT('',(-4.975043093756E0,2.757E0,1.079278464047E0));
#7642=CARTESIAN_POINT('',(-4.977739618145E0,2.8415E0,-1.066771265085E0));
#7643=CARTESIAN_POINT('',(-4.095838701717E0,2.926E0,-3.023245324981E0));
#7644=CARTESIAN_POINT('',(-2.486057627856E0,3.0105E0,-4.442450997588E0));
#7645=CARTESIAN_POINT('',(-4.344950387546E-1,3.095E0,-5.072201911156E0));
#7646=CARTESIAN_POINT('',(1.694349616589E0,3.1795E0,-4.800502379999E0));
#7647=CARTESIAN_POINT('',(2.912675025615E0,3.235833333333E0,-4.050795893602E0));
#7648=CARTESIAN_POINT('',(3.417683024920E0,3.264E0,-3.566916540990E0));
#7649=CARTESIAN_POINT('',(-1.369661391065E0,3.52E-1,-5.120223955916E0));
#7650=CARTESIAN_POINT('',(-6.447344054583E-1,3.801666666667E-1,
-5.314142134510E0));
#7651=CARTESIAN_POINT('',(8.882666782447E-1,4.365E-1,-5.389290123542E0));
#7652=CARTESIAN_POINT('',(3.030275481388E0,5.21E-1,-4.544373145290E0));
#7653=CARTESIAN_POINT('',(4.633674244167E0,6.055E-1,-2.891845447976E0));
#7654=CARTESIAN_POINT('',(5.413644425974E0,6.9E-1,-7.254121547305E-1));
#7655=CARTESIAN_POINT('',(5.231543856655E0,7.745E-1,1.569936669934E0));
#7656=CARTESIAN_POINT('',(4.119742624976E0,8.59E-1,3.586290088857E0));
#7657=CARTESIAN_POINT('',(2.275817597351E0,9.435E-1,4.965320692044E0));
#7658=CARTESIAN_POINT('',(2.745504033333E-2,1.028E0,5.461959498014E0));
#7659=CARTESIAN_POINT('',(-2.225786613341E0,1.1125E0,4.987948407761E0));
#7660=CARTESIAN_POINT('',(-4.083481646809E0,1.197E0,3.627524361124E0));
#7661=CARTESIAN_POINT('',(-5.215497358916E0,1.2815E0,1.622449584835E0));
#7662=CARTESIAN_POINT('',(-5.420662180632E0,1.366E0,-6.709522173681E-1));
#7663=CARTESIAN_POINT('',(-4.662516081418E0,1.4505E0,-2.845118476521E0));
#7664=CARTESIAN_POINT('',(-3.075789909936E0,1.535E0,-4.513676083281E0));
#7665=CARTESIAN_POINT('',(-9.424622509447E-1,1.6195E0,-5.380104112412E0));
#7666=CARTESIAN_POINT('',(1.358351251813E0,1.704E0,-5.290428832482E0));
#7667=CARTESIAN_POINT('',(3.417770889396E0,1.7885E0,-4.260586520944E0));
#7668=CARTESIAN_POINT('',(4.869815281314E0,1.873E0,-2.473591413456E0));
#7669=CARTESIAN_POINT('',(5.456440267277E0,1.9575E0,-2.470120737097E-1));
#7670=CARTESIAN_POINT('',(5.073396175012E0,2.042E0,2.023464011514E0));
#7671=CARTESIAN_POINT('',(3.788754126830E0,2.1265E0,3.934348424151E0));
#7672=CARTESIAN_POINT('',(1.830809056070E0,2.211E0,5.146056116153E0));
#7673=CARTESIAN_POINT('',(-4.524907940460E-1,2.2955E0,5.443253388178E0));
#7674=CARTESIAN_POINT('',(-2.655378091208E0,2.38E0,4.773125027685E0));
#7675=CARTESIAN_POINT('',(-4.386375649606E0,2.4645E0,3.254760201889E0));
#7676=CARTESIAN_POINT('',(-5.337866409030E0,2.549E0,1.157988815505E0));
#7677=CARTESIAN_POINT('',(-5.340759587377E0,2.6335E0,-1.144569483059E0));
#7678=CARTESIAN_POINT('',(-4.394542803084E0,2.718E0,-3.243726609469E0));
#7679=CARTESIAN_POINT('',(-2.667362523814E0,2.8025E0,-4.766433075434E0));
#7680=CARTESIAN_POINT('',(-4.661821874807E-1,2.887E0,-5.442110890528E0));
#7681=CARTESIAN_POINT('',(1.817916294010E0,2.9715E0,-5.150596671781E0));
#7682=CARTESIAN_POINT('',(3.125092564356E0,3.027833333333E0,-4.346215082524E0));
#7683=CARTESIAN_POINT('',(3.666930129374E0,3.056E0,-3.827047048469E0));
#7684=CARTESIAN_POINT('',(-1.462759465956E0,1.44E-1,-5.468253765632E0));
#7685=CARTESIAN_POINT('',(-6.885580339522E-1,1.721666666667E-1,
-5.675352872908E0));
#7686=CARTESIAN_POINT('',(9.486435847372E-1,2.285E-1,-5.755608790919E0));
#7687=CARTESIAN_POINT('',(3.236248151384E0,3.13E-1,-4.853261454601E0));
#7688=CARTESIAN_POINT('',(4.948632491965E0,3.975E-1,-3.088408807246E0));
#7689=CARTESIAN_POINT('',(5.781618494231E0,4.82E-1,-7.747195788492E-1));
#7690=CARTESIAN_POINT('',(5.587140258030E0,5.665E-1,1.676647775778E0));
#7691=CARTESIAN_POINT('',(4.399768118821E0,6.51E-1,3.830055960811E0));
#7692=CARTESIAN_POINT('',(2.430508558562E0,7.355E-1,5.302821479220E0));
#7693=CARTESIAN_POINT('',(2.932120332644E-2,8.2E-1,5.833217618975E0));
#7694=CARTESIAN_POINT('',(-2.377076888567E0,9.045E-1,5.326987236956E0));
#7695=CARTESIAN_POINT('',(-4.361042423986E0,9.89E-1,3.874092992500E0));
#7696=CARTESIAN_POINT('',(-5.570003054181E0,1.0735E0,1.732730077475E0));
#7697=CARTESIAN_POINT('',(-5.789113256894E0,1.158E0,-7.165579124608E-1));
#7698=CARTESIAN_POINT('',(-4.979434755013E0,1.2425E0,-3.038505728823E0));
#7699=CARTESIAN_POINT('',(-3.284856268420E0,1.327E0,-4.820477864201E0));
#7700=CARTESIAN_POINT('',(-1.006522917174E0,1.4115E0,-5.745798391925E0));
#7701=CARTESIAN_POINT('',(1.450680558454E0,1.496E0,-5.650027739823E0));
#7702=CARTESIAN_POINT('',(3.650082241895E0,1.5805E0,-4.550185399612E0));
#7703=CARTESIAN_POINT('',(5.200824413005E0,1.665E0,-2.641725377196E0));
#7704=CARTESIAN_POINT('',(5.827323237300E0,1.7495E0,-2.638018793415E-1));
#7705=CARTESIAN_POINT('',(5.418243025582E0,1.834E0,2.161002095972E0));
#7706=CARTESIAN_POINT('',(4.046281803193E0,1.9185E0,4.201772377714E0));
#7707=CARTESIAN_POINT('',(1.955252075145E0,2.003E0,5.495841779107E0));
#7708=CARTESIAN_POINT('',(-4.832473168673E-1,2.0875E0,5.813240024943E0));
#7709=CARTESIAN_POINT('',(-2.835868386118E0,2.172E0,5.097561968226E0));
#7710=CARTESIAN_POINT('',(-4.684524616492E0,2.2565E0,3.475991457297E0));
#7711=CARTESIAN_POINT('',(-5.700689724303E0,2.341E0,1.236699166963E0));
#7712=CARTESIAN_POINT('',(-5.703779556609E0,2.4255E0,-1.222367701033E0));
#7713=CARTESIAN_POINT('',(-4.693246904451E0,2.51E0,-3.464207893957E0));
#7714=CARTESIAN_POINT('',(-2.848667419772E0,2.5945E0,-5.090415153279E0));
#7715=CARTESIAN_POINT('',(-4.978693362069E-1,2.679E0,-5.812019869900E0));
#7716=CARTESIAN_POINT('',(1.941482971431E0,2.7635E0,-5.500690963562E0));
#7717=CARTESIAN_POINT('',(3.337510103098E0,2.819833333333E0,-4.641634271447E0));
#7718=CARTESIAN_POINT('',(3.916177233829E0,2.848E0,-4.087177555947E0));
#7719=CARTESIAN_POINT('',(-1.555857540848E0,-6.4E-2,-5.816283575349E0));
#7720=CARTESIAN_POINT('',(-7.323816624461E-1,-3.583333333333E-2,
-6.036563611307E0));
#7721=CARTESIAN_POINT('',(1.009020491230E0,2.05E-2,-6.121927458297E0));
#7722=CARTESIAN_POINT('',(3.442220821379E0,1.05E-1,-5.162149763912E0));
#7723=CARTESIAN_POINT('',(5.263590739762E0,1.895E-1,-3.284972166516E0));
#7724=CARTESIAN_POINT('',(6.149592562488E0,2.74E-1,-8.240270029680E-1));
#7725=CARTESIAN_POINT('',(5.942736659405E0,3.585E-1,1.783358881622E0));
#7726=CARTESIAN_POINT('',(4.679793612666E0,4.43E-1,4.073821832765E0));
#7727=CARTESIAN_POINT('',(2.585199519773E0,5.275E-1,5.640322266395E0));
#7728=CARTESIAN_POINT('',(3.118736631955E-2,6.12E-1,6.204475739936E0));
#7729=CARTESIAN_POINT('',(-2.528367163794E0,6.965E-1,5.666026066151E0));
#7730=CARTESIAN_POINT('',(-4.638603201162E0,7.81E-1,4.120661623875E0));
#7731=CARTESIAN_POINT('',(-5.924508749445E0,8.655E-1,1.843010570115E0));
#7732=CARTESIAN_POINT('',(-6.157564333157E0,9.5E-1,-7.621636075535E-1));
#7733=CARTESIAN_POINT('',(-5.296353428608E0,1.0345E0,-3.231892981124E0));
#7734=CARTESIAN_POINT('',(-3.493922626904E0,1.119E0,-5.127279645122E0));
#7735=CARTESIAN_POINT('',(-1.070583583404E0,1.2035E0,-6.111492671437E0));
#7736=CARTESIAN_POINT('',(1.543009865095E0,1.288E0,-6.009626647164E0));
#7737=CARTESIAN_POINT('',(3.882393594393E0,1.3725E0,-4.839784278281E0));
#7738=CARTESIAN_POINT('',(5.531833544696E0,1.457E0,-2.809859340935E0));
#7739=CARTESIAN_POINT('',(6.198206207322E0,1.5415E0,-2.805916849733E-1));
#7740=CARTESIAN_POINT('',(5.763089876151E0,1.626E0,2.298540180431E0));
#7741=CARTESIAN_POINT('',(4.303809479556E0,1.7105E0,4.469196331277E0));
#7742=CARTESIAN_POINT('',(2.079695094220E0,1.795E0,5.845627442062E0));
#7743=CARTESIAN_POINT('',(-5.140038396887E-1,1.8795E0,6.183226661707E0));
#7744=CARTESIAN_POINT('',(-3.016358681028E0,1.964E0,5.421998908766E0));
#7745=CARTESIAN_POINT('',(-4.982673583377E0,2.0485E0,3.697222712705E0));
#7746=CARTESIAN_POINT('',(-6.063513039577E0,2.133E0,1.315409518421E0));
#7747=CARTESIAN_POINT('',(-6.066799525841E0,2.2175E0,-1.300165919007E0));
#7748=CARTESIAN_POINT('',(-4.991951005818E0,2.302E0,-3.684689178445E0));
#7749=CARTESIAN_POINT('',(-3.029972315730E0,2.3865E0,-5.414397231124E0));
#7750=CARTESIAN_POINT('',(-5.295564849330E-1,2.471E0,-6.181928849272E0));
#7751=CARTESIAN_POINT('',(2.065049648853E0,2.5555E0,-5.850785255343E0));
#7752=CARTESIAN_POINT('',(3.549927641839E0,2.611833333333E0,-4.937053460370E0));
#7753=CARTESIAN_POINT('',(4.165424338283E0,2.64E0,-4.347308063426E0));
#7754=B_SPLINE_SURFACE_WITH_KNOTS('',3,3,((#7614,#7615,#7616,#7617,#7618,#7619,
#7620,#7621,#7622,#7623,#7624,#7625,#7626,#7627,#7628,#7629,#7630,#7631,#7632,
#7633,#7634,#7635,#7636,#7637,#7638,#7639,#7640,#7641,#7642,#7643,#7644,#7645,
#7646,#7647,#7648),(#7649,#7650,#7651,#7652,#7653,#7654,#7655,#7656,#7657,#7658,
#7659,#7660,#7661,#7662,#7663,#7664,#7665,#7666,#7667,#7668,#7669,#7670,#7671,
#7672,#7673,#7674,#7675,#7676,#7677,#7678,#7679,#7680,#7681,#7682,#7683),(#7684,
#7685,#7686,#7687,#7688,#7689,#7690,#7691,#7692,#7693,#7694,#7695,#7696,#7697,
#7698,#7699,#7700,#7701,#7702,#7703,#7704,#7705,#7706,#7707,#7708,#7709,#7710,
#7711,#7712,#7713,#7714,#7715,#7716,#7717,#7718),(#7719,#7720,#7721,#7722,#7723,
#7724,#7725,#7726,#7727,#7728,#7729,#7730,#7731,#7732,#7733,#7734,#7735,#7736,
#7737,#7738,#7739,#7740,#7741,#7742,#7743,#7744,#7745,#7746,#7747,#7748,#7749,
#7750,#7751,#7752,#7753)),.UNSPECIFIED.,.F.,.F.,.F.,(4,4),(4,1,1,1,1,1,1,1,1,1,
1,1,1,1,1,1,1,1,1,1,1,1,1,1,1,1,1,1,1,1,1,1,4),(-2.E-2,1.02E0),(-2.E-2,1.25E-2,
4.5E-2,7.75E-2,1.1E-1,1.425E-1,1.75E-1,2.075E-1,2.4E-1,2.725E-1,3.05E-1,
3.375E-1,3.7E-1,4.025E-1,4.35E-1,4.675E-1,5.E-1,5.325E-1,5.65E-1,5.975E-1,
6.3E-1,6.625E-1,6.95E-1,7.275E-1,7.6E-1,7.925E-1,8.25E-1,8.575E-1,8.9E-1,
9.225E-1,9.55E-1,9.875E-1,1.02E0),.UNSPECIFIED.);
#7756=ORIENTED_EDGE('',*,*,#7755,.T.);
#7758=ORIENTED_EDGE('',*,*,#7757,.F.);
#7759=ORIENTED_EDGE('',*,*,#7605,.T.);
#7761=ORIENTED_EDGE('',*,*,#7760,.T.);
#7762=ORIENTED_EDGE('',*,*,#7598,.T.);
#7764=ORIENTED_EDGE('',*,*,#7763,.T.);
#7766=ORIENTED_EDGE('',*,*,#7765,.T.);
#7768=ORIENTED_EDGE('',*,*,#7767,.F.);
#7770=ORIENTED_EDGE('',*,*,#7769,.T.);
#7772=ORIENTED_EDGE('',*,*,#7771,.F.);
#7773=EDGE_LOOP('',(#7756,#7758,#7759,#7761,#7762,#7764,#7766,#7768,#7770,
#7772));
#7774=FACE_OUTER_BOUND('',#7773,.F.);
#7775=ADVANCED_FACE('',(#7774),#7754,.F.);
#7776=CARTESIAN_POINT('',(-1.276563316173E0,5.6E-1,-4.772194146199E0));
#7777=CARTESIAN_POINT('',(-6.009107769645E-1,5.881666666667E-1,
-4.952931396112E0));
#7778=CARTESIAN_POINT('',(8.278897717521E-1,6.445E-1,-5.022971456164E0));
#7779=CARTESIAN_POINT('',(2.824302811392E0,7.29E-1,-4.235484835978E0));
#7780=CARTESIAN_POINT('',(4.318715996369E0,8.135E-1,-2.695282088706E0));
#7781=CARTESIAN_POINT('',(5.045670357717E0,8.98E-1,-6.761047306118E-1));
#7782=CARTESIAN_POINT('',(4.875947455280E0,9.825E-1,1.463225564090E0));
#7783=CARTESIAN_POINT('',(3.839717131131E0,1.067E0,3.342524216903E0));
#7784=CARTESIAN_POINT('',(2.121126636140E0,1.1515E0,4.627819904869E0));
#7785=CARTESIAN_POINT('',(2.558887734021E-2,1.236E0,5.090701377052E0));
#7786=CARTESIAN_POINT('',(-2.074496338114E0,1.3205E0,4.648909578566E0));
#7787=CARTESIAN_POINT('',(-3.805920869633E0,1.405E0,3.380955729749E0));
#7788=CARTESIAN_POINT('',(-4.860991663652E0,1.4895E0,1.512169092196E0));
#7789=CARTESIAN_POINT('',(-5.052211104369E0,1.574E0,-6.253465222755E-1));
#7790=CARTESIAN_POINT('',(-4.345597407823E0,1.6585E0,-2.651731224219E0));
#7791=CARTESIAN_POINT('',(-2.866723551453E0,1.743E0,-4.206874302360E0));
#7792=CARTESIAN_POINT('',(-8.784015847149E-1,1.8275E0,-5.014409832900E0));
#7793=CARTESIAN_POINT('',(1.266021945171E0,1.912E0,-4.930829925141E0));
#7794=CARTESIAN_POINT('',(3.185459536898E0,1.9965E0,-3.970987642275E0));
#7795=CARTESIAN_POINT('',(4.538806149623E0,2.081E0,-2.305457449717E0));
#7796=CARTESIAN_POINT('',(5.085557297254E0,2.1655E0,-2.302222680779E-1));
#7797=CARTESIAN_POINT('',(4.728549324443E0,2.25E0,1.885925927055E0));
#7798=CARTESIAN_POINT('',(3.531226450467E0,2.3345E0,3.666924470589E0));
#7799=CARTESIAN_POINT('',(1.706366036996E0,2.419E0,4.796270453198E0));
#7800=CARTESIAN_POINT('',(-4.217342712247E-1,2.5035E0,5.073266751414E0));
#7801=CARTESIAN_POINT('',(-2.474887796298E0,2.588E0,4.448688087145E0));
#7802=CARTESIAN_POINT('',(-4.088226682721E0,2.6725E0,3.033528946481E0));
#7803=CARTESIAN_POINT('',(-4.975043093756E0,2.757E0,1.079278464047E0));
#7804=CARTESIAN_POINT('',(-4.977739618145E0,2.8415E0,-1.066771265085E0));
#7805=CARTESIAN_POINT('',(-4.095838701717E0,2.926E0,-3.023245324981E0));
#7806=CARTESIAN_POINT('',(-2.486057627856E0,3.0105E0,-4.442450997588E0));
#7807=CARTESIAN_POINT('',(-4.344950387546E-1,3.095E0,-5.072201911156E0));
#7808=CARTESIAN_POINT('',(1.694349616589E0,3.1795E0,-4.800502379999E0));
#7809=CARTESIAN_POINT('',(2.912675025615E0,3.235833333333E0,-4.050795893602E0));
#7810=CARTESIAN_POINT('',(3.417683024920E0,3.264E0,-3.566916540990E0));
#7811=CARTESIAN_POINT('',(-1.369661391065E0,3.52E-1,-5.120223955916E0));
#7812=CARTESIAN_POINT('',(-6.447344054583E-1,3.801666666667E-1,
-5.314142134510E0));
#7813=CARTESIAN_POINT('',(8.882666782447E-1,4.365E-1,-5.389290123542E0));
#7814=CARTESIAN_POINT('',(3.030275481388E0,5.21E-1,-4.544373145290E0));
#7815=CARTESIAN_POINT('',(4.633674244167E0,6.055E-1,-2.891845447976E0));
#7816=CARTESIAN_POINT('',(5.413644425974E0,6.9E-1,-7.254121547305E-1));
#7817=CARTESIAN_POINT('',(5.231543856655E0,7.745E-1,1.569936669934E0));
#7818=CARTESIAN_POINT('',(4.119742624976E0,8.59E-1,3.586290088857E0));
#7819=CARTESIAN_POINT('',(2.275817597351E0,9.435E-1,4.965320692044E0));
#7820=CARTESIAN_POINT('',(2.745504033333E-2,1.028E0,5.461959498014E0));
#7821=CARTESIAN_POINT('',(-2.225786613341E0,1.1125E0,4.987948407761E0));
#7822=CARTESIAN_POINT('',(-4.083481646809E0,1.197E0,3.627524361124E0));
#7823=CARTESIAN_POINT('',(-5.215497358916E0,1.2815E0,1.622449584835E0));
#7824=CARTESIAN_POINT('',(-5.420662180632E0,1.366E0,-6.709522173681E-1));
#7825=CARTESIAN_POINT('',(-4.662516081418E0,1.4505E0,-2.845118476521E0));
#7826=CARTESIAN_POINT('',(-3.075789909936E0,1.535E0,-4.513676083281E0));
#7827=CARTESIAN_POINT('',(-9.424622509447E-1,1.6195E0,-5.380104112412E0));
#7828=CARTESIAN_POINT('',(1.358351251813E0,1.704E0,-5.290428832482E0));
#7829=CARTESIAN_POINT('',(3.417770889396E0,1.7885E0,-4.260586520944E0));
#7830=CARTESIAN_POINT('',(4.869815281314E0,1.873E0,-2.473591413456E0));
#7831=CARTESIAN_POINT('',(5.456440267277E0,1.9575E0,-2.470120737097E-1));
#7832=CARTESIAN_POINT('',(5.073396175012E0,2.042E0,2.023464011514E0));
#7833=CARTESIAN_POINT('',(3.788754126830E0,2.1265E0,3.934348424151E0));
#7834=CARTESIAN_POINT('',(1.830809056070E0,2.211E0,5.146056116153E0));
#7835=CARTESIAN_POINT('',(-4.524907940460E-1,2.2955E0,5.443253388178E0));
#7836=CARTESIAN_POINT('',(-2.655378091208E0,2.38E0,4.773125027685E0));
#7837=CARTESIAN_POINT('',(-4.386375649606E0,2.4645E0,3.254760201889E0));
#7838=CARTESIAN_POINT('',(-5.337866409030E0,2.549E0,1.157988815505E0));
#7839=CARTESIAN_POINT('',(-5.340759587377E0,2.6335E0,-1.144569483059E0));
#7840=CARTESIAN_POINT('',(-4.394542803084E0,2.718E0,-3.243726609469E0));
#7841=CARTESIAN_POINT('',(-2.667362523814E0,2.8025E0,-4.766433075434E0));
#7842=CARTESIAN_POINT('',(-4.661821874807E-1,2.887E0,-5.442110890528E0));
#7843=CARTESIAN_POINT('',(1.817916294010E0,2.9715E0,-5.150596671781E0));
#7844=CARTESIAN_POINT('',(3.125092564356E0,3.027833333333E0,-4.346215082524E0));
#7845=CARTESIAN_POINT('',(3.666930129374E0,3.056E0,-3.827047048469E0));
#7846=CARTESIAN_POINT('',(-1.462759465956E0,1.44E-1,-5.468253765632E0));
#7847=CARTESIAN_POINT('',(-6.885580339522E-1,1.721666666667E-1,
-5.675352872908E0));
#7848=CARTESIAN_POINT('',(9.486435847372E-1,2.285E-1,-5.755608790919E0));
#7849=CARTESIAN_POINT('',(3.236248151384E0,3.13E-1,-4.853261454601E0));
#7850=CARTESIAN_POINT('',(4.948632491965E0,3.975E-1,-3.088408807246E0));
#7851=CARTESIAN_POINT('',(5.781618494231E0,4.82E-1,-7.747195788492E-1));
#7852=CARTESIAN_POINT('',(5.587140258030E0,5.665E-1,1.676647775778E0));
#7853=CARTESIAN_POINT('',(4.399768118821E0,6.51E-1,3.830055960811E0));
#7854=CARTESIAN_POINT('',(2.430508558562E0,7.355E-1,5.302821479220E0));
#7855=CARTESIAN_POINT('',(2.932120332644E-2,8.2E-1,5.833217618975E0));
#7856=CARTESIAN_POINT('',(-2.377076888567E0,9.045E-1,5.326987236956E0));
#7857=CARTESIAN_POINT('',(-4.361042423986E0,9.89E-1,3.874092992500E0));
#7858=CARTESIAN_POINT('',(-5.570003054181E0,1.0735E0,1.732730077475E0));
#7859=CARTESIAN_POINT('',(-5.789113256894E0,1.158E0,-7.165579124608E-1));
#7860=CARTESIAN_POINT('',(-4.979434755013E0,1.2425E0,-3.038505728823E0));
#7861=CARTESIAN_POINT('',(-3.284856268420E0,1.327E0,-4.820477864201E0));
#7862=CARTESIAN_POINT('',(-1.006522917174E0,1.4115E0,-5.745798391925E0));
#7863=CARTESIAN_POINT('',(1.450680558454E0,1.496E0,-5.650027739823E0));
#7864=CARTESIAN_POINT('',(3.650082241895E0,1.5805E0,-4.550185399612E0));
#7865=CARTESIAN_POINT('',(5.200824413005E0,1.665E0,-2.641725377196E0));
#7866=CARTESIAN_POINT('',(5.827323237300E0,1.7495E0,-2.638018793415E-1));
#7867=CARTESIAN_POINT('',(5.418243025582E0,1.834E0,2.161002095972E0));
#7868=CARTESIAN_POINT('',(4.046281803193E0,1.9185E0,4.201772377714E0));
#7869=CARTESIAN_POINT('',(1.955252075145E0,2.003E0,5.495841779107E0));
#7870=CARTESIAN_POINT('',(-4.832473168673E-1,2.0875E0,5.813240024943E0));
#7871=CARTESIAN_POINT('',(-2.835868386118E0,2.172E0,5.097561968226E0));
#7872=CARTESIAN_POINT('',(-4.684524616492E0,2.2565E0,3.475991457297E0));
#7873=CARTESIAN_POINT('',(-5.700689724303E0,2.341E0,1.236699166963E0));
#7874=CARTESIAN_POINT('',(-5.703779556609E0,2.4255E0,-1.222367701033E0));
#7875=CARTESIAN_POINT('',(-4.693246904451E0,2.51E0,-3.464207893957E0));
#7876=CARTESIAN_POINT('',(-2.848667419772E0,2.5945E0,-5.090415153279E0));
#7877=CARTESIAN_POINT('',(-4.978693362069E-1,2.679E0,-5.812019869900E0));
#7878=CARTESIAN_POINT('',(1.941482971431E0,2.7635E0,-5.500690963562E0));
#7879=CARTESIAN_POINT('',(3.337510103098E0,2.819833333333E0,-4.641634271447E0));
#7880=CARTESIAN_POINT('',(3.916177233829E0,2.848E0,-4.087177555947E0));
#7881=CARTESIAN_POINT('',(-1.555857540848E0,-6.4E-2,-5.816283575349E0));
#7882=CARTESIAN_POINT('',(-7.323816624461E-1,-3.583333333333E-2,
-6.036563611307E0));
#7883=CARTESIAN_POINT('',(1.009020491230E0,2.05E-2,-6.121927458297E0));
#7884=CARTESIAN_POINT('',(3.442220821379E0,1.05E-1,-5.162149763912E0));
#7885=CARTESIAN_POINT('',(5.263590739762E0,1.895E-1,-3.284972166516E0));
#7886=CARTESIAN_POINT('',(6.149592562488E0,2.74E-1,-8.240270029680E-1));
#7887=CARTESIAN_POINT('',(5.942736659405E0,3.585E-1,1.783358881622E0));
#7888=CARTESIAN_POINT('',(4.679793612666E0,4.43E-1,4.073821832765E0));
#7889=CARTESIAN_POINT('',(2.585199519773E0,5.275E-1,5.640322266395E0));
#7890=CARTESIAN_POINT('',(3.118736631955E-2,6.12E-1,6.204475739936E0));
#7891=CARTESIAN_POINT('',(-2.528367163794E0,6.965E-1,5.666026066151E0));
#7892=CARTESIAN_POINT('',(-4.638603201162E0,7.81E-1,4.120661623875E0));
#7893=CARTESIAN_POINT('',(-5.924508749445E0,8.655E-1,1.843010570115E0));
#7894=CARTESIAN_POINT('',(-6.157564333157E0,9.5E-1,-7.621636075535E-1));
#7895=CARTESIAN_POINT('',(-5.296353428608E0,1.0345E0,-3.231892981124E0));
#7896=CARTESIAN_POINT('',(-3.493922626904E0,1.119E0,-5.127279645122E0));
#7897=CARTESIAN_POINT('',(-1.070583583404E0,1.2035E0,-6.111492671437E0));
#7898=CARTESIAN_POINT('',(1.543009865095E0,1.288E0,-6.009626647164E0));
#7899=CARTESIAN_POINT('',(3.882393594393E0,1.3725E0,-4.839784278281E0));
#7900=CARTESIAN_POINT('',(5.531833544696E0,1.457E0,-2.809859340935E0));
#7901=CARTESIAN_POINT('',(6.198206207322E0,1.5415E0,-2.805916849733E-1));
#7902=CARTESIAN_POINT('',(5.763089876151E0,1.626E0,2.298540180431E0));
#7903=CARTESIAN_POINT('',(4.303809479556E0,1.7105E0,4.469196331277E0));
#7904=CARTESIAN_POINT('',(2.079695094220E0,1.795E0,5.845627442062E0));
#7905=CARTESIAN_POINT('',(-5.140038396887E-1,1.8795E0,6.183226661707E0));
#7906=CARTESIAN_POINT('',(-3.016358681028E0,1.964E0,5.421998908766E0));
#7907=CARTESIAN_POINT('',(-4.982673583377E0,2.0485E0,3.697222712705E0));
#7908=CARTESIAN_POINT('',(-6.063513039577E0,2.133E0,1.315409518421E0));
#7909=CARTESIAN_POINT('',(-6.066799525841E0,2.2175E0,-1.300165919007E0));
#7910=CARTESIAN_POINT('',(-4.991951005818E0,2.302E0,-3.684689178445E0));
#7911=CARTESIAN_POINT('',(-3.029972315730E0,2.3865E0,-5.414397231124E0));
#7912=CARTESIAN_POINT('',(-5.295564849330E-1,2.471E0,-6.181928849272E0));
#7913=CARTESIAN_POINT('',(2.065049648853E0,2.5555E0,-5.850785255343E0));
#7914=CARTESIAN_POINT('',(3.549927641839E0,2.611833333333E0,-4.937053460370E0));
#7915=CARTESIAN_POINT('',(4.165424338283E0,2.64E0,-4.347308063426E0));
#7916=B_SPLINE_SURFACE_WITH_KNOTS('',3,3,((#7776,#7777,#7778,#7779,#7780,#7781,
#7782,#7783,#7784,#7785,#7786,#7787,#7788,#7789,#7790,#7791,#7792,#7793,#7794,
#7795,#7796,#7797,#7798,#7799,#7800,#7801,#7802,#7803,#7804,#7805,#7806,#7807,
#7808,#7809,#7810),(#7811,#7812,#7813,#7814,#7815,#7816,#7817,#7818,#7819,#7820,
#7821,#7822,#7823,#7824,#7825,#7826,#7827,#7828,#7829,#7830,#7831,#7832,#7833,
#7834,#7835,#7836,#7837,#7838,#7839,#7840,#7841,#7842,#7843,#7844,#7845),(#7846,
#7847,#7848,#7849,#7850,#7851,#7852,#7853,#7854,#7855,#7856,#7857,#7858,#7859,
#7860,#7861,#7862,#7863,#7864,#7865,#7866,#7867,#7868,#7869,#7870,#7871,#7872,
#7873,#7874,#7875,#7876,#7877,#7878,#7879,#7880),(#7881,#7882,#7883,#7884,#7885,
#7886,#7887,#7888,#7889,#7890,#7891,#7892,#7893,#7894,#7895,#7896,#7897,#7898,
#7899,#7900,#7901,#7902,#7903,#7904,#7905,#7906,#7907,#7908,#7909,#7910,#7911,
#7912,#7913,#7914,#7915)),.UNSPECIFIED.,.F.,.F.,.F.,(4,4),(4,1,1,1,1,1,1,1,1,1,
1,1,1,1,1,1,1,1,1,1,1,1,1,1,1,1,1,1,1,1,1,1,4),(-2.E-2,1.02E0),(-2.E-2,1.25E-2,
4.5E-2,7.75E-2,1.1E-1,1.425E-1,1.75E-1,2.075E-1,2.4E-1,2.725E-1,3.05E-1,
3.375E-1,3.7E-1,4.025E-1,4.35E-1,4.675E-1,5.E-1,5.325E-1,5.65E-1,5.975E-1,
6.3E-1,6.625E-1,6.95E-1,7.275E-1,7.6E-1,7.925E-1,8.25E-1,8.575E-1,8.9E-1,
9.225E-1,9.55E-1,9.875E-1,1.02E0),.UNSPECIFIED.);
#7918=ORIENTED_EDGE('',*,*,#7917,.T.);
#7920=ORIENTED_EDGE('',*,*,#7919,.T.);
#7922=ORIENTED_EDGE('',*,*,#7921,.F.);
#7924=ORIENTED_EDGE('',*,*,#7923,.T.);
#7925=EDGE_LOOP('',(#7918,#7920,#7922,#7924));
#7926=FACE_OUTER_BOUND('',#7925,.F.);
#7927=ADVANCED_FACE('',(#7926),#7916,.F.);
#7928=CARTESIAN_POINT('',(0.E0,3.1E0,0.E0));
#7929=DIRECTION('',(0.E0,1.E0,0.E0));
#7930=DIRECTION('',(1.E0,0.E0,0.E0));
#7931=AXIS2_PLACEMENT_3D('',#7928,#7929,#7930);
#7932=PLANE('',#7931);
#7934=ORIENTED_EDGE('',*,*,#7933,.F.);
#7936=ORIENTED_EDGE('',*,*,#7935,.F.);
#7938=ORIENTED_EDGE('',*,*,#7937,.F.);
#7939=ORIENTED_EDGE('',*,*,#7755,.F.);
#7940=EDGE_LOOP('',(#7934,#7936,#7938,#7939));
#7941=FACE_OUTER_BOUND('',#7940,.F.);
#7942=ADVANCED_FACE('',(#7941),#7932,.T.);
#7943=CARTESIAN_POINT('',(2.890522044610E0,2.6E0,-5.257840080263E0));
#7944=DIRECTION('',(8.763066800439E-1,0.E0,4.817536741017E-1));
#7945=DIRECTION('',(4.817536741017E-1,0.E0,-8.763066800439E-1));
#7946=AXIS2_PLACEMENT_3D('',#7943,#7944,#7945);
#7947=PLANE('',#7946);
#7948=ORIENTED_EDGE('',*,*,#7933,.T.);
#7949=ORIENTED_EDGE('',*,*,#7771,.T.);
#7951=ORIENTED_EDGE('',*,*,#7950,.F.);
#7952=EDGE_LOOP('',(#7948,#7949,#7951));
#7953=FACE_OUTER_BOUND('',#7952,.F.);
#7954=ADVANCED_FACE('',(#7953),#7947,.F.);
#7955=CARTESIAN_POINT('',(0.E0,2.850017935314E0,0.E0));
#7956=DIRECTION('',(0.E0,-1.E0,0.E0));
#7957=DIRECTION('',(0.E0,0.E0,-1.E0));
#7958=AXIS2_PLACEMENT_3D('',#7955,#7956,#7957);
#7959=CONICAL_SURFACE('',#7958,5.749982064686E0,4.5E1);
#7960=ORIENTED_EDGE('',*,*,#7935,.T.);
#7961=ORIENTED_EDGE('',*,*,#7950,.T.);
#7963=ORIENTED_EDGE('',*,*,#7962,.F.);
#7965=ORIENTED_EDGE('',*,*,#7964,.T.);
#7966=EDGE_LOOP('',(#7960,#7961,#7963,#7965));
#7967=FACE_OUTER_BOUND('',#7966,.F.);
#7968=ADVANCED_FACE('',(#7967),#7959,.T.);
#7969=CARTESIAN_POINT('',(0.E0,0.E0,0.E0));
#7970=DIRECTION('',(0.E0,1.E0,0.E0));
#7971=DIRECTION('',(1.E0,0.E0,0.E0));
#7972=AXIS2_PLACEMENT_3D('',#7969,#7970,#7971);
#7973=CYLINDRICAL_SURFACE('',#7972,6.E0);
#7975=ORIENTED_EDGE('',*,*,#7974,.F.);
#7976=ORIENTED_EDGE('',*,*,#7962,.T.);
#7977=ORIENTED_EDGE('',*,*,#7769,.F.);
#7979=ORIENTED_EDGE('',*,*,#7978,.F.);
#7980=EDGE_LOOP('',(#7975,#7976,#7977,#7979));
#7981=FACE_OUTER_BOUND('',#7980,.F.);
#7982=ADVANCED_FACE('',(#7981),#7973,.T.);
#7983=CARTESIAN_POINT('',(-1.497308245228E0,1.162E0,-5.831630589729E0));
#7984=CARTESIAN_POINT('',(-7.034152397317E-1,1.189083333333E0,
-6.035467668342E0));
#7985=CARTESIAN_POINT('',(9.683491350444E-1,1.24325E0,-6.114267665231E0));
#7986=CARTESIAN_POINT('',(3.317050204179E0,1.3245E0,-5.226814230536E0));
#7987=CARTESIAN_POINT('',(5.120036372257E0,1.40575E0,-3.479574888992E0));
#7988=CARTESIAN_POINT('',(6.080848262190E0,1.487E0,-1.159983917908E0));
#7989=CARTESIAN_POINT('',(6.041410347877E0,1.56825E0,1.350415350614E0));
#7990=CARTESIAN_POINT('',(5.008218070021E0,1.6495E0,3.638683338501E0));
#7991=CARTESIAN_POINT('',(3.151219784307E0,1.73075E0,5.328421700217E0));
#7992=CARTESIAN_POINT('',(7.758751226236E-1,1.812E0,6.141683955226E0));
#7993=CARTESIAN_POINT('',(-1.727093852440E0,1.89325E0,5.944696027210E0));
#7994=CARTESIAN_POINT('',(-3.945971857751E0,1.9745E0,4.769860596975E0));
#7995=CARTESIAN_POINT('',(-5.515774000513E0,2.05575E0,2.810427226893E0));
#7996=CARTESIAN_POINT('',(-6.178282347999E0,2.137E0,3.887045781177E-1));
#7997=CARTESIAN_POINT('',(-5.824520406976E0,2.21825E0,-2.096956377665E0));
#7998=CARTESIAN_POINT('',(-4.512678743740E0,2.2995E0,-4.237687409048E0));
#7999=CARTESIAN_POINT('',(-2.458543175623E0,2.38075E0,-5.681358066046E0));
#8000=CARTESIAN_POINT('',(-2.997602166488E-14,2.462E0,-6.190497881513E0));
#8001=CARTESIAN_POINT('',(2.458543175623E0,2.54325E0,-5.681358066046E0));
#8002=CARTESIAN_POINT('',(4.512678743740E0,2.6245E0,-4.237687409048E0));
#8003=CARTESIAN_POINT('',(5.824520406976E0,2.70575E0,-2.096956377665E0));
#8004=CARTESIAN_POINT('',(6.178282347999E0,2.787E0,3.887045781177E-1));
#8005=CARTESIAN_POINT('',(5.515774000513E0,2.86825E0,2.810427226893E0));
#8006=CARTESIAN_POINT('',(3.945971857751E0,2.9495E0,4.769860596975E0));
#8007=CARTESIAN_POINT('',(1.727093852440E0,3.03075E0,5.944696027210E0));
#8008=CARTESIAN_POINT('',(-7.758751226236E-1,3.112E0,6.141683955226E0));
#8009=CARTESIAN_POINT('',(-3.151219784307E0,3.19325E0,5.328421700217E0));
#8010=CARTESIAN_POINT('',(-5.008218070021E0,3.2745E0,3.638683338501E0));
#8011=CARTESIAN_POINT('',(-6.041410347877E0,3.35575E0,1.350415350614E0));
#8012=CARTESIAN_POINT('',(-6.080848262190E0,3.437E0,-1.159983917908E0));
#8013=CARTESIAN_POINT('',(-5.120036372258E0,3.51825E0,-3.479574888992E0));
#8014=CARTESIAN_POINT('',(-3.317050204179E0,3.5995E0,-5.226814230536E0));
#8015=CARTESIAN_POINT('',(-9.683491350444E-1,3.68075E0,-6.114267665231E0));
#8016=CARTESIAN_POINT('',(7.034152397317E-1,3.734916666667E0,
-6.035467668342E0));
#8017=CARTESIAN_POINT('',(1.497308245228E0,3.762E0,-5.831630589729E0));
#8018=CARTESIAN_POINT('',(-1.407713593089E0,9.54E-1,-5.482682458471E0));
#8019=CARTESIAN_POINT('',(-6.613248793041E-1,9.810833333333E-1,
-5.674322508042E0));
#8020=CARTESIAN_POINT('',(9.104058864316E-1,1.03525E0,-5.748407338010E0));
#8021=CARTESIAN_POINT('',(3.118567386684E0,1.1165E0,-4.914056584092E0));
#8022=CARTESIAN_POINT('',(4.813668008113E0,1.19775E0,-3.271367058197E0));
#8023=CARTESIAN_POINT('',(5.716987656670E0,1.279E0,-1.090573790806E0));
#8024=CARTESIAN_POINT('',(5.679909594595E0,1.36025E0,1.269610350063E0));
#8025=CARTESIAN_POINT('',(4.708540593957E0,1.4415E0,3.420954912176E0));
#8026=CARTESIAN_POINT('',(2.962659785864E0,1.52275E0,5.009584152771E0));
#8027=CARTESIAN_POINT('',(7.294489696012E-1,1.604E0,5.774183115457E0));
#8028=CARTESIAN_POINT('',(-1.623749485365E0,1.68525E0,5.588982382858E0));
#8029=CARTESIAN_POINT('',(-3.709856163424E0,1.7665E0,4.484445751837E0));
#8030=CARTESIAN_POINT('',(-5.185725826113E0,1.84775E0,2.642259282479E0));
#8031=CARTESIAN_POINT('',(-5.808591564857E0,1.929E0,3.654456055099E-1));
#8032=CARTESIAN_POINT('',(-5.475997728762E0,2.01025E0,-1.971480492652E0));
#8033=CARTESIAN_POINT('',(-4.242652926712E0,2.0915E0,-3.984116288675E0));
#8034=CARTESIAN_POINT('',(-2.311430968574E0,2.17275E0,-5.341401813734E0));
#8035=CARTESIAN_POINT('',(-2.815747635054E-14,2.254E0,-5.820076155708E0));
#8036=CARTESIAN_POINT('',(2.311430968574E0,2.33525E0,-5.341401813734E0));
#8037=CARTESIAN_POINT('',(4.242652926712E0,2.4165E0,-3.984116288675E0));
#8038=CARTESIAN_POINT('',(5.475997728762E0,2.49775E0,-1.971480492652E0));
#8039=CARTESIAN_POINT('',(5.808591564857E0,2.579E0,3.654456055099E-1));
#8040=CARTESIAN_POINT('',(5.185725826113E0,2.66025E0,2.642259282479E0));
#8041=CARTESIAN_POINT('',(3.709856163424E0,2.7415E0,4.484445751837E0));
#8042=CARTESIAN_POINT('',(1.623749485365E0,2.82275E0,5.588982382858E0));
#8043=CARTESIAN_POINT('',(-7.294489696012E-1,2.904E0,5.774183115457E0));
#8044=CARTESIAN_POINT('',(-2.962659785864E0,2.98525E0,5.009584152771E0));
#8045=CARTESIAN_POINT('',(-4.708540593957E0,3.0665E0,3.420954912176E0));
#8046=CARTESIAN_POINT('',(-5.679909594595E0,3.14775E0,1.269610350063E0));
#8047=CARTESIAN_POINT('',(-5.716987656670E0,3.229E0,-1.090573790806E0));
#8048=CARTESIAN_POINT('',(-4.813668008113E0,3.31025E0,-3.271367058197E0));
#8049=CARTESIAN_POINT('',(-3.118567386684E0,3.3915E0,-4.914056584092E0));
#8050=CARTESIAN_POINT('',(-9.104058864316E-1,3.47275E0,-5.748407338010E0));
#8051=CARTESIAN_POINT('',(6.613248793041E-1,3.526916666667E0,
-5.674322508042E0));
#8052=CARTESIAN_POINT('',(1.407713593089E0,3.554E0,-5.482682458471E0));
#8053=CARTESIAN_POINT('',(-1.318118940950E0,7.46E-1,-5.133734327214E0));
#8054=CARTESIAN_POINT('',(-6.192345188765E-1,7.730833333333E-1,
-5.313177347743E0));
#8055=CARTESIAN_POINT('',(8.524626378188E-1,8.2725E-1,-5.382547010789E0));
#8056=CARTESIAN_POINT('',(2.920084569190E0,9.085E-1,-4.601298937648E0));
#8057=CARTESIAN_POINT('',(4.507299643969E0,9.8975E-1,-3.063159227402E0));
#8058=CARTESIAN_POINT('',(5.353127051149E0,1.071E0,-1.021163663704E0));
#8059=CARTESIAN_POINT('',(5.318408841313E0,1.15225E0,1.188805349512E0));
#8060=CARTESIAN_POINT('',(4.408863117894E0,1.2335E0,3.203226485852E0));
#8061=CARTESIAN_POINT('',(2.774099787422E0,1.31475E0,4.690746605324E0));
#8062=CARTESIAN_POINT('',(6.830228165788E-1,1.396E0,5.406682275688E0));
#8063=CARTESIAN_POINT('',(-1.520405118289E0,1.47725E0,5.233268738505E0));
#8064=CARTESIAN_POINT('',(-3.473740469096E0,1.5585E0,4.199030906698E0));
#8065=CARTESIAN_POINT('',(-4.855677651713E0,1.63975E0,2.474091338064E0));
#8066=CARTESIAN_POINT('',(-5.438900781714E0,1.721E0,3.421866329021E-1));
#8067=CARTESIAN_POINT('',(-5.127475050548E0,1.80225E0,-1.846004607639E0));
#8068=CARTESIAN_POINT('',(-3.972627109685E0,1.8835E0,-3.730545168302E0));
#8069=CARTESIAN_POINT('',(-2.164318761525E0,1.96475E0,-5.001445561422E0));
#8070=CARTESIAN_POINT('',(-2.699581299244E-14,2.046E0,-5.449654429902E0));
#8071=CARTESIAN_POINT('',(2.164318761525E0,2.12725E0,-5.001445561422E0));
#8072=CARTESIAN_POINT('',(3.972627109685E0,2.2085E0,-3.730545168302E0));
#8073=CARTESIAN_POINT('',(5.127475050548E0,2.28975E0,-1.846004607639E0));
#8074=CARTESIAN_POINT('',(5.438900781714E0,2.371E0,3.421866329021E-1));
#8075=CARTESIAN_POINT('',(4.855677651713E0,2.45225E0,2.474091338064E0));
#8076=CARTESIAN_POINT('',(3.473740469096E0,2.5335E0,4.199030906698E0));
#8077=CARTESIAN_POINT('',(1.520405118289E0,2.61475E0,5.233268738505E0));
#8078=CARTESIAN_POINT('',(-6.830228165788E-1,2.696E0,5.406682275688E0));
#8079=CARTESIAN_POINT('',(-2.774099787422E0,2.77725E0,4.690746605324E0));
#8080=CARTESIAN_POINT('',(-4.408863117894E0,2.8585E0,3.203226485852E0));
#8081=CARTESIAN_POINT('',(-5.318408841313E0,2.93975E0,1.188805349512E0));
#8082=CARTESIAN_POINT('',(-5.353127051149E0,3.021E0,-1.021163663705E0));
#8083=CARTESIAN_POINT('',(-4.507299643969E0,3.10225E0,-3.063159227402E0));
#8084=CARTESIAN_POINT('',(-2.920084569190E0,3.1835E0,-4.601298937648E0));
#8085=CARTESIAN_POINT('',(-8.524626378188E-1,3.26475E0,-5.382547010789E0));
#8086=CARTESIAN_POINT('',(6.192345188765E-1,3.318916666667E0,
-5.313177347743E0));
#8087=CARTESIAN_POINT('',(1.318118940950E0,3.346E0,-5.133734327214E0));
#8088=CARTESIAN_POINT('',(-1.228524288811E0,5.38E-1,-4.784786195956E0));
#8089=CARTESIAN_POINT('',(-5.771441584489E-1,5.650833333333E-1,
-4.952032187444E0));
#8090=CARTESIAN_POINT('',(7.945193892061E-1,6.1925E-1,-5.016686683568E0));
#8091=CARTESIAN_POINT('',(2.721601751696E0,7.005E-1,-4.288541291204E0));
#8092=CARTESIAN_POINT('',(4.200931279824E0,7.8175E-1,-2.854951396607E0));
#8093=CARTESIAN_POINT('',(4.989266445628E0,8.63E-1,-9.517535366029E-1));
#8094=CARTESIAN_POINT('',(4.956908088030E0,9.4425E-1,1.108000348960E0));
#8095=CARTESIAN_POINT('',(4.109185641830E0,1.0255E0,2.985498059527E0));
#8096=CARTESIAN_POINT('',(2.585539788980E0,1.10675E0,4.371909057878E0));
#8097=CARTESIAN_POINT('',(6.365966635565E-1,1.188E0,5.039181435918E0));
#8098=CARTESIAN_POINT('',(-1.417060751213E0,1.26925E0,4.877555094153E0));
#8099=CARTESIAN_POINT('',(-3.237624774768E0,1.3505E0,3.913616061559E0));
#8100=CARTESIAN_POINT('',(-4.525629477312E0,1.43175E0,2.305923393650E0));
#8101=CARTESIAN_POINT('',(-5.069209998571E0,1.513E0,3.189276602943E-1));
#8102=CARTESIAN_POINT('',(-4.778952372334E0,1.59425E0,-1.720528722626E0));
#8103=CARTESIAN_POINT('',(-3.702601292658E0,1.6755E0,-3.476974047928E0));
#8104=CARTESIAN_POINT('',(-2.017206554476E0,1.75675E0,-4.661489309110E0));
#8105=CARTESIAN_POINT('',(-2.498001805407E-14,1.838E0,-5.079232704097E0));
#8106=CARTESIAN_POINT('',(2.017206554476E0,1.91925E0,-4.661489309110E0));
#8107=CARTESIAN_POINT('',(3.702601292658E0,2.0005E0,-3.476974047928E0));
#8108=CARTESIAN_POINT('',(4.778952372334E0,2.08175E0,-1.720528722626E0));
#8109=CARTESIAN_POINT('',(5.069209998571E0,2.163E0,3.189276602942E-1));
#8110=CARTESIAN_POINT('',(4.525629477312E0,2.24425E0,2.305923393650E0));
#8111=CARTESIAN_POINT('',(3.237624774768E0,2.3255E0,3.913616061559E0));
#8112=CARTESIAN_POINT('',(1.417060751213E0,2.40675E0,4.877555094153E0));
#8113=CARTESIAN_POINT('',(-6.365966635565E-1,2.488E0,5.039181435918E0));
#8114=CARTESIAN_POINT('',(-2.585539788980E0,2.56925E0,4.371909057878E0));
#8115=CARTESIAN_POINT('',(-4.109185641830E0,2.6505E0,2.985498059527E0));
#8116=CARTESIAN_POINT('',(-4.956908088030E0,2.73175E0,1.108000348960E0));
#8117=CARTESIAN_POINT('',(-4.989266445628E0,2.813E0,-9.517535366029E-1));
#8118=CARTESIAN_POINT('',(-4.200931279824E0,2.89425E0,-2.854951396607E0));
#8119=CARTESIAN_POINT('',(-2.721601751696E0,2.9755E0,-4.288541291204E0));
#8120=CARTESIAN_POINT('',(-7.945193892061E-1,3.05675E0,-5.016686683568E0));
#8121=CARTESIAN_POINT('',(5.771441584489E-1,3.110916666667E0,
-4.952032187444E0));
#8122=CARTESIAN_POINT('',(1.228524288811E0,3.138E0,-4.784786195956E0));
#8123=B_SPLINE_SURFACE_WITH_KNOTS('',3,3,((#7983,#7984,#7985,#7986,#7987,#7988,
#7989,#7990,#7991,#7992,#7993,#7994,#7995,#7996,#7997,#7998,#7999,#8000,#8001,
#8002,#8003,#8004,#8005,#8006,#8007,#8008,#8009,#8010,#8011,#8012,#8013,#8014,
#8015,#8016,#8017),(#8018,#8019,#8020,#8021,#8022,#8023,#8024,#8025,#8026,#8027,
#8028,#8029,#8030,#8031,#8032,#8033,#8034,#8035,#8036,#8037,#8038,#8039,#8040,
#8041,#8042,#8043,#8044,#8045,#8046,#8047,#8048,#8049,#8050,#8051,#8052),(#8053,
#8054,#8055,#8056,#8057,#8058,#8059,#8060,#8061,#8062,#8063,#8064,#8065,#8066,
#8067,#8068,#8069,#8070,#8071,#8072,#8073,#8074,#8075,#8076,#8077,#8078,#8079,
#8080,#8081,#8082,#8083,#8084,#8085,#8086,#8087),(#8088,#8089,#8090,#8091,#8092,
#8093,#8094,#8095,#8096,#8097,#8098,#8099,#8100,#8101,#8102,#8103,#8104,#8105,
#8106,#8107,#8108,#8109,#8110,#8111,#8112,#8113,#8114,#8115,#8116,#8117,#8118,
#8119,#8120,#8121,#8122)),.UNSPECIFIED.,.F.,.F.,.F.,(4,4),(4,1,1,1,1,1,1,1,1,1,
1,1,1,1,1,1,1,1,1,1,1,1,1,1,1,1,1,1,1,1,1,1,4),(-2.E-2,1.02E0),(
-1.923076923077E-2,1.201923076923E-2,4.326923076923E-2,7.451923076923E-2,
1.057692307692E-1,1.370192307692E-1,1.682692307692E-1,1.995192307692E-1,
2.307692307692E-1,2.620192307692E-1,2.932692307692E-1,3.245192307692E-1,
3.557692307692E-1,3.870192307692E-1,4.182692307692E-1,4.495192307692E-1,
4.807692307692E-1,5.120192307692E-1,5.432692307692E-1,5.745192307692E-1,
6.057692307692E-1,6.370192307692E-1,6.682692307692E-1,6.995192307692E-1,
7.307692307692E-1,7.620192307692E-1,7.932692307692E-1,8.245192307692E-1,
8.557692307692E-1,8.870192307692E-1,9.182692307692E-1,9.495192307692E-1,
9.807692307692E-1),.UNSPECIFIED.);
#8124=ORIENTED_EDGE('',*,*,#7937,.T.);
#8125=ORIENTED_EDGE('',*,*,#7964,.F.);
#8126=ORIENTED_EDGE('',*,*,#7974,.T.);
#8128=ORIENTED_EDGE('',*,*,#8127,.F.);
#8130=ORIENTED_EDGE('',*,*,#8129,.T.);
#8131=ORIENTED_EDGE('',*,*,#7921,.T.);
#8133=ORIENTED_EDGE('',*,*,#8132,.T.);
#8135=ORIENTED_EDGE('',*,*,#8134,.T.);
#8136=ORIENTED_EDGE('',*,*,#7607,.T.);
#8137=ORIENTED_EDGE('',*,*,#7757,.T.);
#8138=EDGE_LOOP('',(#8124,#8125,#8126,#8128,#8130,#8131,#8133,#8135,#8136,
#8137));
#8139=FACE_OUTER_BOUND('',#8138,.F.);
#8140=ADVANCED_FACE('',(#8139),#8123,.F.);
#8141=CARTESIAN_POINT('',(0.E0,0.E0,0.E0));
#8142=DIRECTION('',(0.E0,1.E0,0.E0));
#8143=DIRECTION('',(1.E0,0.E0,0.E0));
#8144=AXIS2_PLACEMENT_3D('',#8141,#8142,#8143);
#8145=CYLINDRICAL_SURFACE('',#8144,6.E0);
#8146=ORIENTED_EDGE('',*,*,#7917,.F.);
#8147=ORIENTED_EDGE('',*,*,#7584,.F.);
#8149=ORIENTED_EDGE('',*,*,#8148,.T.);
#8150=EDGE_LOOP('',(#8146,#8147,#8149));
#8151=FACE_OUTER_BOUND('',#8150,.F.);
#8152=ADVANCED_FACE('',(#8151),#8145,.T.);
#8153=CARTESIAN_POINT('',(0.E0,0.E0,0.E0));
#8154=DIRECTION('',(0.E0,1.E0,0.E0));
#8155=DIRECTION('',(1.E0,0.E0,0.E0));
#8156=AXIS2_PLACEMENT_3D('',#8153,#8154,#8155);
#8157=CYLINDRICAL_SURFACE('',#8156,6.E0);
#8158=ORIENTED_EDGE('',*,*,#7760,.F.);
#8159=ORIENTED_EDGE('',*,*,#7603,.F.);
#8160=ORIENTED_EDGE('',*,*,#7574,.F.);
#8161=ORIENTED_EDGE('',*,*,#7600,.T.);
#8162=EDGE_LOOP('',(#8158,#8159,#8160,#8161));
#8163=FACE_OUTER_BOUND('',#8162,.F.);
#8164=ADVANCED_FACE('',(#8163),#8157,.T.);
#8165=CARTESIAN_POINT('',(0.E0,0.E0,0.E0));
#8166=DIRECTION('',(0.E0,1.E0,0.E0));
#8167=DIRECTION('',(1.E0,0.E0,0.E0));
#8168=AXIS2_PLACEMENT_3D('',#8165,#8166,#8167);
#8169=CYLINDRICAL_SURFACE('',#8168,6.E0);
#8170=ORIENTED_EDGE('',*,*,#7767,.T.);
#8172=ORIENTED_EDGE('',*,*,#8171,.F.);
#8173=ORIENTED_EDGE('',*,*,#7586,.F.);
#8175=ORIENTED_EDGE('',*,*,#8174,.T.);
#8176=ORIENTED_EDGE('',*,*,#8127,.T.);
#8177=ORIENTED_EDGE('',*,*,#7978,.T.);
#8178=EDGE_LOOP('',(#8170,#8172,#8173,#8175,#8176,#8177));
#8179=FACE_OUTER_BOUND('',#8178,.F.);
#8180=ADVANCED_FACE('',(#8179),#8169,.T.);
#8181=CARTESIAN_POINT('',(-8.813997805194E0,0.E0,-7.5E-1));
#8182=DIRECTION('',(0.E0,0.E0,-1.E0));
#8183=DIRECTION('',(1.E0,0.E0,0.E0));
#8184=AXIS2_PLACEMENT_3D('',#8181,#8182,#8183);
#8185=PLANE('',#8184);
#8186=ORIENTED_EDGE('',*,*,#7919,.F.);
#8187=ORIENTED_EDGE('',*,*,#8148,.F.);
#8188=ORIENTED_EDGE('',*,*,#7588,.F.);
#8189=ORIENTED_EDGE('',*,*,#8171,.T.);
#8190=ORIENTED_EDGE('',*,*,#7765,.F.);
#8192=ORIENTED_EDGE('',*,*,#8191,.T.);
#8193=ORIENTED_EDGE('',*,*,#8132,.F.);
#8194=EDGE_LOOP('',(#8186,#8187,#8188,#8189,#8190,#8192,#8193));
#8195=FACE_OUTER_BOUND('',#8194,.F.);
#8196=ADVANCED_FACE('',(#8195),#8185,.F.);
#8197=CARTESIAN_POINT('',(0.E0,1.E0,0.E0));
#8198=DIRECTION('',(0.E0,-1.E0,0.E0));
#8199=DIRECTION('',(1.E0,0.E0,0.E0));
#8200=AXIS2_PLACEMENT_3D('',#8197,#8198,#8199);
#8201=PLANE('',#8200);
#8202=ORIENTED_EDGE('',*,*,#7763,.F.);
#8203=ORIENTED_EDGE('',*,*,#7609,.F.);
#8204=ORIENTED_EDGE('',*,*,#8134,.F.);
#8205=ORIENTED_EDGE('',*,*,#8191,.F.);
#8206=EDGE_LOOP('',(#8202,#8203,#8204,#8205));
#8207=FACE_OUTER_BOUND('',#8206,.F.);
#8208=ADVANCED_FACE('',(#8207),#8201,.T.);
#8209=CARTESIAN_POINT('',(0.E0,0.E0,-6.E0));
#8210=DIRECTION('',(1.E0,0.E0,0.E0));
#8211=DIRECTION('',(0.E0,0.E0,-1.E0));
#8212=AXIS2_PLACEMENT_3D('',#8209,#8210,#8211);
#8213=PLANE('',#8212);
#8214=ORIENTED_EDGE('',*,*,#8174,.F.);
#8215=ORIENTED_EDGE('',*,*,#7923,.F.);
#8216=ORIENTED_EDGE('',*,*,#8129,.F.);
#8217=EDGE_LOOP('',(#8214,#8215,#8216));
#8218=FACE_OUTER_BOUND('',#8217,.F.);
#8219=ADVANCED_FACE('',(#8218),#8213,.T.);
#8220=CLOSED_SHELL('',(#7578,#7592,#7613,#7775,#7927,#7942,#7954,#7968,#7982,
#8140,#8152,#8164,#8180,#8196,#8208,#8219));
#8221=MANIFOLD_SOLID_BREP('',#8220);
#8223=DIMENSIONAL_EXPONENTS(0.E0,0.E0,0.E0,0.E0,0.E0,0.E0,0.E0);
#8225=PLANE_ANGLE_MEASURE_WITH_UNIT(PLANE_ANGLE_MEASURE(1.745329251994E-2),
#8224);
#8226=(CONVERSION_BASED_UNIT('DEGREE',#8225)NAMED_UNIT(*)PLANE_ANGLE_UNIT());
#8228=UNCERTAINTY_MEASURE_WITH_UNIT(LENGTH_MEASURE(1.840350277223E-3),#8222,
'closure',
'Maximum model space distance between geometric entities at asserted connectivities');
#8229=(GEOMETRIC_REPRESENTATION_CONTEXT(3)GLOBAL_UNCERTAINTY_ASSIGNED_CONTEXT((
#8228))GLOBAL_UNIT_ASSIGNED_CONTEXT((#8222,#8226,#8227))REPRESENTATION_CONTEXT(
'ID5','3'));
#8230=CARTESIAN_POINT('',(0.E0,0.E0,0.E0));
#8231=DIRECTION('',(0.E0,0.E0,1.E0));
#8232=DIRECTION('',(1.E0,0.E0,0.E0));
#8235=DESIGN_CONTEXT('',#2395,'design');
#8236=MECHANICAL_CONTEXT('',#2395,'mechanical');
#8237=PRODUCT('RING','RING','NOT SPECIFIED',(#8236));
#8238=PRODUCT_DEFINITION_FORMATION_WITH_SPECIFIED_SOURCE('1','LAST_VERSION',
#8237,.MADE.);
#8244=CARTESIAN_POINT('',(1.115E1,9.000000000001E-2,-8.4E0));
#8245=DIRECTION('',(0.E0,0.E0,1.E0));
#8246=DIRECTION('',(1.E0,0.E0,0.E0));
#8247=AXIS2_PLACEMENT_3D('',#8244,#8245,#8246);
#8248=ITEM_DEFINED_TRANSFORMATION('','',#8233,#8247);
#8249=(REPRESENTATION_RELATIONSHIP('','',#8234,#2406)REPRESENTATION_RELATIONSHIP_WITH_TRANSFORMATION(#8248)SHAPE_REPRESENTATION_RELATIONSHIP());
#8250=CONTEXT_DEPENDENT_SHAPE_REPRESENTATION(#8249,#8243);
#8252=DIMENSIONAL_EXPONENTS(0.E0,0.E0,0.E0,0.E0,0.E0,0.E0,0.E0);
#8254=PLANE_ANGLE_MEASURE_WITH_UNIT(PLANE_ANGLE_MEASURE(1.745329251994E-2),
#8253);
#8255=(CONVERSION_BASED_UNIT('DEGREE',#8254)NAMED_UNIT(*)PLANE_ANGLE_UNIT());
#8257=UNCERTAINTY_MEASURE_WITH_UNIT(LENGTH_MEASURE(4.407538978472E-3),#8251,
'closure',
'Maximum model space distance between geometric entities at asserted connectivities');
#8258=(GEOMETRIC_REPRESENTATION_CONTEXT(3)GLOBAL_UNCERTAINTY_ASSIGNED_CONTEXT((
#8257))GLOBAL_UNIT_ASSIGNED_CONTEXT((#8251,#8255,#8256))REPRESENTATION_CONTEXT(
'ID6','3'));
#8259=CARTESIAN_POINT('',(0.E0,0.E0,0.E0));
#8260=DIRECTION('',(0.E0,0.E0,1.E0));
#8261=DIRECTION('',(1.E0,0.E0,0.E0));
#8263=MECHANICAL_CONTEXT('',#2395,'mechanical');
#8264=PRODUCT('XG11-115_ASM','XG11-115_ASM','NOT SPECIFIED',(#8263));
#8265=PRODUCT_DEFINITION_FORMATION_WITH_SPECIFIED_SOURCE('3','LAST_VERSION',
#8264,.MADE.);
#8267=PRODUCT_CATEGORY('part','');
#8268=PRODUCT_RELATED_PRODUCT_CATEGORY('assembly','',(#8264));
#8269=PRODUCT_CATEGORY_RELATIONSHIP('','',#8267,#8268);
#8270=PRODUCT_CATEGORY('part','');
#8271=PRODUCT_RELATED_PRODUCT_CATEGORY('detail','',(#2399,#6403,#6676,#7046,
#8237));
#8272=PRODUCT_CATEGORY_RELATIONSHIP('','',#8270,#8271);
#8273=SECURITY_CLASSIFICATION_LEVEL('unclassified');
#8274=SECURITY_CLASSIFICATION('','',#8273);
#8275=CC_DESIGN_SECURITY_CLASSIFICATION(#8274,(#2400,#6404,#6677,#7047,#8238,
#8265,#2407,#6408,#6681,#7051,#7060,#8242));
#8276=APPROVAL_STATUS('approved');
#8277=APPROVAL(#8276,'');
#8278=CC_DESIGN_APPROVAL(#8277,(#8274,#2400,#6404,#6677,#7047,#8238,#8265,#2401,
#6405,#6678,#7048,#8239,#8266));
#8279=CALENDAR_DATE(125,4,3);
#8280=COORDINATED_UNIVERSAL_TIME_OFFSET(8,0,.AHEAD.);
#8281=LOCAL_TIME(10,59,3.E1,#8280);
#8282=DATE_AND_TIME(#8279,#8281);
#8283=APPROVAL_DATE_TIME(#8282,#8277);
#8284=DATE_TIME_ROLE('creation_date');
#8285=CC_DESIGN_DATE_AND_TIME_ASSIGNMENT(#8282,#8284,(#2401,#6405,#6678,#7048,
#8239,#8266));
#8286=DATE_TIME_ROLE('classification_date');
#8287=CC_DESIGN_DATE_AND_TIME_ASSIGNMENT(#8282,#8286,(#8274));
#8288=PERSON('UNSPECIFIED','UNSPECIFIED',$,$,$,$);
#8289=ORGANIZATION('UNSPECIFIED','UNSPECIFIED','UNSPECIFIED');
#8290=PERSON_AND_ORGANIZATION(#8288,#8289);
#8291=APPROVAL_ROLE('approver');
#8292=APPROVAL_PERSON_ORGANIZATION(#8290,#8277,#8291);
#8293=PERSON_AND_ORGANIZATION_ROLE('creator');
#8294=CC_DESIGN_PERSON_AND_ORGANIZATION_ASSIGNMENT(#8290,#8293,(#2400,#6404,
#6677,#7047,#8238,#8265,#2401,#6405,#6678,#7048,#8239,#8266));
#8295=PERSON_AND_ORGANIZATION_ROLE('design_supplier');
#8296=CC_DESIGN_PERSON_AND_ORGANIZATION_ASSIGNMENT(#8290,#8295,(#2400,#6404,
#6677,#7047,#8238,#8265));
#8297=PERSON_AND_ORGANIZATION_ROLE('classification_officer');
#8298=CC_DESIGN_PERSON_AND_ORGANIZATION_ASSIGNMENT(#8290,#8297,(#8274));
#8299=PERSON_AND_ORGANIZATION_ROLE('design_owner');
#8300=CC_DESIGN_PERSON_AND_ORGANIZATION_ASSIGNMENT(#8290,#8299,(#8264,#2399,
#6403,#6676,#7046,#8237));
#5=CIRCLE('',#4,1.2E0);
#10=CIRCLE('',#9,1.2E0);
#15=CIRCLE('',#14,1.2E0);
#20=CIRCLE('',#19,1.2E0);
#25=CIRCLE('',#24,1.2E0);
#30=CIRCLE('',#29,1.2E0);
#35=CIRCLE('',#34,1.2E0);
#40=CIRCLE('',#39,1.2E0);
#45=CIRCLE('',#44,1.115E1);
#50=CIRCLE('',#49,2.E0);
#55=CIRCLE('',#54,2.E0);
#60=CIRCLE('',#59,1.115E1);
#65=CIRCLE('',#64,2.E0);
#70=CIRCLE('',#69,2.E0);
#75=CIRCLE('',#74,5.75E0);
#80=CIRCLE('',#79,5.75E0);
#85=CIRCLE('',#84,1.2E0);
#98=CIRCLE('',#97,6.9E0);
#103=CIRCLE('',#102,6.9E0);
#108=CIRCLE('',#107,1.115E1);
#113=CIRCLE('',#112,2.E0);
#118=CIRCLE('',#117,2.E0);
#123=CIRCLE('',#122,1.115E1);
#128=CIRCLE('',#127,2.E0);
#133=CIRCLE('',#132,2.E0);
#138=CIRCLE('',#137,1.4E0);
#143=CIRCLE('',#142,1.4E0);
#148=CIRCLE('',#147,1.4E0);
#153=CIRCLE('',#152,1.4E0);
#158=CIRCLE('',#157,1.4E0);
#163=CIRCLE('',#162,1.4E0);
#168=CIRCLE('',#167,1.4E0);
#173=CIRCLE('',#172,1.4E0);
#178=CIRCLE('',#177,6.9E0);
#187=CIRCLE('',#186,1.E0);
#192=CIRCLE('',#191,4.05E0);
#197=CIRCLE('',#196,4.05E0);
#202=CIRCLE('',#201,5.9E0);
#207=CIRCLE('',#206,5.9E0);
#220=CIRCLE('',#219,5.25E0);
#225=CIRCLE('',#224,5.25E0);
#230=CIRCLE('',#229,4.05E0);
#235=CIRCLE('',#234,4.05E0);
#259=B_SPLINE_CURVE_WITH_KNOTS('',3,(#236,#237,#238,#239,#240,#241,#242,#243,
#244,#245,#246,#247,#248,#249,#250,#251,#252,#253,#254,#255,#256,#257,#258),
.UNSPECIFIED.,.F.,.F.,(4,1,1,1,1,1,1,1,1,1,1,1,1,1,1,1,1,1,1,1,4),(0.E0,5.E-2,
1.E-1,1.5E-1,2.E-1,2.5E-1,3.E-1,3.5E-1,4.E-1,4.5E-1,5.E-1,5.5E-1,6.E-1,6.5E-1,
7.E-1,7.5E-1,8.E-1,8.5E-1,9.E-1,9.5E-1,1.E0),.UNSPECIFIED.);
#264=CIRCLE('',#263,5.25E0);
#269=CIRCLE('',#268,5.25E0);
#287=B_SPLINE_CURVE_WITH_KNOTS('',3,(#274,#275,#276,#277,#278,#279,#280,#281,
#282,#283,#284,#285,#286),.UNSPECIFIED.,.F.,.F.,(4,1,1,1,1,1,1,1,1,1,4),(0.E0,
1.E-1,2.E-1,3.E-1,4.E-1,5.E-1,6.E-1,7.E-1,8.E-1,9.E-1,1.E0),.UNSPECIFIED.);
#305=B_SPLINE_CURVE_WITH_KNOTS('',3,(#292,#293,#294,#295,#296,#297,#298,#299,
#300,#301,#302,#303,#304),.UNSPECIFIED.,.F.,.F.,(4,1,1,1,1,1,1,1,1,1,4),(0.E0,
1.E-1,2.E-1,3.E-1,4.E-1,5.E-1,6.E-1,7.E-1,8.E-1,9.E-1,1.E0),.UNSPECIFIED.);
#323=B_SPLINE_CURVE_WITH_KNOTS('',3,(#310,#311,#312,#313,#314,#315,#316,#317,
#318,#319,#320,#321,#322),.UNSPECIFIED.,.F.,.F.,(4,1,1,1,1,1,1,1,1,1,4),(0.E0,
1.E-1,2.E-1,3.E-1,4.E-1,5.E-1,6.E-1,7.E-1,8.E-1,9.E-1,1.E0),.UNSPECIFIED.);
#426=B_SPLINE_CURVE_WITH_KNOTS('',3,(#324,#325,#326,#327,#328,#329,#330,#331,
#332,#333,#334,#335,#336,#337,#338,#339,#340,#341,#342,#343,#344,#345,#346,#347,
#348,#349,#350,#351,#352,#353,#354,#355,#356,#357,#358,#359,#360,#361,#362,#363,
#364,#365,#366,#367,#368,#369,#370,#371,#372,#373,#374,#375,#376,#377,#378,#379,
#380,#381,#382,#383,#384,#385,#386,#387,#388,#389,#390,#391,#392,#393,#394,#395,
#396,#397,#398,#399,#400,#401,#402,#403,#404,#405,#406,#407,#408,#409,#410,#411,
#412,#413,#414,#415,#416,#417,#418,#419,#420,#421,#422,#423,#424,#425),
.UNSPECIFIED.,.F.,.F.,(4,1,1,1,1,1,1,1,1,1,1,1,1,1,1,1,1,1,1,1,1,1,1,1,1,1,1,1,
1,1,1,1,1,1,1,1,1,1,1,1,1,1,1,1,1,1,1,1,1,1,1,1,1,1,1,1,1,1,1,1,1,1,1,1,1,1,1,1,
1,1,1,1,1,1,1,1,1,1,1,1,1,1,1,1,1,1,1,1,1,1,1,1,1,1,1,1,1,1,1,4),(0.E0,
1.010101010101E-2,2.020202020202E-2,3.030303030303E-2,4.040404040404E-2,
5.050505050505E-2,6.060606060606E-2,7.070707070707E-2,8.080808080808E-2,
9.090909090909E-2,1.010101010101E-1,1.111111111111E-1,1.212121212121E-1,
1.313131313131E-1,1.414141414141E-1,1.515151515152E-1,1.616161616162E-1,
1.717171717172E-1,1.818181818182E-1,1.919191919192E-1,2.020202020202E-1,
2.121212121212E-1,2.222222222222E-1,2.323232323232E-1,2.424242424242E-1,
2.525252525253E-1,2.626262626263E-1,2.727272727273E-1,2.828282828283E-1,
2.929292929293E-1,3.030303030303E-1,3.131313131313E-1,3.232323232323E-1,
3.333333333333E-1,3.434343434343E-1,3.535353535354E-1,3.636363636364E-1,
3.737373737374E-1,3.838383838384E-1,3.939393939394E-1,4.040404040404E-1,
4.141414141414E-1,4.242424242424E-1,4.343434343434E-1,4.444444444444E-1,
4.545454545455E-1,4.646464646465E-1,4.747474747475E-1,4.848484848485E-1,
4.949494949495E-1,5.050505050505E-1,5.151515151515E-1,5.252525252525E-1,
5.353535353535E-1,5.454545454545E-1,5.555555555556E-1,5.656565656566E-1,
5.757575757576E-1,5.858585858586E-1,5.959595959596E-1,6.060606060606E-1,
6.161616161616E-1,6.262626262626E-1,6.363636363636E-1,6.464646464646E-1,
6.565656565657E-1,6.666666666667E-1,6.767676767677E-1,6.868686868687E-1,
6.969696969697E-1,7.070707070707E-1,7.171717171717E-1,7.272727272727E-1,
7.373737373737E-1,7.474747474747E-1,7.575757575758E-1,7.676767676768E-1,
7.777777777778E-1,7.878787878788E-1,7.979797979798E-1,8.080808080808E-1,
8.181818181818E-1,8.282828282828E-1,8.383838383838E-1,8.484848484848E-1,
8.585858585859E-1,8.686868686869E-1,8.787878787879E-1,8.888888888889E-1,
8.989898989899E-1,9.090909090909E-1,9.191919191919E-1,9.292929292929E-1,
9.393939393939E-1,9.494949494949E-1,9.595959595960E-1,9.696969696970E-1,
9.797979797980E-1,9.898989898990E-1,1.E0),.UNSPECIFIED.);
#440=B_SPLINE_CURVE_WITH_KNOTS('',3,(#427,#428,#429,#430,#431,#432,#433,#434,
#435,#436,#437,#438,#439),.UNSPECIFIED.,.F.,.F.,(4,1,1,1,1,1,1,1,1,1,4),(0.E0,
1.E-1,2.E-1,3.E-1,4.E-1,5.E-1,6.E-1,7.E-1,8.E-1,9.E-1,1.E0),.UNSPECIFIED.);
#454=B_SPLINE_CURVE_WITH_KNOTS('',3,(#441,#442,#443,#444,#445,#446,#447,#448,
#449,#450,#451,#452,#453),.UNSPECIFIED.,.F.,.F.,(4,1,1,1,1,1,1,1,1,1,4),(0.E0,
1.E-1,2.E-1,3.E-1,4.E-1,5.E-1,6.E-1,7.E-1,8.E-1,9.E-1,1.E0),.UNSPECIFIED.);
#477=B_SPLINE_CURVE_WITH_KNOTS('',3,(#455,#456,#457,#458,#459,#460,#461,#462,
#463,#464,#465,#466,#467,#468,#469,#470,#471,#472,#473,#474,#475,#476),
.UNSPECIFIED.,.F.,.F.,(4,1,1,1,1,1,1,1,1,1,1,1,1,1,1,1,1,1,1,4),(0.E0,
5.263157894737E-2,1.052631578947E-1,1.578947368421E-1,2.105263157895E-1,
2.631578947368E-1,3.157894736842E-1,3.684210526316E-1,4.210526315789E-1,
4.736842105263E-1,5.263157894737E-1,5.789473684211E-1,6.315789473684E-1,
6.842105263158E-1,7.368421052632E-1,7.894736842105E-1,8.421052631579E-1,
8.947368421053E-1,9.473684210526E-1,1.E0),.UNSPECIFIED.);
#500=B_SPLINE_CURVE_WITH_KNOTS('',3,(#478,#479,#480,#481,#482,#483,#484,#485,
#486,#487,#488,#489,#490,#491,#492,#493,#494,#495,#496,#497,#498,#499),
.UNSPECIFIED.,.F.,.F.,(4,1,1,1,1,1,1,1,1,1,1,1,1,1,1,1,1,1,1,4),(0.E0,
5.263157894737E-2,1.052631578947E-1,1.578947368421E-1,2.105263157895E-1,
2.631578947368E-1,3.157894736842E-1,3.684210526316E-1,4.210526315789E-1,
4.736842105263E-1,5.263157894737E-1,5.789473684211E-1,6.315789473684E-1,
6.842105263158E-1,7.368421052632E-1,7.894736842105E-1,8.421052631579E-1,
8.947368421053E-1,9.473684210526E-1,1.E0),.UNSPECIFIED.);
#523=B_SPLINE_CURVE_WITH_KNOTS('',3,(#501,#502,#503,#504,#505,#506,#507,#508,
#509,#510,#511,#512,#513,#514,#515,#516,#517,#518,#519,#520,#521,#522),
.UNSPECIFIED.,.F.,.F.,(4,1,1,1,1,1,1,1,1,1,1,1,1,1,1,1,1,1,1,4),(0.E0,
5.263157894737E-2,1.052631578947E-1,1.578947368421E-1,2.105263157895E-1,
2.631578947368E-1,3.157894736842E-1,3.684210526316E-1,4.210526315789E-1,
4.736842105263E-1,5.263157894737E-1,5.789473684211E-1,6.315789473684E-1,
6.842105263158E-1,7.368421052632E-1,7.894736842105E-1,8.421052631579E-1,
8.947368421053E-1,9.473684210526E-1,1.E0),.UNSPECIFIED.);
#553=B_SPLINE_CURVE_WITH_KNOTS('',3,(#540,#541,#542,#543,#544,#545,#546,#547,
#548,#549,#550,#551,#552),.UNSPECIFIED.,.F.,.F.,(4,1,1,1,1,1,1,1,1,1,4),(0.E0,
1.E-1,2.E-1,3.E-1,4.E-1,5.E-1,6.E-1,7.E-1,8.E-1,9.E-1,1.E0),.UNSPECIFIED.);
#567=B_SPLINE_CURVE_WITH_KNOTS('',3,(#554,#555,#556,#557,#558,#559,#560,#561,
#562,#563,#564,#565,#566),.UNSPECIFIED.,.F.,.F.,(4,1,1,1,1,1,1,1,1,1,4),(0.E0,
1.E-1,2.E-1,3.E-1,4.E-1,5.E-1,6.E-1,7.E-1,8.E-1,9.E-1,1.E0),.UNSPECIFIED.);
#594=B_SPLINE_CURVE_WITH_KNOTS('',3,(#572,#573,#574,#575,#576,#577,#578,#579,
#580,#581,#582,#583,#584,#585,#586,#587,#588,#589,#590,#591,#592,#593),
.UNSPECIFIED.,.F.,.F.,(4,1,1,1,1,1,1,1,1,1,1,1,1,1,1,1,1,1,1,4),(0.E0,
5.263157894737E-2,1.052631578947E-1,1.578947368421E-1,2.105263157895E-1,
2.631578947368E-1,3.157894736842E-1,3.684210526316E-1,4.210526315789E-1,
4.736842105263E-1,5.263157894737E-1,5.789473684211E-1,6.315789473684E-1,
6.842105263158E-1,7.368421052632E-1,7.894736842105E-1,8.421052631579E-1,
8.947368421053E-1,9.473684210526E-1,1.E0),.UNSPECIFIED.);
#608=B_SPLINE_CURVE_WITH_KNOTS('',3,(#595,#596,#597,#598,#599,#600,#601,#602,
#603,#604,#605,#606,#607),.UNSPECIFIED.,.F.,.F.,(4,1,1,1,1,1,1,1,1,1,4),(0.E0,
1.E-1,2.E-1,3.E-1,4.E-1,5.E-1,6.E-1,7.E-1,8.E-1,9.E-1,1.E0),.UNSPECIFIED.);
#635=B_SPLINE_CURVE_WITH_KNOTS('',3,(#613,#614,#615,#616,#617,#618,#619,#620,
#621,#622,#623,#624,#625,#626,#627,#628,#629,#630,#631,#632,#633,#634),
.UNSPECIFIED.,.F.,.F.,(4,1,1,1,1,1,1,1,1,1,1,1,1,1,1,1,1,1,1,4),(0.E0,
5.263157894737E-2,1.052631578947E-1,1.578947368421E-1,2.105263157895E-1,
2.631578947368E-1,3.157894736842E-1,3.684210526316E-1,4.210526315789E-1,
4.736842105263E-1,5.263157894737E-1,5.789473684211E-1,6.315789473684E-1,
6.842105263158E-1,7.368421052632E-1,7.894736842105E-1,8.421052631579E-1,
8.947368421053E-1,9.473684210526E-1,1.E0),.UNSPECIFIED.);
#649=B_SPLINE_CURVE_WITH_KNOTS('',3,(#636,#637,#638,#639,#640,#641,#642,#643,
#644,#645,#646,#647,#648),.UNSPECIFIED.,.F.,.F.,(4,1,1,1,1,1,1,1,1,1,4),(0.E0,
1.E-1,2.E-1,3.E-1,4.E-1,5.E-1,6.E-1,7.E-1,8.E-1,9.E-1,1.E0),.UNSPECIFIED.);
#752=B_SPLINE_CURVE_WITH_KNOTS('',3,(#650,#651,#652,#653,#654,#655,#656,#657,
#658,#659,#660,#661,#662,#663,#664,#665,#666,#667,#668,#669,#670,#671,#672,#673,
#674,#675,#676,#677,#678,#679,#680,#681,#682,#683,#684,#685,#686,#687,#688,#689,
#690,#691,#692,#693,#694,#695,#696,#697,#698,#699,#700,#701,#702,#703,#704,#705,
#706,#707,#708,#709,#710,#711,#712,#713,#714,#715,#716,#717,#718,#719,#720,#721,
#722,#723,#724,#725,#726,#727,#728,#729,#730,#731,#732,#733,#734,#735,#736,#737,
#738,#739,#740,#741,#742,#743,#744,#745,#746,#747,#748,#749,#750,#751),
.UNSPECIFIED.,.F.,.F.,(4,1,1,1,1,1,1,1,1,1,1,1,1,1,1,1,1,1,1,1,1,1,1,1,1,1,1,1,
1,1,1,1,1,1,1,1,1,1,1,1,1,1,1,1,1,1,1,1,1,1,1,1,1,1,1,1,1,1,1,1,1,1,1,1,1,1,1,1,
1,1,1,1,1,1,1,1,1,1,1,1,1,1,1,1,1,1,1,1,1,1,1,1,1,1,1,1,1,1,1,4),(0.E0,
1.010101010101E-2,2.020202020202E-2,3.030303030303E-2,4.040404040404E-2,
5.050505050505E-2,6.060606060606E-2,7.070707070707E-2,8.080808080808E-2,
9.090909090909E-2,1.010101010101E-1,1.111111111111E-1,1.212121212121E-1,
1.313131313131E-1,1.414141414141E-1,1.515151515152E-1,1.616161616162E-1,
1.717171717172E-1,1.818181818182E-1,1.919191919192E-1,2.020202020202E-1,
2.121212121212E-1,2.222222222222E-1,2.323232323232E-1,2.424242424242E-1,
2.525252525253E-1,2.626262626263E-1,2.727272727273E-1,2.828282828283E-1,
2.929292929293E-1,3.030303030303E-1,3.131313131313E-1,3.232323232323E-1,
3.333333333333E-1,3.434343434343E-1,3.535353535354E-1,3.636363636364E-1,
3.737373737374E-1,3.838383838384E-1,3.939393939394E-1,4.040404040404E-1,
4.141414141414E-1,4.242424242424E-1,4.343434343434E-1,4.444444444444E-1,
4.545454545455E-1,4.646464646465E-1,4.747474747475E-1,4.848484848485E-1,
4.949494949495E-1,5.050505050505E-1,5.151515151515E-1,5.252525252525E-1,
5.353535353535E-1,5.454545454545E-1,5.555555555556E-1,5.656565656566E-1,
5.757575757576E-1,5.858585858586E-1,5.959595959596E-1,6.060606060606E-1,
6.161616161616E-1,6.262626262626E-1,6.363636363636E-1,6.464646464646E-1,
6.565656565657E-1,6.666666666667E-1,6.767676767677E-1,6.868686868687E-1,
6.969696969697E-1,7.070707070707E-1,7.171717171717E-1,7.272727272727E-1,
7.373737373737E-1,7.474747474747E-1,7.575757575758E-1,7.676767676768E-1,
7.777777777778E-1,7.878787878788E-1,7.979797979798E-1,8.080808080808E-1,
8.181818181818E-1,8.282828282828E-1,8.383838383838E-1,8.484848484848E-1,
8.585858585859E-1,8.686868686869E-1,8.787878787879E-1,8.888888888889E-1,
8.989898989899E-1,9.090909090909E-1,9.191919191919E-1,9.292929292929E-1,
9.393939393939E-1,9.494949494949E-1,9.595959595960E-1,9.696969696970E-1,
9.797979797980E-1,9.898989898990E-1,1.E0),.UNSPECIFIED.);
#770=B_SPLINE_CURVE_WITH_KNOTS('',3,(#757,#758,#759,#760,#761,#762,#763,#764,
#765,#766,#767,#768,#769),.UNSPECIFIED.,.F.,.F.,(4,1,1,1,1,1,1,1,1,1,4),(0.E0,
1.E-1,2.E-1,3.E-1,4.E-1,5.E-1,6.E-1,7.E-1,8.E-1,9.E-1,1.E0),.UNSPECIFIED.);
#801=B_SPLINE_CURVE_WITH_KNOTS('',3,(#779,#780,#781,#782,#783,#784,#785,#786,
#787,#788,#789,#790,#791,#792,#793,#794,#795,#796,#797,#798,#799,#800),
.UNSPECIFIED.,.F.,.F.,(4,1,1,1,1,1,1,1,1,1,1,1,1,1,1,1,1,1,1,4),(0.E0,
5.263157894737E-2,1.052631578947E-1,1.578947368421E-1,2.105263157895E-1,
2.631578947368E-1,3.157894736842E-1,3.684210526316E-1,4.210526315789E-1,
4.736842105263E-1,5.263157894737E-1,5.789473684211E-1,6.315789473684E-1,
6.842105263158E-1,7.368421052632E-1,7.894736842105E-1,8.421052631579E-1,
8.947368421053E-1,9.473684210526E-1,1.E0),.UNSPECIFIED.);
#810=CIRCLE('',#809,1.E0);
#815=CIRCLE('',#814,6.9E0);
#876=CIRCLE('',#875,1.2E0);
#893=CIRCLE('',#892,1.2E0);
#902=CIRCLE('',#901,1.2E0);
#919=CIRCLE('',#918,1.2E0);
#928=CIRCLE('',#927,1.2E0);
#945=CIRCLE('',#944,1.2E0);
#954=CIRCLE('',#953,1.2E0);
#1103=EDGE_CURVE('',#981,#982,#45,.T.);
#1105=EDGE_CURVE('',#1043,#982,#50,.T.);
#1107=EDGE_CURVE('',#1053,#1043,#855,.T.);
#1109=EDGE_CURVE('',#1052,#1053,#55,.T.);
#1111=EDGE_CURVE('',#1052,#1061,#60,.T.);
#1113=EDGE_CURVE('',#1060,#1061,#65,.T.);
#1115=EDGE_CURVE('',#1047,#1060,#839,.T.);
#1117=EDGE_CURVE('',#981,#1047,#70,.T.);
#1121=EDGE_CURVE('',#965,#966,#15,.T.);
#1123=EDGE_CURVE('',#966,#965,#20,.T.);
#1127=EDGE_CURVE('',#969,#970,#25,.T.);
#1129=EDGE_CURVE('',#970,#969,#30,.T.);
#1133=EDGE_CURVE('',#973,#974,#35,.T.);
#1135=EDGE_CURVE('',#974,#973,#40,.T.);
#1139=EDGE_CURVE('',#961,#962,#5,.T.);
#1141=EDGE_CURVE('',#962,#961,#10,.T.);
#1145=EDGE_CURVE('',#1009,#1010,#75,.T.);
#1147=EDGE_CURVE('',#1010,#1009,#80,.T.);
#1157=EDGE_CURVE('',#1073,#1072,#85,.T.);
#1159=EDGE_CURVE('',#1072,#961,#89,.T.);
#1162=EDGE_CURVE('',#1073,#962,#880,.T.);
#1172=EDGE_CURVE('',#1069,#1068,#143,.T.);
#1174=EDGE_CURVE('',#1068,#1072,#871,.T.);
#1177=EDGE_CURVE('',#1069,#1073,#93,.T.);
#1187=EDGE_CURVE('',#985,#986,#108,.T.);
#1189=EDGE_CURVE('',#1049,#985,#113,.T.);
#1191=EDGE_CURVE('',#1065,#1049,#831,.T.);
#1193=EDGE_CURVE('',#1063,#1065,#118,.T.);
#1195=EDGE_CURVE('',#1057,#1063,#123,.T.);
#1197=EDGE_CURVE('',#1055,#1057,#128,.T.);
#1199=EDGE_CURVE('',#1045,#1055,#863,.T.);
#1201=EDGE_CURVE('',#986,#1045,#133,.T.);
#1205=EDGE_CURVE('',#977,#978,#98,.T.);
#1207=EDGE_CURVE('',#978,#977,#103,.T.);
#1211=EDGE_CURVE('',#1068,#1069,#138,.T.);
#1216=EDGE_CURVE('',#1076,#1077,#148,.T.);
#1218=EDGE_CURVE('',#1077,#1076,#153,.T.);
#1222=EDGE_CURVE('',#1084,#1085,#158,.T.);
#1224=EDGE_CURVE('',#1085,#1084,#163,.T.);
#1228=EDGE_CURVE('',#1092,#1093,#168,.T.);
#1230=EDGE_CURVE('',#1093,#1092,#173,.T.);
#1240=EDGE_CURVE('',#1005,#1006,#178,.T.);
#1242=EDGE_CURVE('',#978,#1006,#819,.T.);
#1245=EDGE_CURVE('',#977,#1005,#182,.T.);
#1255=EDGE_CURVE('',#1001,#1002,#202,.T.);
#1257=EDGE_CURVE('',#1002,#1006,#810,.T.);
#1260=EDGE_CURVE('',#1001,#1005,#187,.T.);
#1271=EDGE_CURVE('',#1002,#1001,#207,.T.);
#1275=EDGE_CURVE('',#993,#994,#192,.T.);
#1277=EDGE_CURVE('',#994,#993,#197,.T.);
#1288=EDGE_CURVE('',#993,#997,#211,.T.);
#1290=EDGE_CURVE('',#997,#998,#230,.T.);
#1292=EDGE_CURVE('',#994,#998,#215,.T.);
#1304=EDGE_CURVE('',#998,#997,#235,.T.);
#1315=EDGE_CURVE('',#989,#990,#220,.T.);
#1317=EDGE_CURVE('',#990,#989,#225,.T.);
#1331=EDGE_CURVE('',#1018,#1035,#259,.T.);
#1333=EDGE_CURVE('',#1035,#1012,#264,.T.);
#1335=EDGE_CURVE('',#1012,#1019,#269,.T.);
#1337=EDGE_CURVE('',#1018,#1019,#273,.T.);
#1347=EDGE_CURVE('',#1032,#1025,#287,.T.);
#1349=EDGE_CURVE('',#1032,#989,#291,.T.);
#1352=EDGE_CURVE('',#1026,#990,#805,.T.);
#1354=EDGE_CURVE('',#1024,#1026,#305,.T.);
#1356=EDGE_CURVE('',#1024,#1025,#309,.T.);
#1502=EDGE_CURVE('',#1031,#1018,#440,.T.);
#1504=EDGE_CURVE('',#1031,#1020,#523,.T.);
#1506=EDGE_CURVE('',#1020,#1021,#500,.T.);
#1508=EDGE_CURVE('',#1041,#1021,#323,.T.);
#1510=EDGE_CURVE('',#1014,#1041,#756,.T.);
#1512=EDGE_CURVE('',#1013,#1014,#426,.T.);
#1514=EDGE_CURVE('',#1013,#1037,#527,.T.);
#1516=EDGE_CURVE('',#1037,#1034,#553,.T.);
#1518=EDGE_CURVE('',#1034,#1035,#567,.T.);
#1666=EDGE_CURVE('',#1018,#1013,#531,.T.);
#1669=EDGE_CURVE('',#1039,#1014,#612,.T.);
#1671=EDGE_CURVE('',#1028,#1039,#454,.T.);
#1673=EDGE_CURVE('',#1027,#1028,#477,.T.);
#1675=EDGE_CURVE('',#1027,#1041,#770,.T.);
#1689=EDGE_CURVE('',#1019,#1037,#535,.T.);
#1703=EDGE_CURVE('',#1009,#1012,#539,.T.);
#1706=EDGE_CURVE('',#1010,#1034,#571,.T.);
#1866=EDGE_CURVE('',#1029,#1030,#594,.T.);
#1868=EDGE_CURVE('',#1039,#1029,#608,.T.);
#1871=EDGE_CURVE('',#1014,#1015,#752,.T.);
#1873=EDGE_CURVE('',#1024,#1015,#774,.T.);
#1876=EDGE_CURVE('',#1026,#1032,#801,.T.);
#1879=EDGE_CURVE('',#1025,#1033,#649,.T.);
#1881=EDGE_CURVE('',#1030,#1033,#635,.T.);
#2033=EDGE_CURVE('',#1015,#1025,#778,.T.);
#2071=EDGE_CURVE('',#1006,#1005,#815,.T.);
#2095=EDGE_CURVE('',#985,#981,#823,.T.);
#2098=EDGE_CURVE('',#986,#982,#827,.T.);
#2109=EDGE_CURVE('',#1049,#1047,#835,.T.);
#2124=EDGE_CURVE('',#1065,#1060,#843,.T.);
#2135=EDGE_CURVE('',#1063,#1061,#851,.T.);
#2147=EDGE_CURVE('',#1057,#1052,#847,.T.);
#2161=EDGE_CURVE('',#1055,#1053,#867,.T.);
#2174=EDGE_CURVE('',#1045,#1043,#859,.T.);
#2200=EDGE_CURVE('',#1072,#1073,#876,.T.);
#2224=EDGE_CURVE('',#1077,#1081,#888,.T.);
#2226=EDGE_CURVE('',#1080,#1081,#902,.T.);
#2228=EDGE_CURVE('',#1076,#1080,#884,.T.);
#2240=EDGE_CURVE('',#1081,#1080,#893,.T.);
#2252=EDGE_CURVE('',#1080,#969,#897,.T.);
#2255=EDGE_CURVE('',#1081,#970,#906,.T.);
#2278=EDGE_CURVE('',#1085,#1089,#914,.T.);
#2280=EDGE_CURVE('',#1088,#1089,#928,.T.);
#2282=EDGE_CURVE('',#1084,#1088,#910,.T.);
#2294=EDGE_CURVE('',#1089,#1088,#919,.T.);
#2306=EDGE_CURVE('',#1088,#973,#923,.T.);
#2309=EDGE_CURVE('',#1089,#974,#932,.T.);
#2332=EDGE_CURVE('',#1093,#1097,#940,.T.);
#2334=EDGE_CURVE('',#1096,#1097,#954,.T.);
#2336=EDGE_CURVE('',#1092,#1096,#936,.T.);
#2348=EDGE_CURVE('',#1097,#1096,#945,.T.);
#2360=EDGE_CURVE('',#1096,#965,#949,.T.);
#2363=EDGE_CURVE('',#1097,#966,#958,.T.);
#2382=(LENGTH_UNIT()NAMED_UNIT(*)SI_UNIT(.MILLI.,.METRE.));
#2384=(NAMED_UNIT(*)PLANE_ANGLE_UNIT()SI_UNIT($,.RADIAN.));
#2387=(NAMED_UNIT(*)SI_UNIT($,.STERADIAN.)SOLID_ANGLE_UNIT());
#2393=AXIS2_PLACEMENT_3D('',#2390,#2391,#2392);
#2394=ADVANCED_BREP_SHAPE_REPRESENTATION('',(#2393,#2381),#2389);
#2401=PRODUCT_DEFINITION('design','',#2400,#2397);
#2402=PRODUCT_DEFINITION_SHAPE('','SHAPE FOR PRT0001.',#2401);
#2403=SHAPE_DEFINITION_REPRESENTATION(#2402,#2394);
#2404=SHAPE_DEFINITION_REPRESENTATION(#2405,#2406);
#2405=PRODUCT_DEFINITION_SHAPE('','SHAPE FOR XG11-115_ASM.',#8266);
#2406=SHAPE_REPRESENTATION('',(#2412,#6413,#6686,#7056,#7065,#8247,#8262),
#8258);
#2407=NEXT_ASSEMBLY_USAGE_OCCURRENCE('0','Next assembly relationship','PRT0001',
#8266,#2401,$);
#2408=PRODUCT_DEFINITION_SHAPE('Placement #0',
'Placement of PRT0001 with respect to XG11-115_ASM',#2407);
#2420=CIRCLE('',#2419,2.5E0);
#2425=CIRCLE('',#2424,2.5E0);
#2430=CIRCLE('',#2429,2.5E0);
#2435=CIRCLE('',#2434,2.5E0);
#2444=CIRCLE('',#2443,2.538610616432E0);
#2449=CIRCLE('',#2448,2.5E0);
#2454=CIRCLE('',#2453,5.E0);
#2459=CIRCLE('',#2458,2.538610616432E0);
#2472=CIRCLE('',#2471,2.538610616432E0);
#2477=CIRCLE('',#2476,5.E0);
#2482=CIRCLE('',#2481,3.E0);
#2491=CIRCLE('',#2490,3.E0);
#2496=CIRCLE('',#2495,3.E0);
#2501=CIRCLE('',#2500,3.E0);
#2510=CIRCLE('',#2509,3.E0);
#2515=CIRCLE('',#2514,3.E0);
#2520=CIRCLE('',#2519,2.5E0);
#2529=CIRCLE('',#2528,2.5E0);
#2551=B_SPLINE_CURVE_WITH_KNOTS('',3,(#2538,#2539,#2540,#2541,#2542,#2543,#2544,
#2545,#2546,#2547,#2548,#2549,#2550),.UNSPECIFIED.,.F.,.F.,(4,1,1,1,1,1,1,1,1,1,
4),(0.E0,1.E-1,2.E-1,3.E-1,4.E-1,5.E-1,6.E-1,7.E-1,8.E-1,9.E-1,1.E0),
.UNSPECIFIED.);
#2573=B_SPLINE_CURVE_WITH_KNOTS('',3,(#2560,#2561,#2562,#2563,#2564,#2565,#2566,
#2567,#2568,#2569,#2570,#2571,#2572),.UNSPECIFIED.,.F.,.F.,(4,1,1,1,1,1,1,1,1,1,
4),(0.E0,1.E-1,2.E-1,3.E-1,4.E-1,5.E-1,6.E-1,7.E-1,8.E-1,9.E-1,1.E0),
.UNSPECIFIED.);
#2591=B_SPLINE_CURVE_WITH_KNOTS('',3,(#2578,#2579,#2580,#2581,#2582,#2583,#2584,
#2585,#2586,#2587,#2588,#2589,#2590),.UNSPECIFIED.,.F.,.F.,(4,1,1,1,1,1,1,1,1,1,
4),(0.E0,1.E-1,2.E-1,3.E-1,4.E-1,5.E-1,6.E-1,7.E-1,8.E-1,9.E-1,1.E0),
.UNSPECIFIED.);
#2609=B_SPLINE_CURVE_WITH_KNOTS('',3,(#2596,#2597,#2598,#2599,#2600,#2601,#2602,
#2603,#2604,#2605,#2606,#2607,#2608),.UNSPECIFIED.,.F.,.F.,(4,1,1,1,1,1,1,1,1,1,
4),(0.E0,1.E-1,2.E-1,3.E-1,4.E-1,5.E-1,6.E-1,7.E-1,8.E-1,9.E-1,1.E0),
.UNSPECIFIED.);
#2627=B_SPLINE_CURVE_WITH_KNOTS('',3,(#2614,#2615,#2616,#2617,#2618,#2619,#2620,
#2621,#2622,#2623,#2624,#2625,#2626),.UNSPECIFIED.,.F.,.F.,(4,1,1,1,1,1,1,1,1,1,
4),(0.E0,1.E-1,2.E-1,3.E-1,4.E-1,5.E-1,6.E-1,7.E-1,8.E-1,9.E-1,1.E0),
.UNSPECIFIED.);
#2645=B_SPLINE_CURVE_WITH_KNOTS('',3,(#2632,#2633,#2634,#2635,#2636,#2637,#2638,
#2639,#2640,#2641,#2642,#2643,#2644),.UNSPECIFIED.,.F.,.F.,(4,1,1,1,1,1,1,1,1,1,
4),(0.E0,1.E-1,2.E-1,3.E-1,4.E-1,5.E-1,6.E-1,7.E-1,8.E-1,9.E-1,1.E0),
.UNSPECIFIED.);
#2663=B_SPLINE_CURVE_WITH_KNOTS('',3,(#2650,#2651,#2652,#2653,#2654,#2655,#2656,
#2657,#2658,#2659,#2660,#2661,#2662),.UNSPECIFIED.,.F.,.F.,(4,1,1,1,1,1,1,1,1,1,
4),(0.E0,1.E-1,2.E-1,3.E-1,4.E-1,5.E-1,6.E-1,7.E-1,8.E-1,9.E-1,1.E0),
.UNSPECIFIED.);
#2681=B_SPLINE_CURVE_WITH_KNOTS('',3,(#2668,#2669,#2670,#2671,#2672,#2673,#2674,
#2675,#2676,#2677,#2678,#2679,#2680),.UNSPECIFIED.,.F.,.F.,(4,1,1,1,1,1,1,1,1,1,
4),(0.E0,1.E-1,2.E-1,3.E-1,4.E-1,5.E-1,6.E-1,7.E-1,8.E-1,9.E-1,1.E0),
.UNSPECIFIED.);
#2699=B_SPLINE_CURVE_WITH_KNOTS('',3,(#2686,#2687,#2688,#2689,#2690,#2691,#2692,
#2693,#2694,#2695,#2696,#2697,#2698),.UNSPECIFIED.,.F.,.F.,(4,1,1,1,1,1,1,1,1,1,
4),(0.E0,1.E-1,2.E-1,3.E-1,4.E-1,5.E-1,6.E-1,7.E-1,8.E-1,9.E-1,1.E0),
.UNSPECIFIED.);
#2717=B_SPLINE_CURVE_WITH_KNOTS('',3,(#2704,#2705,#2706,#2707,#2708,#2709,#2710,
#2711,#2712,#2713,#2714,#2715,#2716),.UNSPECIFIED.,.F.,.F.,(4,1,1,1,1,1,1,1,1,1,
4),(0.E0,1.E-1,2.E-1,3.E-1,4.E-1,5.E-1,6.E-1,7.E-1,8.E-1,9.E-1,1.E0),
.UNSPECIFIED.);
#2735=B_SPLINE_CURVE_WITH_KNOTS('',3,(#2722,#2723,#2724,#2725,#2726,#2727,#2728,
#2729,#2730,#2731,#2732,#2733,#2734),.UNSPECIFIED.,.F.,.F.,(4,1,1,1,1,1,1,1,1,1,
4),(0.E0,1.E-1,2.E-1,3.E-1,4.E-1,5.E-1,6.E-1,7.E-1,8.E-1,9.E-1,1.E0),
.UNSPECIFIED.);
#2753=B_SPLINE_CURVE_WITH_KNOTS('',3,(#2740,#2741,#2742,#2743,#2744,#2745,#2746,
#2747,#2748,#2749,#2750,#2751,#2752),.UNSPECIFIED.,.F.,.F.,(4,1,1,1,1,1,1,1,1,1,
4),(0.E0,1.E-1,2.E-1,3.E-1,4.E-1,5.E-1,6.E-1,7.E-1,8.E-1,9.E-1,1.E0),
.UNSPECIFIED.);
#2771=B_SPLINE_CURVE_WITH_KNOTS('',3,(#2758,#2759,#2760,#2761,#2762,#2763,#2764,
#2765,#2766,#2767,#2768,#2769,#2770),.UNSPECIFIED.,.F.,.F.,(4,1,1,1,1,1,1,1,1,1,
4),(0.E0,1.E-1,2.E-1,3.E-1,4.E-1,5.E-1,6.E-1,7.E-1,8.E-1,9.E-1,1.E0),
.UNSPECIFIED.);
#2789=B_SPLINE_CURVE_WITH_KNOTS('',3,(#2776,#2777,#2778,#2779,#2780,#2781,#2782,
#2783,#2784,#2785,#2786,#2787,#2788),.UNSPECIFIED.,.F.,.F.,(4,1,1,1,1,1,1,1,1,1,
4),(0.E0,1.E-1,2.E-1,3.E-1,4.E-1,5.E-1,6.E-1,7.E-1,8.E-1,9.E-1,1.E0),
.UNSPECIFIED.);
#2807=B_SPLINE_CURVE_WITH_KNOTS('',3,(#2794,#2795,#2796,#2797,#2798,#2799,#2800,
#2801,#2802,#2803,#2804,#2805,#2806),.UNSPECIFIED.,.F.,.F.,(4,1,1,1,1,1,1,1,1,1,
4),(0.E0,1.E-1,2.E-1,3.E-1,4.E-1,5.E-1,6.E-1,7.E-1,8.E-1,9.E-1,1.E0),
.UNSPECIFIED.);
#2825=B_SPLINE_CURVE_WITH_KNOTS('',3,(#2812,#2813,#2814,#2815,#2816,#2817,#2818,
#2819,#2820,#2821,#2822,#2823,#2824),.UNSPECIFIED.,.F.,.F.,(4,1,1,1,1,1,1,1,1,1,
4),(0.E0,1.E-1,2.E-1,3.E-1,4.E-1,5.E-1,6.E-1,7.E-1,8.E-1,9.E-1,1.E0),
.UNSPECIFIED.);
#2843=B_SPLINE_CURVE_WITH_KNOTS('',3,(#2830,#2831,#2832,#2833,#2834,#2835,#2836,
#2837,#2838,#2839,#2840,#2841,#2842),.UNSPECIFIED.,.F.,.F.,(4,1,1,1,1,1,1,1,1,1,
4),(0.E0,1.E-1,2.E-1,3.E-1,4.E-1,5.E-1,6.E-1,7.E-1,8.E-1,9.E-1,1.E0),
.UNSPECIFIED.);
#2852=CIRCLE('',#2851,2.5E0);
#2870=B_SPLINE_CURVE_WITH_KNOTS('',3,(#2857,#2858,#2859,#2860,#2861,#2862,#2863,
#2864,#2865,#2866,#2867,#2868,#2869),.UNSPECIFIED.,.F.,.F.,(4,1,1,1,1,1,1,1,1,1,
4),(0.E0,1.E-1,2.E-1,3.E-1,4.E-1,5.E-1,6.E-1,7.E-1,8.E-1,9.E-1,1.E0),
.UNSPECIFIED.);
#2879=CIRCLE('',#2878,2.5E0);
#2888=B_SPLINE_CURVE_WITH_KNOTS('',3,(#2880,#2881,#2882,#2883,#2884,#2885,#2886,
#2887),.UNSPECIFIED.,.F.,.F.,(4,1,1,1,1,4),(0.E0,2.E-1,4.E-1,6.E-1,8.E-1,1.E0),
.UNSPECIFIED.);
#2910=B_SPLINE_CURVE_WITH_KNOTS('',3,(#2897,#2898,#2899,#2900,#2901,#2902,#2903,
#2904,#2905,#2906,#2907,#2908,#2909),.UNSPECIFIED.,.F.,.F.,(4,1,1,1,1,1,1,1,1,1,
4),(0.E0,1.E-1,2.E-1,3.E-1,4.E-1,5.E-1,6.E-1,7.E-1,8.E-1,9.E-1,1.E0),
.UNSPECIFIED.);
#2928=B_SPLINE_CURVE_WITH_KNOTS('',3,(#2915,#2916,#2917,#2918,#2919,#2920,#2921,
#2922,#2923,#2924,#2925,#2926,#2927),.UNSPECIFIED.,.F.,.F.,(4,1,1,1,1,1,1,1,1,1,
4),(0.E0,1.E-1,2.E-1,3.E-1,4.E-1,5.E-1,6.E-1,7.E-1,8.E-1,9.E-1,1.E0),
.UNSPECIFIED.);
#2946=B_SPLINE_CURVE_WITH_KNOTS('',3,(#2933,#2934,#2935,#2936,#2937,#2938,#2939,
#2940,#2941,#2942,#2943,#2944,#2945),.UNSPECIFIED.,.F.,.F.,(4,1,1,1,1,1,1,1,1,1,
4),(0.E0,1.E-1,2.E-1,3.E-1,4.E-1,5.E-1,6.E-1,7.E-1,8.E-1,9.E-1,1.E0),
.UNSPECIFIED.);
#2964=B_SPLINE_CURVE_WITH_KNOTS('',3,(#2951,#2952,#2953,#2954,#2955,#2956,#2957,
#2958,#2959,#2960,#2961,#2962,#2963),.UNSPECIFIED.,.F.,.F.,(4,1,1,1,1,1,1,1,1,1,
4),(0.E0,1.E-1,2.E-1,3.E-1,4.E-1,5.E-1,6.E-1,7.E-1,8.E-1,9.E-1,1.E0),
.UNSPECIFIED.);
#2982=B_SPLINE_CURVE_WITH_KNOTS('',3,(#2969,#2970,#2971,#2972,#2973,#2974,#2975,
#2976,#2977,#2978,#2979,#2980,#2981),.UNSPECIFIED.,.F.,.F.,(4,1,1,1,1,1,1,1,1,1,
4),(0.E0,1.E-1,2.E-1,3.E-1,4.E-1,5.E-1,6.E-1,7.E-1,8.E-1,9.E-1,1.E0),
.UNSPECIFIED.);
#3000=B_SPLINE_CURVE_WITH_KNOTS('',3,(#2987,#2988,#2989,#2990,#2991,#2992,#2993,
#2994,#2995,#2996,#2997,#2998,#2999),.UNSPECIFIED.,.F.,.F.,(4,1,1,1,1,1,1,1,1,1,
4),(0.E0,1.E-1,2.E-1,3.E-1,4.E-1,5.E-1,6.E-1,7.E-1,8.E-1,9.E-1,1.E0),
.UNSPECIFIED.);
#3018=B_SPLINE_CURVE_WITH_KNOTS('',3,(#3005,#3006,#3007,#3008,#3009,#3010,#3011,
#3012,#3013,#3014,#3015,#3016,#3017),.UNSPECIFIED.,.F.,.F.,(4,1,1,1,1,1,1,1,1,1,
4),(0.E0,1.E-1,2.E-1,3.E-1,4.E-1,5.E-1,6.E-1,7.E-1,8.E-1,9.E-1,1.E0),
.UNSPECIFIED.);
#3036=B_SPLINE_CURVE_WITH_KNOTS('',3,(#3023,#3024,#3025,#3026,#3027,#3028,#3029,
#3030,#3031,#3032,#3033,#3034,#3035),.UNSPECIFIED.,.F.,.F.,(4,1,1,1,1,1,1,1,1,1,
4),(0.E0,1.E-1,2.E-1,3.E-1,4.E-1,5.E-1,6.E-1,7.E-1,8.E-1,9.E-1,1.E0),
.UNSPECIFIED.);
#3054=B_SPLINE_CURVE_WITH_KNOTS('',3,(#3041,#3042,#3043,#3044,#3045,#3046,#3047,
#3048,#3049,#3050,#3051,#3052,#3053),.UNSPECIFIED.,.F.,.F.,(4,1,1,1,1,1,1,1,1,1,
4),(0.E0,1.E-1,2.E-1,3.E-1,4.E-1,5.E-1,6.E-1,7.E-1,8.E-1,9.E-1,1.E0),
.UNSPECIFIED.);
#3072=B_SPLINE_CURVE_WITH_KNOTS('',3,(#3059,#3060,#3061,#3062,#3063,#3064,#3065,
#3066,#3067,#3068,#3069,#3070,#3071),.UNSPECIFIED.,.F.,.F.,(4,1,1,1,1,1,1,1,1,1,
4),(0.E0,1.E-1,2.E-1,3.E-1,4.E-1,5.E-1,6.E-1,7.E-1,8.E-1,9.E-1,1.E0),
.UNSPECIFIED.);
#3090=B_SPLINE_CURVE_WITH_KNOTS('',3,(#3077,#3078,#3079,#3080,#3081,#3082,#3083,
#3084,#3085,#3086,#3087,#3088,#3089),.UNSPECIFIED.,.F.,.F.,(4,1,1,1,1,1,1,1,1,1,
4),(0.E0,1.E-1,2.E-1,3.E-1,4.E-1,5.E-1,6.E-1,7.E-1,8.E-1,9.E-1,1.E0),
.UNSPECIFIED.);
#3108=B_SPLINE_CURVE_WITH_KNOTS('',3,(#3095,#3096,#3097,#3098,#3099,#3100,#3101,
#3102,#3103,#3104,#3105,#3106,#3107),.UNSPECIFIED.,.F.,.F.,(4,1,1,1,1,1,1,1,1,1,
4),(0.E0,1.E-1,2.E-1,3.E-1,4.E-1,5.E-1,6.E-1,7.E-1,8.E-1,9.E-1,1.E0),
.UNSPECIFIED.);
#3118=B_SPLINE_CURVE_WITH_KNOTS('',3,(#3113,#3114,#3115,#3116,#3117),
.UNSPECIFIED.,.F.,.F.,(4,1,4),(0.E0,5.E-1,1.E0),.UNSPECIFIED.);
#3131=B_SPLINE_CURVE_WITH_KNOTS('',3,(#3119,#3120,#3121,#3122,#3123,#3124,#3125,
#3126,#3127,#3128,#3129,#3130),.UNSPECIFIED.,.F.,.F.,(4,1,1,1,1,1,1,1,1,4),
(0.E0,1.111111111111E-1,2.222222222222E-1,3.333333333333E-1,4.444444444444E-1,
5.555555555556E-1,6.666666666667E-1,7.777777777778E-1,8.888888888889E-1,1.E0),
.UNSPECIFIED.);
#3148=B_SPLINE_CURVE_WITH_KNOTS('',3,(#3136,#3137,#3138,#3139,#3140,#3141,#3142,
#3143,#3144,#3145,#3146,#3147),.UNSPECIFIED.,.F.,.F.,(4,1,1,1,1,1,1,1,1,4),
(0.E0,1.111111111111E-1,2.222222222222E-1,3.333333333333E-1,4.444444444444E-1,
5.555555555556E-1,6.666666666667E-1,7.777777777778E-1,8.888888888889E-1,1.E0),
.UNSPECIFIED.);
#3154=B_SPLINE_CURVE_WITH_KNOTS('',3,(#3149,#3150,#3151,#3152,#3153),
.UNSPECIFIED.,.F.,.F.,(4,1,4),(0.E0,5.E-1,1.E0),.UNSPECIFIED.);
#3172=B_SPLINE_CURVE_WITH_KNOTS('',3,(#3159,#3160,#3161,#3162,#3163,#3164,#3165,
#3166,#3167,#3168,#3169,#3170,#3171),.UNSPECIFIED.,.F.,.F.,(4,1,1,1,1,1,1,1,1,1,
4),(0.E0,1.E-1,2.E-1,3.E-1,4.E-1,5.E-1,6.E-1,7.E-1,8.E-1,9.E-1,1.E0),
.UNSPECIFIED.);
#3190=B_SPLINE_CURVE_WITH_KNOTS('',3,(#3177,#3178,#3179,#3180,#3181,#3182,#3183,
#3184,#3185,#3186,#3187,#3188,#3189),.UNSPECIFIED.,.F.,.F.,(4,1,1,1,1,1,1,1,1,1,
4),(0.E0,1.E-1,2.E-1,3.E-1,4.E-1,5.E-1,6.E-1,7.E-1,8.E-1,9.E-1,1.E0),
.UNSPECIFIED.);
#3208=B_SPLINE_CURVE_WITH_KNOTS('',3,(#3195,#3196,#3197,#3198,#3199,#3200,#3201,
#3202,#3203,#3204,#3205,#3206,#3207),.UNSPECIFIED.,.F.,.F.,(4,1,1,1,1,1,1,1,1,1,
4),(0.E0,1.E-1,2.E-1,3.E-1,4.E-1,5.E-1,6.E-1,7.E-1,8.E-1,9.E-1,1.E0),
.UNSPECIFIED.);
#3226=B_SPLINE_CURVE_WITH_KNOTS('',3,(#3213,#3214,#3215,#3216,#3217,#3218,#3219,
#3220,#3221,#3222,#3223,#3224,#3225),.UNSPECIFIED.,.F.,.F.,(4,1,1,1,1,1,1,1,1,1,
4),(0.E0,1.E-1,2.E-1,3.E-1,4.E-1,5.E-1,6.E-1,7.E-1,8.E-1,9.E-1,1.E0),
.UNSPECIFIED.);
#3239=B_SPLINE_CURVE_WITH_KNOTS('',3,(#3231,#3232,#3233,#3234,#3235,#3236,#3237,
#3238),.UNSPECIFIED.,.F.,.F.,(4,1,1,1,1,4),(0.E0,2.E-1,4.E-1,6.E-1,8.E-1,1.E0),
.UNSPECIFIED.);
#3248=CIRCLE('',#3247,2.5E0);
#3271=B_SPLINE_CURVE_WITH_KNOTS('',3,(#3249,#3250,#3251,#3252,#3253,#3254,#3255,
#3256,#3257,#3258,#3259,#3260,#3261,#3262,#3263,#3264,#3265,#3266,#3267,#3268,
#3269,#3270),.UNSPECIFIED.,.F.,.F.,(4,1,1,1,1,1,1,1,1,1,1,1,1,1,1,1,1,1,1,4),(
0.E0,5.263157894737E-2,1.052631578947E-1,1.578947368421E-1,2.105263157895E-1,
2.631578947368E-1,3.157894736842E-1,3.684210526316E-1,4.210526315789E-1,
4.736842105263E-1,5.263157894737E-1,5.789473684211E-1,6.315789473684E-1,
6.842105263158E-1,7.368421052632E-1,7.894736842105E-1,8.421052631579E-1,
8.947368421053E-1,9.473684210526E-1,1.E0),.UNSPECIFIED.);
#3290=B_SPLINE_CURVE_WITH_KNOTS('',3,(#3272,#3273,#3274,#3275,#3276,#3277,#3278,
#3279,#3280,#3281,#3282,#3283,#3284,#3285,#3286,#3287,#3288,#3289),
.UNSPECIFIED.,.F.,.F.,(4,1,1,1,1,1,1,1,1,1,1,1,1,1,1,4),(0.E0,6.666666666667E-2,
1.333333333333E-1,2.E-1,2.666666666667E-1,3.333333333333E-1,4.E-1,
4.666666666667E-1,5.333333333333E-1,6.E-1,6.666666666667E-1,7.333333333333E-1,
8.E-1,8.666666666667E-1,9.333333333333E-1,1.E0),.UNSPECIFIED.);
#3305=B_SPLINE_CURVE_WITH_KNOTS('',3,(#3291,#3292,#3293,#3294,#3295,#3296,#3297,
#3298,#3299,#3300,#3301,#3302,#3303,#3304),.UNSPECIFIED.,.F.,.F.,(4,1,1,1,1,1,1,
1,1,1,1,4),(0.E0,9.090909090909E-2,1.818181818182E-1,2.727272727273E-1,
3.636363636364E-1,4.545454545455E-1,5.454545454545E-1,6.363636363636E-1,
7.272727272727E-1,8.181818181818E-1,9.090909090909E-1,1.E0),.UNSPECIFIED.);
#3322=B_SPLINE_CURVE_WITH_KNOTS('',3,(#3306,#3307,#3308,#3309,#3310,#3311,#3312,
#3313,#3314,#3315,#3316,#3317,#3318,#3319,#3320,#3321),.UNSPECIFIED.,.F.,.F.,(4,
1,1,1,1,1,1,1,1,1,1,1,1,4),(0.E0,7.692307692308E-2,1.538461538462E-1,
2.307692307692E-1,3.076923076923E-1,3.846153846154E-1,4.615384615385E-1,
5.384615384615E-1,6.153846153846E-1,6.923076923077E-1,7.692307692308E-1,
8.461538461538E-1,9.230769230769E-1,1.E0),.UNSPECIFIED.);
#3341=B_SPLINE_CURVE_WITH_KNOTS('',3,(#3323,#3324,#3325,#3326,#3327,#3328,#3329,
#3330,#3331,#3332,#3333,#3334,#3335,#3336,#3337,#3338,#3339,#3340),
.UNSPECIFIED.,.F.,.F.,(4,1,1,1,1,1,1,1,1,1,1,1,1,1,1,4),(0.E0,6.666666666667E-2,
1.333333333333E-1,2.E-1,2.666666666667E-1,3.333333333333E-1,4.E-1,
4.666666666667E-1,5.333333333333E-1,6.E-1,6.666666666667E-1,7.333333333333E-1,
8.E-1,8.666666666667E-1,9.333333333333E-1,1.E0),.UNSPECIFIED.);
#3357=B_SPLINE_CURVE_WITH_KNOTS('',3,(#3342,#3343,#3344,#3345,#3346,#3347,#3348,
#3349,#3350,#3351,#3352,#3353,#3354,#3355,#3356),.UNSPECIFIED.,.F.,.F.,(4,1,1,1,
1,1,1,1,1,1,1,1,4),(0.E0,8.333333333333E-2,1.666666666667E-1,2.5E-1,
3.333333333333E-1,4.166666666667E-1,5.E-1,5.833333333333E-1,6.666666666667E-1,
7.5E-1,8.333333333333E-1,9.166666666667E-1,1.E0),.UNSPECIFIED.);
#3451=B_SPLINE_CURVE_WITH_KNOTS('',3,(#3358,#3359,#3360,#3361,#3362,#3363,#3364,
#3365,#3366,#3367,#3368,#3369,#3370,#3371,#3372,#3373,#3374,#3375,#3376,#3377,
#3378,#3379,#3380,#3381,#3382,#3383,#3384,#3385,#3386,#3387,#3388,#3389,#3390,
#3391,#3392,#3393,#3394,#3395,#3396,#3397,#3398,#3399,#3400,#3401,#3402,#3403,
#3404,#3405,#3406,#3407,#3408,#3409,#3410,#3411,#3412,#3413,#3414,#3415,#3416,
#3417,#3418,#3419,#3420,#3421,#3422,#3423,#3424,#3425,#3426,#3427,#3428,#3429,
#3430,#3431,#3432,#3433,#3434,#3435,#3436,#3437,#3438,#3439,#3440,#3441,#3442,
#3443,#3444,#3445,#3446,#3447,#3448,#3449,#3450),.UNSPECIFIED.,.F.,.F.,(4,1,1,1,
1,1,1,1,1,1,1,1,1,1,1,1,1,1,1,1,1,1,1,1,1,1,1,1,1,1,1,1,1,1,1,1,1,1,1,1,1,1,1,1,
1,1,1,1,1,1,1,1,1,1,1,1,1,1,1,1,1,1,1,1,1,1,1,1,1,1,1,1,1,1,1,1,1,1,1,1,1,1,1,1,
1,1,1,1,1,1,4),(0.E0,1.111111111111E-2,2.222222222222E-2,3.333333333333E-2,
4.444444444444E-2,5.555555555556E-2,6.666666666667E-2,7.777777777778E-2,
8.888888888889E-2,1.E-1,1.111111111111E-1,1.222222222222E-1,1.333333333333E-1,
1.444444444444E-1,1.555555555556E-1,1.666666666667E-1,1.777777777778E-1,
1.888888888889E-1,2.E-1,2.111111111111E-1,2.222222222222E-1,2.333333333333E-1,
2.444444444444E-1,2.555555555556E-1,2.666666666667E-1,2.777777777778E-1,
2.888888888889E-1,3.E-1,3.111111111111E-1,3.222222222222E-1,3.333333333333E-1,
3.444444444444E-1,3.555555555556E-1,3.666666666667E-1,3.777777777778E-1,
3.888888888889E-1,4.E-1,4.111111111111E-1,4.222222222222E-1,4.333333333333E-1,
4.444444444444E-1,4.555555555556E-1,4.666666666667E-1,4.777777777778E-1,
4.888888888889E-1,5.E-1,5.111111111111E-1,5.222222222222E-1,5.333333333333E-1,
5.444444444444E-1,5.555555555556E-1,5.666666666667E-1,5.777777777778E-1,
5.888888888889E-1,6.E-1,6.111111111111E-1,6.222222222222E-1,6.333333333333E-1,
6.444444444444E-1,6.555555555556E-1,6.666666666667E-1,6.777777777778E-1,
6.888888888889E-1,7.E-1,7.111111111111E-1,7.222222222222E-1,7.333333333333E-1,
7.444444444444E-1,7.555555555556E-1,7.666666666667E-1,7.777777777778E-1,
7.888888888889E-1,8.E-1,8.111111111111E-1,8.222222222222E-1,8.333333333333E-1,
8.444444444444E-1,8.555555555556E-1,8.666666666667E-1,8.777777777778E-1,
8.888888888889E-1,9.E-1,9.111111111111E-1,9.222222222222E-1,9.333333333333E-1,
9.444444444444E-1,9.555555555556E-1,9.666666666667E-1,9.777777777778E-1,
9.888888888889E-1,1.E0),.UNSPECIFIED.);
#3469=B_SPLINE_CURVE_WITH_KNOTS('',3,(#3456,#3457,#3458,#3459,#3460,#3461,#3462,
#3463,#3464,#3465,#3466,#3467,#3468),.UNSPECIFIED.,.F.,.F.,(4,1,1,1,1,1,1,1,1,1,
4),(0.E0,1.E-1,2.E-1,3.E-1,4.E-1,5.E-1,6.E-1,7.E-1,8.E-1,9.E-1,1.E0),
.UNSPECIFIED.);
#3503=B_SPLINE_CURVE_WITH_KNOTS('',3,(#3482,#3483,#3484,#3485,#3486,#3487,#3488,
#3489,#3490,#3491,#3492,#3493,#3494,#3495,#3496,#3497,#3498,#3499,#3500,#3501,
#3502),.UNSPECIFIED.,.F.,.F.,(4,1,1,1,1,1,1,1,1,1,1,1,1,1,1,1,1,1,4),(0.E0,
5.555555555556E-2,1.111111111111E-1,1.666666666667E-1,2.222222222222E-1,
2.777777777778E-1,3.333333333333E-1,3.888888888889E-1,4.444444444444E-1,5.E-1,
5.555555555556E-1,6.111111111111E-1,6.666666666667E-1,7.222222222222E-1,
7.777777777778E-1,8.333333333333E-1,8.888888888889E-1,9.444444444444E-1,1.E0),
.UNSPECIFIED.);
#3517=B_SPLINE_CURVE_WITH_KNOTS('',3,(#3504,#3505,#3506,#3507,#3508,#3509,#3510,
#3511,#3512,#3513,#3514,#3515,#3516),.UNSPECIFIED.,.F.,.F.,(4,1,1,1,1,1,1,1,1,1,
4),(0.E0,1.E-1,2.E-1,3.E-1,4.E-1,5.E-1,6.E-1,7.E-1,8.E-1,9.E-1,1.E0),
.UNSPECIFIED.);
#3537=B_SPLINE_CURVE_WITH_KNOTS('',3,(#3522,#3523,#3524,#3525,#3526,#3527,#3528,
#3529,#3530,#3531,#3532,#3533,#3534,#3535,#3536),.UNSPECIFIED.,.F.,.F.,(4,1,1,1,
1,1,1,1,1,1,1,1,4),(0.E0,8.333333333333E-2,1.666666666667E-1,2.5E-1,
3.333333333333E-1,4.166666666667E-1,5.E-1,5.833333333333E-1,6.666666666667E-1,
7.5E-1,8.333333333333E-1,9.166666666667E-1,1.E0),.UNSPECIFIED.);
#3556=B_SPLINE_CURVE_WITH_KNOTS('',3,(#3538,#3539,#3540,#3541,#3542,#3543,#3544,
#3545,#3546,#3547,#3548,#3549,#3550,#3551,#3552,#3553,#3554,#3555),
.UNSPECIFIED.,.F.,.F.,(4,1,1,1,1,1,1,1,1,1,1,1,1,1,1,4),(0.E0,6.666666666667E-2,
1.333333333333E-1,2.E-1,2.666666666667E-1,3.333333333333E-1,4.E-1,
4.666666666667E-1,5.333333333333E-1,6.E-1,6.666666666667E-1,7.333333333333E-1,
8.E-1,8.666666666667E-1,9.333333333333E-1,1.E0),.UNSPECIFIED.);
#3573=B_SPLINE_CURVE_WITH_KNOTS('',3,(#3557,#3558,#3559,#3560,#3561,#3562,#3563,
#3564,#3565,#3566,#3567,#3568,#3569,#3570,#3571,#3572),.UNSPECIFIED.,.F.,.F.,(4,
1,1,1,1,1,1,1,1,1,1,1,1,4),(0.E0,7.692307692308E-2,1.538461538462E-1,
2.307692307692E-1,3.076923076923E-1,3.846153846154E-1,4.615384615385E-1,
5.384615384615E-1,6.153846153846E-1,6.923076923077E-1,7.692307692308E-1,
8.461538461538E-1,9.230769230769E-1,1.E0),.UNSPECIFIED.);
#3589=B_SPLINE_CURVE_WITH_KNOTS('',3,(#3574,#3575,#3576,#3577,#3578,#3579,#3580,
#3581,#3582,#3583,#3584,#3585,#3586,#3587,#3588),.UNSPECIFIED.,.F.,.F.,(4,1,1,1,
1,1,1,1,1,1,1,1,4),(0.E0,8.333333333333E-2,1.666666666667E-1,2.5E-1,
3.333333333333E-1,4.166666666667E-1,5.E-1,5.833333333333E-1,6.666666666667E-1,
7.5E-1,8.333333333333E-1,9.166666666667E-1,1.E0),.UNSPECIFIED.);
#3608=B_SPLINE_CURVE_WITH_KNOTS('',3,(#3590,#3591,#3592,#3593,#3594,#3595,#3596,
#3597,#3598,#3599,#3600,#3601,#3602,#3603,#3604,#3605,#3606,#3607),
.UNSPECIFIED.,.F.,.F.,(4,1,1,1,1,1,1,1,1,1,1,1,1,1,1,4),(0.E0,6.666666666667E-2,
1.333333333333E-1,2.E-1,2.666666666667E-1,3.333333333333E-1,4.E-1,
4.666666666667E-1,5.333333333333E-1,6.E-1,6.666666666667E-1,7.333333333333E-1,
8.E-1,8.666666666667E-1,9.333333333333E-1,1.E0),.UNSPECIFIED.);
#3624=B_SPLINE_CURVE_WITH_KNOTS('',3,(#3609,#3610,#3611,#3612,#3613,#3614,#3615,
#3616,#3617,#3618,#3619,#3620,#3621,#3622,#3623),.UNSPECIFIED.,.F.,.F.,(4,1,1,1,
1,1,1,1,1,1,1,1,4),(0.E0,8.333333333333E-2,1.666666666667E-1,2.5E-1,
3.333333333333E-1,4.166666666667E-1,5.E-1,5.833333333333E-1,6.666666666667E-1,
7.5E-1,8.333333333333E-1,9.166666666667E-1,1.E0),.UNSPECIFIED.);
#3643=B_SPLINE_CURVE_WITH_KNOTS('',3,(#3625,#3626,#3627,#3628,#3629,#3630,#3631,
#3632,#3633,#3634,#3635,#3636,#3637,#3638,#3639,#3640,#3641,#3642),
.UNSPECIFIED.,.F.,.F.,(4,1,1,1,1,1,1,1,1,1,1,1,1,1,1,4),(0.E0,6.666666666667E-2,
1.333333333333E-1,2.E-1,2.666666666667E-1,3.333333333333E-1,4.E-1,
4.666666666667E-1,5.333333333333E-1,6.E-1,6.666666666667E-1,7.333333333333E-1,
8.E-1,8.666666666667E-1,9.333333333333E-1,1.E0),.UNSPECIFIED.);
#3659=B_SPLINE_CURVE_WITH_KNOTS('',3,(#3648,#3649,#3650,#3651,#3652,#3653,#3654,
#3655,#3656,#3657,#3658),.UNSPECIFIED.,.F.,.F.,(4,1,1,1,1,1,1,1,4),(0.E0,
1.25E-1,2.5E-1,3.75E-1,5.E-1,6.25E-1,7.5E-1,8.75E-1,1.E0),.UNSPECIFIED.);
#3675=B_SPLINE_CURVE_WITH_KNOTS('',3,(#3660,#3661,#3662,#3663,#3664,#3665,#3666,
#3667,#3668,#3669,#3670,#3671,#3672,#3673,#3674),.UNSPECIFIED.,.F.,.F.,(4,1,1,1,
1,1,1,1,1,1,1,1,4),(0.E0,8.333333333333E-2,1.666666666667E-1,2.5E-1,
3.333333333333E-1,4.166666666667E-1,5.E-1,5.833333333333E-1,6.666666666667E-1,
7.5E-1,8.333333333333E-1,9.166666666667E-1,1.E0),.UNSPECIFIED.);
#3692=B_SPLINE_CURVE_WITH_KNOTS('',3,(#3676,#3677,#3678,#3679,#3680,#3681,#3682,
#3683,#3684,#3685,#3686,#3687,#3688,#3689,#3690,#3691),.UNSPECIFIED.,.F.,.F.,(4,
1,1,1,1,1,1,1,1,1,1,1,1,4),(0.E0,7.692307692308E-2,1.538461538462E-1,
2.307692307692E-1,3.076923076923E-1,3.846153846154E-1,4.615384615385E-1,
5.384615384615E-1,6.153846153846E-1,6.923076923077E-1,7.692307692308E-1,
8.461538461538E-1,9.230769230769E-1,1.E0),.UNSPECIFIED.);
#3711=B_SPLINE_CURVE_WITH_KNOTS('',3,(#3693,#3694,#3695,#3696,#3697,#3698,#3699,
#3700,#3701,#3702,#3703,#3704,#3705,#3706,#3707,#3708,#3709,#3710),
.UNSPECIFIED.,.F.,.F.,(4,1,1,1,1,1,1,1,1,1,1,1,1,1,1,4),(0.E0,6.666666666667E-2,
1.333333333333E-1,2.E-1,2.666666666667E-1,3.333333333333E-1,4.E-1,
4.666666666667E-1,5.333333333333E-1,6.E-1,6.666666666667E-1,7.333333333333E-1,
8.E-1,8.666666666667E-1,9.333333333333E-1,1.E0),.UNSPECIFIED.);
#3727=B_SPLINE_CURVE_WITH_KNOTS('',3,(#3712,#3713,#3714,#3715,#3716,#3717,#3718,
#3719,#3720,#3721,#3722,#3723,#3724,#3725,#3726),.UNSPECIFIED.,.F.,.F.,(4,1,1,1,
1,1,1,1,1,1,1,1,4),(0.E0,8.333333333333E-2,1.666666666667E-1,2.5E-1,
3.333333333333E-1,4.166666666667E-1,5.E-1,5.833333333333E-1,6.666666666667E-1,
7.5E-1,8.333333333333E-1,9.166666666667E-1,1.E0),.UNSPECIFIED.);
#3746=B_SPLINE_CURVE_WITH_KNOTS('',3,(#3728,#3729,#3730,#3731,#3732,#3733,#3734,
#3735,#3736,#3737,#3738,#3739,#3740,#3741,#3742,#3743,#3744,#3745),
.UNSPECIFIED.,.F.,.F.,(4,1,1,1,1,1,1,1,1,1,1,1,1,1,1,4),(0.E0,6.666666666667E-2,
1.333333333333E-1,2.E-1,2.666666666667E-1,3.333333333333E-1,4.E-1,
4.666666666667E-1,5.333333333333E-1,6.E-1,6.666666666667E-1,7.333333333333E-1,
8.E-1,8.666666666667E-1,9.333333333333E-1,1.E0),.UNSPECIFIED.);
#3762=B_SPLINE_CURVE_WITH_KNOTS('',3,(#3747,#3748,#3749,#3750,#3751,#3752,#3753,
#3754,#3755,#3756,#3757,#3758,#3759,#3760,#3761),.UNSPECIFIED.,.F.,.F.,(4,1,1,1,
1,1,1,1,1,1,1,1,4),(0.E0,8.333333333333E-2,1.666666666667E-1,2.5E-1,
3.333333333333E-1,4.166666666667E-1,5.E-1,5.833333333333E-1,6.666666666667E-1,
7.5E-1,8.333333333333E-1,9.166666666667E-1,1.E0),.UNSPECIFIED.);
#3784=B_SPLINE_CURVE_WITH_KNOTS('',3,(#3763,#3764,#3765,#3766,#3767,#3768,#3769,
#3770,#3771,#3772,#3773,#3774,#3775,#3776,#3777,#3778,#3779,#3780,#3781,#3782,
#3783),.UNSPECIFIED.,.F.,.F.,(4,1,1,1,1,1,1,1,1,1,1,1,1,1,1,1,1,1,4),(0.E0,
5.555555555556E-2,1.111111111111E-1,1.666666666667E-1,2.222222222222E-1,
2.777777777778E-1,3.333333333333E-1,3.888888888889E-1,4.444444444444E-1,5.E-1,
5.555555555556E-1,6.111111111111E-1,6.666666666667E-1,7.222222222222E-1,
7.777777777778E-1,8.333333333333E-1,8.888888888889E-1,9.444444444444E-1,1.E0),
.UNSPECIFIED.);
#3800=B_SPLINE_CURVE_WITH_KNOTS('',3,(#3785,#3786,#3787,#3788,#3789,#3790,#3791,
#3792,#3793,#3794,#3795,#3796,#3797,#3798,#3799),.UNSPECIFIED.,.F.,.F.,(4,1,1,1,
1,1,1,1,1,1,1,1,4),(0.E0,8.333333333333E-2,1.666666666667E-1,2.5E-1,
3.333333333333E-1,4.166666666667E-1,5.E-1,5.833333333333E-1,6.666666666667E-1,
7.5E-1,8.333333333333E-1,9.166666666667E-1,1.E0),.UNSPECIFIED.);
#3816=B_SPLINE_CURVE_WITH_KNOTS('',3,(#3801,#3802,#3803,#3804,#3805,#3806,#3807,
#3808,#3809,#3810,#3811,#3812,#3813,#3814,#3815),.UNSPECIFIED.,.F.,.F.,(4,1,1,1,
1,1,1,1,1,1,1,1,4),(0.E0,8.333333333333E-2,1.666666666667E-1,2.5E-1,
3.333333333333E-1,4.166666666667E-1,5.E-1,5.833333333333E-1,6.666666666667E-1,
7.5E-1,8.333333333333E-1,9.166666666667E-1,1.E0),.UNSPECIFIED.);
#3834=B_SPLINE_CURVE_WITH_KNOTS('',3,(#3817,#3818,#3819,#3820,#3821,#3822,#3823,
#3824,#3825,#3826,#3827,#3828,#3829,#3830,#3831,#3832,#3833),.UNSPECIFIED.,.F.,
.F.,(4,1,1,1,1,1,1,1,1,1,1,1,1,1,4),(0.E0,7.142857142857E-2,1.428571428571E-1,
2.142857142857E-1,2.857142857143E-1,3.571428571429E-1,4.285714285714E-1,5.E-1,
5.714285714286E-1,6.428571428571E-1,7.142857142857E-1,7.857142857143E-1,
8.571428571429E-1,9.285714285714E-1,1.E0),.UNSPECIFIED.);
#3862=B_SPLINE_CURVE_WITH_KNOTS('',3,(#3843,#3844,#3845,#3846,#3847,#3848,#3849,
#3850,#3851,#3852,#3853,#3854,#3855,#3856,#3857,#3858,#3859,#3860,#3861),
.UNSPECIFIED.,.F.,.F.,(4,1,1,1,1,1,1,1,1,1,1,1,1,1,1,1,4),(0.E0,6.25E-2,1.25E-1,
1.875E-1,2.5E-1,3.125E-1,3.75E-1,4.375E-1,5.E-1,5.625E-1,6.25E-1,6.875E-1,
7.5E-1,8.125E-1,8.75E-1,9.375E-1,1.E0),.UNSPECIFIED.);
#3880=B_SPLINE_CURVE_WITH_KNOTS('',3,(#3863,#3864,#3865,#3866,#3867,#3868,#3869,
#3870,#3871,#3872,#3873,#3874,#3875,#3876,#3877,#3878,#3879),.UNSPECIFIED.,.F.,
.F.,(4,1,1,1,1,1,1,1,1,1,1,1,1,1,4),(0.E0,7.142857142857E-2,1.428571428571E-1,
2.142857142857E-1,2.857142857143E-1,3.571428571429E-1,4.285714285714E-1,5.E-1,
5.714285714286E-1,6.428571428571E-1,7.142857142857E-1,7.857142857143E-1,
8.571428571429E-1,9.285714285714E-1,1.E0),.UNSPECIFIED.);
#3896=B_SPLINE_CURVE_WITH_KNOTS('',3,(#3881,#3882,#3883,#3884,#3885,#3886,#3887,
#3888,#3889,#3890,#3891,#3892,#3893,#3894,#3895),.UNSPECIFIED.,.F.,.F.,(4,1,1,1,
1,1,1,1,1,1,1,1,4),(0.E0,8.333333333333E-2,1.666666666667E-1,2.5E-1,
3.333333333333E-1,4.166666666667E-1,5.E-1,5.833333333333E-1,6.666666666667E-1,
7.5E-1,8.333333333333E-1,9.166666666667E-1,1.E0),.UNSPECIFIED.);
#3912=B_SPLINE_CURVE_WITH_KNOTS('',3,(#3897,#3898,#3899,#3900,#3901,#3902,#3903,
#3904,#3905,#3906,#3907,#3908,#3909,#3910,#3911),.UNSPECIFIED.,.F.,.F.,(4,1,1,1,
1,1,1,1,1,1,1,1,4),(0.E0,8.333333333333E-2,1.666666666667E-1,2.5E-1,
3.333333333333E-1,4.166666666667E-1,5.E-1,5.833333333333E-1,6.666666666667E-1,
7.5E-1,8.333333333333E-1,9.166666666667E-1,1.E0),.UNSPECIFIED.);
#3935=B_SPLINE_CURVE_WITH_KNOTS('',3,(#3913,#3914,#3915,#3916,#3917,#3918,#3919,
#3920,#3921,#3922,#3923,#3924,#3925,#3926,#3927,#3928,#3929,#3930,#3931,#3932,
#3933,#3934),.UNSPECIFIED.,.F.,.F.,(4,1,1,1,1,1,1,1,1,1,1,1,1,1,1,1,1,1,1,4),(
0.E0,5.263157894737E-2,1.052631578947E-1,1.578947368421E-1,2.105263157895E-1,
2.631578947368E-1,3.157894736842E-1,3.684210526316E-1,4.210526315789E-1,
4.736842105263E-1,5.263157894737E-1,5.789473684211E-1,6.315789473684E-1,
6.842105263158E-1,7.368421052632E-1,7.894736842105E-1,8.421052631579E-1,
8.947368421053E-1,9.473684210526E-1,1.E0),.UNSPECIFIED.);
#4029=B_SPLINE_CURVE_WITH_KNOTS('',3,(#3936,#3937,#3938,#3939,#3940,#3941,#3942,
#3943,#3944,#3945,#3946,#3947,#3948,#3949,#3950,#3951,#3952,#3953,#3954,#3955,
#3956,#3957,#3958,#3959,#3960,#3961,#3962,#3963,#3964,#3965,#3966,#3967,#3968,
#3969,#3970,#3971,#3972,#3973,#3974,#3975,#3976,#3977,#3978,#3979,#3980,#3981,
#3982,#3983,#3984,#3985,#3986,#3987,#3988,#3989,#3990,#3991,#3992,#3993,#3994,
#3995,#3996,#3997,#3998,#3999,#4000,#4001,#4002,#4003,#4004,#4005,#4006,#4007,
#4008,#4009,#4010,#4011,#4012,#4013,#4014,#4015,#4016,#4017,#4018,#4019,#4020,
#4021,#4022,#4023,#4024,#4025,#4026,#4027,#4028),.UNSPECIFIED.,.F.,.F.,(4,1,1,1,
1,1,1,1,1,1,1,1,1,1,1,1,1,1,1,1,1,1,1,1,1,1,1,1,1,1,1,1,1,1,1,1,1,1,1,1,1,1,1,1,
1,1,1,1,1,1,1,1,1,1,1,1,1,1,1,1,1,1,1,1,1,1,1,1,1,1,1,1,1,1,1,1,1,1,1,1,1,1,1,1,
1,1,1,1,1,1,4),(0.E0,1.111111111111E-2,2.222222222222E-2,3.333333333333E-2,
4.444444444444E-2,5.555555555556E-2,6.666666666667E-2,7.777777777778E-2,
8.888888888889E-2,1.E-1,1.111111111111E-1,1.222222222222E-1,1.333333333333E-1,
1.444444444444E-1,1.555555555556E-1,1.666666666667E-1,1.777777777778E-1,
1.888888888889E-1,2.E-1,2.111111111111E-1,2.222222222222E-1,2.333333333333E-1,
2.444444444444E-1,2.555555555556E-1,2.666666666667E-1,2.777777777778E-1,
2.888888888889E-1,3.E-1,3.111111111111E-1,3.222222222222E-1,3.333333333333E-1,
3.444444444444E-1,3.555555555556E-1,3.666666666667E-1,3.777777777778E-1,
3.888888888889E-1,4.E-1,4.111111111111E-1,4.222222222222E-1,4.333333333333E-1,
4.444444444444E-1,4.555555555556E-1,4.666666666667E-1,4.777777777778E-1,
4.888888888889E-1,5.E-1,5.111111111111E-1,5.222222222222E-1,5.333333333333E-1,
5.444444444444E-1,5.555555555556E-1,5.666666666667E-1,5.777777777778E-1,
5.888888888889E-1,6.E-1,6.111111111111E-1,6.222222222222E-1,6.333333333333E-1,
6.444444444444E-1,6.555555555556E-1,6.666666666667E-1,6.777777777778E-1,
6.888888888889E-1,7.E-1,7.111111111111E-1,7.222222222222E-1,7.333333333333E-1,
7.444444444444E-1,7.555555555556E-1,7.666666666667E-1,7.777777777778E-1,
7.888888888889E-1,8.E-1,8.111111111111E-1,8.222222222222E-1,8.333333333333E-1,
8.444444444444E-1,8.555555555556E-1,8.666666666667E-1,8.777777777778E-1,
8.888888888889E-1,9.E-1,9.111111111111E-1,9.222222222222E-1,9.333333333333E-1,
9.444444444444E-1,9.555555555556E-1,9.666666666667E-1,9.777777777778E-1,
9.888888888889E-1,1.E0),.UNSPECIFIED.);
#4044=B_SPLINE_CURVE_WITH_KNOTS('',3,(#4030,#4031,#4032,#4033,#4034,#4035,#4036,
#4037,#4038,#4039,#4040,#4041,#4042,#4043),.UNSPECIFIED.,.F.,.F.,(4,1,1,1,1,1,1,
1,1,1,1,4),(0.E0,9.090909090909E-2,1.818181818182E-1,2.727272727273E-1,
3.636363636364E-1,4.545454545455E-1,5.454545454545E-1,6.363636363636E-1,
7.272727272727E-1,8.181818181818E-1,9.090909090909E-1,1.E0),.UNSPECIFIED.);
#4060=B_SPLINE_CURVE_WITH_KNOTS('',3,(#4045,#4046,#4047,#4048,#4049,#4050,#4051,
#4052,#4053,#4054,#4055,#4056,#4057,#4058,#4059),.UNSPECIFIED.,.F.,.F.,(4,1,1,1,
1,1,1,1,1,1,1,1,4),(0.E0,8.333333333333E-2,1.666666666667E-1,2.5E-1,
3.333333333333E-1,4.166666666667E-1,5.E-1,5.833333333333E-1,6.666666666667E-1,
7.5E-1,8.333333333333E-1,9.166666666667E-1,1.E0),.UNSPECIFIED.);
#4076=B_SPLINE_CURVE_WITH_KNOTS('',3,(#4061,#4062,#4063,#4064,#4065,#4066,#4067,
#4068,#4069,#4070,#4071,#4072,#4073,#4074,#4075),.UNSPECIFIED.,.F.,.F.,(4,1,1,1,
1,1,1,1,1,1,1,1,4),(0.E0,8.333333333333E-2,1.666666666667E-1,2.5E-1,
3.333333333333E-1,4.166666666667E-1,5.E-1,5.833333333333E-1,6.666666666667E-1,
7.5E-1,8.333333333333E-1,9.166666666667E-1,1.E0),.UNSPECIFIED.);
#4095=B_SPLINE_CURVE_WITH_KNOTS('',3,(#4077,#4078,#4079,#4080,#4081,#4082,#4083,
#4084,#4085,#4086,#4087,#4088,#4089,#4090,#4091,#4092,#4093,#4094),
.UNSPECIFIED.,.F.,.F.,(4,1,1,1,1,1,1,1,1,1,1,1,1,1,1,4),(0.E0,6.666666666667E-2,
1.333333333333E-1,2.E-1,2.666666666667E-1,3.333333333333E-1,4.E-1,
4.666666666667E-1,5.333333333333E-1,6.E-1,6.666666666667E-1,7.333333333333E-1,
8.E-1,8.666666666667E-1,9.333333333333E-1,1.E0),.UNSPECIFIED.);
#4112=B_SPLINE_CURVE_WITH_KNOTS('',3,(#4096,#4097,#4098,#4099,#4100,#4101,#4102,
#4103,#4104,#4105,#4106,#4107,#4108,#4109,#4110,#4111),.UNSPECIFIED.,.F.,.F.,(4,
1,1,1,1,1,1,1,1,1,1,1,1,4),(0.E0,7.692307692308E-2,1.538461538462E-1,
2.307692307692E-1,3.076923076923E-1,3.846153846154E-1,4.615384615385E-1,
5.384615384615E-1,6.153846153846E-1,6.923076923077E-1,7.692307692308E-1,
8.461538461538E-1,9.230769230769E-1,1.E0),.UNSPECIFIED.);
#4128=B_SPLINE_CURVE_WITH_KNOTS('',3,(#4113,#4114,#4115,#4116,#4117,#4118,#4119,
#4120,#4121,#4122,#4123,#4124,#4125,#4126,#4127),.UNSPECIFIED.,.F.,.F.,(4,1,1,1,
1,1,1,1,1,1,1,1,4),(0.E0,8.333333333333E-2,1.666666666667E-1,2.5E-1,
3.333333333333E-1,4.166666666667E-1,5.E-1,5.833333333333E-1,6.666666666667E-1,
7.5E-1,8.333333333333E-1,9.166666666667E-1,1.E0),.UNSPECIFIED.);
#4140=B_SPLINE_CURVE_WITH_KNOTS('',3,(#4129,#4130,#4131,#4132,#4133,#4134,#4135,
#4136,#4137,#4138,#4139),.UNSPECIFIED.,.F.,.F.,(4,1,1,1,1,1,1,1,4),(0.E0,
1.25E-1,2.5E-1,3.75E-1,5.E-1,6.25E-1,7.5E-1,8.75E-1,1.E0),.UNSPECIFIED.);
#4234=B_SPLINE_CURVE_WITH_KNOTS('',3,(#4141,#4142,#4143,#4144,#4145,#4146,#4147,
#4148,#4149,#4150,#4151,#4152,#4153,#4154,#4155,#4156,#4157,#4158,#4159,#4160,
#4161,#4162,#4163,#4164,#4165,#4166,#4167,#4168,#4169,#4170,#4171,#4172,#4173,
#4174,#4175,#4176,#4177,#4178,#4179,#4180,#4181,#4182,#4183,#4184,#4185,#4186,
#4187,#4188,#4189,#4190,#4191,#4192,#4193,#4194,#4195,#4196,#4197,#4198,#4199,
#4200,#4201,#4202,#4203,#4204,#4205,#4206,#4207,#4208,#4209,#4210,#4211,#4212,
#4213,#4214,#4215,#4216,#4217,#4218,#4219,#4220,#4221,#4222,#4223,#4224,#4225,
#4226,#4227,#4228,#4229,#4230,#4231,#4232,#4233),.UNSPECIFIED.,.F.,.F.,(4,1,1,1,
1,1,1,1,1,1,1,1,1,1,1,1,1,1,1,1,1,1,1,1,1,1,1,1,1,1,1,1,1,1,1,1,1,1,1,1,1,1,1,1,
1,1,1,1,1,1,1,1,1,1,1,1,1,1,1,1,1,1,1,1,1,1,1,1,1,1,1,1,1,1,1,1,1,1,1,1,1,1,1,1,
1,1,1,1,1,1,4),(0.E0,1.111111111111E-2,2.222222222222E-2,3.333333333333E-2,
4.444444444444E-2,5.555555555556E-2,6.666666666667E-2,7.777777777778E-2,
8.888888888889E-2,1.E-1,1.111111111111E-1,1.222222222222E-1,1.333333333333E-1,
1.444444444444E-1,1.555555555556E-1,1.666666666667E-1,1.777777777778E-1,
1.888888888889E-1,2.E-1,2.111111111111E-1,2.222222222222E-1,2.333333333333E-1,
2.444444444444E-1,2.555555555556E-1,2.666666666667E-1,2.777777777778E-1,
2.888888888889E-1,3.E-1,3.111111111111E-1,3.222222222222E-1,3.333333333333E-1,
3.444444444444E-1,3.555555555556E-1,3.666666666667E-1,3.777777777778E-1,
3.888888888889E-1,4.E-1,4.111111111111E-1,4.222222222222E-1,4.333333333333E-1,
4.444444444444E-1,4.555555555556E-1,4.666666666667E-1,4.777777777778E-1,
4.888888888889E-1,5.E-1,5.111111111111E-1,5.222222222222E-1,5.333333333333E-1,
5.444444444444E-1,5.555555555556E-1,5.666666666667E-1,5.777777777778E-1,
5.888888888889E-1,6.E-1,6.111111111111E-1,6.222222222222E-1,6.333333333333E-1,
6.444444444444E-1,6.555555555556E-1,6.666666666667E-1,6.777777777778E-1,
6.888888888889E-1,7.E-1,7.111111111111E-1,7.222222222222E-1,7.333333333333E-1,
7.444444444444E-1,7.555555555556E-1,7.666666666667E-1,7.777777777778E-1,
7.888888888889E-1,8.E-1,8.111111111111E-1,8.222222222222E-1,8.333333333333E-1,
8.444444444444E-1,8.555555555556E-1,8.666666666667E-1,8.777777777778E-1,
8.888888888889E-1,9.E-1,9.111111111111E-1,9.222222222222E-1,9.333333333333E-1,
9.444444444444E-1,9.555555555556E-1,9.666666666667E-1,9.777777777778E-1,
9.888888888889E-1,1.E0),.UNSPECIFIED.);
#4257=B_SPLINE_CURVE_WITH_KNOTS('',3,(#4239,#4240,#4241,#4242,#4243,#4244,#4245,
#4246,#4247,#4248,#4249,#4250,#4251,#4252,#4253,#4254,#4255,#4256),
.UNSPECIFIED.,.F.,.F.,(4,1,1,1,1,1,1,1,1,1,1,1,1,1,1,4),(0.E0,6.666666666667E-2,
1.333333333333E-1,2.E-1,2.666666666667E-1,3.333333333333E-1,4.E-1,
4.666666666667E-1,5.333333333333E-1,6.E-1,6.666666666667E-1,7.333333333333E-1,
8.E-1,8.666666666667E-1,9.333333333333E-1,1.E0),.UNSPECIFIED.);
#4266=B_SPLINE_CURVE_WITH_KNOTS('',3,(#4258,#4259,#4260,#4261,#4262,#4263,#4264,
#4265),.UNSPECIFIED.,.F.,.F.,(4,1,1,1,1,4),(0.E0,2.E-1,4.E-1,6.E-1,8.E-1,1.E0),
.UNSPECIFIED.);
#4275=B_SPLINE_CURVE_WITH_KNOTS('',3,(#4267,#4268,#4269,#4270,#4271,#4272,#4273,
#4274),.UNSPECIFIED.,.F.,.F.,(4,1,1,1,1,4),(0.E0,2.E-1,4.E-1,6.E-1,8.E-1,1.E0),
.UNSPECIFIED.);
#4280=CIRCLE('',#4279,2.E0);
#4285=CIRCLE('',#4284,2.E0);
#4294=B_SPLINE_CURVE_WITH_KNOTS('',3,(#4286,#4287,#4288,#4289,#4290,#4291,#4292,
#4293),.UNSPECIFIED.,.F.,.F.,(4,1,1,1,1,4),(0.E0,2.E-1,4.E-1,6.E-1,8.E-1,1.E0),
.UNSPECIFIED.);
#4303=B_SPLINE_CURVE_WITH_KNOTS('',3,(#4295,#4296,#4297,#4298,#4299,#4300,#4301,
#4302),.UNSPECIFIED.,.F.,.F.,(4,1,1,1,1,4),(0.E0,2.E-1,4.E-1,6.E-1,8.E-1,1.E0),
.UNSPECIFIED.);
#4312=CIRCLE('',#4311,2.5E0);
#4317=CIRCLE('',#4316,2.5E0);
#4322=CIRCLE('',#4321,5.E0);
#4327=CIRCLE('',#4326,5.E0);
#4551=EDGE_CURVE('',#4330,#4331,#2420,.T.);
#4553=EDGE_CURVE('',#4331,#4337,#4327,.T.);
#4555=EDGE_CURVE('',#4333,#4337,#4322,.T.);
#4557=EDGE_CURVE('',#4333,#4330,#2425,.T.);
#4567=EDGE_CURVE('',#4352,#4353,#2430,.T.);
#4569=EDGE_CURVE('',#4353,#4355,#2435,.T.);
#4571=EDGE_CURVE('',#4335,#4355,#4307,.T.);
#4573=EDGE_CURVE('',#4331,#4335,#4312,.T.);
#4576=EDGE_CURVE('',#4330,#4352,#2439,.T.);
#4586=EDGE_CURVE('',#4361,#4358,#2444,.T.);
#4588=EDGE_CURVE('',#4353,#4358,#2477,.T.);
#4591=EDGE_CURVE('',#4352,#4355,#2449,.T.);
#4593=EDGE_CURVE('',#4355,#4359,#2454,.T.);
#4595=EDGE_CURVE('',#4359,#4361,#2472,.T.);
#4606=EDGE_CURVE('',#4349,#4361,#2467,.T.);
#4608=EDGE_CURVE('',#4349,#4344,#2496,.T.);
#4610=EDGE_CURVE('',#4344,#4345,#2482,.T.);
#4612=EDGE_CURVE('',#4345,#4358,#2463,.T.);
#4622=EDGE_CURVE('',#4358,#4359,#2459,.T.);
#4625=EDGE_CURVE('',#4345,#4347,#2491,.T.);
#4627=EDGE_CURVE('',#4347,#4349,#2501,.T.);
#4652=EDGE_CURVE('',#4344,#4340,#2486,.T.);
#4654=EDGE_CURVE('',#4340,#4341,#2510,.T.);
#4656=EDGE_CURVE('',#4347,#4341,#2505,.T.);
#4670=EDGE_CURVE('',#4341,#4340,#2515,.T.);
#4685=EDGE_CURVE('',#4376,#4416,#2520,.T.);
#4687=EDGE_CURVE('',#4501,#4416,#2524,.T.);
#4689=EDGE_CURVE('',#4501,#4460,#2529,.T.);
#4691=EDGE_CURVE('',#4376,#4460,#2533,.T.);
#4701=EDGE_CURVE('',#4376,#4377,#2537,.T.);
#4703=EDGE_CURVE('',#4417,#4377,#2551,.T.);
#4705=EDGE_CURVE('',#4416,#4417,#2555,.T.);
#4716=EDGE_CURVE('',#4380,#4381,#2559,.T.);
#4718=EDGE_CURVE('',#4421,#4381,#2573,.T.);
#4720=EDGE_CURVE('',#4420,#4421,#2577,.T.);
#4722=EDGE_CURVE('',#4380,#4420,#2591,.T.);
#4732=EDGE_CURVE('',#4384,#4385,#2595,.T.);
#4734=EDGE_CURVE('',#4425,#4385,#2609,.T.);
#4736=EDGE_CURVE('',#4424,#4425,#2613,.T.);
#4738=EDGE_CURVE('',#4384,#4424,#2627,.T.);
#4748=EDGE_CURVE('',#4388,#4389,#2631,.T.);
#4750=EDGE_CURVE('',#4429,#4389,#2645,.T.);
#4752=EDGE_CURVE('',#4428,#4429,#2649,.T.);
#4754=EDGE_CURVE('',#4388,#4428,#2663,.T.);
#4764=EDGE_CURVE('',#4392,#4393,#2667,.T.);
#4766=EDGE_CURVE('',#4433,#4393,#2681,.T.);
#4768=EDGE_CURVE('',#4432,#4433,#2685,.T.);
#4770=EDGE_CURVE('',#4392,#4432,#2699,.T.);
#4780=EDGE_CURVE('',#4396,#4397,#2703,.T.);
#4782=EDGE_CURVE('',#4437,#4397,#2717,.T.);
#4784=EDGE_CURVE('',#4436,#4437,#2721,.T.);
#4786=EDGE_CURVE('',#4396,#4436,#2735,.T.);
#4796=EDGE_CURVE('',#4400,#4401,#2739,.T.);
#4798=EDGE_CURVE('',#4441,#4401,#2753,.T.);
#4800=EDGE_CURVE('',#4440,#4441,#2757,.T.);
#4802=EDGE_CURVE('',#4400,#4440,#2771,.T.);
#4812=EDGE_CURVE('',#4404,#4405,#2775,.T.);
#4814=EDGE_CURVE('',#4445,#4405,#2789,.T.);
#4816=EDGE_CURVE('',#4444,#4445,#2793,.T.);
#4818=EDGE_CURVE('',#4404,#4444,#2807,.T.);
#4828=EDGE_CURVE('',#4408,#4409,#2811,.T.);
#4830=EDGE_CURVE('',#4449,#4409,#2825,.T.);
#4832=EDGE_CURVE('',#4448,#4449,#2829,.T.);
#4834=EDGE_CURVE('',#4408,#4448,#2843,.T.);
#4844=EDGE_CURVE('',#4412,#4413,#2847,.T.);
#4846=EDGE_CURVE('',#4413,#4453,#2852,.T.);
#4848=EDGE_CURVE('',#4452,#4453,#2856,.T.);
#4850=EDGE_CURVE('',#4452,#4412,#2870,.T.);
#4860=EDGE_CURVE('',#4456,#4457,#2874,.T.);
#4862=EDGE_CURVE('',#4457,#4369,#2879,.T.);
#4864=EDGE_CURVE('',#4369,#4456,#2888,.T.);
#4876=EDGE_CURVE('',#4460,#4461,#2892,.T.);
#4878=EDGE_CURVE('',#4461,#4377,#3341,.T.);
#4889=EDGE_CURVE('',#4380,#4464,#3556,.T.);
#4891=EDGE_CURVE('',#4464,#4465,#2914,.T.);
#4893=EDGE_CURVE('',#4465,#4381,#3305,.T.);
#4904=EDGE_CURVE('',#4384,#4468,#3589,.T.);
#4906=EDGE_CURVE('',#4468,#4469,#2950,.T.);
#4908=EDGE_CURVE('',#4469,#4385,#3271,.T.);
#4919=EDGE_CURVE('',#4388,#4472,#3503,.T.);
#4921=EDGE_CURVE('',#4472,#4473,#2986,.T.);
#4923=EDGE_CURVE('',#4473,#4389,#4128,.T.);
#4934=EDGE_CURVE('',#4392,#4476,#3675,.T.);
#4936=EDGE_CURVE('',#4476,#4477,#3022,.T.);
#4938=EDGE_CURVE('',#4477,#4393,#4095,.T.);
#4949=EDGE_CURVE('',#4396,#4480,#3711,.T.);
#4951=EDGE_CURVE('',#4480,#4481,#3058,.T.);
#4953=EDGE_CURVE('',#4481,#4397,#4060,.T.);
#4964=EDGE_CURVE('',#4400,#4484,#3624,.T.);
#4966=EDGE_CURVE('',#4484,#4485,#3094,.T.);
#4968=EDGE_CURVE('',#4485,#4401,#3935,.T.);
#4979=EDGE_CURVE('',#4404,#4488,#3784,.T.);
#4981=EDGE_CURVE('',#4488,#4489,#3135,.T.);
#4983=EDGE_CURVE('',#4489,#4405,#3896,.T.);
#4994=EDGE_CURVE('',#4408,#4492,#3816,.T.);
#4996=EDGE_CURVE('',#4492,#4493,#3176,.T.);
#4998=EDGE_CURVE('',#4493,#4409,#3862,.T.);
#5009=EDGE_CURVE('',#4412,#4496,#3746,.T.);
#5011=EDGE_CURVE('',#4496,#4497,#3212,.T.);
#5013=EDGE_CURVE('',#4538,#4497,#4294,.T.);
#5015=EDGE_CURVE('',#4413,#4538,#4266,.T.);
#5027=EDGE_CURVE('',#4500,#4501,#2896,.T.);
#5029=EDGE_CURVE('',#4461,#4500,#2910,.T.);
#5040=EDGE_CURVE('',#4504,#4464,#2928,.T.);
#5042=EDGE_CURVE('',#4504,#4505,#2932,.T.);
#5044=EDGE_CURVE('',#4465,#4505,#2946,.T.);
#5055=EDGE_CURVE('',#4508,#4468,#2964,.T.);
#5057=EDGE_CURVE('',#4508,#4509,#2968,.T.);
#5059=EDGE_CURVE('',#4469,#4509,#2982,.T.);
#5070=EDGE_CURVE('',#4512,#4472,#3000,.T.);
#5072=EDGE_CURVE('',#4512,#4513,#3004,.T.);
#5074=EDGE_CURVE('',#4473,#4513,#3018,.T.);
#5085=EDGE_CURVE('',#4516,#4476,#3036,.T.);
#5087=EDGE_CURVE('',#4516,#4517,#3040,.T.);
#5089=EDGE_CURVE('',#4477,#4517,#3054,.T.);
#5100=EDGE_CURVE('',#4520,#4480,#3072,.T.);
#5102=EDGE_CURVE('',#4520,#4521,#3076,.T.);
#5104=EDGE_CURVE('',#4481,#4521,#3090,.T.);
#5115=EDGE_CURVE('',#4524,#4484,#3108,.T.);
#5117=EDGE_CURVE('',#4524,#4525,#3112,.T.);
#5119=EDGE_CURVE('',#4373,#4525,#3118,.T.);
#5121=EDGE_CURVE('',#4485,#4373,#3131,.T.);
#5132=EDGE_CURVE('',#4371,#4488,#3148,.T.);
#5134=EDGE_CURVE('',#4528,#4371,#3154,.T.);
#5136=EDGE_CURVE('',#4528,#4529,#3158,.T.);
#5138=EDGE_CURVE('',#4489,#4529,#3172,.T.);
#5149=EDGE_CURVE('',#4532,#4492,#3190,.T.);
#5151=EDGE_CURVE('',#4532,#4533,#3194,.T.);
#5153=EDGE_CURVE('',#4493,#4533,#3208,.T.);
#5164=EDGE_CURVE('',#4536,#4496,#3226,.T.);
#5166=EDGE_CURVE('',#4536,#4537,#3230,.T.);
#5168=EDGE_CURVE('',#4368,#4537,#3239,.T.);
#5170=EDGE_CURVE('',#4368,#4369,#3243,.T.);
#5172=EDGE_CURVE('',#4369,#4497,#3248,.T.);
#5183=EDGE_CURVE('',#4417,#4505,#3322,.T.);
#5186=EDGE_CURVE('',#4504,#4544,#3537,.T.);
#5188=EDGE_CURVE('',#4544,#4545,#3473,.T.);
#5190=EDGE_CURVE('',#4545,#4500,#3357,.T.);
#5203=EDGE_CURVE('',#4421,#4509,#3290,.T.);
#5206=EDGE_CURVE('',#4508,#4420,#3573,.T.);
#5217=EDGE_CURVE('',#4425,#4541,#3469,.T.);
#5219=EDGE_CURVE('',#4541,#4513,#4140,.T.);
#5222=EDGE_CURVE('',#4512,#4424,#3608,.T.);
#5233=EDGE_CURVE('',#4429,#4517,#4112,.T.);
#5236=EDGE_CURVE('',#4516,#4540,#3659,.T.);
#5238=EDGE_CURVE('',#4540,#4428,#3517,.T.);
#5249=EDGE_CURVE('',#4433,#4521,#4076,.T.);
#5252=EDGE_CURVE('',#4520,#4432,#3692,.T.);
#5263=EDGE_CURVE('',#4437,#4525,#4257,.T.);
#5266=EDGE_CURVE('',#4524,#4436,#3727,.T.);
#5277=EDGE_CURVE('',#4441,#4529,#3912,.T.);
#5280=EDGE_CURVE('',#4528,#4440,#3643,.T.);
#5291=EDGE_CURVE('',#4445,#4533,#3880,.T.);
#5294=EDGE_CURVE('',#4532,#4444,#3800,.T.);
#5305=EDGE_CURVE('',#4449,#4537,#4044,.T.);
#5308=EDGE_CURVE('',#4536,#4448,#3834,.T.);
#5319=EDGE_CURVE('',#4539,#4453,#4275,.T.);
#5321=EDGE_CURVE('',#4457,#4539,#4303,.T.);
#5324=EDGE_CURVE('',#4456,#4452,#3762,.T.);
#5481=EDGE_CURVE('',#4365,#4545,#3481,.T.);
#5483=EDGE_CURVE('',#4365,#4364,#3451,.T.);
#5485=EDGE_CURVE('',#4364,#4541,#3455,.T.);
#5498=EDGE_CURVE('',#4544,#4365,#3477,.T.);
#5648=EDGE_CURVE('',#4540,#4364,#3521,.T.);
#5810=EDGE_CURVE('',#4371,#4362,#3647,.T.);
#5812=EDGE_CURVE('',#4364,#4362,#4234,.T.);
#5973=EDGE_CURVE('',#4369,#4363,#3842,.T.);
#5975=EDGE_CURVE('',#4362,#4363,#4029,.T.);
#5996=EDGE_CURVE('',#4363,#4368,#3838,.T.);
#6153=EDGE_CURVE('',#4362,#4373,#4238,.T.);
#6330=EDGE_CURVE('',#4538,#4539,#4285,.T.);
#6342=EDGE_CURVE('',#4539,#4538,#4280,.T.);
#6369=EDGE_CURVE('',#4335,#4333,#4317,.T.);
#6389=(LENGTH_UNIT()NAMED_UNIT(*)SI_UNIT(.MILLI.,.METRE.));
#6391=(NAMED_UNIT(*)PLANE_ANGLE_UNIT()SI_UNIT($,.RADIAN.));
#6394=(NAMED_UNIT(*)SI_UNIT($,.STERADIAN.)SOLID_ANGLE_UNIT());
#6400=AXIS2_PLACEMENT_3D('',#6397,#6398,#6399);
#6401=ADVANCED_BREP_SHAPE_REPRESENTATION('',(#6400,#6388),#6396);
#6405=PRODUCT_DEFINITION('design','',#6404,#2397);
#6406=PRODUCT_DEFINITION_SHAPE('','SHAPE FOR PRT0002.',#6405);
#6407=SHAPE_DEFINITION_REPRESENTATION(#6406,#6401);
#6408=NEXT_ASSEMBLY_USAGE_OCCURRENCE('1','Next assembly relationship','PRT0002',
#8266,#6405,$);
#6409=PRODUCT_DEFINITION_SHAPE('Placement #1',
'Placement of PRT0002 with respect to XG11-115_ASM',#6408);
#6421=CIRCLE('',#6420,4.8E0);
#6426=CIRCLE('',#6425,4.8E0);
#6439=CIRCLE('',#6438,5.E0);
#6444=CIRCLE('',#6443,5.E0);
#6457=CIRCLE('',#6456,4.E0);
#6462=CIRCLE('',#6461,4.E0);
#6467=CIRCLE('',#6466,4.8E0);
#6472=CIRCLE('',#6471,4.8E0);
#6477=CIRCLE('',#6476,5.E0);
#6482=CIRCLE('',#6481,5.E0);
#6491=CIRCLE('',#6490,5.E0);
#6496=CIRCLE('',#6495,5.E0);
#6528=EDGE_CURVE('',#6517,#6518,#6421,.T.);
#6530=EDGE_CURVE('',#6518,#6517,#6426,.T.);
#6541=EDGE_CURVE('',#6518,#6522,#6434,.T.);
#6543=EDGE_CURVE('',#6521,#6522,#6496,.T.);
#6545=EDGE_CURVE('',#6517,#6521,#6430,.T.);
#6557=EDGE_CURVE('',#6522,#6521,#6444,.T.);
#6568=EDGE_CURVE('',#6514,#6513,#6439,.T.);
#6570=EDGE_CURVE('',#6522,#6513,#6500,.T.);
#6573=EDGE_CURVE('',#6521,#6514,#6448,.T.);
#6583=EDGE_CURVE('',#6510,#6509,#6472,.T.);
#6585=EDGE_CURVE('',#6509,#6513,#6486,.T.);
#6588=EDGE_CURVE('',#6510,#6514,#6452,.T.);
#6598=EDGE_CURVE('',#6509,#6510,#6467,.T.);
#6603=EDGE_CURVE('',#6503,#6504,#6457,.T.);
#6605=EDGE_CURVE('',#6504,#6503,#6462,.T.);
#6616=EDGE_CURVE('',#6504,#6506,#6482,.T.);
#6618=EDGE_CURVE('',#6503,#6506,#6477,.T.);
#6641=EDGE_CURVE('',#6513,#6514,#6491,.T.);
#6661=(LENGTH_UNIT()NAMED_UNIT(*)SI_UNIT(.MILLI.,.METRE.));
#6663=(NAMED_UNIT(*)PLANE_ANGLE_UNIT()SI_UNIT($,.RADIAN.));
#6666=(NAMED_UNIT(*)SI_UNIT($,.STERADIAN.)SOLID_ANGLE_UNIT());
#6672=AXIS2_PLACEMENT_3D('',#6669,#6670,#6671);
#6673=ADVANCED_BREP_SHAPE_REPRESENTATION('',(#6672,#6660),#6668);
#6678=PRODUCT_DEFINITION('design','',#6677,#6674);
#6679=PRODUCT_DEFINITION_SHAPE('','SHAPE FOR PRT0003.',#6678);
#6680=SHAPE_DEFINITION_REPRESENTATION(#6679,#6673);
#6681=NEXT_ASSEMBLY_USAGE_OCCURRENCE('2','Next assembly relationship','PRT0003',
#8266,#6678,$);
#6682=PRODUCT_DEFINITION_SHAPE('Placement #2',
'Placement of PRT0003 with respect to XG11-115_ASM',#6681);
#6694=CIRCLE('',#6693,5.E0);
#6699=CIRCLE('',#6698,5.E0);
#6704=CIRCLE('',#6703,4.498432015619E0);
#6717=CIRCLE('',#6716,4.498432015619E0);
#6730=CIRCLE('',#6729,4.498432015619E0);
#6735=CIRCLE('',#6734,4.498432015619E0);
#6740=CIRCLE('',#6739,2.713515020683E0);
#6745=CIRCLE('',#6744,2.713515020683E0);
#6750=CIRCLE('',#6749,2.5E0);
#6755=CIRCLE('',#6754,2.5E0);
#6768=CIRCLE('',#6767,2.5E0);
#6773=CIRCLE('',#6772,2.5E0);
#6786=CIRCLE('',#6785,2.768853756330E0);
#6791=CIRCLE('',#6790,2.768853756330E0);
#6796=CIRCLE('',#6795,5.E0);
#6809=CIRCLE('',#6808,5.E0);
#6847=EDGE_CURVE('',#6821,#6833,#6694,.T.);
#6849=EDGE_CURVE('',#6821,#6833,#6699,.T.);
#6853=EDGE_CURVE('',#6812,#6824,#6704,.T.);
#6855=EDGE_CURVE('',#6812,#6824,#6717,.T.);
#6865=EDGE_CURVE('',#6812,#6813,#6708,.T.);
#6868=EDGE_CURVE('',#6824,#6825,#6712,.T.);
#6870=EDGE_CURVE('',#6813,#6825,#6735,.T.);
#6881=EDGE_CURVE('',#6813,#6825,#6730,.T.);
#6893=EDGE_CURVE('',#6813,#6815,#6721,.T.);
#6895=EDGE_CURVE('',#6815,#6827,#6740,.T.);
#6897=EDGE_CURVE('',#6825,#6827,#6725,.T.);
#6911=EDGE_CURVE('',#6815,#6827,#6745,.T.);
#6925=EDGE_CURVE('',#6836,#6837,#6750,.T.);
#6927=EDGE_CURVE('',#6837,#6836,#6755,.T.);
#6938=EDGE_CURVE('',#6841,#6837,#6763,.T.);
#6940=EDGE_CURVE('',#6840,#6841,#6768,.T.);
#6942=EDGE_CURVE('',#6840,#6836,#6759,.T.);
#6954=EDGE_CURVE('',#6841,#6840,#6773,.T.);
#6965=EDGE_CURVE('',#6818,#6830,#6786,.T.);
#6967=EDGE_CURVE('',#6818,#6830,#6791,.T.);
#6981=EDGE_CURVE('',#6818,#6819,#6777,.T.);
#6983=EDGE_CURVE('',#6819,#6831,#6809,.T.);
#6985=EDGE_CURVE('',#6830,#6831,#6781,.T.);
#6999=EDGE_CURVE('',#6819,#6831,#6796,.T.);
#7009=EDGE_CURVE('',#6819,#6821,#6800,.T.);
#7012=EDGE_CURVE('',#6831,#6833,#6804,.T.);
#7032=(LENGTH_UNIT()NAMED_UNIT(*)SI_UNIT(.MILLI.,.METRE.));
#7034=(NAMED_UNIT(*)PLANE_ANGLE_UNIT()SI_UNIT($,.RADIAN.));
#7037=(NAMED_UNIT(*)SI_UNIT($,.STERADIAN.)SOLID_ANGLE_UNIT());
#7043=AXIS2_PLACEMENT_3D('',#7040,#7041,#7042);
#7044=ADVANCED_BREP_SHAPE_REPRESENTATION('',(#7043,#7031),#7039);
#7048=PRODUCT_DEFINITION('design','',#7047,#6674);
#7049=PRODUCT_DEFINITION_SHAPE('','SHAPE FOR 245-0005-0059.',#7048);
#7050=SHAPE_DEFINITION_REPRESENTATION(#7049,#7044);
#7051=NEXT_ASSEMBLY_USAGE_OCCURRENCE('3','Next assembly relationship',
'245-0005-0059',#8266,#7048,$);
#7052=PRODUCT_DEFINITION_SHAPE('Placement #3',
'Placement of 245-0005-0059 with respect to XG11-115_ASM',#7051);
#7060=NEXT_ASSEMBLY_USAGE_OCCURRENCE('4','Next assembly relationship',
'245-0005-0059',#8266,#7048,$);
#7061=PRODUCT_DEFINITION_SHAPE('Placement #4',
'Placement of 245-0005-0059 with respect to XG11-115_ASM',#7060);
#7077=CIRCLE('',#7076,6.E0);
#7082=CIRCLE('',#7081,6.E0);
#7087=CIRCLE('',#7086,6.E0);
#7098=B_SPLINE_CURVE_WITH_KNOTS('',3,(#7092,#7093,#7094,#7095,#7096,#7097),
.UNSPECIFIED.,.F.,.F.,(4,1,1,4),(0.E0,3.333333333333E-1,6.666666666667E-1,1.E0),
.UNSPECIFIED.);
#7105=B_SPLINE_CURVE_WITH_KNOTS('',3,(#7099,#7100,#7101,#7102,#7103,#7104),
.UNSPECIFIED.,.F.,.F.,(4,1,1,4),(0.E0,3.333333333333E-1,6.666666666667E-1,1.E0),
.UNSPECIFIED.);
#7111=B_SPLINE_CURVE_WITH_KNOTS('',3,(#7106,#7107,#7108,#7109,#7110),
.UNSPECIFIED.,.F.,.F.,(4,1,4),(0.E0,5.E-1,1.E0),.UNSPECIFIED.);
#7190=B_SPLINE_CURVE_WITH_KNOTS('',3,(#7112,#7113,#7114,#7115,#7116,#7117,#7118,
#7119,#7120,#7121,#7122,#7123,#7124,#7125,#7126,#7127,#7128,#7129,#7130,#7131,
#7132,#7133,#7134,#7135,#7136,#7137,#7138,#7139,#7140,#7141,#7142,#7143,#7144,
#7145,#7146,#7147,#7148,#7149,#7150,#7151,#7152,#7153,#7154,#7155,#7156,#7157,
#7158,#7159,#7160,#7161,#7162,#7163,#7164,#7165,#7166,#7167,#7168,#7169,#7170,
#7171,#7172,#7173,#7174,#7175,#7176,#7177,#7178,#7179,#7180,#7181,#7182,#7183,
#7184,#7185,#7186,#7187,#7188,#7189),.UNSPECIFIED.,.F.,.F.,(4,1,1,1,1,1,1,1,1,1,
1,1,1,1,1,1,1,1,1,1,1,1,1,1,1,1,1,1,1,1,1,1,1,1,1,1,1,1,1,1,1,1,1,1,1,1,1,1,1,1,
1,1,1,1,1,1,1,1,1,1,1,1,1,1,1,1,1,1,1,1,1,1,1,1,1,4),(0.E0,1.333333333333E-2,
2.666666666667E-2,4.E-2,5.333333333333E-2,6.666666666667E-2,8.E-2,
9.333333333333E-2,1.066666666667E-1,1.2E-1,1.333333333333E-1,1.466666666667E-1,
1.6E-1,1.733333333333E-1,1.866666666667E-1,2.E-1,2.133333333333E-1,
2.266666666667E-1,2.4E-1,2.533333333333E-1,2.666666666667E-1,2.8E-1,
2.933333333333E-1,3.066666666667E-1,3.2E-1,3.333333333333E-1,3.466666666667E-1,
3.6E-1,3.733333333333E-1,3.866666666667E-1,4.E-1,4.133333333333E-1,
4.266666666667E-1,4.4E-1,4.533333333333E-1,4.666666666667E-1,4.8E-1,
4.933333333333E-1,5.066666666667E-1,5.2E-1,5.333333333333E-1,5.466666666667E-1,
5.6E-1,5.733333333333E-1,5.866666666667E-1,6.E-1,6.133333333333E-1,
6.266666666667E-1,6.4E-1,6.533333333333E-1,6.666666666667E-1,6.8E-1,
6.933333333333E-1,7.066666666667E-1,7.2E-1,7.333333333333E-1,7.466666666667E-1,
7.6E-1,7.733333333333E-1,7.866666666667E-1,8.E-1,8.133333333333E-1,
8.266666666667E-1,8.4E-1,8.533333333333E-1,8.666666666667E-1,8.8E-1,
8.933333333333E-1,9.066666666667E-1,9.2E-1,9.333333333333E-1,9.466666666667E-1,
9.6E-1,9.733333333333E-1,9.866666666667E-1,1.E0),.UNSPECIFIED.);
#7204=B_SPLINE_CURVE_WITH_KNOTS('',3,(#7191,#7192,#7193,#7194,#7195,#7196,#7197,
#7198,#7199,#7200,#7201,#7202,#7203),.UNSPECIFIED.,.F.,.F.,(4,1,1,1,1,1,1,1,1,1,
4),(0.E0,1.E-1,2.E-1,3.E-1,4.E-1,5.E-1,6.E-1,7.E-1,8.E-1,9.E-1,1.E0),
.UNSPECIFIED.);
#7223=B_SPLINE_CURVE_WITH_KNOTS('',3,(#7209,#7210,#7211,#7212,#7213,#7214,#7215,
#7216,#7217,#7218,#7219,#7220,#7221,#7222),.UNSPECIFIED.,.F.,.F.,(4,1,1,1,1,1,1,
1,1,1,1,4),(0.E0,9.090909090909E-2,1.818181818182E-1,2.727272727273E-1,
3.636363636364E-1,4.545454545455E-1,5.454545454545E-1,6.363636363636E-1,
7.272727272727E-1,8.181818181818E-1,9.090909090909E-1,1.E0),.UNSPECIFIED.);
#7235=B_SPLINE_CURVE_WITH_KNOTS('',3,(#7224,#7225,#7226,#7227,#7228,#7229,#7230,
#7231,#7232,#7233,#7234),.UNSPECIFIED.,.F.,.F.,(4,1,1,1,1,1,1,1,4),(0.E0,
1.25E-1,2.5E-1,3.75E-1,5.E-1,6.25E-1,7.5E-1,8.75E-1,1.E0),.UNSPECIFIED.);
#7244=CIRCLE('',#7243,5.5E0);
#7281=B_SPLINE_CURVE_WITH_KNOTS('',3,(#7249,#7250,#7251,#7252,#7253,#7254,#7255,
#7256,#7257,#7258,#7259,#7260,#7261,#7262,#7263,#7264,#7265,#7266,#7267,#7268,
#7269,#7270,#7271,#7272,#7273,#7274,#7275,#7276,#7277,#7278,#7279,#7280),
.UNSPECIFIED.,.F.,.F.,(4,1,1,1,1,1,1,1,1,1,1,1,1,1,1,1,1,1,1,1,1,1,1,1,1,1,1,1,
1,4),(0.E0,3.448275862069E-2,6.896551724138E-2,1.034482758621E-1,
1.379310344828E-1,1.724137931034E-1,2.068965517241E-1,2.413793103448E-1,
2.758620689655E-1,3.103448275862E-1,3.448275862069E-1,3.793103448276E-1,
4.137931034483E-1,4.482758620690E-1,4.827586206897E-1,5.172413793103E-1,
5.517241379310E-1,5.862068965517E-1,6.206896551724E-1,6.551724137931E-1,
6.896551724138E-1,7.241379310345E-1,7.586206896552E-1,7.931034482759E-1,
8.275862068966E-1,8.620689655172E-1,8.965517241379E-1,9.310344827586E-1,
9.655172413793E-1,1.E0),.UNSPECIFIED.);
#7302=B_SPLINE_CURVE_WITH_KNOTS('',3,(#7282,#7283,#7284,#7285,#7286,#7287,#7288,
#7289,#7290,#7291,#7292,#7293,#7294,#7295,#7296,#7297,#7298,#7299,#7300,#7301),
.UNSPECIFIED.,.F.,.F.,(4,1,1,1,1,1,1,1,1,1,1,1,1,1,1,1,1,4),(0.E0,
5.882352941176E-2,1.176470588235E-1,1.764705882353E-1,2.352941176471E-1,
2.941176470588E-1,3.529411764706E-1,4.117647058824E-1,4.705882352941E-1,
5.294117647059E-1,5.882352941176E-1,6.470588235294E-1,7.058823529412E-1,
7.647058823529E-1,8.235294117647E-1,8.823529411765E-1,9.411764705882E-1,1.E0),
.UNSPECIFIED.);
#7307=CIRCLE('',#7306,6.E0);
#7326=B_SPLINE_CURVE_WITH_KNOTS('',3,(#7308,#7309,#7310,#7311,#7312,#7313,#7314,
#7315,#7316,#7317,#7318,#7319,#7320,#7321,#7322,#7323,#7324,#7325),
.UNSPECIFIED.,.F.,.F.,(4,1,1,1,1,1,1,1,1,1,1,1,1,1,1,4),(0.E0,6.666666666667E-2,
1.333333333333E-1,2.E-1,2.666666666667E-1,3.333333333333E-1,4.E-1,
4.666666666667E-1,5.333333333333E-1,6.E-1,6.666666666667E-1,7.333333333333E-1,
8.E-1,8.666666666667E-1,9.333333333333E-1,1.E0),.UNSPECIFIED.);
#7341=B_SPLINE_CURVE_WITH_KNOTS('',3,(#7327,#7328,#7329,#7330,#7331,#7332,#7333,
#7334,#7335,#7336,#7337,#7338,#7339,#7340),.UNSPECIFIED.,.F.,.F.,(4,1,1,1,1,1,1,
1,1,1,1,4),(0.E0,9.090909090909E-2,1.818181818182E-1,2.727272727273E-1,
3.636363636364E-1,4.545454545455E-1,5.454545454545E-1,6.363636363636E-1,
7.272727272727E-1,8.181818181818E-1,9.090909090909E-1,1.E0),.UNSPECIFIED.);
#7371=B_SPLINE_CURVE_WITH_KNOTS('',3,(#7346,#7347,#7348,#7349,#7350,#7351,#7352,
#7353,#7354,#7355,#7356,#7357,#7358,#7359,#7360,#7361,#7362,#7363,#7364,#7365,
#7366,#7367,#7368,#7369,#7370),.UNSPECIFIED.,.F.,.F.,(4,1,1,1,1,1,1,1,1,1,1,1,1,
1,1,1,1,1,1,1,1,1,4),(0.E0,4.545454545455E-2,9.090909090909E-2,
1.363636363636E-1,1.818181818182E-1,2.272727272727E-1,2.727272727273E-1,
3.181818181818E-1,3.636363636364E-1,4.090909090909E-1,4.545454545455E-1,5.E-1,
5.454545454545E-1,5.909090909091E-1,6.363636363636E-1,6.818181818182E-1,
7.272727272727E-1,7.727272727273E-1,8.181818181818E-1,8.636363636364E-1,
9.090909090909E-1,9.545454545455E-1,1.E0),.UNSPECIFIED.);
#7428=B_SPLINE_CURVE_WITH_KNOTS('',3,(#7380,#7381,#7382,#7383,#7384,#7385,#7386,
#7387,#7388,#7389,#7390,#7391,#7392,#7393,#7394,#7395,#7396,#7397,#7398,#7399,
#7400,#7401,#7402,#7403,#7404,#7405,#7406,#7407,#7408,#7409,#7410,#7411,#7412,
#7413,#7414,#7415,#7416,#7417,#7418,#7419,#7420,#7421,#7422,#7423,#7424,#7425,
#7426,#7427),.UNSPECIFIED.,.F.,.F.,(4,1,1,1,1,1,1,1,1,1,1,1,1,1,1,1,1,1,1,1,1,1,
1,1,1,1,1,1,1,1,1,1,1,1,1,1,1,1,1,1,1,1,1,1,1,4),(0.E0,2.222222222222E-2,
4.444444444444E-2,6.666666666667E-2,8.888888888889E-2,1.111111111111E-1,
1.333333333333E-1,1.555555555556E-1,1.777777777778E-1,2.E-1,2.222222222222E-1,
2.444444444444E-1,2.666666666667E-1,2.888888888889E-1,3.111111111111E-1,
3.333333333333E-1,3.555555555556E-1,3.777777777778E-1,4.E-1,4.222222222222E-1,
4.444444444444E-1,4.666666666667E-1,4.888888888889E-1,5.111111111111E-1,
5.333333333333E-1,5.555555555556E-1,5.777777777778E-1,6.E-1,6.222222222222E-1,
6.444444444444E-1,6.666666666667E-1,6.888888888889E-1,7.111111111111E-1,
7.333333333333E-1,7.555555555556E-1,7.777777777778E-1,8.E-1,8.222222222222E-1,
8.444444444444E-1,8.666666666667E-1,8.888888888889E-1,9.111111111111E-1,
9.333333333333E-1,9.555555555556E-1,9.777777777778E-1,1.E0),.UNSPECIFIED.);
#7474=B_SPLINE_CURVE_WITH_KNOTS('',3,(#7437,#7438,#7439,#7440,#7441,#7442,#7443,
#7444,#7445,#7446,#7447,#7448,#7449,#7450,#7451,#7452,#7453,#7454,#7455,#7456,
#7457,#7458,#7459,#7460,#7461,#7462,#7463,#7464,#7465,#7466,#7467,#7468,#7469,
#7470,#7471,#7472,#7473),.UNSPECIFIED.,.F.,.F.,(4,1,1,1,1,1,1,1,1,1,1,1,1,1,1,1,
1,1,1,1,1,1,1,1,1,1,1,1,1,1,1,1,1,1,4),(0.E0,2.941176470588E-2,
5.882352941176E-2,8.823529411765E-2,1.176470588235E-1,1.470588235294E-1,
1.764705882353E-1,2.058823529412E-1,2.352941176471E-1,2.647058823529E-1,
2.941176470588E-1,3.235294117647E-1,3.529411764706E-1,3.823529411765E-1,
4.117647058824E-1,4.411764705882E-1,4.705882352941E-1,5.E-1,5.294117647059E-1,
5.588235294118E-1,5.882352941176E-1,6.176470588235E-1,6.470588235294E-1,
6.764705882353E-1,7.058823529412E-1,7.352941176471E-1,7.647058823529E-1,
7.941176470588E-1,8.235294117647E-1,8.529411764706E-1,8.823529411765E-1,
9.117647058824E-1,9.411764705882E-1,9.705882352941E-1,1.E0),.UNSPECIFIED.);
#7485=B_SPLINE_CURVE_WITH_KNOTS('',3,(#7479,#7480,#7481,#7482,#7483,#7484),
.UNSPECIFIED.,.F.,.F.,(4,1,1,4),(0.E0,3.333333333333E-1,6.666666666667E-1,1.E0),
.UNSPECIFIED.);
#7491=B_SPLINE_CURVE_WITH_KNOTS('',3,(#7486,#7487,#7488,#7489,#7490),
.UNSPECIFIED.,.F.,.F.,(4,1,4),(0.E0,5.E-1,1.E0),.UNSPECIFIED.);
#7498=B_SPLINE_CURVE_WITH_KNOTS('',3,(#7492,#7493,#7494,#7495,#7496,#7497),
.UNSPECIFIED.,.F.,.F.,(4,1,1,4),(0.E0,3.333333333333E-1,6.666666666667E-1,1.E0),
.UNSPECIFIED.);
#7505=B_SPLINE_CURVE_WITH_KNOTS('',3,(#7499,#7500,#7501,#7502,#7503,#7504),
.UNSPECIFIED.,.F.,.F.,(4,1,1,4),(0.E0,3.333333333333E-1,6.666666666667E-1,1.E0),
.UNSPECIFIED.);
#7516=B_SPLINE_CURVE_WITH_KNOTS('',3,(#7510,#7511,#7512,#7513,#7514,#7515),
.UNSPECIFIED.,.F.,.F.,(4,1,1,4),(0.E0,3.333333333333E-1,6.666666666667E-1,1.E0),
.UNSPECIFIED.);
#7572=EDGE_CURVE('',#7535,#7536,#7072,.T.);
#7574=EDGE_CURVE('',#7535,#7536,#7077,.T.);
#7584=EDGE_CURVE('',#7532,#7545,#7082,.T.);
#7586=EDGE_CURVE('',#7545,#7531,#7087,.T.);
#7588=EDGE_CURVE('',#7531,#7532,#7091,.T.);
#7598=EDGE_CURVE('',#7551,#7552,#7098,.T.);
#7600=EDGE_CURVE('',#7535,#7551,#7379,.T.);
#7603=EDGE_CURVE('',#7536,#7550,#7375,.T.);
#7605=EDGE_CURVE('',#7566,#7550,#7105,.T.);
#7607=EDGE_CURVE('',#7558,#7566,#7111,.T.);
#7609=EDGE_CURVE('',#7558,#7552,#7509,.T.);
#7755=EDGE_CURVE('',#7540,#7541,#7235,.T.);
#7757=EDGE_CURVE('',#7566,#7541,#7190,.T.);
#7760=EDGE_CURVE('',#7550,#7551,#7371,.T.);
#7763=EDGE_CURVE('',#7552,#7553,#7505,.T.);
#7765=EDGE_CURVE('',#7553,#7565,#7491,.T.);
#7767=EDGE_CURVE('',#7560,#7565,#7428,.T.);
#7769=EDGE_CURVE('',#7560,#7564,#7326,.T.);
#7771=EDGE_CURVE('',#7540,#7564,#7239,.T.);
#7917=EDGE_CURVE('',#7545,#7549,#7341,.T.);
#7919=EDGE_CURVE('',#7549,#7554,#7485,.T.);
#7921=EDGE_CURVE('',#7562,#7554,#7204,.T.);
#7923=EDGE_CURVE('',#7562,#7545,#7524,.T.);
#7933=EDGE_CURVE('',#7539,#7540,#7208,.T.);
#7935=EDGE_CURVE('',#7542,#7539,#7244,.T.);
#7937=EDGE_CURVE('',#7541,#7542,#7223,.T.);
#7950=EDGE_CURVE('',#7539,#7564,#7248,.T.);
#7962=EDGE_CURVE('',#7547,#7564,#7307,.T.);
#7964=EDGE_CURVE('',#7547,#7542,#7281,.T.);
#7974=EDGE_CURVE('',#7547,#7548,#7302,.T.);
#7978=EDGE_CURVE('',#7548,#7560,#7478,.T.);
#8127=EDGE_CURVE('',#7546,#7548,#7474,.T.);
#8129=EDGE_CURVE('',#7546,#7562,#7528,.T.);
#8132=EDGE_CURVE('',#7554,#7556,#7498,.T.);
#8134=EDGE_CURVE('',#7556,#7558,#7516,.T.);
#8148=EDGE_CURVE('',#7532,#7549,#7345,.T.);
#8171=EDGE_CURVE('',#7531,#7565,#7432,.T.);
#8174=EDGE_CURVE('',#7545,#7546,#7436,.T.);
#8191=EDGE_CURVE('',#7553,#7556,#7520,.T.);
#8222=(LENGTH_UNIT()NAMED_UNIT(*)SI_UNIT(.MILLI.,.METRE.));
#8224=(NAMED_UNIT(*)PLANE_ANGLE_UNIT()SI_UNIT($,.RADIAN.));
#8227=(NAMED_UNIT(*)SI_UNIT($,.STERADIAN.)SOLID_ANGLE_UNIT());
#8233=AXIS2_PLACEMENT_3D('',#8230,#8231,#8232);
#8234=ADVANCED_BREP_SHAPE_REPRESENTATION('',(#8233,#8221),#8229);
#8239=PRODUCT_DEFINITION('design','',#8238,#8235);
#8240=PRODUCT_DEFINITION_SHAPE('','SHAPE FOR RING.',#8239);
#8241=SHAPE_DEFINITION_REPRESENTATION(#8240,#8234);
#8242=NEXT_ASSEMBLY_USAGE_OCCURRENCE('5','Next assembly relationship','RING',
#8266,#8239,$);
#8243=PRODUCT_DEFINITION_SHAPE('Placement #5',
'Placement of RING with respect to XG11-115_ASM',#8242);
#8251=(LENGTH_UNIT()NAMED_UNIT(*)SI_UNIT(.MILLI.,.METRE.));
#8253=(NAMED_UNIT(*)PLANE_ANGLE_UNIT()SI_UNIT($,.RADIAN.));
#8256=(NAMED_UNIT(*)SI_UNIT($,.STERADIAN.)SOLID_ANGLE_UNIT());
#8262=AXIS2_PLACEMENT_3D('',#8259,#8260,#8261);
#8266=PRODUCT_DEFINITION('design','',#8265,#8235);
ENDSEC;
END-ISO-10303-21;
