{
  "baseline": "/home/user/mcfp/data/capability/morph_specs/rm65/rm65_base/capability_map.npz",
  "family_root": "/home/user/mcfp/data/capability/morph_specs/rm65",
  "spec_count": 51,
  "probe_count": 9,
  "max_match_dist_m": 0.05,
  "specs": {
    "rm65_base": {
      "cap_path": "/home/user/mcfp/data/capability/morph_specs/rm65/rm65_base/capability_map.npz",
      "coverage": 0.43533215755437976,
      "n_cells": 85050,
      "n_reachable": 37025,
      "span": [
        1.3200000524520874,
        1.3200000524520874,
        1.2300000190734863
      ],
      "aabb_volume": 2.1431522369384766
    },
    "rm65_v0001": {
      "cap_path": "/home/user/mcfp/data/capability/morph_specs/rm65/rm65_v0001/capability_map.npz",
      "coverage": 0.3815718157181572,
      "n_cells": 83025,
      "n_reachable": 31680,
      "span": [
        1.3200000524520874,
        1.3200000524520874,
        1.2000000476837158
      ],
      "aabb_volume": 2.0908803939819336
    },
    "rm65_v0002": {
      "cap_path": "/home/user/mcfp/data/capability/morph_specs/rm65/rm65_v0002/capability_map.npz",
      "coverage": 0.34625078764965345,
      "n_cells": 101568,
      "n_reachable": 35168,
      "span": [
        1.350000023841858,
        1.409999966621399,
        1.350000023841858
      ],
      "aabb_volume": 2.5697250366210938
    },
    "rm65_v0003": {
      "cap_path": "/home/user/mcfp/data/capability/morph_specs/rm65/rm65_v0003/capability_map.npz",
      "coverage": 0.37138513513513516,
      "n_cells": 59200,
      "n_reachable": 21986,
      "span": [
        1.1699999570846558,
        1.1699999570846558,
        1.0800000429153442
      ],
      "aabb_volume": 1.4784120321273804
    },
    "rm65_v0004": {
      "cap_path": "/home/user/mcfp/data/capability/morph_specs/rm65/rm65_v0004/capability_map.npz",
      "coverage": 0.3206167800453515,
      "n_cells": 110250,
      "n_reachable": 35348,
      "span": [
        1.440000057220459,
        1.4700000286102295,
        1.3200000524520874
      ],
      "aabb_volume": 2.7941761016845703
    },
    "rm65_v0005": {
      "cap_path": "/home/user/mcfp/data/capability/morph_specs/rm65/rm65_v0005/capability_map.npz",
      "coverage": 0.41168587510050925,
      "n_cells": 67158,
      "n_reachable": 27648,
      "span": [
        1.2000000476837158,
        1.2300000190734863,
        1.1399999856948853
      ],
      "aabb_volume": 1.6826400756835938
    },
    "rm65_v0006": {
      "cap_path": "/home/user/mcfp/data/capability/morph_specs/rm65/rm65_v0006/capability_map.npz",
      "coverage": 0.3643295998260113,
      "n_cells": 73568,
      "n_reachable": 26803,
      "span": [
        1.2899999618530273,
        1.2899999618530273,
        1.1100000143051147
      ],
      "aabb_volume": 1.8471509218215942
    },
    "rm65_v0007": {
      "cap_path": "/home/user/mcfp/data/capability/morph_specs/rm65/rm65_v0007/capability_map.npz",
      "coverage": 0.43165767920398906,
      "n_cells": 88642,
      "n_reachable": 38263,
      "span": [
        1.350000023841858,
        1.3799999952316284,
        1.2000000476837158
      ],
      "aabb_volume": 2.235600233078003
    },
    "rm65_v0008": {
      "cap_path": "/home/user/mcfp/data/capability/morph_specs/rm65/rm65_v0008/capability_map.npz",
      "coverage": 0.3707644628099174,
      "n_cells": 77440,
      "n_reachable": 28712,
      "span": [
        1.2899999618530273,
        1.2899999618530273,
        1.1700000762939453
      ],
      "aabb_volume": 1.946997046470642
    },
    "rm65_v0009": {
      "cap_path": "/home/user/mcfp/data/capability/morph_specs/rm65/rm65_v0009/capability_map.npz",
      "coverage": 0.37356459330143543,
      "n_cells": 75240,
      "n_reachable": 28107,
      "span": [
        1.3200000524520874,
        1.2899999618530273,
        1.1100000143051147
      ],
      "aabb_volume": 1.8901081085205078
    },
    "rm65_v0010": {
      "cap_path": "/home/user/mcfp/data/capability/morph_specs/rm65/rm65_v0010/capability_map.npz",
      "coverage": 0.44566774078052274,
      "n_cells": 67032,
      "n_reachable": 29874,
      "span": [
        1.2300000190734863,
        1.2300000190734863,
        1.1100000143051147
      ],
      "aabb_volume": 1.6793190240859985
    },
    "rm65_v0011": {
      "cap_path": "/home/user/mcfp/data/capability/morph_specs/rm65/rm65_v0011/capability_map.npz",
      "coverage": 0.44203140263515284,
      "n_cells": 83942,
      "n_reachable": 37105,
      "span": [
        1.3799999952316284,
        1.3799999952316284,
        1.1100000143051147
      ],
      "aabb_volume": 2.1138839721679688
    },
    "rm65_v0012": {
      "cap_path": "/home/user/mcfp/data/capability/morph_specs/rm65/rm65_v0012/capability_map.npz",
      "coverage": 0.3954830917874396,
      "n_cells": 82800,
      "n_reachable": 32746,
      "span": [
        1.350000023841858,
        1.3200000524520874,
        1.1699999570846558
      ],
      "aabb_volume": 2.084939956665039
    },
    "rm65_v0013": {
      "cap_path": "/home/user/mcfp/data/capability/morph_specs/rm65/rm65_v0013/capability_map.npz",
      "coverage": 0.43756613756613755,
      "n_cells": 86940,
      "n_reachable": 38042,
      "span": [
        1.3200000524520874,
        1.350000023841858,
        1.2300000190734863
      ],
      "aabb_volume": 2.1918601989746094
    },
    "rm65_v0014": {
      "cap_path": "/home/user/mcfp/data/capability/morph_specs/rm65/rm65_v0014/capability_map.npz",
      "coverage": 0.3836391647218536,
      "n_cells": 65559,
      "n_reachable": 25151,
      "span": [
        1.2000000476837158,
        1.2000000476837158,
        1.1399999856948853
      ],
      "aabb_volume": 1.6416000127792358
    },
    "rm65_v0015": {
      "cap_path": "/home/user/mcfp/data/capability/morph_specs/rm65/rm65_v0015/capability_map.npz",
      "coverage": 0.2703081232492997,
      "n_cells": 61404,
      "n_reachable": 16598,
      "span": [
        1.2599999904632568,
        1.2300000190734863,
        0.9900000095367432
      ],
      "aabb_volume": 1.534301996231079
    },
    "rm65_v0016": {
      "cap_path": "/home/user/mcfp/data/capability/morph_specs/rm65/rm65_v0016/capability_map.npz",
      "coverage": 0.37679425837320574,
      "n_cells": 68552,
      "n_reachable": 25830,
      "span": [
        1.2899999618530273,
        1.1100000143051147,
        1.2000000476837158
      ],
      "aabb_volume": 1.7182800769805908
    },
    "rm65_v0017": {
      "cap_path": "/home/user/mcfp/data/capability/morph_specs/rm65/rm65_v0017/capability_map.npz",
      "coverage": 0.42261992559450645,
      "n_cells": 61017,
      "n_reachable": 25787,
      "span": [
        1.2599999904632568,
        1.2599999904632568,
        0.9600000381469727
      ],
      "aabb_volume": 1.5240960121154785
    },
    "rm65_v0018": {
      "cap_path": "/home/user/mcfp/data/capability/morph_specs/rm65/rm65_v0018/capability_map.npz",
      "coverage": 0.39852096351542027,
      "n_cells": 79376,
      "n_reachable": 31633,
      "span": [
        1.2899999618530273,
        1.2899999618530273,
        1.2000000476837158
      ],
      "aabb_volume": 1.9969199895858765
    },
    "rm65_v0019": {
      "cap_path": "/home/user/mcfp/data/capability/morph_specs/rm65/rm65_v0019/capability_map.npz",
      "coverage": 0.373825615352524,
      "n_cells": 119850,
      "n_reachable": 44803,
      "span": [
        1.5,
        1.4700000286102295,
        1.3799999952316284
      ],
      "aabb_volume": 3.0428998470306396
    },
    "rm65_v0020": {
      "cap_path": "/home/user/mcfp/data/capability/morph_specs/rm65/rm65_v0020/capability_map.npz",
      "coverage": 0.3515923710134497,
      "n_cells": 88924,
      "n_reachable": 31265,
      "span": [
        1.3799999952316284,
        1.2599999904632568,
        1.2899999618530273
      ],
      "aabb_volume": 2.243051767349243
    },